sample_id,input_path,target_path,split,weather,source
train/1,../raw/snow/csd/Train/Snow/1.tif,../raw/snow/csd/Train/Gt/1.tif,train,snow,csd
train/10,../raw/snow/csd/Train/Snow/10.tif,../raw/snow/csd/Train/Gt/10.tif,train,snow,csd
train/100,../raw/snow/csd/Train/Snow/100.tif,../raw/snow/csd/Train/Gt/100.tif,train,snow,csd
train/1000,../raw/snow/csd/Train/Snow/1000.tif,../raw/snow/csd/Train/Gt/1000.tif,train,snow,csd
train/1001,../raw/snow/csd/Train/Snow/1001.tif,../raw/snow/csd/Train/Gt/1001.tif,train,snow,csd
train/1002,../raw/snow/csd/Train/Snow/1002.tif,../raw/snow/csd/Train/Gt/1002.tif,train,snow,csd
train/1003,../raw/snow/csd/Train/Snow/1003.tif,../raw/snow/csd/Train/Gt/1003.tif,train,snow,csd
train/1004,../raw/snow/csd/Train/Snow/1004.tif,../raw/snow/csd/Train/Gt/1004.tif,val,snow,csd
train/1005,../raw/snow/csd/Train/Snow/1005.tif,../raw/snow/csd/Train/Gt/1005.tif,val,snow,csd
train/1006,../raw/snow/csd/Train/Snow/1006.tif,../raw/snow/csd/Train/Gt/1006.tif,train,snow,csd
train/1007,../raw/snow/csd/Train/Snow/1007.tif,../raw/snow/csd/Train/Gt/1007.tif,train,snow,csd
train/1008,../raw/snow/csd/Train/Snow/1008.tif,../raw/snow/csd/Train/Gt/1008.tif,train,snow,csd
train/1009,../raw/snow/csd/Train/Snow/1009.tif,../raw/snow/csd/Train/Gt/1009.tif,train,snow,csd
train/101,../raw/snow/csd/Train/Snow/101.tif,../raw/snow/csd/Train/Gt/101.tif,train,snow,csd
train/1010,../raw/snow/csd/Train/Snow/1010.tif,../raw/snow/csd/Train/Gt/1010.tif,train,snow,csd
train/1011,../raw/snow/csd/Train/Snow/1011.tif,../raw/snow/csd/Train/Gt/1011.tif,train,snow,csd
train/1012,../raw/snow/csd/Train/Snow/1012.tif,../raw/snow/csd/Train/Gt/1012.tif,train,snow,csd
train/1013,../raw/snow/csd/Train/Snow/1013.tif,../raw/snow/csd/Train/Gt/1013.tif,train,snow,csd
train/1014,../raw/snow/csd/Train/Snow/1014.tif,../raw/snow/csd/Train/Gt/1014.tif,train,snow,csd
train/1015,../raw/snow/csd/Train/Snow/1015.tif,../raw/snow/csd/Train/Gt/1015.tif,train,snow,csd
train/1016,../raw/snow/csd/Train/Snow/1016.tif,../raw/snow/csd/Train/Gt/1016.tif,train,snow,csd
train/1017,../raw/snow/csd/Train/Snow/1017.tif,../raw/snow/csd/Train/Gt/1017.tif,train,snow,csd
train/1018,../raw/snow/csd/Train/Snow/1018.tif,../raw/snow/csd/Train/Gt/1018.tif,train,snow,csd
train/1019,../raw/snow/csd/Train/Snow/1019.tif,../raw/snow/csd/Train/Gt/1019.tif,train,snow,csd
train/102,../raw/snow/csd/Train/Snow/102.tif,../raw/snow/csd/Train/Gt/102.tif,train,snow,csd
train/1020,../raw/snow/csd/Train/Snow/1020.tif,../raw/snow/csd/Train/Gt/1020.tif,train,snow,csd
train/1021,../raw/snow/csd/Train/Snow/1021.tif,../raw/snow/csd/Train/Gt/1021.tif,train,snow,csd
train/1022,../raw/snow/csd/Train/Snow/1022.tif,../raw/snow/csd/Train/Gt/1022.tif,train,snow,csd
train/1023,../raw/snow/csd/Train/Snow/1023.tif,../raw/snow/csd/Train/Gt/1023.tif,train,snow,csd
train/1024,../raw/snow/csd/Train/Snow/1024.tif,../raw/snow/csd/Train/Gt/1024.tif,train,snow,csd
train/1025,../raw/snow/csd/Train/Snow/1025.tif,../raw/snow/csd/Train/Gt/1025.tif,train,snow,csd
train/1026,../raw/snow/csd/Train/Snow/1026.tif,../raw/snow/csd/Train/Gt/1026.tif,train,snow,csd
train/1027,../raw/snow/csd/Train/Snow/1027.tif,../raw/snow/csd/Train/Gt/1027.tif,train,snow,csd
train/1028,../raw/snow/csd/Train/Snow/1028.tif,../raw/snow/csd/Train/Gt/1028.tif,train,snow,csd
train/1029,../raw/snow/csd/Train/Snow/1029.tif,../raw/snow/csd/Train/Gt/1029.tif,train,snow,csd
train/103,../raw/snow/csd/Train/Snow/103.tif,../raw/snow/csd/Train/Gt/103.tif,train,snow,csd
train/1030,../raw/snow/csd/Train/Snow/1030.tif,../raw/snow/csd/Train/Gt/1030.tif,train,snow,csd
train/1031,../raw/snow/csd/Train/Snow/1031.tif,../raw/snow/csd/Train/Gt/1031.tif,train,snow,csd
train/1032,../raw/snow/csd/Train/Snow/1032.tif,../raw/snow/csd/Train/Gt/1032.tif,train,snow,csd
train/1033,../raw/snow/csd/Train/Snow/1033.tif,../raw/snow/csd/Train/Gt/1033.tif,train,snow,csd
train/1034,../raw/snow/csd/Train/Snow/1034.tif,../raw/snow/csd/Train/Gt/1034.tif,train,snow,csd
train/1035,../raw/snow/csd/Train/Snow/1035.tif,../raw/snow/csd/Train/Gt/1035.tif,val,snow,csd
train/1036,../raw/snow/csd/Train/Snow/1036.tif,../raw/snow/csd/Train/Gt/1036.tif,train,snow,csd
train/1037,../raw/snow/csd/Train/Snow/1037.tif,../raw/snow/csd/Train/Gt/1037.tif,train,snow,csd
train/1038,../raw/snow/csd/Train/Snow/1038.tif,../raw/snow/csd/Train/Gt/1038.tif,train,snow,csd
train/1039,../raw/snow/csd/Train/Snow/1039.tif,../raw/snow/csd/Train/Gt/1039.tif,train,snow,csd
train/104,../raw/snow/csd/Train/Snow/104.tif,../raw/snow/csd/Train/Gt/104.tif,train,snow,csd
train/1040,../raw/snow/csd/Train/Snow/1040.tif,../raw/snow/csd/Train/Gt/1040.tif,train,snow,csd
train/1041,../raw/snow/csd/Train/Snow/1041.tif,../raw/snow/csd/Train/Gt/1041.tif,train,snow,csd
train/1042,../raw/snow/csd/Train/Snow/1042.tif,../raw/snow/csd/Train/Gt/1042.tif,train,snow,csd
train/1043,../raw/snow/csd/Train/Snow/1043.tif,../raw/snow/csd/Train/Gt/1043.tif,train,snow,csd
train/1044,../raw/snow/csd/Train/Snow/1044.tif,../raw/snow/csd/Train/Gt/1044.tif,train,snow,csd
train/1045,../raw/snow/csd/Train/Snow/1045.tif,../raw/snow/csd/Train/Gt/1045.tif,train,snow,csd
train/1046,../raw/snow/csd/Train/Snow/1046.tif,../raw/snow/csd/Train/Gt/1046.tif,train,snow,csd
train/1047,../raw/snow/csd/Train/Snow/1047.tif,../raw/snow/csd/Train/Gt/1047.tif,train,snow,csd
train/1048,../raw/snow/csd/Train/Snow/1048.tif,../raw/snow/csd/Train/Gt/1048.tif,train,snow,csd
train/1049,../raw/snow/csd/Train/Snow/1049.tif,../raw/snow/csd/Train/Gt/1049.tif,train,snow,csd
train/105,../raw/snow/csd/Train/Snow/105.tif,../raw/snow/csd/Train/Gt/105.tif,val,snow,csd
train/1050,../raw/snow/csd/Train/Snow/1050.tif,../raw/snow/csd/Train/Gt/1050.tif,train,snow,csd
train/1051,../raw/snow/csd/Train/Snow/1051.tif,../raw/snow/csd/Train/Gt/1051.tif,val,snow,csd
train/1052,../raw/snow/csd/Train/Snow/1052.tif,../raw/snow/csd/Train/Gt/1052.tif,train,snow,csd
train/1053,../raw/snow/csd/Train/Snow/1053.tif,../raw/snow/csd/Train/Gt/1053.tif,train,snow,csd
train/1054,../raw/snow/csd/Train/Snow/1054.tif,../raw/snow/csd/Train/Gt/1054.tif,train,snow,csd
train/1055,../raw/snow/csd/Train/Snow/1055.tif,../raw/snow/csd/Train/Gt/1055.tif,train,snow,csd
train/1056,../raw/snow/csd/Train/Snow/1056.tif,../raw/snow/csd/Train/Gt/1056.tif,train,snow,csd
train/1057,../raw/snow/csd/Train/Snow/1057.tif,../raw/snow/csd/Train/Gt/1057.tif,train,snow,csd
train/1058,../raw/snow/csd/Train/Snow/1058.tif,../raw/snow/csd/Train/Gt/1058.tif,train,snow,csd
train/1059,../raw/snow/csd/Train/Snow/1059.tif,../raw/snow/csd/Train/Gt/1059.tif,val,snow,csd
train/106,../raw/snow/csd/Train/Snow/106.tif,../raw/snow/csd/Train/Gt/106.tif,val,snow,csd
train/1060,../raw/snow/csd/Train/Snow/1060.tif,../raw/snow/csd/Train/Gt/1060.tif,train,snow,csd
train/1061,../raw/snow/csd/Train/Snow/1061.tif,../raw/snow/csd/Train/Gt/1061.tif,train,snow,csd
train/1062,../raw/snow/csd/Train/Snow/1062.tif,../raw/snow/csd/Train/Gt/1062.tif,train,snow,csd
train/1063,../raw/snow/csd/Train/Snow/1063.tif,../raw/snow/csd/Train/Gt/1063.tif,train,snow,csd
train/1064,../raw/snow/csd/Train/Snow/1064.tif,../raw/snow/csd/Train/Gt/1064.tif,train,snow,csd
train/1065,../raw/snow/csd/Train/Snow/1065.tif,../raw/snow/csd/Train/Gt/1065.tif,train,snow,csd
train/1066,../raw/snow/csd/Train/Snow/1066.tif,../raw/snow/csd/Train/Gt/1066.tif,train,snow,csd
train/1067,../raw/snow/csd/Train/Snow/1067.tif,../raw/snow/csd/Train/Gt/1067.tif,val,snow,csd
train/1068,../raw/snow/csd/Train/Snow/1068.tif,../raw/snow/csd/Train/Gt/1068.tif,train,snow,csd
train/1069,../raw/snow/csd/Train/Snow/1069.tif,../raw/snow/csd/Train/Gt/1069.tif,train,snow,csd
train/107,../raw/snow/csd/Train/Snow/107.tif,../raw/snow/csd/Train/Gt/107.tif,train,snow,csd
train/1070,../raw/snow/csd/Train/Snow/1070.tif,../raw/snow/csd/Train/Gt/1070.tif,val,snow,csd
train/1071,../raw/snow/csd/Train/Snow/1071.tif,../raw/snow/csd/Train/Gt/1071.tif,train,snow,csd
train/1072,../raw/snow/csd/Train/Snow/1072.tif,../raw/snow/csd/Train/Gt/1072.tif,train,snow,csd
train/1073,../raw/snow/csd/Train/Snow/1073.tif,../raw/snow/csd/Train/Gt/1073.tif,train,snow,csd
train/1074,../raw/snow/csd/Train/Snow/1074.tif,../raw/snow/csd/Train/Gt/1074.tif,train,snow,csd
train/1075,../raw/snow/csd/Train/Snow/1075.tif,../raw/snow/csd/Train/Gt/1075.tif,train,snow,csd
train/1076,../raw/snow/csd/Train/Snow/1076.tif,../raw/snow/csd/Train/Gt/1076.tif,train,snow,csd
train/1077,../raw/snow/csd/Train/Snow/1077.tif,../raw/snow/csd/Train/Gt/1077.tif,train,snow,csd
train/1078,../raw/snow/csd/Train/Snow/1078.tif,../raw/snow/csd/Train/Gt/1078.tif,train,snow,csd
train/1079,../raw/snow/csd/Train/Snow/1079.tif,../raw/snow/csd/Train/Gt/1079.tif,train,snow,csd
train/108,../raw/snow/csd/Train/Snow/108.tif,../raw/snow/csd/Train/Gt/108.tif,train,snow,csd
train/1080,../raw/snow/csd/Train/Snow/1080.tif,../raw/snow/csd/Train/Gt/1080.tif,train,snow,csd
train/1081,../raw/snow/csd/Train/Snow/1081.tif,../raw/snow/csd/Train/Gt/1081.tif,train,snow,csd
train/1082,../raw/snow/csd/Train/Snow/1082.tif,../raw/snow/csd/Train/Gt/1082.tif,train,snow,csd
train/1083,../raw/snow/csd/Train/Snow/1083.tif,../raw/snow/csd/Train/Gt/1083.tif,train,snow,csd
train/1084,../raw/snow/csd/Train/Snow/1084.tif,../raw/snow/csd/Train/Gt/1084.tif,train,snow,csd
train/1085,../raw/snow/csd/Train/Snow/1085.tif,../raw/snow/csd/Train/Gt/1085.tif,train,snow,csd
train/1086,../raw/snow/csd/Train/Snow/1086.tif,../raw/snow/csd/Train/Gt/1086.tif,train,snow,csd
train/1087,../raw/snow/csd/Train/Snow/1087.tif,../raw/snow/csd/Train/Gt/1087.tif,train,snow,csd
train/1088,../raw/snow/csd/Train/Snow/1088.tif,../raw/snow/csd/Train/Gt/1088.tif,train,snow,csd
train/1089,../raw/snow/csd/Train/Snow/1089.tif,../raw/snow/csd/Train/Gt/1089.tif,train,snow,csd
train/109,../raw/snow/csd/Train/Snow/109.tif,../raw/snow/csd/Train/Gt/109.tif,train,snow,csd
train/1090,../raw/snow/csd/Train/Snow/1090.tif,../raw/snow/csd/Train/Gt/1090.tif,train,snow,csd
train/1091,../raw/snow/csd/Train/Snow/1091.tif,../raw/snow/csd/Train/Gt/1091.tif,train,snow,csd
train/1092,../raw/snow/csd/Train/Snow/1092.tif,../raw/snow/csd/Train/Gt/1092.tif,val,snow,csd
train/1093,../raw/snow/csd/Train/Snow/1093.tif,../raw/snow/csd/Train/Gt/1093.tif,val,snow,csd
train/1094,../raw/snow/csd/Train/Snow/1094.tif,../raw/snow/csd/Train/Gt/1094.tif,train,snow,csd
train/1095,../raw/snow/csd/Train/Snow/1095.tif,../raw/snow/csd/Train/Gt/1095.tif,train,snow,csd
train/1096,../raw/snow/csd/Train/Snow/1096.tif,../raw/snow/csd/Train/Gt/1096.tif,train,snow,csd
train/1097,../raw/snow/csd/Train/Snow/1097.tif,../raw/snow/csd/Train/Gt/1097.tif,train,snow,csd
train/1098,../raw/snow/csd/Train/Snow/1098.tif,../raw/snow/csd/Train/Gt/1098.tif,train,snow,csd
train/1099,../raw/snow/csd/Train/Snow/1099.tif,../raw/snow/csd/Train/Gt/1099.tif,train,snow,csd
train/11,../raw/snow/csd/Train/Snow/11.tif,../raw/snow/csd/Train/Gt/11.tif,train,snow,csd
train/110,../raw/snow/csd/Train/Snow/110.tif,../raw/snow/csd/Train/Gt/110.tif,train,snow,csd
train/1100,../raw/snow/csd/Train/Snow/1100.tif,../raw/snow/csd/Train/Gt/1100.tif,train,snow,csd
train/1101,../raw/snow/csd/Train/Snow/1101.tif,../raw/snow/csd/Train/Gt/1101.tif,train,snow,csd
train/1102,../raw/snow/csd/Train/Snow/1102.tif,../raw/snow/csd/Train/Gt/1102.tif,val,snow,csd
train/1103,../raw/snow/csd/Train/Snow/1103.tif,../raw/snow/csd/Train/Gt/1103.tif,train,snow,csd
train/1104,../raw/snow/csd/Train/Snow/1104.tif,../raw/snow/csd/Train/Gt/1104.tif,train,snow,csd
train/1105,../raw/snow/csd/Train/Snow/1105.tif,../raw/snow/csd/Train/Gt/1105.tif,train,snow,csd
train/1106,../raw/snow/csd/Train/Snow/1106.tif,../raw/snow/csd/Train/Gt/1106.tif,train,snow,csd
train/1107,../raw/snow/csd/Train/Snow/1107.tif,../raw/snow/csd/Train/Gt/1107.tif,train,snow,csd
train/1108,../raw/snow/csd/Train/Snow/1108.tif,../raw/snow/csd/Train/Gt/1108.tif,train,snow,csd
train/1109,../raw/snow/csd/Train/Snow/1109.tif,../raw/snow/csd/Train/Gt/1109.tif,train,snow,csd
train/111,../raw/snow/csd/Train/Snow/111.tif,../raw/snow/csd/Train/Gt/111.tif,train,snow,csd
train/1110,../raw/snow/csd/Train/Snow/1110.tif,../raw/snow/csd/Train/Gt/1110.tif,train,snow,csd
train/1111,../raw/snow/csd/Train/Snow/1111.tif,../raw/snow/csd/Train/Gt/1111.tif,train,snow,csd
train/1112,../raw/snow/csd/Train/Snow/1112.tif,../raw/snow/csd/Train/Gt/1112.tif,train,snow,csd
train/1113,../raw/snow/csd/Train/Snow/1113.tif,../raw/snow/csd/Train/Gt/1113.tif,train,snow,csd
train/1114,../raw/snow/csd/Train/Snow/1114.tif,../raw/snow/csd/Train/Gt/1114.tif,train,snow,csd
train/1115,../raw/snow/csd/Train/Snow/1115.tif,../raw/snow/csd/Train/Gt/1115.tif,train,snow,csd
train/1116,../raw/snow/csd/Train/Snow/1116.tif,../raw/snow/csd/Train/Gt/1116.tif,train,snow,csd
train/1117,../raw/snow/csd/Train/Snow/1117.tif,../raw/snow/csd/Train/Gt/1117.tif,train,snow,csd
train/1118,../raw/snow/csd/Train/Snow/1118.tif,../raw/snow/csd/Train/Gt/1118.tif,train,snow,csd
train/1119,../raw/snow/csd/Train/Snow/1119.tif,../raw/snow/csd/Train/Gt/1119.tif,train,snow,csd
train/112,../raw/snow/csd/Train/Snow/112.tif,../raw/snow/csd/Train/Gt/112.tif,train,snow,csd
train/1120,../raw/snow/csd/Train/Snow/1120.tif,../raw/snow/csd/Train/Gt/1120.tif,train,snow,csd
train/1121,../raw/snow/csd/Train/Snow/1121.tif,../raw/snow/csd/Train/Gt/1121.tif,train,snow,csd
train/1122,../raw/snow/csd/Train/Snow/1122.tif,../raw/snow/csd/Train/Gt/1122.tif,train,snow,csd
train/1123,../raw/snow/csd/Train/Snow/1123.tif,../raw/snow/csd/Train/Gt/1123.tif,train,snow,csd
train/1124,../raw/snow/csd/Train/Snow/1124.tif,../raw/snow/csd/Train/Gt/1124.tif,val,snow,csd
train/1125,../raw/snow/csd/Train/Snow/1125.tif,../raw/snow/csd/Train/Gt/1125.tif,train,snow,csd
train/1126,../raw/snow/csd/Train/Snow/1126.tif,../raw/snow/csd/Train/Gt/1126.tif,train,snow,csd
train/1127,../raw/snow/csd/Train/Snow/1127.tif,../raw/snow/csd/Train/Gt/1127.tif,train,snow,csd
train/1128,../raw/snow/csd/Train/Snow/1128.tif,../raw/snow/csd/Train/Gt/1128.tif,train,snow,csd
train/1129,../raw/snow/csd/Train/Snow/1129.tif,../raw/snow/csd/Train/Gt/1129.tif,train,snow,csd
train/113,../raw/snow/csd/Train/Snow/113.tif,../raw/snow/csd/Train/Gt/113.tif,val,snow,csd
train/1130,../raw/snow/csd/Train/Snow/1130.tif,../raw/snow/csd/Train/Gt/1130.tif,train,snow,csd
train/1131,../raw/snow/csd/Train/Snow/1131.tif,../raw/snow/csd/Train/Gt/1131.tif,train,snow,csd
train/1132,../raw/snow/csd/Train/Snow/1132.tif,../raw/snow/csd/Train/Gt/1132.tif,train,snow,csd
train/1133,../raw/snow/csd/Train/Snow/1133.tif,../raw/snow/csd/Train/Gt/1133.tif,train,snow,csd
train/1134,../raw/snow/csd/Train/Snow/1134.tif,../raw/snow/csd/Train/Gt/1134.tif,train,snow,csd
train/1135,../raw/snow/csd/Train/Snow/1135.tif,../raw/snow/csd/Train/Gt/1135.tif,train,snow,csd
train/1136,../raw/snow/csd/Train/Snow/1136.tif,../raw/snow/csd/Train/Gt/1136.tif,train,snow,csd
train/1137,../raw/snow/csd/Train/Snow/1137.tif,../raw/snow/csd/Train/Gt/1137.tif,train,snow,csd
train/1138,../raw/snow/csd/Train/Snow/1138.tif,../raw/snow/csd/Train/Gt/1138.tif,train,snow,csd
train/1139,../raw/snow/csd/Train/Snow/1139.tif,../raw/snow/csd/Train/Gt/1139.tif,train,snow,csd
train/114,../raw/snow/csd/Train/Snow/114.tif,../raw/snow/csd/Train/Gt/114.tif,train,snow,csd
train/1140,../raw/snow/csd/Train/Snow/1140.tif,../raw/snow/csd/Train/Gt/1140.tif,train,snow,csd
train/1141,../raw/snow/csd/Train/Snow/1141.tif,../raw/snow/csd/Train/Gt/1141.tif,train,snow,csd
train/1142,../raw/snow/csd/Train/Snow/1142.tif,../raw/snow/csd/Train/Gt/1142.tif,train,snow,csd
train/1143,../raw/snow/csd/Train/Snow/1143.tif,../raw/snow/csd/Train/Gt/1143.tif,train,snow,csd
train/1144,../raw/snow/csd/Train/Snow/1144.tif,../raw/snow/csd/Train/Gt/1144.tif,train,snow,csd
train/1145,../raw/snow/csd/Train/Snow/1145.tif,../raw/snow/csd/Train/Gt/1145.tif,train,snow,csd
train/1146,../raw/snow/csd/Train/Snow/1146.tif,../raw/snow/csd/Train/Gt/1146.tif,train,snow,csd
train/1147,../raw/snow/csd/Train/Snow/1147.tif,../raw/snow/csd/Train/Gt/1147.tif,train,snow,csd
train/1148,../raw/snow/csd/Train/Snow/1148.tif,../raw/snow/csd/Train/Gt/1148.tif,train,snow,csd
train/1149,../raw/snow/csd/Train/Snow/1149.tif,../raw/snow/csd/Train/Gt/1149.tif,train,snow,csd
train/115,../raw/snow/csd/Train/Snow/115.tif,../raw/snow/csd/Train/Gt/115.tif,train,snow,csd
train/1150,../raw/snow/csd/Train/Snow/1150.tif,../raw/snow/csd/Train/Gt/1150.tif,train,snow,csd
train/1151,../raw/snow/csd/Train/Snow/1151.tif,../raw/snow/csd/Train/Gt/1151.tif,train,snow,csd
train/1152,../raw/snow/csd/Train/Snow/1152.tif,../raw/snow/csd/Train/Gt/1152.tif,train,snow,csd
train/1153,../raw/snow/csd/Train/Snow/1153.tif,../raw/snow/csd/Train/Gt/1153.tif,train,snow,csd
train/1154,../raw/snow/csd/Train/Snow/1154.tif,../raw/snow/csd/Train/Gt/1154.tif,val,snow,csd
train/1155,../raw/snow/csd/Train/Snow/1155.tif,../raw/snow/csd/Train/Gt/1155.tif,train,snow,csd
train/1156,../raw/snow/csd/Train/Snow/1156.tif,../raw/snow/csd/Train/Gt/1156.tif,train,snow,csd
train/1157,../raw/snow/csd/Train/Snow/1157.tif,../raw/snow/csd/Train/Gt/1157.tif,val,snow,csd
train/1158,../raw/snow/csd/Train/Snow/1158.tif,../raw/snow/csd/Train/Gt/1158.tif,train,snow,csd
train/1159,../raw/snow/csd/Train/Snow/1159.tif,../raw/snow/csd/Train/Gt/1159.tif,train,snow,csd
train/116,../raw/snow/csd/Train/Snow/116.tif,../raw/snow/csd/Train/Gt/116.tif,train,snow,csd
train/1160,../raw/snow/csd/Train/Snow/1160.tif,../raw/snow/csd/Train/Gt/1160.tif,train,snow,csd
train/1161,../raw/snow/csd/Train/Snow/1161.tif,../raw/snow/csd/Train/Gt/1161.tif,train,snow,csd
train/1162,../raw/snow/csd/Train/Snow/1162.tif,../raw/snow/csd/Train/Gt/1162.tif,train,snow,csd
train/1163,../raw/snow/csd/Train/Snow/1163.tif,../raw/snow/csd/Train/Gt/1163.tif,train,snow,csd
train/1164,../raw/snow/csd/Train/Snow/1164.tif,../raw/snow/csd/Train/Gt/1164.tif,train,snow,csd
train/1165,../raw/snow/csd/Train/Snow/1165.tif,../raw/snow/csd/Train/Gt/1165.tif,train,snow,csd
train/1166,../raw/snow/csd/Train/Snow/1166.tif,../raw/snow/csd/Train/Gt/1166.tif,train,snow,csd
train/1167,../raw/snow/csd/Train/Snow/1167.tif,../raw/snow/csd/Train/Gt/1167.tif,train,snow,csd
train/1168,../raw/snow/csd/Train/Snow/1168.tif,../raw/snow/csd/Train/Gt/1168.tif,train,snow,csd
train/1169,../raw/snow/csd/Train/Snow/1169.tif,../raw/snow/csd/Train/Gt/1169.tif,val,snow,csd
train/117,../raw/snow/csd/Train/Snow/117.tif,../raw/snow/csd/Train/Gt/117.tif,train,snow,csd
train/1170,../raw/snow/csd/Train/Snow/1170.tif,../raw/snow/csd/Train/Gt/1170.tif,train,snow,csd
train/1171,../raw/snow/csd/Train/Snow/1171.tif,../raw/snow/csd/Train/Gt/1171.tif,train,snow,csd
train/1172,../raw/snow/csd/Train/Snow/1172.tif,../raw/snow/csd/Train/Gt/1172.tif,train,snow,csd
train/1173,../raw/snow/csd/Train/Snow/1173.tif,../raw/snow/csd/Train/Gt/1173.tif,train,snow,csd
train/1174,../raw/snow/csd/Train/Snow/1174.tif,../raw/snow/csd/Train/Gt/1174.tif,train,snow,csd
train/1175,../raw/snow/csd/Train/Snow/1175.tif,../raw/snow/csd/Train/Gt/1175.tif,train,snow,csd
train/1176,../raw/snow/csd/Train/Snow/1176.tif,../raw/snow/csd/Train/Gt/1176.tif,train,snow,csd
train/1177,../raw/snow/csd/Train/Snow/1177.tif,../raw/snow/csd/Train/Gt/1177.tif,val,snow,csd
train/1178,../raw/snow/csd/Train/Snow/1178.tif,../raw/snow/csd/Train/Gt/1178.tif,train,snow,csd
train/1179,../raw/snow/csd/Train/Snow/1179.tif,../raw/snow/csd/Train/Gt/1179.tif,train,snow,csd
train/118,../raw/snow/csd/Train/Snow/118.tif,../raw/snow/csd/Train/Gt/118.tif,train,snow,csd
train/1180,../raw/snow/csd/Train/Snow/1180.tif,../raw/snow/csd/Train/Gt/1180.tif,train,snow,csd
train/1181,../raw/snow/csd/Train/Snow/1181.tif,../raw/snow/csd/Train/Gt/1181.tif,train,snow,csd
train/1182,../raw/snow/csd/Train/Snow/1182.tif,../raw/snow/csd/Train/Gt/1182.tif,train,snow,csd
train/1183,../raw/snow/csd/Train/Snow/1183.tif,../raw/snow/csd/Train/Gt/1183.tif,train,snow,csd
train/1184,../raw/snow/csd/Train/Snow/1184.tif,../raw/snow/csd/Train/Gt/1184.tif,train,snow,csd
train/1185,../raw/snow/csd/Train/Snow/1185.tif,../raw/snow/csd/Train/Gt/1185.tif,train,snow,csd
train/1186,../raw/snow/csd/Train/Snow/1186.tif,../raw/snow/csd/Train/Gt/1186.tif,train,snow,csd
train/1187,../raw/snow/csd/Train/Snow/1187.tif,../raw/snow/csd/Train/Gt/1187.tif,train,snow,csd
train/1188,../raw/snow/csd/Train/Snow/1188.tif,../raw/snow/csd/Train/Gt/1188.tif,train,snow,csd
train/1189,../raw/snow/csd/Train/Snow/1189.tif,../raw/snow/csd/Train/Gt/1189.tif,train,snow,csd
train/119,../raw/snow/csd/Train/Snow/119.tif,../raw/snow/csd/Train/Gt/119.tif,val,snow,csd
train/1190,../raw/snow/csd/Train/Snow/1190.tif,../raw/snow/csd/Train/Gt/1190.tif,train,snow,csd
train/1191,../raw/snow/csd/Train/Snow/1191.tif,../raw/snow/csd/Train/Gt/1191.tif,train,snow,csd
train/1192,../raw/snow/csd/Train/Snow/1192.tif,../raw/snow/csd/Train/Gt/1192.tif,train,snow,csd
train/1193,../raw/snow/csd/Train/Snow/1193.tif,../raw/snow/csd/Train/Gt/1193.tif,train,snow,csd
train/1194,../raw/snow/csd/Train/Snow/1194.tif,../raw/snow/csd/Train/Gt/1194.tif,train,snow,csd
train/1195,../raw/snow/csd/Train/Snow/1195.tif,../raw/snow/csd/Train/Gt/1195.tif,train,snow,csd
train/1196,../raw/snow/csd/Train/Snow/1196.tif,../raw/snow/csd/Train/Gt/1196.tif,train,snow,csd
train/1197,../raw/snow/csd/Train/Snow/1197.tif,../raw/snow/csd/Train/Gt/1197.tif,train,snow,csd
train/1198,../raw/snow/csd/Train/Snow/1198.tif,../raw/snow/csd/Train/Gt/1198.tif,train,snow,csd
train/1199,../raw/snow/csd/Train/Snow/1199.tif,../raw/snow/csd/Train/Gt/1199.tif,train,snow,csd
train/12,../raw/snow/csd/Train/Snow/12.tif,../raw/snow/csd/Train/Gt/12.tif,train,snow,csd
train/120,../raw/snow/csd/Train/Snow/120.tif,../raw/snow/csd/Train/Gt/120.tif,train,snow,csd
train/1200,../raw/snow/csd/Train/Snow/1200.tif,../raw/snow/csd/Train/Gt/1200.tif,train,snow,csd
train/1201,../raw/snow/csd/Train/Snow/1201.tif,../raw/snow/csd/Train/Gt/1201.tif,train,snow,csd
train/1202,../raw/snow/csd/Train/Snow/1202.tif,../raw/snow/csd/Train/Gt/1202.tif,train,snow,csd
train/1203,../raw/snow/csd/Train/Snow/1203.tif,../raw/snow/csd/Train/Gt/1203.tif,train,snow,csd
train/1204,../raw/snow/csd/Train/Snow/1204.tif,../raw/snow/csd/Train/Gt/1204.tif,train,snow,csd
train/1205,../raw/snow/csd/Train/Snow/1205.tif,../raw/snow/csd/Train/Gt/1205.tif,train,snow,csd
train/1206,../raw/snow/csd/Train/Snow/1206.tif,../raw/snow/csd/Train/Gt/1206.tif,train,snow,csd
train/1207,../raw/snow/csd/Train/Snow/1207.tif,../raw/snow/csd/Train/Gt/1207.tif,train,snow,csd
train/1208,../raw/snow/csd/Train/Snow/1208.tif,../raw/snow/csd/Train/Gt/1208.tif,val,snow,csd
train/1209,../raw/snow/csd/Train/Snow/1209.tif,../raw/snow/csd/Train/Gt/1209.tif,train,snow,csd
train/121,../raw/snow/csd/Train/Snow/121.tif,../raw/snow/csd/Train/Gt/121.tif,train,snow,csd
train/1210,../raw/snow/csd/Train/Snow/1210.tif,../raw/snow/csd/Train/Gt/1210.tif,train,snow,csd
train/1211,../raw/snow/csd/Train/Snow/1211.tif,../raw/snow/csd/Train/Gt/1211.tif,train,snow,csd
train/1212,../raw/snow/csd/Train/Snow/1212.tif,../raw/snow/csd/Train/Gt/1212.tif,train,snow,csd
train/1213,../raw/snow/csd/Train/Snow/1213.tif,../raw/snow/csd/Train/Gt/1213.tif,train,snow,csd
train/1214,../raw/snow/csd/Train/Snow/1214.tif,../raw/snow/csd/Train/Gt/1214.tif,train,snow,csd
train/1215,../raw/snow/csd/Train/Snow/1215.tif,../raw/snow/csd/Train/Gt/1215.tif,train,snow,csd
train/1216,../raw/snow/csd/Train/Snow/1216.tif,../raw/snow/csd/Train/Gt/1216.tif,train,snow,csd
train/1217,../raw/snow/csd/Train/Snow/1217.tif,../raw/snow/csd/Train/Gt/1217.tif,train,snow,csd
train/1218,../raw/snow/csd/Train/Snow/1218.tif,../raw/snow/csd/Train/Gt/1218.tif,train,snow,csd
train/1219,../raw/snow/csd/Train/Snow/1219.tif,../raw/snow/csd/Train/Gt/1219.tif,train,snow,csd
train/122,../raw/snow/csd/Train/Snow/122.tif,../raw/snow/csd/Train/Gt/122.tif,train,snow,csd
train/1220,../raw/snow/csd/Train/Snow/1220.tif,../raw/snow/csd/Train/Gt/1220.tif,train,snow,csd
train/1221,../raw/snow/csd/Train/Snow/1221.tif,../raw/snow/csd/Train/Gt/1221.tif,train,snow,csd
train/1222,../raw/snow/csd/Train/Snow/1222.tif,../raw/snow/csd/Train/Gt/1222.tif,train,snow,csd
train/1223,../raw/snow/csd/Train/Snow/1223.tif,../raw/snow/csd/Train/Gt/1223.tif,train,snow,csd
train/1224,../raw/snow/csd/Train/Snow/1224.tif,../raw/snow/csd/Train/Gt/1224.tif,train,snow,csd
train/1225,../raw/snow/csd/Train/Snow/1225.tif,../raw/snow/csd/Train/Gt/1225.tif,train,snow,csd
train/1226,../raw/snow/csd/Train/Snow/1226.tif,../raw/snow/csd/Train/Gt/1226.tif,train,snow,csd
train/1227,../raw/snow/csd/Train/Snow/1227.tif,../raw/snow/csd/Train/Gt/1227.tif,train,snow,csd
train/1228,../raw/snow/csd/Train/Snow/1228.tif,../raw/snow/csd/Train/Gt/1228.tif,train,snow,csd
train/1229,../raw/snow/csd/Train/Snow/1229.tif,../raw/snow/csd/Train/Gt/1229.tif,train,snow,csd
train/123,../raw/snow/csd/Train/Snow/123.tif,../raw/snow/csd/Train/Gt/123.tif,train,snow,csd
train/1230,../raw/snow/csd/Train/Snow/1230.tif,../raw/snow/csd/Train/Gt/1230.tif,train,snow,csd
train/1231,../raw/snow/csd/Train/Snow/1231.tif,../raw/snow/csd/Train/Gt/1231.tif,train,snow,csd
train/1232,../raw/snow/csd/Train/Snow/1232.tif,../raw/snow/csd/Train/Gt/1232.tif,train,snow,csd
train/1233,../raw/snow/csd/Train/Snow/1233.tif,../raw/snow/csd/Train/Gt/1233.tif,train,snow,csd
train/1234,../raw/snow/csd/Train/Snow/1234.tif,../raw/snow/csd/Train/Gt/1234.tif,train,snow,csd
train/1235,../raw/snow/csd/Train/Snow/1235.tif,../raw/snow/csd/Train/Gt/1235.tif,val,snow,csd
train/1236,../raw/snow/csd/Train/Snow/1236.tif,../raw/snow/csd/Train/Gt/1236.tif,train,snow,csd
train/1237,../raw/snow/csd/Train/Snow/1237.tif,../raw/snow/csd/Train/Gt/1237.tif,val,snow,csd
train/1238,../raw/snow/csd/Train/Snow/1238.tif,../raw/snow/csd/Train/Gt/1238.tif,train,snow,csd
train/1239,../raw/snow/csd/Train/Snow/1239.tif,../raw/snow/csd/Train/Gt/1239.tif,train,snow,csd
train/124,../raw/snow/csd/Train/Snow/124.tif,../raw/snow/csd/Train/Gt/124.tif,train,snow,csd
train/1240,../raw/snow/csd/Train/Snow/1240.tif,../raw/snow/csd/Train/Gt/1240.tif,train,snow,csd
train/1241,../raw/snow/csd/Train/Snow/1241.tif,../raw/snow/csd/Train/Gt/1241.tif,train,snow,csd
train/1242,../raw/snow/csd/Train/Snow/1242.tif,../raw/snow/csd/Train/Gt/1242.tif,train,snow,csd
train/1243,../raw/snow/csd/Train/Snow/1243.tif,../raw/snow/csd/Train/Gt/1243.tif,train,snow,csd
train/1244,../raw/snow/csd/Train/Snow/1244.tif,../raw/snow/csd/Train/Gt/1244.tif,train,snow,csd
train/1245,../raw/snow/csd/Train/Snow/1245.tif,../raw/snow/csd/Train/Gt/1245.tif,train,snow,csd
train/1246,../raw/snow/csd/Train/Snow/1246.tif,../raw/snow/csd/Train/Gt/1246.tif,train,snow,csd
train/1247,../raw/snow/csd/Train/Snow/1247.tif,../raw/snow/csd/Train/Gt/1247.tif,train,snow,csd
train/1248,../raw/snow/csd/Train/Snow/1248.tif,../raw/snow/csd/Train/Gt/1248.tif,train,snow,csd
train/1249,../raw/snow/csd/Train/Snow/1249.tif,../raw/snow/csd/Train/Gt/1249.tif,train,snow,csd
train/125,../raw/snow/csd/Train/Snow/125.tif,../raw/snow/csd/Train/Gt/125.tif,train,snow,csd
train/1250,../raw/snow/csd/Train/Snow/1250.tif,../raw/snow/csd/Train/Gt/1250.tif,train,snow,csd
train/1251,../raw/snow/csd/Train/Snow/1251.tif,../raw/snow/csd/Train/Gt/1251.tif,train,snow,csd
train/1252,../raw/snow/csd/Train/Snow/1252.tif,../raw/snow/csd/Train/Gt/1252.tif,train,snow,csd
train/1253,../raw/snow/csd/Train/Snow/1253.tif,../raw/snow/csd/Train/Gt/1253.tif,train,snow,csd
train/1254,../raw/snow/csd/Train/Snow/1254.tif,../raw/snow/csd/Train/Gt/1254.tif,train,snow,csd
train/1255,../raw/snow/csd/Train/Snow/1255.tif,../raw/snow/csd/Train/Gt/1255.tif,train,snow,csd
train/1256,../raw/snow/csd/Train/Snow/1256.tif,../raw/snow/csd/Train/Gt/1256.tif,train,snow,csd
train/1257,../raw/snow/csd/Train/Snow/1257.tif,../raw/snow/csd/Train/Gt/1257.tif,train,snow,csd
train/1258,../raw/snow/csd/Train/Snow/1258.tif,../raw/snow/csd/Train/Gt/1258.tif,train,snow,csd
train/1259,../raw/snow/csd/Train/Snow/1259.tif,../raw/snow/csd/Train/Gt/1259.tif,train,snow,csd
train/126,../raw/snow/csd/Train/Snow/126.tif,../raw/snow/csd/Train/Gt/126.tif,train,snow,csd
train/1260,../raw/snow/csd/Train/Snow/1260.tif,../raw/snow/csd/Train/Gt/1260.tif,train,snow,csd
train/1261,../raw/snow/csd/Train/Snow/1261.tif,../raw/snow/csd/Train/Gt/1261.tif,train,snow,csd
train/1262,../raw/snow/csd/Train/Snow/1262.tif,../raw/snow/csd/Train/Gt/1262.tif,train,snow,csd
train/1263,../raw/snow/csd/Train/Snow/1263.tif,../raw/snow/csd/Train/Gt/1263.tif,val,snow,csd
train/1264,../raw/snow/csd/Train/Snow/1264.tif,../raw/snow/csd/Train/Gt/1264.tif,train,snow,csd
train/1265,../raw/snow/csd/Train/Snow/1265.tif,../raw/snow/csd/Train/Gt/1265.tif,train,snow,csd
train/1266,../raw/snow/csd/Train/Snow/1266.tif,../raw/snow/csd/Train/Gt/1266.tif,train,snow,csd
train/1267,../raw/snow/csd/Train/Snow/1267.tif,../raw/snow/csd/Train/Gt/1267.tif,train,snow,csd
train/1268,../raw/snow/csd/Train/Snow/1268.tif,../raw/snow/csd/Train/Gt/1268.tif,train,snow,csd
train/1269,../raw/snow/csd/Train/Snow/1269.tif,../raw/snow/csd/Train/Gt/1269.tif,train,snow,csd
train/127,../raw/snow/csd/Train/Snow/127.tif,../raw/snow/csd/Train/Gt/127.tif,val,snow,csd
train/1270,../raw/snow/csd/Train/Snow/1270.tif,../raw/snow/csd/Train/Gt/1270.tif,train,snow,csd
train/1271,../raw/snow/csd/Train/Snow/1271.tif,../raw/snow/csd/Train/Gt/1271.tif,train,snow,csd
train/1272,../raw/snow/csd/Train/Snow/1272.tif,../raw/snow/csd/Train/Gt/1272.tif,train,snow,csd
train/1273,../raw/snow/csd/Train/Snow/1273.tif,../raw/snow/csd/Train/Gt/1273.tif,val,snow,csd
train/1274,../raw/snow/csd/Train/Snow/1274.tif,../raw/snow/csd/Train/Gt/1274.tif,train,snow,csd
train/1275,../raw/snow/csd/Train/Snow/1275.tif,../raw/snow/csd/Train/Gt/1275.tif,val,snow,csd
train/1276,../raw/snow/csd/Train/Snow/1276.tif,../raw/snow/csd/Train/Gt/1276.tif,train,snow,csd
train/1277,../raw/snow/csd/Train/Snow/1277.tif,../raw/snow/csd/Train/Gt/1277.tif,train,snow,csd
train/1278,../raw/snow/csd/Train/Snow/1278.tif,../raw/snow/csd/Train/Gt/1278.tif,val,snow,csd
train/1279,../raw/snow/csd/Train/Snow/1279.tif,../raw/snow/csd/Train/Gt/1279.tif,train,snow,csd
train/128,../raw/snow/csd/Train/Snow/128.tif,../raw/snow/csd/Train/Gt/128.tif,train,snow,csd
train/1280,../raw/snow/csd/Train/Snow/1280.tif,../raw/snow/csd/Train/Gt/1280.tif,val,snow,csd
train/1281,../raw/snow/csd/Train/Snow/1281.tif,../raw/snow/csd/Train/Gt/1281.tif,train,snow,csd
train/1282,../raw/snow/csd/Train/Snow/1282.tif,../raw/snow/csd/Train/Gt/1282.tif,train,snow,csd
train/1283,../raw/snow/csd/Train/Snow/1283.tif,../raw/snow/csd/Train/Gt/1283.tif,train,snow,csd
train/1284,../raw/snow/csd/Train/Snow/1284.tif,../raw/snow/csd/Train/Gt/1284.tif,train,snow,csd
train/1285,../raw/snow/csd/Train/Snow/1285.tif,../raw/snow/csd/Train/Gt/1285.tif,train,snow,csd
train/1286,../raw/snow/csd/Train/Snow/1286.tif,../raw/snow/csd/Train/Gt/1286.tif,val,snow,csd
train/1287,../raw/snow/csd/Train/Snow/1287.tif,../raw/snow/csd/Train/Gt/1287.tif,train,snow,csd
train/1288,../raw/snow/csd/Train/Snow/1288.tif,../raw/snow/csd/Train/Gt/1288.tif,train,snow,csd
train/1289,../raw/snow/csd/Train/Snow/1289.tif,../raw/snow/csd/Train/Gt/1289.tif,train,snow,csd
train/129,../raw/snow/csd/Train/Snow/129.tif,../raw/snow/csd/Train/Gt/129.tif,train,snow,csd
train/1290,../raw/snow/csd/Train/Snow/1290.tif,../raw/snow/csd/Train/Gt/1290.tif,train,snow,csd
train/1291,../raw/snow/csd/Train/Snow/1291.tif,../raw/snow/csd/Train/Gt/1291.tif,train,snow,csd
train/1292,../raw/snow/csd/Train/Snow/1292.tif,../raw/snow/csd/Train/Gt/1292.tif,train,snow,csd
train/1293,../raw/snow/csd/Train/Snow/1293.tif,../raw/snow/csd/Train/Gt/1293.tif,train,snow,csd
train/1294,../raw/snow/csd/Train/Snow/1294.tif,../raw/snow/csd/Train/Gt/1294.tif,train,snow,csd
train/1295,../raw/snow/csd/Train/Snow/1295.tif,../raw/snow/csd/Train/Gt/1295.tif,train,snow,csd
train/1296,../raw/snow/csd/Train/Snow/1296.tif,../raw/snow/csd/Train/Gt/1296.tif,train,snow,csd
train/1297,../raw/snow/csd/Train/Snow/1297.tif,../raw/snow/csd/Train/Gt/1297.tif,train,snow,csd
train/1298,../raw/snow/csd/Train/Snow/1298.tif,../raw/snow/csd/Train/Gt/1298.tif,train,snow,csd
train/1299,../raw/snow/csd/Train/Snow/1299.tif,../raw/snow/csd/Train/Gt/1299.tif,train,snow,csd
train/13,../raw/snow/csd/Train/Snow/13.tif,../raw/snow/csd/Train/Gt/13.tif,val,snow,csd
train/130,../raw/snow/csd/Train/Snow/130.tif,../raw/snow/csd/Train/Gt/130.tif,train,snow,csd
train/1300,../raw/snow/csd/Train/Snow/1300.tif,../raw/snow/csd/Train/Gt/1300.tif,train,snow,csd
train/1301,../raw/snow/csd/Train/Snow/1301.tif,../raw/snow/csd/Train/Gt/1301.tif,train,snow,csd
train/1302,../raw/snow/csd/Train/Snow/1302.tif,../raw/snow/csd/Train/Gt/1302.tif,train,snow,csd
train/1303,../raw/snow/csd/Train/Snow/1303.tif,../raw/snow/csd/Train/Gt/1303.tif,train,snow,csd
train/1304,../raw/snow/csd/Train/Snow/1304.tif,../raw/snow/csd/Train/Gt/1304.tif,train,snow,csd
train/1305,../raw/snow/csd/Train/Snow/1305.tif,../raw/snow/csd/Train/Gt/1305.tif,train,snow,csd
train/1306,../raw/snow/csd/Train/Snow/1306.tif,../raw/snow/csd/Train/Gt/1306.tif,val,snow,csd
train/1307,../raw/snow/csd/Train/Snow/1307.tif,../raw/snow/csd/Train/Gt/1307.tif,train,snow,csd
train/1308,../raw/snow/csd/Train/Snow/1308.tif,../raw/snow/csd/Train/Gt/1308.tif,train,snow,csd
train/1309,../raw/snow/csd/Train/Snow/1309.tif,../raw/snow/csd/Train/Gt/1309.tif,train,snow,csd
train/131,../raw/snow/csd/Train/Snow/131.tif,../raw/snow/csd/Train/Gt/131.tif,train,snow,csd
train/1310,../raw/snow/csd/Train/Snow/1310.tif,../raw/snow/csd/Train/Gt/1310.tif,train,snow,csd
train/1311,../raw/snow/csd/Train/Snow/1311.tif,../raw/snow/csd/Train/Gt/1311.tif,train,snow,csd
train/1312,../raw/snow/csd/Train/Snow/1312.tif,../raw/snow/csd/Train/Gt/1312.tif,val,snow,csd
train/1313,../raw/snow/csd/Train/Snow/1313.tif,../raw/snow/csd/Train/Gt/1313.tif,train,snow,csd
train/1314,../raw/snow/csd/Train/Snow/1314.tif,../raw/snow/csd/Train/Gt/1314.tif,train,snow,csd
train/1315,../raw/snow/csd/Train/Snow/1315.tif,../raw/snow/csd/Train/Gt/1315.tif,train,snow,csd
train/1316,../raw/snow/csd/Train/Snow/1316.tif,../raw/snow/csd/Train/Gt/1316.tif,train,snow,csd
train/1317,../raw/snow/csd/Train/Snow/1317.tif,../raw/snow/csd/Train/Gt/1317.tif,train,snow,csd
train/1318,../raw/snow/csd/Train/Snow/1318.tif,../raw/snow/csd/Train/Gt/1318.tif,train,snow,csd
train/1319,../raw/snow/csd/Train/Snow/1319.tif,../raw/snow/csd/Train/Gt/1319.tif,train,snow,csd
train/132,../raw/snow/csd/Train/Snow/132.tif,../raw/snow/csd/Train/Gt/132.tif,train,snow,csd
train/1320,../raw/snow/csd/Train/Snow/1320.tif,../raw/snow/csd/Train/Gt/1320.tif,train,snow,csd
train/1321,../raw/snow/csd/Train/Snow/1321.tif,../raw/snow/csd/Train/Gt/1321.tif,train,snow,csd
train/1322,../raw/snow/csd/Train/Snow/1322.tif,../raw/snow/csd/Train/Gt/1322.tif,train,snow,csd
train/1323,../raw/snow/csd/Train/Snow/1323.tif,../raw/snow/csd/Train/Gt/1323.tif,train,snow,csd
train/1324,../raw/snow/csd/Train/Snow/1324.tif,../raw/snow/csd/Train/Gt/1324.tif,train,snow,csd
train/1325,../raw/snow/csd/Train/Snow/1325.tif,../raw/snow/csd/Train/Gt/1325.tif,train,snow,csd
train/1326,../raw/snow/csd/Train/Snow/1326.tif,../raw/snow/csd/Train/Gt/1326.tif,train,snow,csd
train/1327,../raw/snow/csd/Train/Snow/1327.tif,../raw/snow/csd/Train/Gt/1327.tif,train,snow,csd
train/1328,../raw/snow/csd/Train/Snow/1328.tif,../raw/snow/csd/Train/Gt/1328.tif,train,snow,csd
train/1329,../raw/snow/csd/Train/Snow/1329.tif,../raw/snow/csd/Train/Gt/1329.tif,train,snow,csd
train/133,../raw/snow/csd/Train/Snow/133.tif,../raw/snow/csd/Train/Gt/133.tif,train,snow,csd
train/1330,../raw/snow/csd/Train/Snow/1330.tif,../raw/snow/csd/Train/Gt/1330.tif,train,snow,csd
train/1331,../raw/snow/csd/Train/Snow/1331.tif,../raw/snow/csd/Train/Gt/1331.tif,train,snow,csd
train/1332,../raw/snow/csd/Train/Snow/1332.tif,../raw/snow/csd/Train/Gt/1332.tif,train,snow,csd
train/1333,../raw/snow/csd/Train/Snow/1333.tif,../raw/snow/csd/Train/Gt/1333.tif,train,snow,csd
train/1334,../raw/snow/csd/Train/Snow/1334.tif,../raw/snow/csd/Train/Gt/1334.tif,train,snow,csd
train/1335,../raw/snow/csd/Train/Snow/1335.tif,../raw/snow/csd/Train/Gt/1335.tif,train,snow,csd
train/1336,../raw/snow/csd/Train/Snow/1336.tif,../raw/snow/csd/Train/Gt/1336.tif,val,snow,csd
train/1337,../raw/snow/csd/Train/Snow/1337.tif,../raw/snow/csd/Train/Gt/1337.tif,train,snow,csd
train/1338,../raw/snow/csd/Train/Snow/1338.tif,../raw/snow/csd/Train/Gt/1338.tif,val,snow,csd
train/1339,../raw/snow/csd/Train/Snow/1339.tif,../raw/snow/csd/Train/Gt/1339.tif,train,snow,csd
train/134,../raw/snow/csd/Train/Snow/134.tif,../raw/snow/csd/Train/Gt/134.tif,train,snow,csd
train/1340,../raw/snow/csd/Train/Snow/1340.tif,../raw/snow/csd/Train/Gt/1340.tif,train,snow,csd
train/1341,../raw/snow/csd/Train/Snow/1341.tif,../raw/snow/csd/Train/Gt/1341.tif,train,snow,csd
train/1342,../raw/snow/csd/Train/Snow/1342.tif,../raw/snow/csd/Train/Gt/1342.tif,train,snow,csd
train/1343,../raw/snow/csd/Train/Snow/1343.tif,../raw/snow/csd/Train/Gt/1343.tif,val,snow,csd
train/1344,../raw/snow/csd/Train/Snow/1344.tif,../raw/snow/csd/Train/Gt/1344.tif,train,snow,csd
train/1345,../raw/snow/csd/Train/Snow/1345.tif,../raw/snow/csd/Train/Gt/1345.tif,train,snow,csd
train/1346,../raw/snow/csd/Train/Snow/1346.tif,../raw/snow/csd/Train/Gt/1346.tif,train,snow,csd
train/1347,../raw/snow/csd/Train/Snow/1347.tif,../raw/snow/csd/Train/Gt/1347.tif,train,snow,csd
train/1348,../raw/snow/csd/Train/Snow/1348.tif,../raw/snow/csd/Train/Gt/1348.tif,train,snow,csd
train/1349,../raw/snow/csd/Train/Snow/1349.tif,../raw/snow/csd/Train/Gt/1349.tif,train,snow,csd
train/135,../raw/snow/csd/Train/Snow/135.tif,../raw/snow/csd/Train/Gt/135.tif,train,snow,csd
train/1350,../raw/snow/csd/Train/Snow/1350.tif,../raw/snow/csd/Train/Gt/1350.tif,train,snow,csd
train/1351,../raw/snow/csd/Train/Snow/1351.tif,../raw/snow/csd/Train/Gt/1351.tif,train,snow,csd
train/1352,../raw/snow/csd/Train/Snow/1352.tif,../raw/snow/csd/Train/Gt/1352.tif,train,snow,csd
train/1353,../raw/snow/csd/Train/Snow/1353.tif,../raw/snow/csd/Train/Gt/1353.tif,train,snow,csd
train/1354,../raw/snow/csd/Train/Snow/1354.tif,../raw/snow/csd/Train/Gt/1354.tif,train,snow,csd
train/1355,../raw/snow/csd/Train/Snow/1355.tif,../raw/snow/csd/Train/Gt/1355.tif,train,snow,csd
train/1356,../raw/snow/csd/Train/Snow/1356.tif,../raw/snow/csd/Train/Gt/1356.tif,train,snow,csd
train/1357,../raw/snow/csd/Train/Snow/1357.tif,../raw/snow/csd/Train/Gt/1357.tif,train,snow,csd
train/1358,../raw/snow/csd/Train/Snow/1358.tif,../raw/snow/csd/Train/Gt/1358.tif,train,snow,csd
train/1359,../raw/snow/csd/Train/Snow/1359.tif,../raw/snow/csd/Train/Gt/1359.tif,train,snow,csd
train/136,../raw/snow/csd/Train/Snow/136.tif,../raw/snow/csd/Train/Gt/136.tif,train,snow,csd
train/1360,../raw/snow/csd/Train/Snow/1360.tif,../raw/snow/csd/Train/Gt/1360.tif,train,snow,csd
train/1361,../raw/snow/csd/Train/Snow/1361.tif,../raw/snow/csd/Train/Gt/1361.tif,train,snow,csd
train/1362,../raw/snow/csd/Train/Snow/1362.tif,../raw/snow/csd/Train/Gt/1362.tif,train,snow,csd
train/1363,../raw/snow/csd/Train/Snow/1363.tif,../raw/snow/csd/Train/Gt/1363.tif,train,snow,csd
train/1364,../raw/snow/csd/Train/Snow/1364.tif,../raw/snow/csd/Train/Gt/1364.tif,train,snow,csd
train/1365,../raw/snow/csd/Train/Snow/1365.tif,../raw/snow/csd/Train/Gt/1365.tif,train,snow,csd
train/1366,../raw/snow/csd/Train/Snow/1366.tif,../raw/snow/csd/Train/Gt/1366.tif,train,snow,csd
train/1367,../raw/snow/csd/Train/Snow/1367.tif,../raw/snow/csd/Train/Gt/1367.tif,train,snow,csd
train/1368,../raw/snow/csd/Train/Snow/1368.tif,../raw/snow/csd/Train/Gt/1368.tif,train,snow,csd
train/1369,../raw/snow/csd/Train/Snow/1369.tif,../raw/snow/csd/Train/Gt/1369.tif,train,snow,csd
train/137,../raw/snow/csd/Train/Snow/137.tif,../raw/snow/csd/Train/Gt/137.tif,train,snow,csd
train/1370,../raw/snow/csd/Train/Snow/1370.tif,../raw/snow/csd/Train/Gt/1370.tif,train,snow,csd
train/1371,../raw/snow/csd/Train/Snow/1371.tif,../raw/snow/csd/Train/Gt/1371.tif,train,snow,csd
train/1372,../raw/snow/csd/Train/Snow/1372.tif,../raw/snow/csd/Train/Gt/1372.tif,train,snow,csd
train/1373,../raw/snow/csd/Train/Snow/1373.tif,../raw/snow/csd/Train/Gt/1373.tif,train,snow,csd
train/1374,../raw/snow/csd/Train/Snow/1374.tif,../raw/snow/csd/Train/Gt/1374.tif,train,snow,csd
train/1375,../raw/snow/csd/Train/Snow/1375.tif,../raw/snow/csd/Train/Gt/1375.tif,train,snow,csd
train/1376,../raw/snow/csd/Train/Snow/1376.tif,../raw/snow/csd/Train/Gt/1376.tif,train,snow,csd
train/1377,../raw/snow/csd/Train/Snow/1377.tif,../raw/snow/csd/Train/Gt/1377.tif,train,snow,csd
train/1378,../raw/snow/csd/Train/Snow/1378.tif,../raw/snow/csd/Train/Gt/1378.tif,train,snow,csd
train/1379,../raw/snow/csd/Train/Snow/1379.tif,../raw/snow/csd/Train/Gt/1379.tif,train,snow,csd
train/138,../raw/snow/csd/Train/Snow/138.tif,../raw/snow/csd/Train/Gt/138.tif,train,snow,csd
train/1380,../raw/snow/csd/Train/Snow/1380.tif,../raw/snow/csd/Train/Gt/1380.tif,train,snow,csd
train/1381,../raw/snow/csd/Train/Snow/1381.tif,../raw/snow/csd/Train/Gt/1381.tif,train,snow,csd
train/1382,../raw/snow/csd/Train/Snow/1382.tif,../raw/snow/csd/Train/Gt/1382.tif,train,snow,csd
train/1383,../raw/snow/csd/Train/Snow/1383.tif,../raw/snow/csd/Train/Gt/1383.tif,train,snow,csd
train/1384,../raw/snow/csd/Train/Snow/1384.tif,../raw/snow/csd/Train/Gt/1384.tif,val,snow,csd
train/1385,../raw/snow/csd/Train/Snow/1385.tif,../raw/snow/csd/Train/Gt/1385.tif,train,snow,csd
train/1386,../raw/snow/csd/Train/Snow/1386.tif,../raw/snow/csd/Train/Gt/1386.tif,train,snow,csd
train/1387,../raw/snow/csd/Train/Snow/1387.tif,../raw/snow/csd/Train/Gt/1387.tif,train,snow,csd
train/1388,../raw/snow/csd/Train/Snow/1388.tif,../raw/snow/csd/Train/Gt/1388.tif,train,snow,csd
train/1389,../raw/snow/csd/Train/Snow/1389.tif,../raw/snow/csd/Train/Gt/1389.tif,train,snow,csd
train/139,../raw/snow/csd/Train/Snow/139.tif,../raw/snow/csd/Train/Gt/139.tif,train,snow,csd
train/1390,../raw/snow/csd/Train/Snow/1390.tif,../raw/snow/csd/Train/Gt/1390.tif,train,snow,csd
train/1391,../raw/snow/csd/Train/Snow/1391.tif,../raw/snow/csd/Train/Gt/1391.tif,train,snow,csd
train/1392,../raw/snow/csd/Train/Snow/1392.tif,../raw/snow/csd/Train/Gt/1392.tif,train,snow,csd
train/1393,../raw/snow/csd/Train/Snow/1393.tif,../raw/snow/csd/Train/Gt/1393.tif,train,snow,csd
train/1394,../raw/snow/csd/Train/Snow/1394.tif,../raw/snow/csd/Train/Gt/1394.tif,train,snow,csd
train/1395,../raw/snow/csd/Train/Snow/1395.tif,../raw/snow/csd/Train/Gt/1395.tif,train,snow,csd
train/1396,../raw/snow/csd/Train/Snow/1396.tif,../raw/snow/csd/Train/Gt/1396.tif,train,snow,csd
train/1397,../raw/snow/csd/Train/Snow/1397.tif,../raw/snow/csd/Train/Gt/1397.tif,train,snow,csd
train/1398,../raw/snow/csd/Train/Snow/1398.tif,../raw/snow/csd/Train/Gt/1398.tif,train,snow,csd
train/1399,../raw/snow/csd/Train/Snow/1399.tif,../raw/snow/csd/Train/Gt/1399.tif,val,snow,csd
train/14,../raw/snow/csd/Train/Snow/14.tif,../raw/snow/csd/Train/Gt/14.tif,train,snow,csd
train/140,../raw/snow/csd/Train/Snow/140.tif,../raw/snow/csd/Train/Gt/140.tif,train,snow,csd
train/1400,../raw/snow/csd/Train/Snow/1400.tif,../raw/snow/csd/Train/Gt/1400.tif,train,snow,csd
train/1401,../raw/snow/csd/Train/Snow/1401.tif,../raw/snow/csd/Train/Gt/1401.tif,train,snow,csd
train/1402,../raw/snow/csd/Train/Snow/1402.tif,../raw/snow/csd/Train/Gt/1402.tif,train,snow,csd
train/1403,../raw/snow/csd/Train/Snow/1403.tif,../raw/snow/csd/Train/Gt/1403.tif,train,snow,csd
train/1404,../raw/snow/csd/Train/Snow/1404.tif,../raw/snow/csd/Train/Gt/1404.tif,train,snow,csd
train/1405,../raw/snow/csd/Train/Snow/1405.tif,../raw/snow/csd/Train/Gt/1405.tif,val,snow,csd
train/1406,../raw/snow/csd/Train/Snow/1406.tif,../raw/snow/csd/Train/Gt/1406.tif,train,snow,csd
train/1407,../raw/snow/csd/Train/Snow/1407.tif,../raw/snow/csd/Train/Gt/1407.tif,train,snow,csd
train/1408,../raw/snow/csd/Train/Snow/1408.tif,../raw/snow/csd/Train/Gt/1408.tif,val,snow,csd
train/1409,../raw/snow/csd/Train/Snow/1409.tif,../raw/snow/csd/Train/Gt/1409.tif,train,snow,csd
train/141,../raw/snow/csd/Train/Snow/141.tif,../raw/snow/csd/Train/Gt/141.tif,train,snow,csd
train/1410,../raw/snow/csd/Train/Snow/1410.tif,../raw/snow/csd/Train/Gt/1410.tif,train,snow,csd
train/1411,../raw/snow/csd/Train/Snow/1411.tif,../raw/snow/csd/Train/Gt/1411.tif,train,snow,csd
train/1412,../raw/snow/csd/Train/Snow/1412.tif,../raw/snow/csd/Train/Gt/1412.tif,val,snow,csd
train/1413,../raw/snow/csd/Train/Snow/1413.tif,../raw/snow/csd/Train/Gt/1413.tif,val,snow,csd
train/1414,../raw/snow/csd/Train/Snow/1414.tif,../raw/snow/csd/Train/Gt/1414.tif,train,snow,csd
train/1415,../raw/snow/csd/Train/Snow/1415.tif,../raw/snow/csd/Train/Gt/1415.tif,train,snow,csd
train/1416,../raw/snow/csd/Train/Snow/1416.tif,../raw/snow/csd/Train/Gt/1416.tif,val,snow,csd
train/1417,../raw/snow/csd/Train/Snow/1417.tif,../raw/snow/csd/Train/Gt/1417.tif,train,snow,csd
train/1418,../raw/snow/csd/Train/Snow/1418.tif,../raw/snow/csd/Train/Gt/1418.tif,val,snow,csd
train/1419,../raw/snow/csd/Train/Snow/1419.tif,../raw/snow/csd/Train/Gt/1419.tif,train,snow,csd
train/142,../raw/snow/csd/Train/Snow/142.tif,../raw/snow/csd/Train/Gt/142.tif,train,snow,csd
train/1420,../raw/snow/csd/Train/Snow/1420.tif,../raw/snow/csd/Train/Gt/1420.tif,train,snow,csd
train/1421,../raw/snow/csd/Train/Snow/1421.tif,../raw/snow/csd/Train/Gt/1421.tif,train,snow,csd
train/1422,../raw/snow/csd/Train/Snow/1422.tif,../raw/snow/csd/Train/Gt/1422.tif,train,snow,csd
train/1423,../raw/snow/csd/Train/Snow/1423.tif,../raw/snow/csd/Train/Gt/1423.tif,train,snow,csd
train/1424,../raw/snow/csd/Train/Snow/1424.tif,../raw/snow/csd/Train/Gt/1424.tif,train,snow,csd
train/1425,../raw/snow/csd/Train/Snow/1425.tif,../raw/snow/csd/Train/Gt/1425.tif,train,snow,csd
train/1426,../raw/snow/csd/Train/Snow/1426.tif,../raw/snow/csd/Train/Gt/1426.tif,train,snow,csd
train/1427,../raw/snow/csd/Train/Snow/1427.tif,../raw/snow/csd/Train/Gt/1427.tif,train,snow,csd
train/1428,../raw/snow/csd/Train/Snow/1428.tif,../raw/snow/csd/Train/Gt/1428.tif,train,snow,csd
train/1429,../raw/snow/csd/Train/Snow/1429.tif,../raw/snow/csd/Train/Gt/1429.tif,train,snow,csd
train/143,../raw/snow/csd/Train/Snow/143.tif,../raw/snow/csd/Train/Gt/143.tif,train,snow,csd
train/1430,../raw/snow/csd/Train/Snow/1430.tif,../raw/snow/csd/Train/Gt/1430.tif,train,snow,csd
train/1431,../raw/snow/csd/Train/Snow/1431.tif,../raw/snow/csd/Train/Gt/1431.tif,train,snow,csd
train/1432,../raw/snow/csd/Train/Snow/1432.tif,../raw/snow/csd/Train/Gt/1432.tif,train,snow,csd
train/1433,../raw/snow/csd/Train/Snow/1433.tif,../raw/snow/csd/Train/Gt/1433.tif,train,snow,csd
train/1434,../raw/snow/csd/Train/Snow/1434.tif,../raw/snow/csd/Train/Gt/1434.tif,train,snow,csd
train/1435,../raw/snow/csd/Train/Snow/1435.tif,../raw/snow/csd/Train/Gt/1435.tif,train,snow,csd
train/1436,../raw/snow/csd/Train/Snow/1436.tif,../raw/snow/csd/Train/Gt/1436.tif,train,snow,csd
train/1437,../raw/snow/csd/Train/Snow/1437.tif,../raw/snow/csd/Train/Gt/1437.tif,train,snow,csd
train/1438,../raw/snow/csd/Train/Snow/1438.tif,../raw/snow/csd/Train/Gt/1438.tif,train,snow,csd
train/1439,../raw/snow/csd/Train/Snow/1439.tif,../raw/snow/csd/Train/Gt/1439.tif,val,snow,csd
train/144,../raw/snow/csd/Train/Snow/144.tif,../raw/snow/csd/Train/Gt/144.tif,train,snow,csd
train/1440,../raw/snow/csd/Train/Snow/1440.tif,../raw/snow/csd/Train/Gt/1440.tif,train,snow,csd
train/1441,../raw/snow/csd/Train/Snow/1441.tif,../raw/snow/csd/Train/Gt/1441.tif,train,snow,csd
train/1442,../raw/snow/csd/Train/Snow/1442.tif,../raw/snow/csd/Train/Gt/1442.tif,val,snow,csd
train/1443,../raw/snow/csd/Train/Snow/1443.tif,../raw/snow/csd/Train/Gt/1443.tif,train,snow,csd
train/1444,../raw/snow/csd/Train/Snow/1444.tif,../raw/snow/csd/Train/Gt/1444.tif,train,snow,csd
train/1445,../raw/snow/csd/Train/Snow/1445.tif,../raw/snow/csd/Train/Gt/1445.tif,train,snow,csd
train/1446,../raw/snow/csd/Train/Snow/1446.tif,../raw/snow/csd/Train/Gt/1446.tif,train,snow,csd
train/1447,../raw/snow/csd/Train/Snow/1447.tif,../raw/snow/csd/Train/Gt/1447.tif,train,snow,csd
train/1448,../raw/snow/csd/Train/Snow/1448.tif,../raw/snow/csd/Train/Gt/1448.tif,train,snow,csd
train/1449,../raw/snow/csd/Train/Snow/1449.tif,../raw/snow/csd/Train/Gt/1449.tif,train,snow,csd
train/145,../raw/snow/csd/Train/Snow/145.tif,../raw/snow/csd/Train/Gt/145.tif,train,snow,csd
train/1450,../raw/snow/csd/Train/Snow/1450.tif,../raw/snow/csd/Train/Gt/1450.tif,train,snow,csd
train/1451,../raw/snow/csd/Train/Snow/1451.tif,../raw/snow/csd/Train/Gt/1451.tif,train,snow,csd
train/1452,../raw/snow/csd/Train/Snow/1452.tif,../raw/snow/csd/Train/Gt/1452.tif,train,snow,csd
train/1453,../raw/snow/csd/Train/Snow/1453.tif,../raw/snow/csd/Train/Gt/1453.tif,train,snow,csd
train/1454,../raw/snow/csd/Train/Snow/1454.tif,../raw/snow/csd/Train/Gt/1454.tif,train,snow,csd
train/1455,../raw/snow/csd/Train/Snow/1455.tif,../raw/snow/csd/Train/Gt/1455.tif,train,snow,csd
train/1456,../raw/snow/csd/Train/Snow/1456.tif,../raw/snow/csd/Train/Gt/1456.tif,train,snow,csd
train/1457,../raw/snow/csd/Train/Snow/1457.tif,../raw/snow/csd/Train/Gt/1457.tif,train,snow,csd
train/1458,../raw/snow/csd/Train/Snow/1458.tif,../raw/snow/csd/Train/Gt/1458.tif,train,snow,csd
train/1459,../raw/snow/csd/Train/Snow/1459.tif,../raw/snow/csd/Train/Gt/1459.tif,train,snow,csd
train/146,../raw/snow/csd/Train/Snow/146.tif,../raw/snow/csd/Train/Gt/146.tif,train,snow,csd
train/1460,../raw/snow/csd/Train/Snow/1460.tif,../raw/snow/csd/Train/Gt/1460.tif,train,snow,csd
train/1461,../raw/snow/csd/Train/Snow/1461.tif,../raw/snow/csd/Train/Gt/1461.tif,train,snow,csd
train/1462,../raw/snow/csd/Train/Snow/1462.tif,../raw/snow/csd/Train/Gt/1462.tif,train,snow,csd
train/1463,../raw/snow/csd/Train/Snow/1463.tif,../raw/snow/csd/Train/Gt/1463.tif,train,snow,csd
train/1464,../raw/snow/csd/Train/Snow/1464.tif,../raw/snow/csd/Train/Gt/1464.tif,train,snow,csd
train/1465,../raw/snow/csd/Train/Snow/1465.tif,../raw/snow/csd/Train/Gt/1465.tif,train,snow,csd
train/1466,../raw/snow/csd/Train/Snow/1466.tif,../raw/snow/csd/Train/Gt/1466.tif,val,snow,csd
train/1467,../raw/snow/csd/Train/Snow/1467.tif,../raw/snow/csd/Train/Gt/1467.tif,train,snow,csd
train/1468,../raw/snow/csd/Train/Snow/1468.tif,../raw/snow/csd/Train/Gt/1468.tif,train,snow,csd
train/1469,../raw/snow/csd/Train/Snow/1469.tif,../raw/snow/csd/Train/Gt/1469.tif,train,snow,csd
train/147,../raw/snow/csd/Train/Snow/147.tif,../raw/snow/csd/Train/Gt/147.tif,train,snow,csd
train/1470,../raw/snow/csd/Train/Snow/1470.tif,../raw/snow/csd/Train/Gt/1470.tif,train,snow,csd
train/1471,../raw/snow/csd/Train/Snow/1471.tif,../raw/snow/csd/Train/Gt/1471.tif,train,snow,csd
train/1472,../raw/snow/csd/Train/Snow/1472.tif,../raw/snow/csd/Train/Gt/1472.tif,train,snow,csd
train/1473,../raw/snow/csd/Train/Snow/1473.tif,../raw/snow/csd/Train/Gt/1473.tif,val,snow,csd
train/1474,../raw/snow/csd/Train/Snow/1474.tif,../raw/snow/csd/Train/Gt/1474.tif,train,snow,csd
train/1475,../raw/snow/csd/Train/Snow/1475.tif,../raw/snow/csd/Train/Gt/1475.tif,train,snow,csd
train/1476,../raw/snow/csd/Train/Snow/1476.tif,../raw/snow/csd/Train/Gt/1476.tif,train,snow,csd
train/1477,../raw/snow/csd/Train/Snow/1477.tif,../raw/snow/csd/Train/Gt/1477.tif,val,snow,csd
train/1478,../raw/snow/csd/Train/Snow/1478.tif,../raw/snow/csd/Train/Gt/1478.tif,train,snow,csd
train/1479,../raw/snow/csd/Train/Snow/1479.tif,../raw/snow/csd/Train/Gt/1479.tif,train,snow,csd
train/148,../raw/snow/csd/Train/Snow/148.tif,../raw/snow/csd/Train/Gt/148.tif,train,snow,csd
train/1480,../raw/snow/csd/Train/Snow/1480.tif,../raw/snow/csd/Train/Gt/1480.tif,val,snow,csd
train/1481,../raw/snow/csd/Train/Snow/1481.tif,../raw/snow/csd/Train/Gt/1481.tif,train,snow,csd
train/1482,../raw/snow/csd/Train/Snow/1482.tif,../raw/snow/csd/Train/Gt/1482.tif,train,snow,csd
train/1483,../raw/snow/csd/Train/Snow/1483.tif,../raw/snow/csd/Train/Gt/1483.tif,train,snow,csd
train/1484,../raw/snow/csd/Train/Snow/1484.tif,../raw/snow/csd/Train/Gt/1484.tif,train,snow,csd
train/1485,../raw/snow/csd/Train/Snow/1485.tif,../raw/snow/csd/Train/Gt/1485.tif,train,snow,csd
train/1486,../raw/snow/csd/Train/Snow/1486.tif,../raw/snow/csd/Train/Gt/1486.tif,train,snow,csd
train/1487,../raw/snow/csd/Train/Snow/1487.tif,../raw/snow/csd/Train/Gt/1487.tif,val,snow,csd
train/1488,../raw/snow/csd/Train/Snow/1488.tif,../raw/snow/csd/Train/Gt/1488.tif,train,snow,csd
train/1489,../raw/snow/csd/Train/Snow/1489.tif,../raw/snow/csd/Train/Gt/1489.tif,train,snow,csd
train/149,../raw/snow/csd/Train/Snow/149.tif,../raw/snow/csd/Train/Gt/149.tif,val,snow,csd
train/1490,../raw/snow/csd/Train/Snow/1490.tif,../raw/snow/csd/Train/Gt/1490.tif,train,snow,csd
train/1491,../raw/snow/csd/Train/Snow/1491.tif,../raw/snow/csd/Train/Gt/1491.tif,train,snow,csd
train/1492,../raw/snow/csd/Train/Snow/1492.tif,../raw/snow/csd/Train/Gt/1492.tif,train,snow,csd
train/1493,../raw/snow/csd/Train/Snow/1493.tif,../raw/snow/csd/Train/Gt/1493.tif,train,snow,csd
train/1494,../raw/snow/csd/Train/Snow/1494.tif,../raw/snow/csd/Train/Gt/1494.tif,val,snow,csd
train/1495,../raw/snow/csd/Train/Snow/1495.tif,../raw/snow/csd/Train/Gt/1495.tif,train,snow,csd
train/1496,../raw/snow/csd/Train/Snow/1496.tif,../raw/snow/csd/Train/Gt/1496.tif,val,snow,csd
train/1497,../raw/snow/csd/Train/Snow/1497.tif,../raw/snow/csd/Train/Gt/1497.tif,train,snow,csd
train/1498,../raw/snow/csd/Train/Snow/1498.tif,../raw/snow/csd/Train/Gt/1498.tif,train,snow,csd
train/1499,../raw/snow/csd/Train/Snow/1499.tif,../raw/snow/csd/Train/Gt/1499.tif,train,snow,csd
train/15,../raw/snow/csd/Train/Snow/15.tif,../raw/snow/csd/Train/Gt/15.tif,train,snow,csd
train/150,../raw/snow/csd/Train/Snow/150.tif,../raw/snow/csd/Train/Gt/150.tif,train,snow,csd
train/1500,../raw/snow/csd/Train/Snow/1500.tif,../raw/snow/csd/Train/Gt/1500.tif,train,snow,csd
train/1501,../raw/snow/csd/Train/Snow/1501.tif,../raw/snow/csd/Train/Gt/1501.tif,train,snow,csd
train/1502,../raw/snow/csd/Train/Snow/1502.tif,../raw/snow/csd/Train/Gt/1502.tif,train,snow,csd
train/1503,../raw/snow/csd/Train/Snow/1503.tif,../raw/snow/csd/Train/Gt/1503.tif,train,snow,csd
train/1504,../raw/snow/csd/Train/Snow/1504.tif,../raw/snow/csd/Train/Gt/1504.tif,train,snow,csd
train/1505,../raw/snow/csd/Train/Snow/1505.tif,../raw/snow/csd/Train/Gt/1505.tif,train,snow,csd
train/1506,../raw/snow/csd/Train/Snow/1506.tif,../raw/snow/csd/Train/Gt/1506.tif,val,snow,csd
train/1507,../raw/snow/csd/Train/Snow/1507.tif,../raw/snow/csd/Train/Gt/1507.tif,train,snow,csd
train/1508,../raw/snow/csd/Train/Snow/1508.tif,../raw/snow/csd/Train/Gt/1508.tif,train,snow,csd
train/1509,../raw/snow/csd/Train/Snow/1509.tif,../raw/snow/csd/Train/Gt/1509.tif,train,snow,csd
train/151,../raw/snow/csd/Train/Snow/151.tif,../raw/snow/csd/Train/Gt/151.tif,train,snow,csd
train/1510,../raw/snow/csd/Train/Snow/1510.tif,../raw/snow/csd/Train/Gt/1510.tif,train,snow,csd
train/1511,../raw/snow/csd/Train/Snow/1511.tif,../raw/snow/csd/Train/Gt/1511.tif,val,snow,csd
train/1512,../raw/snow/csd/Train/Snow/1512.tif,../raw/snow/csd/Train/Gt/1512.tif,train,snow,csd
train/1513,../raw/snow/csd/Train/Snow/1513.tif,../raw/snow/csd/Train/Gt/1513.tif,train,snow,csd
train/1514,../raw/snow/csd/Train/Snow/1514.tif,../raw/snow/csd/Train/Gt/1514.tif,train,snow,csd
train/1515,../raw/snow/csd/Train/Snow/1515.tif,../raw/snow/csd/Train/Gt/1515.tif,train,snow,csd
train/1516,../raw/snow/csd/Train/Snow/1516.tif,../raw/snow/csd/Train/Gt/1516.tif,train,snow,csd
train/1517,../raw/snow/csd/Train/Snow/1517.tif,../raw/snow/csd/Train/Gt/1517.tif,train,snow,csd
train/1518,../raw/snow/csd/Train/Snow/1518.tif,../raw/snow/csd/Train/Gt/1518.tif,train,snow,csd
train/1519,../raw/snow/csd/Train/Snow/1519.tif,../raw/snow/csd/Train/Gt/1519.tif,train,snow,csd
train/152,../raw/snow/csd/Train/Snow/152.tif,../raw/snow/csd/Train/Gt/152.tif,val,snow,csd
train/1520,../raw/snow/csd/Train/Snow/1520.tif,../raw/snow/csd/Train/Gt/1520.tif,val,snow,csd
train/1521,../raw/snow/csd/Train/Snow/1521.tif,../raw/snow/csd/Train/Gt/1521.tif,train,snow,csd
train/1522,../raw/snow/csd/Train/Snow/1522.tif,../raw/snow/csd/Train/Gt/1522.tif,train,snow,csd
train/1523,../raw/snow/csd/Train/Snow/1523.tif,../raw/snow/csd/Train/Gt/1523.tif,val,snow,csd
train/1524,../raw/snow/csd/Train/Snow/1524.tif,../raw/snow/csd/Train/Gt/1524.tif,train,snow,csd
train/1525,../raw/snow/csd/Train/Snow/1525.tif,../raw/snow/csd/Train/Gt/1525.tif,train,snow,csd
train/1526,../raw/snow/csd/Train/Snow/1526.tif,../raw/snow/csd/Train/Gt/1526.tif,train,snow,csd
train/1527,../raw/snow/csd/Train/Snow/1527.tif,../raw/snow/csd/Train/Gt/1527.tif,train,snow,csd
train/1528,../raw/snow/csd/Train/Snow/1528.tif,../raw/snow/csd/Train/Gt/1528.tif,train,snow,csd
train/1529,../raw/snow/csd/Train/Snow/1529.tif,../raw/snow/csd/Train/Gt/1529.tif,train,snow,csd
train/153,../raw/snow/csd/Train/Snow/153.tif,../raw/snow/csd/Train/Gt/153.tif,train,snow,csd
train/1530,../raw/snow/csd/Train/Snow/1530.tif,../raw/snow/csd/Train/Gt/1530.tif,train,snow,csd
train/1531,../raw/snow/csd/Train/Snow/1531.tif,../raw/snow/csd/Train/Gt/1531.tif,train,snow,csd
train/1532,../raw/snow/csd/Train/Snow/1532.tif,../raw/snow/csd/Train/Gt/1532.tif,train,snow,csd
train/1533,../raw/snow/csd/Train/Snow/1533.tif,../raw/snow/csd/Train/Gt/1533.tif,train,snow,csd
train/1534,../raw/snow/csd/Train/Snow/1534.tif,../raw/snow/csd/Train/Gt/1534.tif,train,snow,csd
train/1535,../raw/snow/csd/Train/Snow/1535.tif,../raw/snow/csd/Train/Gt/1535.tif,train,snow,csd
train/1536,../raw/snow/csd/Train/Snow/1536.tif,../raw/snow/csd/Train/Gt/1536.tif,train,snow,csd
train/1537,../raw/snow/csd/Train/Snow/1537.tif,../raw/snow/csd/Train/Gt/1537.tif,train,snow,csd
train/1538,../raw/snow/csd/Train/Snow/1538.tif,../raw/snow/csd/Train/Gt/1538.tif,train,snow,csd
train/1539,../raw/snow/csd/Train/Snow/1539.tif,../raw/snow/csd/Train/Gt/1539.tif,train,snow,csd
train/154,../raw/snow/csd/Train/Snow/154.tif,../raw/snow/csd/Train/Gt/154.tif,train,snow,csd
train/1540,../raw/snow/csd/Train/Snow/1540.tif,../raw/snow/csd/Train/Gt/1540.tif,train,snow,csd
train/1541,../raw/snow/csd/Train/Snow/1541.tif,../raw/snow/csd/Train/Gt/1541.tif,train,snow,csd
train/1542,../raw/snow/csd/Train/Snow/1542.tif,../raw/snow/csd/Train/Gt/1542.tif,train,snow,csd
train/1543,../raw/snow/csd/Train/Snow/1543.tif,../raw/snow/csd/Train/Gt/1543.tif,train,snow,csd
train/1544,../raw/snow/csd/Train/Snow/1544.tif,../raw/snow/csd/Train/Gt/1544.tif,train,snow,csd
train/1545,../raw/snow/csd/Train/Snow/1545.tif,../raw/snow/csd/Train/Gt/1545.tif,train,snow,csd
train/1546,../raw/snow/csd/Train/Snow/1546.tif,../raw/snow/csd/Train/Gt/1546.tif,train,snow,csd
train/1547,../raw/snow/csd/Train/Snow/1547.tif,../raw/snow/csd/Train/Gt/1547.tif,train,snow,csd
train/1548,../raw/snow/csd/Train/Snow/1548.tif,../raw/snow/csd/Train/Gt/1548.tif,train,snow,csd
train/1549,../raw/snow/csd/Train/Snow/1549.tif,../raw/snow/csd/Train/Gt/1549.tif,val,snow,csd
train/155,../raw/snow/csd/Train/Snow/155.tif,../raw/snow/csd/Train/Gt/155.tif,train,snow,csd
train/1550,../raw/snow/csd/Train/Snow/1550.tif,../raw/snow/csd/Train/Gt/1550.tif,train,snow,csd
train/1551,../raw/snow/csd/Train/Snow/1551.tif,../raw/snow/csd/Train/Gt/1551.tif,train,snow,csd
train/1552,../raw/snow/csd/Train/Snow/1552.tif,../raw/snow/csd/Train/Gt/1552.tif,train,snow,csd
train/1553,../raw/snow/csd/Train/Snow/1553.tif,../raw/snow/csd/Train/Gt/1553.tif,train,snow,csd
train/1554,../raw/snow/csd/Train/Snow/1554.tif,../raw/snow/csd/Train/Gt/1554.tif,train,snow,csd
train/1555,../raw/snow/csd/Train/Snow/1555.tif,../raw/snow/csd/Train/Gt/1555.tif,train,snow,csd
train/1556,../raw/snow/csd/Train/Snow/1556.tif,../raw/snow/csd/Train/Gt/1556.tif,train,snow,csd
train/1557,../raw/snow/csd/Train/Snow/1557.tif,../raw/snow/csd/Train/Gt/1557.tif,train,snow,csd
train/1558,../raw/snow/csd/Train/Snow/1558.tif,../raw/snow/csd/Train/Gt/1558.tif,train,snow,csd
train/1559,../raw/snow/csd/Train/Snow/1559.tif,../raw/snow/csd/Train/Gt/1559.tif,train,snow,csd
train/156,../raw/snow/csd/Train/Snow/156.tif,../raw/snow/csd/Train/Gt/156.tif,train,snow,csd
train/1560,../raw/snow/csd/Train/Snow/1560.tif,../raw/snow/csd/Train/Gt/1560.tif,train,snow,csd
train/1561,../raw/snow/csd/Train/Snow/1561.tif,../raw/snow/csd/Train/Gt/1561.tif,train,snow,csd
train/1562,../raw/snow/csd/Train/Snow/1562.tif,../raw/snow/csd/Train/Gt/1562.tif,train,snow,csd
train/1563,../raw/snow/csd/Train/Snow/1563.tif,../raw/snow/csd/Train/Gt/1563.tif,train,snow,csd
train/1564,../raw/snow/csd/Train/Snow/1564.tif,../raw/snow/csd/Train/Gt/1564.tif,train,snow,csd
train/1565,../raw/snow/csd/Train/Snow/1565.tif,../raw/snow/csd/Train/Gt/1565.tif,train,snow,csd
train/1566,../raw/snow/csd/Train/Snow/1566.tif,../raw/snow/csd/Train/Gt/1566.tif,train,snow,csd
train/1567,../raw/snow/csd/Train/Snow/1567.tif,../raw/snow/csd/Train/Gt/1567.tif,train,snow,csd
train/1568,../raw/snow/csd/Train/Snow/1568.tif,../raw/snow/csd/Train/Gt/1568.tif,train,snow,csd
train/1569,../raw/snow/csd/Train/Snow/1569.tif,../raw/snow/csd/Train/Gt/1569.tif,train,snow,csd
train/157,../raw/snow/csd/Train/Snow/157.tif,../raw/snow/csd/Train/Gt/157.tif,train,snow,csd
train/1570,../raw/snow/csd/Train/Snow/1570.tif,../raw/snow/csd/Train/Gt/1570.tif,train,snow,csd
train/1571,../raw/snow/csd/Train/Snow/1571.tif,../raw/snow/csd/Train/Gt/1571.tif,train,snow,csd
train/1572,../raw/snow/csd/Train/Snow/1572.tif,../raw/snow/csd/Train/Gt/1572.tif,train,snow,csd
train/1573,../raw/snow/csd/Train/Snow/1573.tif,../raw/snow/csd/Train/Gt/1573.tif,train,snow,csd
train/1574,../raw/snow/csd/Train/Snow/1574.tif,../raw/snow/csd/Train/Gt/1574.tif,val,snow,csd
train/1575,../raw/snow/csd/Train/Snow/1575.tif,../raw/snow/csd/Train/Gt/1575.tif,train,snow,csd
train/1576,../raw/snow/csd/Train/Snow/1576.tif,../raw/snow/csd/Train/Gt/1576.tif,train,snow,csd
train/1577,../raw/snow/csd/Train/Snow/1577.tif,../raw/snow/csd/Train/Gt/1577.tif,train,snow,csd
train/1578,../raw/snow/csd/Train/Snow/1578.tif,../raw/snow/csd/Train/Gt/1578.tif,train,snow,csd
train/1579,../raw/snow/csd/Train/Snow/1579.tif,../raw/snow/csd/Train/Gt/1579.tif,train,snow,csd
train/158,../raw/snow/csd/Train/Snow/158.tif,../raw/snow/csd/Train/Gt/158.tif,train,snow,csd
train/1580,../raw/snow/csd/Train/Snow/1580.tif,../raw/snow/csd/Train/Gt/1580.tif,val,snow,csd
train/1581,../raw/snow/csd/Train/Snow/1581.tif,../raw/snow/csd/Train/Gt/1581.tif,train,snow,csd
train/1582,../raw/snow/csd/Train/Snow/1582.tif,../raw/snow/csd/Train/Gt/1582.tif,train,snow,csd
train/1583,../raw/snow/csd/Train/Snow/1583.tif,../raw/snow/csd/Train/Gt/1583.tif,train,snow,csd
train/1584,../raw/snow/csd/Train/Snow/1584.tif,../raw/snow/csd/Train/Gt/1584.tif,val,snow,csd
train/1585,../raw/snow/csd/Train/Snow/1585.tif,../raw/snow/csd/Train/Gt/1585.tif,train,snow,csd
train/1586,../raw/snow/csd/Train/Snow/1586.tif,../raw/snow/csd/Train/Gt/1586.tif,train,snow,csd
train/1587,../raw/snow/csd/Train/Snow/1587.tif,../raw/snow/csd/Train/Gt/1587.tif,train,snow,csd
train/1588,../raw/snow/csd/Train/Snow/1588.tif,../raw/snow/csd/Train/Gt/1588.tif,train,snow,csd
train/1589,../raw/snow/csd/Train/Snow/1589.tif,../raw/snow/csd/Train/Gt/1589.tif,train,snow,csd
train/159,../raw/snow/csd/Train/Snow/159.tif,../raw/snow/csd/Train/Gt/159.tif,train,snow,csd
train/1590,../raw/snow/csd/Train/Snow/1590.tif,../raw/snow/csd/Train/Gt/1590.tif,train,snow,csd
train/1591,../raw/snow/csd/Train/Snow/1591.tif,../raw/snow/csd/Train/Gt/1591.tif,train,snow,csd
train/1592,../raw/snow/csd/Train/Snow/1592.tif,../raw/snow/csd/Train/Gt/1592.tif,train,snow,csd
train/1593,../raw/snow/csd/Train/Snow/1593.tif,../raw/snow/csd/Train/Gt/1593.tif,train,snow,csd
train/1594,../raw/snow/csd/Train/Snow/1594.tif,../raw/snow/csd/Train/Gt/1594.tif,train,snow,csd
train/1595,../raw/snow/csd/Train/Snow/1595.tif,../raw/snow/csd/Train/Gt/1595.tif,train,snow,csd
train/1596,../raw/snow/csd/Train/Snow/1596.tif,../raw/snow/csd/Train/Gt/1596.tif,val,snow,csd
train/1597,../raw/snow/csd/Train/Snow/1597.tif,../raw/snow/csd/Train/Gt/1597.tif,train,snow,csd
train/1598,../raw/snow/csd/Train/Snow/1598.tif,../raw/snow/csd/Train/Gt/1598.tif,train,snow,csd
train/1599,../raw/snow/csd/Train/Snow/1599.tif,../raw/snow/csd/Train/Gt/1599.tif,train,snow,csd
train/16,../raw/snow/csd/Train/Snow/16.tif,../raw/snow/csd/Train/Gt/16.tif,train,snow,csd
train/160,../raw/snow/csd/Train/Snow/160.tif,../raw/snow/csd/Train/Gt/160.tif,train,snow,csd
train/1600,../raw/snow/csd/Train/Snow/1600.tif,../raw/snow/csd/Train/Gt/1600.tif,train,snow,csd
train/1601,../raw/snow/csd/Train/Snow/1601.tif,../raw/snow/csd/Train/Gt/1601.tif,train,snow,csd
train/1602,../raw/snow/csd/Train/Snow/1602.tif,../raw/snow/csd/Train/Gt/1602.tif,train,snow,csd
train/1603,../raw/snow/csd/Train/Snow/1603.tif,../raw/snow/csd/Train/Gt/1603.tif,train,snow,csd
train/1604,../raw/snow/csd/Train/Snow/1604.tif,../raw/snow/csd/Train/Gt/1604.tif,train,snow,csd
train/1605,../raw/snow/csd/Train/Snow/1605.tif,../raw/snow/csd/Train/Gt/1605.tif,train,snow,csd
train/1606,../raw/snow/csd/Train/Snow/1606.tif,../raw/snow/csd/Train/Gt/1606.tif,train,snow,csd
train/1607,../raw/snow/csd/Train/Snow/1607.tif,../raw/snow/csd/Train/Gt/1607.tif,train,snow,csd
train/1608,../raw/snow/csd/Train/Snow/1608.tif,../raw/snow/csd/Train/Gt/1608.tif,train,snow,csd
train/1609,../raw/snow/csd/Train/Snow/1609.tif,../raw/snow/csd/Train/Gt/1609.tif,val,snow,csd
train/161,../raw/snow/csd/Train/Snow/161.tif,../raw/snow/csd/Train/Gt/161.tif,train,snow,csd
train/1610,../raw/snow/csd/Train/Snow/1610.tif,../raw/snow/csd/Train/Gt/1610.tif,train,snow,csd
train/1611,../raw/snow/csd/Train/Snow/1611.tif,../raw/snow/csd/Train/Gt/1611.tif,train,snow,csd
train/1612,../raw/snow/csd/Train/Snow/1612.tif,../raw/snow/csd/Train/Gt/1612.tif,train,snow,csd
train/1613,../raw/snow/csd/Train/Snow/1613.tif,../raw/snow/csd/Train/Gt/1613.tif,val,snow,csd
train/1614,../raw/snow/csd/Train/Snow/1614.tif,../raw/snow/csd/Train/Gt/1614.tif,train,snow,csd
train/1615,../raw/snow/csd/Train/Snow/1615.tif,../raw/snow/csd/Train/Gt/1615.tif,train,snow,csd
train/1616,../raw/snow/csd/Train/Snow/1616.tif,../raw/snow/csd/Train/Gt/1616.tif,train,snow,csd
train/1617,../raw/snow/csd/Train/Snow/1617.tif,../raw/snow/csd/Train/Gt/1617.tif,val,snow,csd
train/1618,../raw/snow/csd/Train/Snow/1618.tif,../raw/snow/csd/Train/Gt/1618.tif,train,snow,csd
train/1619,../raw/snow/csd/Train/Snow/1619.tif,../raw/snow/csd/Train/Gt/1619.tif,train,snow,csd
train/162,../raw/snow/csd/Train/Snow/162.tif,../raw/snow/csd/Train/Gt/162.tif,train,snow,csd
train/1620,../raw/snow/csd/Train/Snow/1620.tif,../raw/snow/csd/Train/Gt/1620.tif,train,snow,csd
train/1621,../raw/snow/csd/Train/Snow/1621.tif,../raw/snow/csd/Train/Gt/1621.tif,train,snow,csd
train/1622,../raw/snow/csd/Train/Snow/1622.tif,../raw/snow/csd/Train/Gt/1622.tif,train,snow,csd
train/1623,../raw/snow/csd/Train/Snow/1623.tif,../raw/snow/csd/Train/Gt/1623.tif,train,snow,csd
train/1624,../raw/snow/csd/Train/Snow/1624.tif,../raw/snow/csd/Train/Gt/1624.tif,val,snow,csd
train/1625,../raw/snow/csd/Train/Snow/1625.tif,../raw/snow/csd/Train/Gt/1625.tif,train,snow,csd
train/1626,../raw/snow/csd/Train/Snow/1626.tif,../raw/snow/csd/Train/Gt/1626.tif,val,snow,csd
train/1627,../raw/snow/csd/Train/Snow/1627.tif,../raw/snow/csd/Train/Gt/1627.tif,train,snow,csd
train/1628,../raw/snow/csd/Train/Snow/1628.tif,../raw/snow/csd/Train/Gt/1628.tif,train,snow,csd
train/1629,../raw/snow/csd/Train/Snow/1629.tif,../raw/snow/csd/Train/Gt/1629.tif,train,snow,csd
train/163,../raw/snow/csd/Train/Snow/163.tif,../raw/snow/csd/Train/Gt/163.tif,train,snow,csd
train/1630,../raw/snow/csd/Train/Snow/1630.tif,../raw/snow/csd/Train/Gt/1630.tif,val,snow,csd
train/1631,../raw/snow/csd/Train/Snow/1631.tif,../raw/snow/csd/Train/Gt/1631.tif,train,snow,csd
train/1632,../raw/snow/csd/Train/Snow/1632.tif,../raw/snow/csd/Train/Gt/1632.tif,train,snow,csd
train/1633,../raw/snow/csd/Train/Snow/1633.tif,../raw/snow/csd/Train/Gt/1633.tif,train,snow,csd
train/1634,../raw/snow/csd/Train/Snow/1634.tif,../raw/snow/csd/Train/Gt/1634.tif,train,snow,csd
train/1635,../raw/snow/csd/Train/Snow/1635.tif,../raw/snow/csd/Train/Gt/1635.tif,train,snow,csd
train/1636,../raw/snow/csd/Train/Snow/1636.tif,../raw/snow/csd/Train/Gt/1636.tif,train,snow,csd
train/1637,../raw/snow/csd/Train/Snow/1637.tif,../raw/snow/csd/Train/Gt/1637.tif,train,snow,csd
train/1638,../raw/snow/csd/Train/Snow/1638.tif,../raw/snow/csd/Train/Gt/1638.tif,train,snow,csd
train/1639,../raw/snow/csd/Train/Snow/1639.tif,../raw/snow/csd/Train/Gt/1639.tif,train,snow,csd
train/164,../raw/snow/csd/Train/Snow/164.tif,../raw/snow/csd/Train/Gt/164.tif,train,snow,csd
train/1640,../raw/snow/csd/Train/Snow/1640.tif,../raw/snow/csd/Train/Gt/1640.tif,train,snow,csd
train/1641,../raw/snow/csd/Train/Snow/1641.tif,../raw/snow/csd/Train/Gt/1641.tif,train,snow,csd
train/1642,../raw/snow/csd/Train/Snow/1642.tif,../raw/snow/csd/Train/Gt/1642.tif,train,snow,csd
train/1643,../raw/snow/csd/Train/Snow/1643.tif,../raw/snow/csd/Train/Gt/1643.tif,train,snow,csd
train/1644,../raw/snow/csd/Train/Snow/1644.tif,../raw/snow/csd/Train/Gt/1644.tif,train,snow,csd
train/1645,../raw/snow/csd/Train/Snow/1645.tif,../raw/snow/csd/Train/Gt/1645.tif,train,snow,csd
train/1646,../raw/snow/csd/Train/Snow/1646.tif,../raw/snow/csd/Train/Gt/1646.tif,train,snow,csd
train/1647,../raw/snow/csd/Train/Snow/1647.tif,../raw/snow/csd/Train/Gt/1647.tif,train,snow,csd
train/1648,../raw/snow/csd/Train/Snow/1648.tif,../raw/snow/csd/Train/Gt/1648.tif,train,snow,csd
train/1649,../raw/snow/csd/Train/Snow/1649.tif,../raw/snow/csd/Train/Gt/1649.tif,train,snow,csd
train/165,../raw/snow/csd/Train/Snow/165.tif,../raw/snow/csd/Train/Gt/165.tif,train,snow,csd
train/1650,../raw/snow/csd/Train/Snow/1650.tif,../raw/snow/csd/Train/Gt/1650.tif,train,snow,csd
train/1651,../raw/snow/csd/Train/Snow/1651.tif,../raw/snow/csd/Train/Gt/1651.tif,train,snow,csd
train/1652,../raw/snow/csd/Train/Snow/1652.tif,../raw/snow/csd/Train/Gt/1652.tif,train,snow,csd
train/1653,../raw/snow/csd/Train/Snow/1653.tif,../raw/snow/csd/Train/Gt/1653.tif,train,snow,csd
train/1654,../raw/snow/csd/Train/Snow/1654.tif,../raw/snow/csd/Train/Gt/1654.tif,val,snow,csd
train/1655,../raw/snow/csd/Train/Snow/1655.tif,../raw/snow/csd/Train/Gt/1655.tif,train,snow,csd
train/1656,../raw/snow/csd/Train/Snow/1656.tif,../raw/snow/csd/Train/Gt/1656.tif,train,snow,csd
train/1657,../raw/snow/csd/Train/Snow/1657.tif,../raw/snow/csd/Train/Gt/1657.tif,train,snow,csd
train/1658,../raw/snow/csd/Train/Snow/1658.tif,../raw/snow/csd/Train/Gt/1658.tif,train,snow,csd
train/1659,../raw/snow/csd/Train/Snow/1659.tif,../raw/snow/csd/Train/Gt/1659.tif,train,snow,csd
train/166,../raw/snow/csd/Train/Snow/166.tif,../raw/snow/csd/Train/Gt/166.tif,train,snow,csd
train/1660,../raw/snow/csd/Train/Snow/1660.tif,../raw/snow/csd/Train/Gt/1660.tif,train,snow,csd
train/1661,../raw/snow/csd/Train/Snow/1661.tif,../raw/snow/csd/Train/Gt/1661.tif,train,snow,csd
train/1662,../raw/snow/csd/Train/Snow/1662.tif,../raw/snow/csd/Train/Gt/1662.tif,train,snow,csd
train/1663,../raw/snow/csd/Train/Snow/1663.tif,../raw/snow/csd/Train/Gt/1663.tif,train,snow,csd
train/1664,../raw/snow/csd/Train/Snow/1664.tif,../raw/snow/csd/Train/Gt/1664.tif,train,snow,csd
train/1665,../raw/snow/csd/Train/Snow/1665.tif,../raw/snow/csd/Train/Gt/1665.tif,train,snow,csd
train/1666,../raw/snow/csd/Train/Snow/1666.tif,../raw/snow/csd/Train/Gt/1666.tif,val,snow,csd
train/1667,../raw/snow/csd/Train/Snow/1667.tif,../raw/snow/csd/Train/Gt/1667.tif,train,snow,csd
train/1668,../raw/snow/csd/Train/Snow/1668.tif,../raw/snow/csd/Train/Gt/1668.tif,train,snow,csd
train/1669,../raw/snow/csd/Train/Snow/1669.tif,../raw/snow/csd/Train/Gt/1669.tif,train,snow,csd
train/167,../raw/snow/csd/Train/Snow/167.tif,../raw/snow/csd/Train/Gt/167.tif,train,snow,csd
train/1670,../raw/snow/csd/Train/Snow/1670.tif,../raw/snow/csd/Train/Gt/1670.tif,train,snow,csd
train/1671,../raw/snow/csd/Train/Snow/1671.tif,../raw/snow/csd/Train/Gt/1671.tif,train,snow,csd
train/1672,../raw/snow/csd/Train/Snow/1672.tif,../raw/snow/csd/Train/Gt/1672.tif,train,snow,csd
train/1673,../raw/snow/csd/Train/Snow/1673.tif,../raw/snow/csd/Train/Gt/1673.tif,train,snow,csd
train/1674,../raw/snow/csd/Train/Snow/1674.tif,../raw/snow/csd/Train/Gt/1674.tif,train,snow,csd
train/1675,../raw/snow/csd/Train/Snow/1675.tif,../raw/snow/csd/Train/Gt/1675.tif,train,snow,csd
train/1676,../raw/snow/csd/Train/Snow/1676.tif,../raw/snow/csd/Train/Gt/1676.tif,train,snow,csd
train/1677,../raw/snow/csd/Train/Snow/1677.tif,../raw/snow/csd/Train/Gt/1677.tif,train,snow,csd
train/1678,../raw/snow/csd/Train/Snow/1678.tif,../raw/snow/csd/Train/Gt/1678.tif,train,snow,csd
train/1679,../raw/snow/csd/Train/Snow/1679.tif,../raw/snow/csd/Train/Gt/1679.tif,train,snow,csd
train/168,../raw/snow/csd/Train/Snow/168.tif,../raw/snow/csd/Train/Gt/168.tif,train,snow,csd
train/1680,../raw/snow/csd/Train/Snow/1680.tif,../raw/snow/csd/Train/Gt/1680.tif,train,snow,csd
train/1681,../raw/snow/csd/Train/Snow/1681.tif,../raw/snow/csd/Train/Gt/1681.tif,train,snow,csd
train/1682,../raw/snow/csd/Train/Snow/1682.tif,../raw/snow/csd/Train/Gt/1682.tif,train,snow,csd
train/1683,../raw/snow/csd/Train/Snow/1683.tif,../raw/snow/csd/Train/Gt/1683.tif,train,snow,csd
train/1684,../raw/snow/csd/Train/Snow/1684.tif,../raw/snow/csd/Train/Gt/1684.tif,train,snow,csd
train/1685,../raw/snow/csd/Train/Snow/1685.tif,../raw/snow/csd/Train/Gt/1685.tif,train,snow,csd
train/1686,../raw/snow/csd/Train/Snow/1686.tif,../raw/snow/csd/Train/Gt/1686.tif,train,snow,csd
train/1687,../raw/snow/csd/Train/Snow/1687.tif,../raw/snow/csd/Train/Gt/1687.tif,train,snow,csd
train/1688,../raw/snow/csd/Train/Snow/1688.tif,../raw/snow/csd/Train/Gt/1688.tif,train,snow,csd
train/1689,../raw/snow/csd/Train/Snow/1689.tif,../raw/snow/csd/Train/Gt/1689.tif,train,snow,csd
train/169,../raw/snow/csd/Train/Snow/169.tif,../raw/snow/csd/Train/Gt/169.tif,train,snow,csd
train/1690,../raw/snow/csd/Train/Snow/1690.tif,../raw/snow/csd/Train/Gt/1690.tif,train,snow,csd
train/1691,../raw/snow/csd/Train/Snow/1691.tif,../raw/snow/csd/Train/Gt/1691.tif,train,snow,csd
train/1692,../raw/snow/csd/Train/Snow/1692.tif,../raw/snow/csd/Train/Gt/1692.tif,train,snow,csd
train/1693,../raw/snow/csd/Train/Snow/1693.tif,../raw/snow/csd/Train/Gt/1693.tif,train,snow,csd
train/1694,../raw/snow/csd/Train/Snow/1694.tif,../raw/snow/csd/Train/Gt/1694.tif,train,snow,csd
train/1695,../raw/snow/csd/Train/Snow/1695.tif,../raw/snow/csd/Train/Gt/1695.tif,train,snow,csd
train/1696,../raw/snow/csd/Train/Snow/1696.tif,../raw/snow/csd/Train/Gt/1696.tif,train,snow,csd
train/1697,../raw/snow/csd/Train/Snow/1697.tif,../raw/snow/csd/Train/Gt/1697.tif,val,snow,csd
train/1698,../raw/snow/csd/Train/Snow/1698.tif,../raw/snow/csd/Train/Gt/1698.tif,train,snow,csd
train/1699,../raw/snow/csd/Train/Snow/1699.tif,../raw/snow/csd/Train/Gt/1699.tif,val,snow,csd
train/17,../raw/snow/csd/Train/Snow/17.tif,../raw/snow/csd/Train/Gt/17.tif,val,snow,csd
train/170,../raw/snow/csd/Train/Snow/170.tif,../raw/snow/csd/Train/Gt/170.tif,val,snow,csd
train/1700,../raw/snow/csd/Train/Snow/1700.tif,../raw/snow/csd/Train/Gt/1700.tif,train,snow,csd
train/1701,../raw/snow/csd/Train/Snow/1701.tif,../raw/snow/csd/Train/Gt/1701.tif,train,snow,csd
train/1702,../raw/snow/csd/Train/Snow/1702.tif,../raw/snow/csd/Train/Gt/1702.tif,train,snow,csd
train/1703,../raw/snow/csd/Train/Snow/1703.tif,../raw/snow/csd/Train/Gt/1703.tif,train,snow,csd
train/1704,../raw/snow/csd/Train/Snow/1704.tif,../raw/snow/csd/Train/Gt/1704.tif,train,snow,csd
train/1705,../raw/snow/csd/Train/Snow/1705.tif,../raw/snow/csd/Train/Gt/1705.tif,train,snow,csd
train/1706,../raw/snow/csd/Train/Snow/1706.tif,../raw/snow/csd/Train/Gt/1706.tif,val,snow,csd
train/1707,../raw/snow/csd/Train/Snow/1707.tif,../raw/snow/csd/Train/Gt/1707.tif,train,snow,csd
train/1708,../raw/snow/csd/Train/Snow/1708.tif,../raw/snow/csd/Train/Gt/1708.tif,train,snow,csd
train/1709,../raw/snow/csd/Train/Snow/1709.tif,../raw/snow/csd/Train/Gt/1709.tif,train,snow,csd
train/171,../raw/snow/csd/Train/Snow/171.tif,../raw/snow/csd/Train/Gt/171.tif,train,snow,csd
train/1710,../raw/snow/csd/Train/Snow/1710.tif,../raw/snow/csd/Train/Gt/1710.tif,train,snow,csd
train/1711,../raw/snow/csd/Train/Snow/1711.tif,../raw/snow/csd/Train/Gt/1711.tif,train,snow,csd
train/1712,../raw/snow/csd/Train/Snow/1712.tif,../raw/snow/csd/Train/Gt/1712.tif,train,snow,csd
train/1713,../raw/snow/csd/Train/Snow/1713.tif,../raw/snow/csd/Train/Gt/1713.tif,val,snow,csd
train/1714,../raw/snow/csd/Train/Snow/1714.tif,../raw/snow/csd/Train/Gt/1714.tif,train,snow,csd
train/1715,../raw/snow/csd/Train/Snow/1715.tif,../raw/snow/csd/Train/Gt/1715.tif,train,snow,csd
train/1716,../raw/snow/csd/Train/Snow/1716.tif,../raw/snow/csd/Train/Gt/1716.tif,train,snow,csd
train/1717,../raw/snow/csd/Train/Snow/1717.tif,../raw/snow/csd/Train/Gt/1717.tif,train,snow,csd
train/1718,../raw/snow/csd/Train/Snow/1718.tif,../raw/snow/csd/Train/Gt/1718.tif,train,snow,csd
train/1719,../raw/snow/csd/Train/Snow/1719.tif,../raw/snow/csd/Train/Gt/1719.tif,train,snow,csd
train/172,../raw/snow/csd/Train/Snow/172.tif,../raw/snow/csd/Train/Gt/172.tif,train,snow,csd
train/1720,../raw/snow/csd/Train/Snow/1720.tif,../raw/snow/csd/Train/Gt/1720.tif,train,snow,csd
train/1721,../raw/snow/csd/Train/Snow/1721.tif,../raw/snow/csd/Train/Gt/1721.tif,train,snow,csd
train/1722,../raw/snow/csd/Train/Snow/1722.tif,../raw/snow/csd/Train/Gt/1722.tif,train,snow,csd
train/1723,../raw/snow/csd/Train/Snow/1723.tif,../raw/snow/csd/Train/Gt/1723.tif,val,snow,csd
train/1724,../raw/snow/csd/Train/Snow/1724.tif,../raw/snow/csd/Train/Gt/1724.tif,train,snow,csd
train/1725,../raw/snow/csd/Train/Snow/1725.tif,../raw/snow/csd/Train/Gt/1725.tif,train,snow,csd
train/1726,../raw/snow/csd/Train/Snow/1726.tif,../raw/snow/csd/Train/Gt/1726.tif,train,snow,csd
train/1727,../raw/snow/csd/Train/Snow/1727.tif,../raw/snow/csd/Train/Gt/1727.tif,train,snow,csd
train/1728,../raw/snow/csd/Train/Snow/1728.tif,../raw/snow/csd/Train/Gt/1728.tif,train,snow,csd
train/1729,../raw/snow/csd/Train/Snow/1729.tif,../raw/snow/csd/Train/Gt/1729.tif,train,snow,csd
train/173,../raw/snow/csd/Train/Snow/173.tif,../raw/snow/csd/Train/Gt/173.tif,train,snow,csd
train/1730,../raw/snow/csd/Train/Snow/1730.tif,../raw/snow/csd/Train/Gt/1730.tif,train,snow,csd
train/1731,../raw/snow/csd/Train/Snow/1731.tif,../raw/snow/csd/Train/Gt/1731.tif,train,snow,csd
train/1732,../raw/snow/csd/Train/Snow/1732.tif,../raw/snow/csd/Train/Gt/1732.tif,train,snow,csd
train/1733,../raw/snow/csd/Train/Snow/1733.tif,../raw/snow/csd/Train/Gt/1733.tif,train,snow,csd
train/1734,../raw/snow/csd/Train/Snow/1734.tif,../raw/snow/csd/Train/Gt/1734.tif,train,snow,csd
train/1735,../raw/snow/csd/Train/Snow/1735.tif,../raw/snow/csd/Train/Gt/1735.tif,train,snow,csd
train/1736,../raw/snow/csd/Train/Snow/1736.tif,../raw/snow/csd/Train/Gt/1736.tif,train,snow,csd
train/1737,../raw/snow/csd/Train/Snow/1737.tif,../raw/snow/csd/Train/Gt/1737.tif,val,snow,csd
train/1738,../raw/snow/csd/Train/Snow/1738.tif,../raw/snow/csd/Train/Gt/1738.tif,train,snow,csd
train/1739,../raw/snow/csd/Train/Snow/1739.tif,../raw/snow/csd/Train/Gt/1739.tif,train,snow,csd
train/174,../raw/snow/csd/Train/Snow/174.tif,../raw/snow/csd/Train/Gt/174.tif,train,snow,csd
train/1740,../raw/snow/csd/Train/Snow/1740.tif,../raw/snow/csd/Train/Gt/1740.tif,train,snow,csd
train/1741,../raw/snow/csd/Train/Snow/1741.tif,../raw/snow/csd/Train/Gt/1741.tif,train,snow,csd
train/1742,../raw/snow/csd/Train/Snow/1742.tif,../raw/snow/csd/Train/Gt/1742.tif,train,snow,csd
train/1743,../raw/snow/csd/Train/Snow/1743.tif,../raw/snow/csd/Train/Gt/1743.tif,train,snow,csd
train/1744,../raw/snow/csd/Train/Snow/1744.tif,../raw/snow/csd/Train/Gt/1744.tif,train,snow,csd
train/1745,../raw/snow/csd/Train/Snow/1745.tif,../raw/snow/csd/Train/Gt/1745.tif,train,snow,csd
train/1746,../raw/snow/csd/Train/Snow/1746.tif,../raw/snow/csd/Train/Gt/1746.tif,train,snow,csd
train/1747,../raw/snow/csd/Train/Snow/1747.tif,../raw/snow/csd/Train/Gt/1747.tif,train,snow,csd
train/1748,../raw/snow/csd/Train/Snow/1748.tif,../raw/snow/csd/Train/Gt/1748.tif,train,snow,csd
train/1749,../raw/snow/csd/Train/Snow/1749.tif,../raw/snow/csd/Train/Gt/1749.tif,train,snow,csd
train/175,../raw/snow/csd/Train/Snow/175.tif,../raw/snow/csd/Train/Gt/175.tif,train,snow,csd
train/1750,../raw/snow/csd/Train/Snow/1750.tif,../raw/snow/csd/Train/Gt/1750.tif,train,snow,csd
train/1751,../raw/snow/csd/Train/Snow/1751.tif,../raw/snow/csd/Train/Gt/1751.tif,train,snow,csd
train/1752,../raw/snow/csd/Train/Snow/1752.tif,../raw/snow/csd/Train/Gt/1752.tif,train,snow,csd
train/1753,../raw/snow/csd/Train/Snow/1753.tif,../raw/snow/csd/Train/Gt/1753.tif,train,snow,csd
train/1754,../raw/snow/csd/Train/Snow/1754.tif,../raw/snow/csd/Train/Gt/1754.tif,train,snow,csd
train/1755,../raw/snow/csd/Train/Snow/1755.tif,../raw/snow/csd/Train/Gt/1755.tif,train,snow,csd
train/1756,../raw/snow/csd/Train/Snow/1756.tif,../raw/snow/csd/Train/Gt/1756.tif,train,snow,csd
train/1757,../raw/snow/csd/Train/Snow/1757.tif,../raw/snow/csd/Train/Gt/1757.tif,train,snow,csd
train/1758,../raw/snow/csd/Train/Snow/1758.tif,../raw/snow/csd/Train/Gt/1758.tif,train,snow,csd
train/1759,../raw/snow/csd/Train/Snow/1759.tif,../raw/snow/csd/Train/Gt/1759.tif,val,snow,csd
train/176,../raw/snow/csd/Train/Snow/176.tif,../raw/snow/csd/Train/Gt/176.tif,train,snow,csd
train/1760,../raw/snow/csd/Train/Snow/1760.tif,../raw/snow/csd/Train/Gt/1760.tif,train,snow,csd
train/1761,../raw/snow/csd/Train/Snow/1761.tif,../raw/snow/csd/Train/Gt/1761.tif,train,snow,csd
train/1762,../raw/snow/csd/Train/Snow/1762.tif,../raw/snow/csd/Train/Gt/1762.tif,train,snow,csd
train/1763,../raw/snow/csd/Train/Snow/1763.tif,../raw/snow/csd/Train/Gt/1763.tif,val,snow,csd
train/1764,../raw/snow/csd/Train/Snow/1764.tif,../raw/snow/csd/Train/Gt/1764.tif,train,snow,csd
train/1765,../raw/snow/csd/Train/Snow/1765.tif,../raw/snow/csd/Train/Gt/1765.tif,train,snow,csd
train/1766,../raw/snow/csd/Train/Snow/1766.tif,../raw/snow/csd/Train/Gt/1766.tif,val,snow,csd
train/1767,../raw/snow/csd/Train/Snow/1767.tif,../raw/snow/csd/Train/Gt/1767.tif,train,snow,csd
train/1768,../raw/snow/csd/Train/Snow/1768.tif,../raw/snow/csd/Train/Gt/1768.tif,train,snow,csd
train/1769,../raw/snow/csd/Train/Snow/1769.tif,../raw/snow/csd/Train/Gt/1769.tif,train,snow,csd
train/177,../raw/snow/csd/Train/Snow/177.tif,../raw/snow/csd/Train/Gt/177.tif,train,snow,csd
train/1770,../raw/snow/csd/Train/Snow/1770.tif,../raw/snow/csd/Train/Gt/1770.tif,train,snow,csd
train/1771,../raw/snow/csd/Train/Snow/1771.tif,../raw/snow/csd/Train/Gt/1771.tif,train,snow,csd
train/1772,../raw/snow/csd/Train/Snow/1772.tif,../raw/snow/csd/Train/Gt/1772.tif,train,snow,csd
train/1773,../raw/snow/csd/Train/Snow/1773.tif,../raw/snow/csd/Train/Gt/1773.tif,train,snow,csd
train/1774,../raw/snow/csd/Train/Snow/1774.tif,../raw/snow/csd/Train/Gt/1774.tif,train,snow,csd
train/1775,../raw/snow/csd/Train/Snow/1775.tif,../raw/snow/csd/Train/Gt/1775.tif,train,snow,csd
train/1776,../raw/snow/csd/Train/Snow/1776.tif,../raw/snow/csd/Train/Gt/1776.tif,train,snow,csd
train/1777,../raw/snow/csd/Train/Snow/1777.tif,../raw/snow/csd/Train/Gt/1777.tif,train,snow,csd
train/1778,../raw/snow/csd/Train/Snow/1778.tif,../raw/snow/csd/Train/Gt/1778.tif,train,snow,csd
train/1779,../raw/snow/csd/Train/Snow/1779.tif,../raw/snow/csd/Train/Gt/1779.tif,train,snow,csd
train/178,../raw/snow/csd/Train/Snow/178.tif,../raw/snow/csd/Train/Gt/178.tif,train,snow,csd
train/1780,../raw/snow/csd/Train/Snow/1780.tif,../raw/snow/csd/Train/Gt/1780.tif,train,snow,csd
train/1781,../raw/snow/csd/Train/Snow/1781.tif,../raw/snow/csd/Train/Gt/1781.tif,train,snow,csd
train/1782,../raw/snow/csd/Train/Snow/1782.tif,../raw/snow/csd/Train/Gt/1782.tif,train,snow,csd
train/1783,../raw/snow/csd/Train/Snow/1783.tif,../raw/snow/csd/Train/Gt/1783.tif,train,snow,csd
train/1784,../raw/snow/csd/Train/Snow/1784.tif,../raw/snow/csd/Train/Gt/1784.tif,train,snow,csd
train/1785,../raw/snow/csd/Train/Snow/1785.tif,../raw/snow/csd/Train/Gt/1785.tif,train,snow,csd
train/1786,../raw/snow/csd/Train/Snow/1786.tif,../raw/snow/csd/Train/Gt/1786.tif,train,snow,csd
train/1787,../raw/snow/csd/Train/Snow/1787.tif,../raw/snow/csd/Train/Gt/1787.tif,train,snow,csd
train/1788,../raw/snow/csd/Train/Snow/1788.tif,../raw/snow/csd/Train/Gt/1788.tif,train,snow,csd
train/1789,../raw/snow/csd/Train/Snow/1789.tif,../raw/snow/csd/Train/Gt/1789.tif,train,snow,csd
train/179,../raw/snow/csd/Train/Snow/179.tif,../raw/snow/csd/Train/Gt/179.tif,train,snow,csd
train/1790,../raw/snow/csd/Train/Snow/1790.tif,../raw/snow/csd/Train/Gt/1790.tif,train,snow,csd
train/1791,../raw/snow/csd/Train/Snow/1791.tif,../raw/snow/csd/Train/Gt/1791.tif,train,snow,csd
train/1792,../raw/snow/csd/Train/Snow/1792.tif,../raw/snow/csd/Train/Gt/1792.tif,train,snow,csd
train/1793,../raw/snow/csd/Train/Snow/1793.tif,../raw/snow/csd/Train/Gt/1793.tif,train,snow,csd
train/1794,../raw/snow/csd/Train/Snow/1794.tif,../raw/snow/csd/Train/Gt/1794.tif,train,snow,csd
train/1795,../raw/snow/csd/Train/Snow/1795.tif,../raw/snow/csd/Train/Gt/1795.tif,train,snow,csd
train/1796,../raw/snow/csd/Train/Snow/1796.tif,../raw/snow/csd/Train/Gt/1796.tif,train,snow,csd
train/1797,../raw/snow/csd/Train/Snow/1797.tif,../raw/snow/csd/Train/Gt/1797.tif,train,snow,csd
train/1798,../raw/snow/csd/Train/Snow/1798.tif,../raw/snow/csd/Train/Gt/1798.tif,train,snow,csd
train/1799,../raw/snow/csd/Train/Snow/1799.tif,../raw/snow/csd/Train/Gt/1799.tif,train,snow,csd
train/18,../raw/snow/csd/Train/Snow/18.tif,../raw/snow/csd/Train/Gt/18.tif,train,snow,csd
train/180,../raw/snow/csd/Train/Snow/180.tif,../raw/snow/csd/Train/Gt/180.tif,train,snow,csd
train/1800,../raw/snow/csd/Train/Snow/1800.tif,../raw/snow/csd/Train/Gt/1800.tif,train,snow,csd
train/1801,../raw/snow/csd/Train/Snow/1801.tif,../raw/snow/csd/Train/Gt/1801.tif,train,snow,csd
train/1802,../raw/snow/csd/Train/Snow/1802.tif,../raw/snow/csd/Train/Gt/1802.tif,train,snow,csd
train/1803,../raw/snow/csd/Train/Snow/1803.tif,../raw/snow/csd/Train/Gt/1803.tif,train,snow,csd
train/1804,../raw/snow/csd/Train/Snow/1804.tif,../raw/snow/csd/Train/Gt/1804.tif,train,snow,csd
train/1805,../raw/snow/csd/Train/Snow/1805.tif,../raw/snow/csd/Train/Gt/1805.tif,train,snow,csd
train/1806,../raw/snow/csd/Train/Snow/1806.tif,../raw/snow/csd/Train/Gt/1806.tif,train,snow,csd
train/1807,../raw/snow/csd/Train/Snow/1807.tif,../raw/snow/csd/Train/Gt/1807.tif,train,snow,csd
train/1808,../raw/snow/csd/Train/Snow/1808.tif,../raw/snow/csd/Train/Gt/1808.tif,train,snow,csd
train/1809,../raw/snow/csd/Train/Snow/1809.tif,../raw/snow/csd/Train/Gt/1809.tif,train,snow,csd
train/181,../raw/snow/csd/Train/Snow/181.tif,../raw/snow/csd/Train/Gt/181.tif,train,snow,csd
train/1810,../raw/snow/csd/Train/Snow/1810.tif,../raw/snow/csd/Train/Gt/1810.tif,train,snow,csd
train/1811,../raw/snow/csd/Train/Snow/1811.tif,../raw/snow/csd/Train/Gt/1811.tif,val,snow,csd
train/1812,../raw/snow/csd/Train/Snow/1812.tif,../raw/snow/csd/Train/Gt/1812.tif,train,snow,csd
train/1813,../raw/snow/csd/Train/Snow/1813.tif,../raw/snow/csd/Train/Gt/1813.tif,val,snow,csd
train/1814,../raw/snow/csd/Train/Snow/1814.tif,../raw/snow/csd/Train/Gt/1814.tif,train,snow,csd
train/1815,../raw/snow/csd/Train/Snow/1815.tif,../raw/snow/csd/Train/Gt/1815.tif,train,snow,csd
train/1816,../raw/snow/csd/Train/Snow/1816.tif,../raw/snow/csd/Train/Gt/1816.tif,train,snow,csd
train/1817,../raw/snow/csd/Train/Snow/1817.tif,../raw/snow/csd/Train/Gt/1817.tif,train,snow,csd
train/1818,../raw/snow/csd/Train/Snow/1818.tif,../raw/snow/csd/Train/Gt/1818.tif,train,snow,csd
train/1819,../raw/snow/csd/Train/Snow/1819.tif,../raw/snow/csd/Train/Gt/1819.tif,train,snow,csd
train/182,../raw/snow/csd/Train/Snow/182.tif,../raw/snow/csd/Train/Gt/182.tif,train,snow,csd
train/1820,../raw/snow/csd/Train/Snow/1820.tif,../raw/snow/csd/Train/Gt/1820.tif,train,snow,csd
train/1821,../raw/snow/csd/Train/Snow/1821.tif,../raw/snow/csd/Train/Gt/1821.tif,train,snow,csd
train/1822,../raw/snow/csd/Train/Snow/1822.tif,../raw/snow/csd/Train/Gt/1822.tif,train,snow,csd
train/1823,../raw/snow/csd/Train/Snow/1823.tif,../raw/snow/csd/Train/Gt/1823.tif,train,snow,csd
train/1824,../raw/snow/csd/Train/Snow/1824.tif,../raw/snow/csd/Train/Gt/1824.tif,train,snow,csd
train/1825,../raw/snow/csd/Train/Snow/1825.tif,../raw/snow/csd/Train/Gt/1825.tif,train,snow,csd
train/1826,../raw/snow/csd/Train/Snow/1826.tif,../raw/snow/csd/Train/Gt/1826.tif,train,snow,csd
train/1827,../raw/snow/csd/Train/Snow/1827.tif,../raw/snow/csd/Train/Gt/1827.tif,val,snow,csd
train/1828,../raw/snow/csd/Train/Snow/1828.tif,../raw/snow/csd/Train/Gt/1828.tif,val,snow,csd
train/1829,../raw/snow/csd/Train/Snow/1829.tif,../raw/snow/csd/Train/Gt/1829.tif,train,snow,csd
train/183,../raw/snow/csd/Train/Snow/183.tif,../raw/snow/csd/Train/Gt/183.tif,train,snow,csd
train/1830,../raw/snow/csd/Train/Snow/1830.tif,../raw/snow/csd/Train/Gt/1830.tif,val,snow,csd
train/1831,../raw/snow/csd/Train/Snow/1831.tif,../raw/snow/csd/Train/Gt/1831.tif,train,snow,csd
train/1832,../raw/snow/csd/Train/Snow/1832.tif,../raw/snow/csd/Train/Gt/1832.tif,train,snow,csd
train/1833,../raw/snow/csd/Train/Snow/1833.tif,../raw/snow/csd/Train/Gt/1833.tif,val,snow,csd
train/1834,../raw/snow/csd/Train/Snow/1834.tif,../raw/snow/csd/Train/Gt/1834.tif,train,snow,csd
train/1835,../raw/snow/csd/Train/Snow/1835.tif,../raw/snow/csd/Train/Gt/1835.tif,train,snow,csd
train/1836,../raw/snow/csd/Train/Snow/1836.tif,../raw/snow/csd/Train/Gt/1836.tif,train,snow,csd
train/1837,../raw/snow/csd/Train/Snow/1837.tif,../raw/snow/csd/Train/Gt/1837.tif,train,snow,csd
train/1838,../raw/snow/csd/Train/Snow/1838.tif,../raw/snow/csd/Train/Gt/1838.tif,train,snow,csd
train/1839,../raw/snow/csd/Train/Snow/1839.tif,../raw/snow/csd/Train/Gt/1839.tif,train,snow,csd
train/184,../raw/snow/csd/Train/Snow/184.tif,../raw/snow/csd/Train/Gt/184.tif,train,snow,csd
train/1840,../raw/snow/csd/Train/Snow/1840.tif,../raw/snow/csd/Train/Gt/1840.tif,train,snow,csd
train/1841,../raw/snow/csd/Train/Snow/1841.tif,../raw/snow/csd/Train/Gt/1841.tif,train,snow,csd
train/1842,../raw/snow/csd/Train/Snow/1842.tif,../raw/snow/csd/Train/Gt/1842.tif,train,snow,csd
train/1843,../raw/snow/csd/Train/Snow/1843.tif,../raw/snow/csd/Train/Gt/1843.tif,train,snow,csd
train/1844,../raw/snow/csd/Train/Snow/1844.tif,../raw/snow/csd/Train/Gt/1844.tif,train,snow,csd
train/1845,../raw/snow/csd/Train/Snow/1845.tif,../raw/snow/csd/Train/Gt/1845.tif,val,snow,csd
train/1846,../raw/snow/csd/Train/Snow/1846.tif,../raw/snow/csd/Train/Gt/1846.tif,train,snow,csd
train/1847,../raw/snow/csd/Train/Snow/1847.tif,../raw/snow/csd/Train/Gt/1847.tif,train,snow,csd
train/1848,../raw/snow/csd/Train/Snow/1848.tif,../raw/snow/csd/Train/Gt/1848.tif,train,snow,csd
train/1849,../raw/snow/csd/Train/Snow/1849.tif,../raw/snow/csd/Train/Gt/1849.tif,train,snow,csd
train/185,../raw/snow/csd/Train/Snow/185.tif,../raw/snow/csd/Train/Gt/185.tif,train,snow,csd
train/1850,../raw/snow/csd/Train/Snow/1850.tif,../raw/snow/csd/Train/Gt/1850.tif,train,snow,csd
train/1851,../raw/snow/csd/Train/Snow/1851.tif,../raw/snow/csd/Train/Gt/1851.tif,train,snow,csd
train/1852,../raw/snow/csd/Train/Snow/1852.tif,../raw/snow/csd/Train/Gt/1852.tif,train,snow,csd
train/1853,../raw/snow/csd/Train/Snow/1853.tif,../raw/snow/csd/Train/Gt/1853.tif,train,snow,csd
train/1854,../raw/snow/csd/Train/Snow/1854.tif,../raw/snow/csd/Train/Gt/1854.tif,train,snow,csd
train/1855,../raw/snow/csd/Train/Snow/1855.tif,../raw/snow/csd/Train/Gt/1855.tif,train,snow,csd
train/1856,../raw/snow/csd/Train/Snow/1856.tif,../raw/snow/csd/Train/Gt/1856.tif,train,snow,csd
train/1857,../raw/snow/csd/Train/Snow/1857.tif,../raw/snow/csd/Train/Gt/1857.tif,train,snow,csd
train/1858,../raw/snow/csd/Train/Snow/1858.tif,../raw/snow/csd/Train/Gt/1858.tif,train,snow,csd
train/1859,../raw/snow/csd/Train/Snow/1859.tif,../raw/snow/csd/Train/Gt/1859.tif,train,snow,csd
train/186,../raw/snow/csd/Train/Snow/186.tif,../raw/snow/csd/Train/Gt/186.tif,train,snow,csd
train/1860,../raw/snow/csd/Train/Snow/1860.tif,../raw/snow/csd/Train/Gt/1860.tif,train,snow,csd
train/1861,../raw/snow/csd/Train/Snow/1861.tif,../raw/snow/csd/Train/Gt/1861.tif,train,snow,csd
train/1862,../raw/snow/csd/Train/Snow/1862.tif,../raw/snow/csd/Train/Gt/1862.tif,train,snow,csd
train/1863,../raw/snow/csd/Train/Snow/1863.tif,../raw/snow/csd/Train/Gt/1863.tif,train,snow,csd
train/1864,../raw/snow/csd/Train/Snow/1864.tif,../raw/snow/csd/Train/Gt/1864.tif,train,snow,csd
train/1865,../raw/snow/csd/Train/Snow/1865.tif,../raw/snow/csd/Train/Gt/1865.tif,train,snow,csd
train/1866,../raw/snow/csd/Train/Snow/1866.tif,../raw/snow/csd/Train/Gt/1866.tif,train,snow,csd
train/1867,../raw/snow/csd/Train/Snow/1867.tif,../raw/snow/csd/Train/Gt/1867.tif,train,snow,csd
train/1868,../raw/snow/csd/Train/Snow/1868.tif,../raw/snow/csd/Train/Gt/1868.tif,train,snow,csd
train/1869,../raw/snow/csd/Train/Snow/1869.tif,../raw/snow/csd/Train/Gt/1869.tif,train,snow,csd
train/187,../raw/snow/csd/Train/Snow/187.tif,../raw/snow/csd/Train/Gt/187.tif,train,snow,csd
train/1870,../raw/snow/csd/Train/Snow/1870.tif,../raw/snow/csd/Train/Gt/1870.tif,train,snow,csd
train/1871,../raw/snow/csd/Train/Snow/1871.tif,../raw/snow/csd/Train/Gt/1871.tif,train,snow,csd
train/1872,../raw/snow/csd/Train/Snow/1872.tif,../raw/snow/csd/Train/Gt/1872.tif,val,snow,csd
train/1873,../raw/snow/csd/Train/Snow/1873.tif,../raw/snow/csd/Train/Gt/1873.tif,train,snow,csd
train/1874,../raw/snow/csd/Train/Snow/1874.tif,../raw/snow/csd/Train/Gt/1874.tif,train,snow,csd
train/1875,../raw/snow/csd/Train/Snow/1875.tif,../raw/snow/csd/Train/Gt/1875.tif,train,snow,csd
train/1876,../raw/snow/csd/Train/Snow/1876.tif,../raw/snow/csd/Train/Gt/1876.tif,val,snow,csd
train/1877,../raw/snow/csd/Train/Snow/1877.tif,../raw/snow/csd/Train/Gt/1877.tif,train,snow,csd
train/1878,../raw/snow/csd/Train/Snow/1878.tif,../raw/snow/csd/Train/Gt/1878.tif,train,snow,csd
train/1879,../raw/snow/csd/Train/Snow/1879.tif,../raw/snow/csd/Train/Gt/1879.tif,train,snow,csd
train/188,../raw/snow/csd/Train/Snow/188.tif,../raw/snow/csd/Train/Gt/188.tif,train,snow,csd
train/1880,../raw/snow/csd/Train/Snow/1880.tif,../raw/snow/csd/Train/Gt/1880.tif,train,snow,csd
train/1881,../raw/snow/csd/Train/Snow/1881.tif,../raw/snow/csd/Train/Gt/1881.tif,train,snow,csd
train/1882,../raw/snow/csd/Train/Snow/1882.tif,../raw/snow/csd/Train/Gt/1882.tif,train,snow,csd
train/1883,../raw/snow/csd/Train/Snow/1883.tif,../raw/snow/csd/Train/Gt/1883.tif,train,snow,csd
train/1884,../raw/snow/csd/Train/Snow/1884.tif,../raw/snow/csd/Train/Gt/1884.tif,train,snow,csd
train/1885,../raw/snow/csd/Train/Snow/1885.tif,../raw/snow/csd/Train/Gt/1885.tif,train,snow,csd
train/1886,../raw/snow/csd/Train/Snow/1886.tif,../raw/snow/csd/Train/Gt/1886.tif,train,snow,csd
train/1887,../raw/snow/csd/Train/Snow/1887.tif,../raw/snow/csd/Train/Gt/1887.tif,train,snow,csd
train/1888,../raw/snow/csd/Train/Snow/1888.tif,../raw/snow/csd/Train/Gt/1888.tif,val,snow,csd
train/1889,../raw/snow/csd/Train/Snow/1889.tif,../raw/snow/csd/Train/Gt/1889.tif,val,snow,csd
train/189,../raw/snow/csd/Train/Snow/189.tif,../raw/snow/csd/Train/Gt/189.tif,train,snow,csd
train/1890,../raw/snow/csd/Train/Snow/1890.tif,../raw/snow/csd/Train/Gt/1890.tif,train,snow,csd
train/1891,../raw/snow/csd/Train/Snow/1891.tif,../raw/snow/csd/Train/Gt/1891.tif,val,snow,csd
train/1892,../raw/snow/csd/Train/Snow/1892.tif,../raw/snow/csd/Train/Gt/1892.tif,train,snow,csd
train/1893,../raw/snow/csd/Train/Snow/1893.tif,../raw/snow/csd/Train/Gt/1893.tif,train,snow,csd
train/1894,../raw/snow/csd/Train/Snow/1894.tif,../raw/snow/csd/Train/Gt/1894.tif,train,snow,csd
train/1895,../raw/snow/csd/Train/Snow/1895.tif,../raw/snow/csd/Train/Gt/1895.tif,train,snow,csd
train/1896,../raw/snow/csd/Train/Snow/1896.tif,../raw/snow/csd/Train/Gt/1896.tif,train,snow,csd
train/1897,../raw/snow/csd/Train/Snow/1897.tif,../raw/snow/csd/Train/Gt/1897.tif,train,snow,csd
train/1898,../raw/snow/csd/Train/Snow/1898.tif,../raw/snow/csd/Train/Gt/1898.tif,val,snow,csd
train/1899,../raw/snow/csd/Train/Snow/1899.tif,../raw/snow/csd/Train/Gt/1899.tif,train,snow,csd
train/19,../raw/snow/csd/Train/Snow/19.tif,../raw/snow/csd/Train/Gt/19.tif,train,snow,csd
train/190,../raw/snow/csd/Train/Snow/190.tif,../raw/snow/csd/Train/Gt/190.tif,train,snow,csd
train/1900,../raw/snow/csd/Train/Snow/1900.tif,../raw/snow/csd/Train/Gt/1900.tif,train,snow,csd
train/1901,../raw/snow/csd/Train/Snow/1901.tif,../raw/snow/csd/Train/Gt/1901.tif,train,snow,csd
train/1902,../raw/snow/csd/Train/Snow/1902.tif,../raw/snow/csd/Train/Gt/1902.tif,train,snow,csd
train/1903,../raw/snow/csd/Train/Snow/1903.tif,../raw/snow/csd/Train/Gt/1903.tif,train,snow,csd
train/1904,../raw/snow/csd/Train/Snow/1904.tif,../raw/snow/csd/Train/Gt/1904.tif,train,snow,csd
train/1905,../raw/snow/csd/Train/Snow/1905.tif,../raw/snow/csd/Train/Gt/1905.tif,train,snow,csd
train/1906,../raw/snow/csd/Train/Snow/1906.tif,../raw/snow/csd/Train/Gt/1906.tif,train,snow,csd
train/1907,../raw/snow/csd/Train/Snow/1907.tif,../raw/snow/csd/Train/Gt/1907.tif,val,snow,csd
train/1908,../raw/snow/csd/Train/Snow/1908.tif,../raw/snow/csd/Train/Gt/1908.tif,train,snow,csd
train/1909,../raw/snow/csd/Train/Snow/1909.tif,../raw/snow/csd/Train/Gt/1909.tif,val,snow,csd
train/191,../raw/snow/csd/Train/Snow/191.tif,../raw/snow/csd/Train/Gt/191.tif,train,snow,csd
train/1910,../raw/snow/csd/Train/Snow/1910.tif,../raw/snow/csd/Train/Gt/1910.tif,train,snow,csd
train/1911,../raw/snow/csd/Train/Snow/1911.tif,../raw/snow/csd/Train/Gt/1911.tif,train,snow,csd
train/1912,../raw/snow/csd/Train/Snow/1912.tif,../raw/snow/csd/Train/Gt/1912.tif,train,snow,csd
train/1913,../raw/snow/csd/Train/Snow/1913.tif,../raw/snow/csd/Train/Gt/1913.tif,train,snow,csd
train/1914,../raw/snow/csd/Train/Snow/1914.tif,../raw/snow/csd/Train/Gt/1914.tif,train,snow,csd
train/1915,../raw/snow/csd/Train/Snow/1915.tif,../raw/snow/csd/Train/Gt/1915.tif,val,snow,csd
train/1916,../raw/snow/csd/Train/Snow/1916.tif,../raw/snow/csd/Train/Gt/1916.tif,train,snow,csd
train/1917,../raw/snow/csd/Train/Snow/1917.tif,../raw/snow/csd/Train/Gt/1917.tif,train,snow,csd
train/1918,../raw/snow/csd/Train/Snow/1918.tif,../raw/snow/csd/Train/Gt/1918.tif,train,snow,csd
train/1919,../raw/snow/csd/Train/Snow/1919.tif,../raw/snow/csd/Train/Gt/1919.tif,train,snow,csd
train/192,../raw/snow/csd/Train/Snow/192.tif,../raw/snow/csd/Train/Gt/192.tif,train,snow,csd
train/1920,../raw/snow/csd/Train/Snow/1920.tif,../raw/snow/csd/Train/Gt/1920.tif,train,snow,csd
train/1921,../raw/snow/csd/Train/Snow/1921.tif,../raw/snow/csd/Train/Gt/1921.tif,train,snow,csd
train/1922,../raw/snow/csd/Train/Snow/1922.tif,../raw/snow/csd/Train/Gt/1922.tif,val,snow,csd
train/1923,../raw/snow/csd/Train/Snow/1923.tif,../raw/snow/csd/Train/Gt/1923.tif,train,snow,csd
train/1924,../raw/snow/csd/Train/Snow/1924.tif,../raw/snow/csd/Train/Gt/1924.tif,train,snow,csd
train/1925,../raw/snow/csd/Train/Snow/1925.tif,../raw/snow/csd/Train/Gt/1925.tif,train,snow,csd
train/1926,../raw/snow/csd/Train/Snow/1926.tif,../raw/snow/csd/Train/Gt/1926.tif,train,snow,csd
train/1927,../raw/snow/csd/Train/Snow/1927.tif,../raw/snow/csd/Train/Gt/1927.tif,train,snow,csd
train/1928,../raw/snow/csd/Train/Snow/1928.tif,../raw/snow/csd/Train/Gt/1928.tif,train,snow,csd
train/1929,../raw/snow/csd/Train/Snow/1929.tif,../raw/snow/csd/Train/Gt/1929.tif,train,snow,csd
train/193,../raw/snow/csd/Train/Snow/193.tif,../raw/snow/csd/Train/Gt/193.tif,train,snow,csd
train/1930,../raw/snow/csd/Train/Snow/1930.tif,../raw/snow/csd/Train/Gt/1930.tif,train,snow,csd
train/1931,../raw/snow/csd/Train/Snow/1931.tif,../raw/snow/csd/Train/Gt/1931.tif,train,snow,csd
train/1932,../raw/snow/csd/Train/Snow/1932.tif,../raw/snow/csd/Train/Gt/1932.tif,train,snow,csd
train/1933,../raw/snow/csd/Train/Snow/1933.tif,../raw/snow/csd/Train/Gt/1933.tif,train,snow,csd
train/1934,../raw/snow/csd/Train/Snow/1934.tif,../raw/snow/csd/Train/Gt/1934.tif,train,snow,csd
train/1935,../raw/snow/csd/Train/Snow/1935.tif,../raw/snow/csd/Train/Gt/1935.tif,train,snow,csd
train/1936,../raw/snow/csd/Train/Snow/1936.tif,../raw/snow/csd/Train/Gt/1936.tif,train,snow,csd
train/1937,../raw/snow/csd/Train/Snow/1937.tif,../raw/snow/csd/Train/Gt/1937.tif,train,snow,csd
train/1938,../raw/snow/csd/Train/Snow/1938.tif,../raw/snow/csd/Train/Gt/1938.tif,train,snow,csd
train/1939,../raw/snow/csd/Train/Snow/1939.tif,../raw/snow/csd/Train/Gt/1939.tif,train,snow,csd
train/194,../raw/snow/csd/Train/Snow/194.tif,../raw/snow/csd/Train/Gt/194.tif,train,snow,csd
train/1940,../raw/snow/csd/Train/Snow/1940.tif,../raw/snow/csd/Train/Gt/1940.tif,val,snow,csd
train/1941,../raw/snow/csd/Train/Snow/1941.tif,../raw/snow/csd/Train/Gt/1941.tif,train,snow,csd
train/1942,../raw/snow/csd/Train/Snow/1942.tif,../raw/snow/csd/Train/Gt/1942.tif,train,snow,csd
train/1943,../raw/snow/csd/Train/Snow/1943.tif,../raw/snow/csd/Train/Gt/1943.tif,train,snow,csd
train/1944,../raw/snow/csd/Train/Snow/1944.tif,../raw/snow/csd/Train/Gt/1944.tif,train,snow,csd
train/1945,../raw/snow/csd/Train/Snow/1945.tif,../raw/snow/csd/Train/Gt/1945.tif,train,snow,csd
train/1946,../raw/snow/csd/Train/Snow/1946.tif,../raw/snow/csd/Train/Gt/1946.tif,train,snow,csd
train/1947,../raw/snow/csd/Train/Snow/1947.tif,../raw/snow/csd/Train/Gt/1947.tif,train,snow,csd
train/1948,../raw/snow/csd/Train/Snow/1948.tif,../raw/snow/csd/Train/Gt/1948.tif,train,snow,csd
train/1949,../raw/snow/csd/Train/Snow/1949.tif,../raw/snow/csd/Train/Gt/1949.tif,train,snow,csd
train/195,../raw/snow/csd/Train/Snow/195.tif,../raw/snow/csd/Train/Gt/195.tif,train,snow,csd
train/1950,../raw/snow/csd/Train/Snow/1950.tif,../raw/snow/csd/Train/Gt/1950.tif,train,snow,csd
train/1951,../raw/snow/csd/Train/Snow/1951.tif,../raw/snow/csd/Train/Gt/1951.tif,train,snow,csd
train/1952,../raw/snow/csd/Train/Snow/1952.tif,../raw/snow/csd/Train/Gt/1952.tif,train,snow,csd
train/1953,../raw/snow/csd/Train/Snow/1953.tif,../raw/snow/csd/Train/Gt/1953.tif,train,snow,csd
train/1954,../raw/snow/csd/Train/Snow/1954.tif,../raw/snow/csd/Train/Gt/1954.tif,train,snow,csd
train/1955,../raw/snow/csd/Train/Snow/1955.tif,../raw/snow/csd/Train/Gt/1955.tif,train,snow,csd
train/1956,../raw/snow/csd/Train/Snow/1956.tif,../raw/snow/csd/Train/Gt/1956.tif,train,snow,csd
train/1957,../raw/snow/csd/Train/Snow/1957.tif,../raw/snow/csd/Train/Gt/1957.tif,train,snow,csd
train/1958,../raw/snow/csd/Train/Snow/1958.tif,../raw/snow/csd/Train/Gt/1958.tif,train,snow,csd
train/1959,../raw/snow/csd/Train/Snow/1959.tif,../raw/snow/csd/Train/Gt/1959.tif,train,snow,csd
train/196,../raw/snow/csd/Train/Snow/196.tif,../raw/snow/csd/Train/Gt/196.tif,train,snow,csd
train/1960,../raw/snow/csd/Train/Snow/1960.tif,../raw/snow/csd/Train/Gt/1960.tif,train,snow,csd
train/1961,../raw/snow/csd/Train/Snow/1961.tif,../raw/snow/csd/Train/Gt/1961.tif,train,snow,csd
train/1962,../raw/snow/csd/Train/Snow/1962.tif,../raw/snow/csd/Train/Gt/1962.tif,train,snow,csd
train/1963,../raw/snow/csd/Train/Snow/1963.tif,../raw/snow/csd/Train/Gt/1963.tif,train,snow,csd
train/1964,../raw/snow/csd/Train/Snow/1964.tif,../raw/snow/csd/Train/Gt/1964.tif,train,snow,csd
train/1965,../raw/snow/csd/Train/Snow/1965.tif,../raw/snow/csd/Train/Gt/1965.tif,train,snow,csd
train/1966,../raw/snow/csd/Train/Snow/1966.tif,../raw/snow/csd/Train/Gt/1966.tif,train,snow,csd
train/1967,../raw/snow/csd/Train/Snow/1967.tif,../raw/snow/csd/Train/Gt/1967.tif,val,snow,csd
train/1968,../raw/snow/csd/Train/Snow/1968.tif,../raw/snow/csd/Train/Gt/1968.tif,train,snow,csd
train/1969,../raw/snow/csd/Train/Snow/1969.tif,../raw/snow/csd/Train/Gt/1969.tif,train,snow,csd
train/197,../raw/snow/csd/Train/Snow/197.tif,../raw/snow/csd/Train/Gt/197.tif,train,snow,csd
train/1970,../raw/snow/csd/Train/Snow/1970.tif,../raw/snow/csd/Train/Gt/1970.tif,train,snow,csd
train/1971,../raw/snow/csd/Train/Snow/1971.tif,../raw/snow/csd/Train/Gt/1971.tif,train,snow,csd
train/1972,../raw/snow/csd/Train/Snow/1972.tif,../raw/snow/csd/Train/Gt/1972.tif,train,snow,csd
train/1973,../raw/snow/csd/Train/Snow/1973.tif,../raw/snow/csd/Train/Gt/1973.tif,train,snow,csd
train/1974,../raw/snow/csd/Train/Snow/1974.tif,../raw/snow/csd/Train/Gt/1974.tif,train,snow,csd
train/1975,../raw/snow/csd/Train/Snow/1975.tif,../raw/snow/csd/Train/Gt/1975.tif,train,snow,csd
train/1976,../raw/snow/csd/Train/Snow/1976.tif,../raw/snow/csd/Train/Gt/1976.tif,train,snow,csd
train/1977,../raw/snow/csd/Train/Snow/1977.tif,../raw/snow/csd/Train/Gt/1977.tif,train,snow,csd
train/1978,../raw/snow/csd/Train/Snow/1978.tif,../raw/snow/csd/Train/Gt/1978.tif,train,snow,csd
train/1979,../raw/snow/csd/Train/Snow/1979.tif,../raw/snow/csd/Train/Gt/1979.tif,train,snow,csd
train/198,../raw/snow/csd/Train/Snow/198.tif,../raw/snow/csd/Train/Gt/198.tif,train,snow,csd
train/1980,../raw/snow/csd/Train/Snow/1980.tif,../raw/snow/csd/Train/Gt/1980.tif,train,snow,csd
train/1981,../raw/snow/csd/Train/Snow/1981.tif,../raw/snow/csd/Train/Gt/1981.tif,train,snow,csd
train/1982,../raw/snow/csd/Train/Snow/1982.tif,../raw/snow/csd/Train/Gt/1982.tif,train,snow,csd
train/1983,../raw/snow/csd/Train/Snow/1983.tif,../raw/snow/csd/Train/Gt/1983.tif,train,snow,csd
train/1984,../raw/snow/csd/Train/Snow/1984.tif,../raw/snow/csd/Train/Gt/1984.tif,train,snow,csd
train/1985,../raw/snow/csd/Train/Snow/1985.tif,../raw/snow/csd/Train/Gt/1985.tif,train,snow,csd
train/1986,../raw/snow/csd/Train/Snow/1986.tif,../raw/snow/csd/Train/Gt/1986.tif,train,snow,csd
train/1987,../raw/snow/csd/Train/Snow/1987.tif,../raw/snow/csd/Train/Gt/1987.tif,train,snow,csd
train/1988,../raw/snow/csd/Train/Snow/1988.tif,../raw/snow/csd/Train/Gt/1988.tif,train,snow,csd
train/1989,../raw/snow/csd/Train/Snow/1989.tif,../raw/snow/csd/Train/Gt/1989.tif,train,snow,csd
train/199,../raw/snow/csd/Train/Snow/199.tif,../raw/snow/csd/Train/Gt/199.tif,train,snow,csd
train/1990,../raw/snow/csd/Train/Snow/1990.tif,../raw/snow/csd/Train/Gt/1990.tif,train,snow,csd
train/1991,../raw/snow/csd/Train/Snow/1991.tif,../raw/snow/csd/Train/Gt/1991.tif,train,snow,csd
train/1992,../raw/snow/csd/Train/Snow/1992.tif,../raw/snow/csd/Train/Gt/1992.tif,train,snow,csd
train/1993,../raw/snow/csd/Train/Snow/1993.tif,../raw/snow/csd/Train/Gt/1993.tif,train,snow,csd
train/1994,../raw/snow/csd/Train/Snow/1994.tif,../raw/snow/csd/Train/Gt/1994.tif,train,snow,csd
train/1995,../raw/snow/csd/Train/Snow/1995.tif,../raw/snow/csd/Train/Gt/1995.tif,train,snow,csd
train/1996,../raw/snow/csd/Train/Snow/1996.tif,../raw/snow/csd/Train/Gt/1996.tif,train,snow,csd
train/1997,../raw/snow/csd/Train/Snow/1997.tif,../raw/snow/csd/Train/Gt/1997.tif,train,snow,csd
train/1998,../raw/snow/csd/Train/Snow/1998.tif,../raw/snow/csd/Train/Gt/1998.tif,train,snow,csd
train/1999,../raw/snow/csd/Train/Snow/1999.tif,../raw/snow/csd/Train/Gt/1999.tif,train,snow,csd
train/2,../raw/snow/csd/Train/Snow/2.tif,../raw/snow/csd/Train/Gt/2.tif,train,snow,csd
train/20,../raw/snow/csd/Train/Snow/20.tif,../raw/snow/csd/Train/Gt/20.tif,train,snow,csd
train/200,../raw/snow/csd/Train/Snow/200.tif,../raw/snow/csd/Train/Gt/200.tif,train,snow,csd
train/2000,../raw/snow/csd/Train/Snow/2000.tif,../raw/snow/csd/Train/Gt/2000.tif,train,snow,csd
train/2001,../raw/snow/csd/Train/Snow/2001.tif,../raw/snow/csd/Train/Gt/2001.tif,train,snow,csd
train/2002,../raw/snow/csd/Train/Snow/2002.tif,../raw/snow/csd/Train/Gt/2002.tif,val,snow,csd
train/2003,../raw/snow/csd/Train/Snow/2003.tif,../raw/snow/csd/Train/Gt/2003.tif,train,snow,csd
train/2004,../raw/snow/csd/Train/Snow/2004.tif,../raw/snow/csd/Train/Gt/2004.tif,train,snow,csd
train/2005,../raw/snow/csd/Train/Snow/2005.tif,../raw/snow/csd/Train/Gt/2005.tif,val,snow,csd
train/2006,../raw/snow/csd/Train/Snow/2006.tif,../raw/snow/csd/Train/Gt/2006.tif,train,snow,csd
train/2007,../raw/snow/csd/Train/Snow/2007.tif,../raw/snow/csd/Train/Gt/2007.tif,train,snow,csd
train/2008,../raw/snow/csd/Train/Snow/2008.tif,../raw/snow/csd/Train/Gt/2008.tif,train,snow,csd
train/2009,../raw/snow/csd/Train/Snow/2009.tif,../raw/snow/csd/Train/Gt/2009.tif,train,snow,csd
train/201,../raw/snow/csd/Train/Snow/201.tif,../raw/snow/csd/Train/Gt/201.tif,train,snow,csd
train/2010,../raw/snow/csd/Train/Snow/2010.tif,../raw/snow/csd/Train/Gt/2010.tif,train,snow,csd
train/2011,../raw/snow/csd/Train/Snow/2011.tif,../raw/snow/csd/Train/Gt/2011.tif,train,snow,csd
train/2012,../raw/snow/csd/Train/Snow/2012.tif,../raw/snow/csd/Train/Gt/2012.tif,train,snow,csd
train/2013,../raw/snow/csd/Train/Snow/2013.tif,../raw/snow/csd/Train/Gt/2013.tif,train,snow,csd
train/2014,../raw/snow/csd/Train/Snow/2014.tif,../raw/snow/csd/Train/Gt/2014.tif,train,snow,csd
train/2015,../raw/snow/csd/Train/Snow/2015.tif,../raw/snow/csd/Train/Gt/2015.tif,train,snow,csd
train/2016,../raw/snow/csd/Train/Snow/2016.tif,../raw/snow/csd/Train/Gt/2016.tif,train,snow,csd
train/2017,../raw/snow/csd/Train/Snow/2017.tif,../raw/snow/csd/Train/Gt/2017.tif,train,snow,csd
train/2018,../raw/snow/csd/Train/Snow/2018.tif,../raw/snow/csd/Train/Gt/2018.tif,train,snow,csd
train/2019,../raw/snow/csd/Train/Snow/2019.tif,../raw/snow/csd/Train/Gt/2019.tif,train,snow,csd
train/202,../raw/snow/csd/Train/Snow/202.tif,../raw/snow/csd/Train/Gt/202.tif,train,snow,csd
train/2020,../raw/snow/csd/Train/Snow/2020.tif,../raw/snow/csd/Train/Gt/2020.tif,val,snow,csd
train/2021,../raw/snow/csd/Train/Snow/2021.tif,../raw/snow/csd/Train/Gt/2021.tif,train,snow,csd
train/2022,../raw/snow/csd/Train/Snow/2022.tif,../raw/snow/csd/Train/Gt/2022.tif,train,snow,csd
train/2023,../raw/snow/csd/Train/Snow/2023.tif,../raw/snow/csd/Train/Gt/2023.tif,train,snow,csd
train/2024,../raw/snow/csd/Train/Snow/2024.tif,../raw/snow/csd/Train/Gt/2024.tif,train,snow,csd
train/2025,../raw/snow/csd/Train/Snow/2025.tif,../raw/snow/csd/Train/Gt/2025.tif,train,snow,csd
train/2026,../raw/snow/csd/Train/Snow/2026.tif,../raw/snow/csd/Train/Gt/2026.tif,train,snow,csd
train/2027,../raw/snow/csd/Train/Snow/2027.tif,../raw/snow/csd/Train/Gt/2027.tif,train,snow,csd
train/2028,../raw/snow/csd/Train/Snow/2028.tif,../raw/snow/csd/Train/Gt/2028.tif,val,snow,csd
train/2029,../raw/snow/csd/Train/Snow/2029.tif,../raw/snow/csd/Train/Gt/2029.tif,train,snow,csd
train/203,../raw/snow/csd/Train/Snow/203.tif,../raw/snow/csd/Train/Gt/203.tif,train,snow,csd
train/2030,../raw/snow/csd/Train/Snow/2030.tif,../raw/snow/csd/Train/Gt/2030.tif,train,snow,csd
train/2031,../raw/snow/csd/Train/Snow/2031.tif,../raw/snow/csd/Train/Gt/2031.tif,train,snow,csd
train/2032,../raw/snow/csd/Train/Snow/2032.tif,../raw/snow/csd/Train/Gt/2032.tif,train,snow,csd
train/2033,../raw/snow/csd/Train/Snow/2033.tif,../raw/snow/csd/Train/Gt/2033.tif,train,snow,csd
train/2034,../raw/snow/csd/Train/Snow/2034.tif,../raw/snow/csd/Train/Gt/2034.tif,train,snow,csd
train/2035,../raw/snow/csd/Train/Snow/2035.tif,../raw/snow/csd/Train/Gt/2035.tif,train,snow,csd
train/2036,../raw/snow/csd/Train/Snow/2036.tif,../raw/snow/csd/Train/Gt/2036.tif,train,snow,csd
train/2037,../raw/snow/csd/Train/Snow/2037.tif,../raw/snow/csd/Train/Gt/2037.tif,val,snow,csd
train/2038,../raw/snow/csd/Train/Snow/2038.tif,../raw/snow/csd/Train/Gt/2038.tif,train,snow,csd
train/2039,../raw/snow/csd/Train/Snow/2039.tif,../raw/snow/csd/Train/Gt/2039.tif,train,snow,csd
train/204,../raw/snow/csd/Train/Snow/204.tif,../raw/snow/csd/Train/Gt/204.tif,val,snow,csd
train/2040,../raw/snow/csd/Train/Snow/2040.tif,../raw/snow/csd/Train/Gt/2040.tif,train,snow,csd
train/2041,../raw/snow/csd/Train/Snow/2041.tif,../raw/snow/csd/Train/Gt/2041.tif,train,snow,csd
train/2042,../raw/snow/csd/Train/Snow/2042.tif,../raw/snow/csd/Train/Gt/2042.tif,train,snow,csd
train/2043,../raw/snow/csd/Train/Snow/2043.tif,../raw/snow/csd/Train/Gt/2043.tif,val,snow,csd
train/2044,../raw/snow/csd/Train/Snow/2044.tif,../raw/snow/csd/Train/Gt/2044.tif,train,snow,csd
train/2045,../raw/snow/csd/Train/Snow/2045.tif,../raw/snow/csd/Train/Gt/2045.tif,train,snow,csd
train/2046,../raw/snow/csd/Train/Snow/2046.tif,../raw/snow/csd/Train/Gt/2046.tif,train,snow,csd
train/2047,../raw/snow/csd/Train/Snow/2047.tif,../raw/snow/csd/Train/Gt/2047.tif,train,snow,csd
train/2048,../raw/snow/csd/Train/Snow/2048.tif,../raw/snow/csd/Train/Gt/2048.tif,train,snow,csd
train/2049,../raw/snow/csd/Train/Snow/2049.tif,../raw/snow/csd/Train/Gt/2049.tif,train,snow,csd
train/205,../raw/snow/csd/Train/Snow/205.tif,../raw/snow/csd/Train/Gt/205.tif,train,snow,csd
train/2050,../raw/snow/csd/Train/Snow/2050.tif,../raw/snow/csd/Train/Gt/2050.tif,train,snow,csd
train/2051,../raw/snow/csd/Train/Snow/2051.tif,../raw/snow/csd/Train/Gt/2051.tif,train,snow,csd
train/2052,../raw/snow/csd/Train/Snow/2052.tif,../raw/snow/csd/Train/Gt/2052.tif,train,snow,csd
train/2053,../raw/snow/csd/Train/Snow/2053.tif,../raw/snow/csd/Train/Gt/2053.tif,train,snow,csd
train/2054,../raw/snow/csd/Train/Snow/2054.tif,../raw/snow/csd/Train/Gt/2054.tif,train,snow,csd
train/2055,../raw/snow/csd/Train/Snow/2055.tif,../raw/snow/csd/Train/Gt/2055.tif,train,snow,csd
train/2056,../raw/snow/csd/Train/Snow/2056.tif,../raw/snow/csd/Train/Gt/2056.tif,train,snow,csd
train/2057,../raw/snow/csd/Train/Snow/2057.tif,../raw/snow/csd/Train/Gt/2057.tif,val,snow,csd
train/2058,../raw/snow/csd/Train/Snow/2058.tif,../raw/snow/csd/Train/Gt/2058.tif,val,snow,csd
train/2059,../raw/snow/csd/Train/Snow/2059.tif,../raw/snow/csd/Train/Gt/2059.tif,train,snow,csd
train/206,../raw/snow/csd/Train/Snow/206.tif,../raw/snow/csd/Train/Gt/206.tif,train,snow,csd
train/2060,../raw/snow/csd/Train/Snow/2060.tif,../raw/snow/csd/Train/Gt/2060.tif,train,snow,csd
train/2061,../raw/snow/csd/Train/Snow/2061.tif,../raw/snow/csd/Train/Gt/2061.tif,train,snow,csd
train/2062,../raw/snow/csd/Train/Snow/2062.tif,../raw/snow/csd/Train/Gt/2062.tif,train,snow,csd
train/2063,../raw/snow/csd/Train/Snow/2063.tif,../raw/snow/csd/Train/Gt/2063.tif,train,snow,csd
train/2064,../raw/snow/csd/Train/Snow/2064.tif,../raw/snow/csd/Train/Gt/2064.tif,train,snow,csd
train/2065,../raw/snow/csd/Train/Snow/2065.tif,../raw/snow/csd/Train/Gt/2065.tif,train,snow,csd
train/2066,../raw/snow/csd/Train/Snow/2066.tif,../raw/snow/csd/Train/Gt/2066.tif,train,snow,csd
train/2067,../raw/snow/csd/Train/Snow/2067.tif,../raw/snow/csd/Train/Gt/2067.tif,train,snow,csd
train/2068,../raw/snow/csd/Train/Snow/2068.tif,../raw/snow/csd/Train/Gt/2068.tif,train,snow,csd
train/2069,../raw/snow/csd/Train/Snow/2069.tif,../raw/snow/csd/Train/Gt/2069.tif,train,snow,csd
train/207,../raw/snow/csd/Train/Snow/207.tif,../raw/snow/csd/Train/Gt/207.tif,train,snow,csd
train/2070,../raw/snow/csd/Train/Snow/2070.tif,../raw/snow/csd/Train/Gt/2070.tif,train,snow,csd
train/2071,../raw/snow/csd/Train/Snow/2071.tif,../raw/snow/csd/Train/Gt/2071.tif,train,snow,csd
train/2072,../raw/snow/csd/Train/Snow/2072.tif,../raw/snow/csd/Train/Gt/2072.tif,train,snow,csd
train/2073,../raw/snow/csd/Train/Snow/2073.tif,../raw/snow/csd/Train/Gt/2073.tif,train,snow,csd
train/2074,../raw/snow/csd/Train/Snow/2074.tif,../raw/snow/csd/Train/Gt/2074.tif,train,snow,csd
train/2075,../raw/snow/csd/Train/Snow/2075.tif,../raw/snow/csd/Train/Gt/2075.tif,train,snow,csd
train/2076,../raw/snow/csd/Train/Snow/2076.tif,../raw/snow/csd/Train/Gt/2076.tif,val,snow,csd
train/2077,../raw/snow/csd/Train/Snow/2077.tif,../raw/snow/csd/Train/Gt/2077.tif,train,snow,csd
train/2078,../raw/snow/csd/Train/Snow/2078.tif,../raw/snow/csd/Train/Gt/2078.tif,train,snow,csd
train/2079,../raw/snow/csd/Train/Snow/2079.tif,../raw/snow/csd/Train/Gt/2079.tif,train,snow,csd
train/208,../raw/snow/csd/Train/Snow/208.tif,../raw/snow/csd/Train/Gt/208.tif,train,snow,csd
train/2080,../raw/snow/csd/Train/Snow/2080.tif,../raw/snow/csd/Train/Gt/2080.tif,train,snow,csd
train/2081,../raw/snow/csd/Train/Snow/2081.tif,../raw/snow/csd/Train/Gt/2081.tif,train,snow,csd
train/2082,../raw/snow/csd/Train/Snow/2082.tif,../raw/snow/csd/Train/Gt/2082.tif,val,snow,csd
train/2083,../raw/snow/csd/Train/Snow/2083.tif,../raw/snow/csd/Train/Gt/2083.tif,train,snow,csd
train/2084,../raw/snow/csd/Train/Snow/2084.tif,../raw/snow/csd/Train/Gt/2084.tif,val,snow,csd
train/2085,../raw/snow/csd/Train/Snow/2085.tif,../raw/snow/csd/Train/Gt/2085.tif,train,snow,csd
train/2086,../raw/snow/csd/Train/Snow/2086.tif,../raw/snow/csd/Train/Gt/2086.tif,train,snow,csd
train/2087,../raw/snow/csd/Train/Snow/2087.tif,../raw/snow/csd/Train/Gt/2087.tif,train,snow,csd
train/2088,../raw/snow/csd/Train/Snow/2088.tif,../raw/snow/csd/Train/Gt/2088.tif,val,snow,csd
train/2089,../raw/snow/csd/Train/Snow/2089.tif,../raw/snow/csd/Train/Gt/2089.tif,train,snow,csd
train/209,../raw/snow/csd/Train/Snow/209.tif,../raw/snow/csd/Train/Gt/209.tif,train,snow,csd
train/2090,../raw/snow/csd/Train/Snow/2090.tif,../raw/snow/csd/Train/Gt/2090.tif,train,snow,csd
train/2091,../raw/snow/csd/Train/Snow/2091.tif,../raw/snow/csd/Train/Gt/2091.tif,train,snow,csd
train/2092,../raw/snow/csd/Train/Snow/2092.tif,../raw/snow/csd/Train/Gt/2092.tif,train,snow,csd
train/2093,../raw/snow/csd/Train/Snow/2093.tif,../raw/snow/csd/Train/Gt/2093.tif,train,snow,csd
train/2094,../raw/snow/csd/Train/Snow/2094.tif,../raw/snow/csd/Train/Gt/2094.tif,train,snow,csd
train/2095,../raw/snow/csd/Train/Snow/2095.tif,../raw/snow/csd/Train/Gt/2095.tif,train,snow,csd
train/2096,../raw/snow/csd/Train/Snow/2096.tif,../raw/snow/csd/Train/Gt/2096.tif,val,snow,csd
train/2097,../raw/snow/csd/Train/Snow/2097.tif,../raw/snow/csd/Train/Gt/2097.tif,train,snow,csd
train/2098,../raw/snow/csd/Train/Snow/2098.tif,../raw/snow/csd/Train/Gt/2098.tif,val,snow,csd
train/2099,../raw/snow/csd/Train/Snow/2099.tif,../raw/snow/csd/Train/Gt/2099.tif,val,snow,csd
train/21,../raw/snow/csd/Train/Snow/21.tif,../raw/snow/csd/Train/Gt/21.tif,train,snow,csd
train/210,../raw/snow/csd/Train/Snow/210.tif,../raw/snow/csd/Train/Gt/210.tif,train,snow,csd
train/2100,../raw/snow/csd/Train/Snow/2100.tif,../raw/snow/csd/Train/Gt/2100.tif,train,snow,csd
train/2101,../raw/snow/csd/Train/Snow/2101.tif,../raw/snow/csd/Train/Gt/2101.tif,train,snow,csd
train/2102,../raw/snow/csd/Train/Snow/2102.tif,../raw/snow/csd/Train/Gt/2102.tif,train,snow,csd
train/2103,../raw/snow/csd/Train/Snow/2103.tif,../raw/snow/csd/Train/Gt/2103.tif,train,snow,csd
train/2104,../raw/snow/csd/Train/Snow/2104.tif,../raw/snow/csd/Train/Gt/2104.tif,train,snow,csd
train/2105,../raw/snow/csd/Train/Snow/2105.tif,../raw/snow/csd/Train/Gt/2105.tif,train,snow,csd
train/2106,../raw/snow/csd/Train/Snow/2106.tif,../raw/snow/csd/Train/Gt/2106.tif,train,snow,csd
train/2107,../raw/snow/csd/Train/Snow/2107.tif,../raw/snow/csd/Train/Gt/2107.tif,train,snow,csd
train/2108,../raw/snow/csd/Train/Snow/2108.tif,../raw/snow/csd/Train/Gt/2108.tif,train,snow,csd
train/2109,../raw/snow/csd/Train/Snow/2109.tif,../raw/snow/csd/Train/Gt/2109.tif,train,snow,csd
train/211,../raw/snow/csd/Train/Snow/211.tif,../raw/snow/csd/Train/Gt/211.tif,train,snow,csd
train/2110,../raw/snow/csd/Train/Snow/2110.tif,../raw/snow/csd/Train/Gt/2110.tif,train,snow,csd
train/2111,../raw/snow/csd/Train/Snow/2111.tif,../raw/snow/csd/Train/Gt/2111.tif,val,snow,csd
train/2112,../raw/snow/csd/Train/Snow/2112.tif,../raw/snow/csd/Train/Gt/2112.tif,train,snow,csd
train/2113,../raw/snow/csd/Train/Snow/2113.tif,../raw/snow/csd/Train/Gt/2113.tif,train,snow,csd
train/2114,../raw/snow/csd/Train/Snow/2114.tif,../raw/snow/csd/Train/Gt/2114.tif,val,snow,csd
train/2115,../raw/snow/csd/Train/Snow/2115.tif,../raw/snow/csd/Train/Gt/2115.tif,train,snow,csd
train/2116,../raw/snow/csd/Train/Snow/2116.tif,../raw/snow/csd/Train/Gt/2116.tif,train,snow,csd
train/2117,../raw/snow/csd/Train/Snow/2117.tif,../raw/snow/csd/Train/Gt/2117.tif,train,snow,csd
train/2118,../raw/snow/csd/Train/Snow/2118.tif,../raw/snow/csd/Train/Gt/2118.tif,train,snow,csd
train/2119,../raw/snow/csd/Train/Snow/2119.tif,../raw/snow/csd/Train/Gt/2119.tif,train,snow,csd
train/212,../raw/snow/csd/Train/Snow/212.tif,../raw/snow/csd/Train/Gt/212.tif,train,snow,csd
train/2120,../raw/snow/csd/Train/Snow/2120.tif,../raw/snow/csd/Train/Gt/2120.tif,train,snow,csd
train/2121,../raw/snow/csd/Train/Snow/2121.tif,../raw/snow/csd/Train/Gt/2121.tif,train,snow,csd
train/2122,../raw/snow/csd/Train/Snow/2122.tif,../raw/snow/csd/Train/Gt/2122.tif,train,snow,csd
train/2123,../raw/snow/csd/Train/Snow/2123.tif,../raw/snow/csd/Train/Gt/2123.tif,train,snow,csd
train/2124,../raw/snow/csd/Train/Snow/2124.tif,../raw/snow/csd/Train/Gt/2124.tif,train,snow,csd
train/2125,../raw/snow/csd/Train/Snow/2125.tif,../raw/snow/csd/Train/Gt/2125.tif,train,snow,csd
train/2126,../raw/snow/csd/Train/Snow/2126.tif,../raw/snow/csd/Train/Gt/2126.tif,train,snow,csd
train/2127,../raw/snow/csd/Train/Snow/2127.tif,../raw/snow/csd/Train/Gt/2127.tif,train,snow,csd
train/2128,../raw/snow/csd/Train/Snow/2128.tif,../raw/snow/csd/Train/Gt/2128.tif,val,snow,csd
train/2129,../raw/snow/csd/Train/Snow/2129.tif,../raw/snow/csd/Train/Gt/2129.tif,train,snow,csd
train/213,../raw/snow/csd/Train/Snow/213.tif,../raw/snow/csd/Train/Gt/213.tif,train,snow,csd
train/2130,../raw/snow/csd/Train/Snow/2130.tif,../raw/snow/csd/Train/Gt/2130.tif,train,snow,csd
train/2131,../raw/snow/csd/Train/Snow/2131.tif,../raw/snow/csd/Train/Gt/2131.tif,val,snow,csd
train/2132,../raw/snow/csd/Train/Snow/2132.tif,../raw/snow/csd/Train/Gt/2132.tif,train,snow,csd
train/2133,../raw/snow/csd/Train/Snow/2133.tif,../raw/snow/csd/Train/Gt/2133.tif,train,snow,csd
train/2134,../raw/snow/csd/Train/Snow/2134.tif,../raw/snow/csd/Train/Gt/2134.tif,train,snow,csd
train/2135,../raw/snow/csd/Train/Snow/2135.tif,../raw/snow/csd/Train/Gt/2135.tif,train,snow,csd
train/2136,../raw/snow/csd/Train/Snow/2136.tif,../raw/snow/csd/Train/Gt/2136.tif,train,snow,csd
train/2137,../raw/snow/csd/Train/Snow/2137.tif,../raw/snow/csd/Train/Gt/2137.tif,train,snow,csd
train/2138,../raw/snow/csd/Train/Snow/2138.tif,../raw/snow/csd/Train/Gt/2138.tif,train,snow,csd
train/2139,../raw/snow/csd/Train/Snow/2139.tif,../raw/snow/csd/Train/Gt/2139.tif,train,snow,csd
train/214,../raw/snow/csd/Train/Snow/214.tif,../raw/snow/csd/Train/Gt/214.tif,train,snow,csd
train/2140,../raw/snow/csd/Train/Snow/2140.tif,../raw/snow/csd/Train/Gt/2140.tif,train,snow,csd
train/2141,../raw/snow/csd/Train/Snow/2141.tif,../raw/snow/csd/Train/Gt/2141.tif,train,snow,csd
train/2142,../raw/snow/csd/Train/Snow/2142.tif,../raw/snow/csd/Train/Gt/2142.tif,train,snow,csd
train/2143,../raw/snow/csd/Train/Snow/2143.tif,../raw/snow/csd/Train/Gt/2143.tif,train,snow,csd
train/2144,../raw/snow/csd/Train/Snow/2144.tif,../raw/snow/csd/Train/Gt/2144.tif,train,snow,csd
train/2145,../raw/snow/csd/Train/Snow/2145.tif,../raw/snow/csd/Train/Gt/2145.tif,val,snow,csd
train/2146,../raw/snow/csd/Train/Snow/2146.tif,../raw/snow/csd/Train/Gt/2146.tif,train,snow,csd
train/2147,../raw/snow/csd/Train/Snow/2147.tif,../raw/snow/csd/Train/Gt/2147.tif,train,snow,csd
train/2148,../raw/snow/csd/Train/Snow/2148.tif,../raw/snow/csd/Train/Gt/2148.tif,train,snow,csd
train/2149,../raw/snow/csd/Train/Snow/2149.tif,../raw/snow/csd/Train/Gt/2149.tif,train,snow,csd
train/215,../raw/snow/csd/Train/Snow/215.tif,../raw/snow/csd/Train/Gt/215.tif,train,snow,csd
train/2150,../raw/snow/csd/Train/Snow/2150.tif,../raw/snow/csd/Train/Gt/2150.tif,train,snow,csd
train/2151,../raw/snow/csd/Train/Snow/2151.tif,../raw/snow/csd/Train/Gt/2151.tif,train,snow,csd
train/2152,../raw/snow/csd/Train/Snow/2152.tif,../raw/snow/csd/Train/Gt/2152.tif,train,snow,csd
train/2153,../raw/snow/csd/Train/Snow/2153.tif,../raw/snow/csd/Train/Gt/2153.tif,val,snow,csd
train/2154,../raw/snow/csd/Train/Snow/2154.tif,../raw/snow/csd/Train/Gt/2154.tif,train,snow,csd
train/2155,../raw/snow/csd/Train/Snow/2155.tif,../raw/snow/csd/Train/Gt/2155.tif,train,snow,csd
train/2156,../raw/snow/csd/Train/Snow/2156.tif,../raw/snow/csd/Train/Gt/2156.tif,train,snow,csd
train/2157,../raw/snow/csd/Train/Snow/2157.tif,../raw/snow/csd/Train/Gt/2157.tif,train,snow,csd
train/2158,../raw/snow/csd/Train/Snow/2158.tif,../raw/snow/csd/Train/Gt/2158.tif,train,snow,csd
train/2159,../raw/snow/csd/Train/Snow/2159.tif,../raw/snow/csd/Train/Gt/2159.tif,train,snow,csd
train/216,../raw/snow/csd/Train/Snow/216.tif,../raw/snow/csd/Train/Gt/216.tif,train,snow,csd
train/2160,../raw/snow/csd/Train/Snow/2160.tif,../raw/snow/csd/Train/Gt/2160.tif,train,snow,csd
train/2161,../raw/snow/csd/Train/Snow/2161.tif,../raw/snow/csd/Train/Gt/2161.tif,train,snow,csd
train/2162,../raw/snow/csd/Train/Snow/2162.tif,../raw/snow/csd/Train/Gt/2162.tif,train,snow,csd
train/2163,../raw/snow/csd/Train/Snow/2163.tif,../raw/snow/csd/Train/Gt/2163.tif,train,snow,csd
train/2164,../raw/snow/csd/Train/Snow/2164.tif,../raw/snow/csd/Train/Gt/2164.tif,train,snow,csd
train/2165,../raw/snow/csd/Train/Snow/2165.tif,../raw/snow/csd/Train/Gt/2165.tif,train,snow,csd
train/2166,../raw/snow/csd/Train/Snow/2166.tif,../raw/snow/csd/Train/Gt/2166.tif,val,snow,csd
train/2167,../raw/snow/csd/Train/Snow/2167.tif,../raw/snow/csd/Train/Gt/2167.tif,train,snow,csd
train/2168,../raw/snow/csd/Train/Snow/2168.tif,../raw/snow/csd/Train/Gt/2168.tif,train,snow,csd
train/2169,../raw/snow/csd/Train/Snow/2169.tif,../raw/snow/csd/Train/Gt/2169.tif,train,snow,csd
train/217,../raw/snow/csd/Train/Snow/217.tif,../raw/snow/csd/Train/Gt/217.tif,train,snow,csd
train/2170,../raw/snow/csd/Train/Snow/2170.tif,../raw/snow/csd/Train/Gt/2170.tif,train,snow,csd
train/2171,../raw/snow/csd/Train/Snow/2171.tif,../raw/snow/csd/Train/Gt/2171.tif,train,snow,csd
train/2172,../raw/snow/csd/Train/Snow/2172.tif,../raw/snow/csd/Train/Gt/2172.tif,train,snow,csd
train/2173,../raw/snow/csd/Train/Snow/2173.tif,../raw/snow/csd/Train/Gt/2173.tif,train,snow,csd
train/2174,../raw/snow/csd/Train/Snow/2174.tif,../raw/snow/csd/Train/Gt/2174.tif,train,snow,csd
train/2175,../raw/snow/csd/Train/Snow/2175.tif,../raw/snow/csd/Train/Gt/2175.tif,train,snow,csd
train/2176,../raw/snow/csd/Train/Snow/2176.tif,../raw/snow/csd/Train/Gt/2176.tif,train,snow,csd
train/2177,../raw/snow/csd/Train/Snow/2177.tif,../raw/snow/csd/Train/Gt/2177.tif,train,snow,csd
train/2178,../raw/snow/csd/Train/Snow/2178.tif,../raw/snow/csd/Train/Gt/2178.tif,train,snow,csd
train/2179,../raw/snow/csd/Train/Snow/2179.tif,../raw/snow/csd/Train/Gt/2179.tif,train,snow,csd
train/218,../raw/snow/csd/Train/Snow/218.tif,../raw/snow/csd/Train/Gt/218.tif,train,snow,csd
train/2180,../raw/snow/csd/Train/Snow/2180.tif,../raw/snow/csd/Train/Gt/2180.tif,train,snow,csd
train/2181,../raw/snow/csd/Train/Snow/2181.tif,../raw/snow/csd/Train/Gt/2181.tif,train,snow,csd
train/2182,../raw/snow/csd/Train/Snow/2182.tif,../raw/snow/csd/Train/Gt/2182.tif,train,snow,csd
train/2183,../raw/snow/csd/Train/Snow/2183.tif,../raw/snow/csd/Train/Gt/2183.tif,val,snow,csd
train/2184,../raw/snow/csd/Train/Snow/2184.tif,../raw/snow/csd/Train/Gt/2184.tif,train,snow,csd
train/2185,../raw/snow/csd/Train/Snow/2185.tif,../raw/snow/csd/Train/Gt/2185.tif,train,snow,csd
train/2186,../raw/snow/csd/Train/Snow/2186.tif,../raw/snow/csd/Train/Gt/2186.tif,val,snow,csd
train/2187,../raw/snow/csd/Train/Snow/2187.tif,../raw/snow/csd/Train/Gt/2187.tif,train,snow,csd
train/2188,../raw/snow/csd/Train/Snow/2188.tif,../raw/snow/csd/Train/Gt/2188.tif,train,snow,csd
train/2189,../raw/snow/csd/Train/Snow/2189.tif,../raw/snow/csd/Train/Gt/2189.tif,train,snow,csd
train/219,../raw/snow/csd/Train/Snow/219.tif,../raw/snow/csd/Train/Gt/219.tif,train,snow,csd
train/2190,../raw/snow/csd/Train/Snow/2190.tif,../raw/snow/csd/Train/Gt/2190.tif,train,snow,csd
train/2191,../raw/snow/csd/Train/Snow/2191.tif,../raw/snow/csd/Train/Gt/2191.tif,train,snow,csd
train/2192,../raw/snow/csd/Train/Snow/2192.tif,../raw/snow/csd/Train/Gt/2192.tif,train,snow,csd
train/2193,../raw/snow/csd/Train/Snow/2193.tif,../raw/snow/csd/Train/Gt/2193.tif,train,snow,csd
train/2194,../raw/snow/csd/Train/Snow/2194.tif,../raw/snow/csd/Train/Gt/2194.tif,train,snow,csd
train/2195,../raw/snow/csd/Train/Snow/2195.tif,../raw/snow/csd/Train/Gt/2195.tif,train,snow,csd
train/2196,../raw/snow/csd/Train/Snow/2196.tif,../raw/snow/csd/Train/Gt/2196.tif,val,snow,csd
train/2197,../raw/snow/csd/Train/Snow/2197.tif,../raw/snow/csd/Train/Gt/2197.tif,train,snow,csd
train/2198,../raw/snow/csd/Train/Snow/2198.tif,../raw/snow/csd/Train/Gt/2198.tif,train,snow,csd
train/2199,../raw/snow/csd/Train/Snow/2199.tif,../raw/snow/csd/Train/Gt/2199.tif,train,snow,csd
train/22,../raw/snow/csd/Train/Snow/22.tif,../raw/snow/csd/Train/Gt/22.tif,train,snow,csd
train/220,../raw/snow/csd/Train/Snow/220.tif,../raw/snow/csd/Train/Gt/220.tif,train,snow,csd
train/2200,../raw/snow/csd/Train/Snow/2200.tif,../raw/snow/csd/Train/Gt/2200.tif,train,snow,csd
train/2201,../raw/snow/csd/Train/Snow/2201.tif,../raw/snow/csd/Train/Gt/2201.tif,train,snow,csd
train/2202,../raw/snow/csd/Train/Snow/2202.tif,../raw/snow/csd/Train/Gt/2202.tif,train,snow,csd
train/2203,../raw/snow/csd/Train/Snow/2203.tif,../raw/snow/csd/Train/Gt/2203.tif,train,snow,csd
train/2204,../raw/snow/csd/Train/Snow/2204.tif,../raw/snow/csd/Train/Gt/2204.tif,train,snow,csd
train/2205,../raw/snow/csd/Train/Snow/2205.tif,../raw/snow/csd/Train/Gt/2205.tif,train,snow,csd
train/2206,../raw/snow/csd/Train/Snow/2206.tif,../raw/snow/csd/Train/Gt/2206.tif,train,snow,csd
train/2207,../raw/snow/csd/Train/Snow/2207.tif,../raw/snow/csd/Train/Gt/2207.tif,train,snow,csd
train/2208,../raw/snow/csd/Train/Snow/2208.tif,../raw/snow/csd/Train/Gt/2208.tif,val,snow,csd
train/2209,../raw/snow/csd/Train/Snow/2209.tif,../raw/snow/csd/Train/Gt/2209.tif,train,snow,csd
train/221,../raw/snow/csd/Train/Snow/221.tif,../raw/snow/csd/Train/Gt/221.tif,train,snow,csd
train/2210,../raw/snow/csd/Train/Snow/2210.tif,../raw/snow/csd/Train/Gt/2210.tif,train,snow,csd
train/2211,../raw/snow/csd/Train/Snow/2211.tif,../raw/snow/csd/Train/Gt/2211.tif,val,snow,csd
train/2212,../raw/snow/csd/Train/Snow/2212.tif,../raw/snow/csd/Train/Gt/2212.tif,train,snow,csd
train/2213,../raw/snow/csd/Train/Snow/2213.tif,../raw/snow/csd/Train/Gt/2213.tif,train,snow,csd
train/2214,../raw/snow/csd/Train/Snow/2214.tif,../raw/snow/csd/Train/Gt/2214.tif,train,snow,csd
train/2215,../raw/snow/csd/Train/Snow/2215.tif,../raw/snow/csd/Train/Gt/2215.tif,train,snow,csd
train/2216,../raw/snow/csd/Train/Snow/2216.tif,../raw/snow/csd/Train/Gt/2216.tif,train,snow,csd
train/2217,../raw/snow/csd/Train/Snow/2217.tif,../raw/snow/csd/Train/Gt/2217.tif,train,snow,csd
train/2218,../raw/snow/csd/Train/Snow/2218.tif,../raw/snow/csd/Train/Gt/2218.tif,train,snow,csd
train/2219,../raw/snow/csd/Train/Snow/2219.tif,../raw/snow/csd/Train/Gt/2219.tif,train,snow,csd
train/222,../raw/snow/csd/Train/Snow/222.tif,../raw/snow/csd/Train/Gt/222.tif,train,snow,csd
train/2220,../raw/snow/csd/Train/Snow/2220.tif,../raw/snow/csd/Train/Gt/2220.tif,train,snow,csd
train/2221,../raw/snow/csd/Train/Snow/2221.tif,../raw/snow/csd/Train/Gt/2221.tif,train,snow,csd
train/2222,../raw/snow/csd/Train/Snow/2222.tif,../raw/snow/csd/Train/Gt/2222.tif,val,snow,csd
train/2223,../raw/snow/csd/Train/Snow/2223.tif,../raw/snow/csd/Train/Gt/2223.tif,train,snow,csd
train/2224,../raw/snow/csd/Train/Snow/2224.tif,../raw/snow/csd/Train/Gt/2224.tif,train,snow,csd
train/2225,../raw/snow/csd/Train/Snow/2225.tif,../raw/snow/csd/Train/Gt/2225.tif,train,snow,csd
train/2226,../raw/snow/csd/Train/Snow/2226.tif,../raw/snow/csd/Train/Gt/2226.tif,train,snow,csd
train/2227,../raw/snow/csd/Train/Snow/2227.tif,../raw/snow/csd/Train/Gt/2227.tif,train,snow,csd
train/2228,../raw/snow/csd/Train/Snow/2228.tif,../raw/snow/csd/Train/Gt/2228.tif,train,snow,csd
train/2229,../raw/snow/csd/Train/Snow/2229.tif,../raw/snow/csd/Train/Gt/2229.tif,train,snow,csd
train/223,../raw/snow/csd/Train/Snow/223.tif,../raw/snow/csd/Train/Gt/223.tif,train,snow,csd
train/2230,../raw/snow/csd/Train/Snow/2230.tif,../raw/snow/csd/Train/Gt/2230.tif,val,snow,csd
train/2231,../raw/snow/csd/Train/Snow/2231.tif,../raw/snow/csd/Train/Gt/2231.tif,train,snow,csd
train/2232,../raw/snow/csd/Train/Snow/2232.tif,../raw/snow/csd/Train/Gt/2232.tif,train,snow,csd
train/2233,../raw/snow/csd/Train/Snow/2233.tif,../raw/snow/csd/Train/Gt/2233.tif,train,snow,csd
train/2234,../raw/snow/csd/Train/Snow/2234.tif,../raw/snow/csd/Train/Gt/2234.tif,val,snow,csd
train/2235,../raw/snow/csd/Train/Snow/2235.tif,../raw/snow/csd/Train/Gt/2235.tif,val,snow,csd
train/2236,../raw/snow/csd/Train/Snow/2236.tif,../raw/snow/csd/Train/Gt/2236.tif,val,snow,csd
train/2237,../raw/snow/csd/Train/Snow/2237.tif,../raw/snow/csd/Train/Gt/2237.tif,train,snow,csd
train/2238,../raw/snow/csd/Train/Snow/2238.tif,../raw/snow/csd/Train/Gt/2238.tif,train,snow,csd
train/2239,../raw/snow/csd/Train/Snow/2239.tif,../raw/snow/csd/Train/Gt/2239.tif,train,snow,csd
train/224,../raw/snow/csd/Train/Snow/224.tif,../raw/snow/csd/Train/Gt/224.tif,train,snow,csd
train/2240,../raw/snow/csd/Train/Snow/2240.tif,../raw/snow/csd/Train/Gt/2240.tif,train,snow,csd
train/2241,../raw/snow/csd/Train/Snow/2241.tif,../raw/snow/csd/Train/Gt/2241.tif,train,snow,csd
train/2242,../raw/snow/csd/Train/Snow/2242.tif,../raw/snow/csd/Train/Gt/2242.tif,train,snow,csd
train/2243,../raw/snow/csd/Train/Snow/2243.tif,../raw/snow/csd/Train/Gt/2243.tif,train,snow,csd
train/2244,../raw/snow/csd/Train/Snow/2244.tif,../raw/snow/csd/Train/Gt/2244.tif,train,snow,csd
train/2245,../raw/snow/csd/Train/Snow/2245.tif,../raw/snow/csd/Train/Gt/2245.tif,val,snow,csd
train/2246,../raw/snow/csd/Train/Snow/2246.tif,../raw/snow/csd/Train/Gt/2246.tif,train,snow,csd
train/2247,../raw/snow/csd/Train/Snow/2247.tif,../raw/snow/csd/Train/Gt/2247.tif,train,snow,csd
train/2248,../raw/snow/csd/Train/Snow/2248.tif,../raw/snow/csd/Train/Gt/2248.tif,train,snow,csd
train/2249,../raw/snow/csd/Train/Snow/2249.tif,../raw/snow/csd/Train/Gt/2249.tif,train,snow,csd
train/225,../raw/snow/csd/Train/Snow/225.tif,../raw/snow/csd/Train/Gt/225.tif,train,snow,csd
train/2250,../raw/snow/csd/Train/Snow/2250.tif,../raw/snow/csd/Train/Gt/2250.tif,train,snow,csd
train/2251,../raw/snow/csd/Train/Snow/2251.tif,../raw/snow/csd/Train/Gt/2251.tif,train,snow,csd
train/2252,../raw/snow/csd/Train/Snow/2252.tif,../raw/snow/csd/Train/Gt/2252.tif,train,snow,csd
train/2253,../raw/snow/csd/Train/Snow/2253.tif,../raw/snow/csd/Train/Gt/2253.tif,train,snow,csd
train/2254,../raw/snow/csd/Train/Snow/2254.tif,../raw/snow/csd/Train/Gt/2254.tif,train,snow,csd
train/2255,../raw/snow/csd/Train/Snow/2255.tif,../raw/snow/csd/Train/Gt/2255.tif,train,snow,csd
train/2256,../raw/snow/csd/Train/Snow/2256.tif,../raw/snow/csd/Train/Gt/2256.tif,train,snow,csd
train/2257,../raw/snow/csd/Train/Snow/2257.tif,../raw/snow/csd/Train/Gt/2257.tif,val,snow,csd
train/2258,../raw/snow/csd/Train/Snow/2258.tif,../raw/snow/csd/Train/Gt/2258.tif,train,snow,csd
train/2259,../raw/snow/csd/Train/Snow/2259.tif,../raw/snow/csd/Train/Gt/2259.tif,train,snow,csd
train/226,../raw/snow/csd/Train/Snow/226.tif,../raw/snow/csd/Train/Gt/226.tif,train,snow,csd
train/2260,../raw/snow/csd/Train/Snow/2260.tif,../raw/snow/csd/Train/Gt/2260.tif,train,snow,csd
train/2261,../raw/snow/csd/Train/Snow/2261.tif,../raw/snow/csd/Train/Gt/2261.tif,train,snow,csd
train/2262,../raw/snow/csd/Train/Snow/2262.tif,../raw/snow/csd/Train/Gt/2262.tif,train,snow,csd
train/2263,../raw/snow/csd/Train/Snow/2263.tif,../raw/snow/csd/Train/Gt/2263.tif,train,snow,csd
train/2264,../raw/snow/csd/Train/Snow/2264.tif,../raw/snow/csd/Train/Gt/2264.tif,train,snow,csd
train/2265,../raw/snow/csd/Train/Snow/2265.tif,../raw/snow/csd/Train/Gt/2265.tif,train,snow,csd
train/2266,../raw/snow/csd/Train/Snow/2266.tif,../raw/snow/csd/Train/Gt/2266.tif,train,snow,csd
train/2267,../raw/snow/csd/Train/Snow/2267.tif,../raw/snow/csd/Train/Gt/2267.tif,train,snow,csd
train/2268,../raw/snow/csd/Train/Snow/2268.tif,../raw/snow/csd/Train/Gt/2268.tif,train,snow,csd
train/2269,../raw/snow/csd/Train/Snow/2269.tif,../raw/snow/csd/Train/Gt/2269.tif,train,snow,csd
train/227,../raw/snow/csd/Train/Snow/227.tif,../raw/snow/csd/Train/Gt/227.tif,train,snow,csd
train/2270,../raw/snow/csd/Train/Snow/2270.tif,../raw/snow/csd/Train/Gt/2270.tif,train,snow,csd
train/2271,../raw/snow/csd/Train/Snow/2271.tif,../raw/snow/csd/Train/Gt/2271.tif,train,snow,csd
train/2272,../raw/snow/csd/Train/Snow/2272.tif,../raw/snow/csd/Train/Gt/2272.tif,train,snow,csd
train/2273,../raw/snow/csd/Train/Snow/2273.tif,../raw/snow/csd/Train/Gt/2273.tif,train,snow,csd
train/2274,../raw/snow/csd/Train/Snow/2274.tif,../raw/snow/csd/Train/Gt/2274.tif,train,snow,csd
train/2275,../raw/snow/csd/Train/Snow/2275.tif,../raw/snow/csd/Train/Gt/2275.tif,train,snow,csd
train/2276,../raw/snow/csd/Train/Snow/2276.tif,../raw/snow/csd/Train/Gt/2276.tif,train,snow,csd
train/2277,../raw/snow/csd/Train/Snow/2277.tif,../raw/snow/csd/Train/Gt/2277.tif,train,snow,csd
train/2278,../raw/snow/csd/Train/Snow/2278.tif,../raw/snow/csd/Train/Gt/2278.tif,train,snow,csd
train/2279,../raw/snow/csd/Train/Snow/2279.tif,../raw/snow/csd/Train/Gt/2279.tif,train,snow,csd
train/228,../raw/snow/csd/Train/Snow/228.tif,../raw/snow/csd/Train/Gt/228.tif,val,snow,csd
train/2280,../raw/snow/csd/Train/Snow/2280.tif,../raw/snow/csd/Train/Gt/2280.tif,train,snow,csd
train/2281,../raw/snow/csd/Train/Snow/2281.tif,../raw/snow/csd/Train/Gt/2281.tif,train,snow,csd
train/2282,../raw/snow/csd/Train/Snow/2282.tif,../raw/snow/csd/Train/Gt/2282.tif,train,snow,csd
train/2283,../raw/snow/csd/Train/Snow/2283.tif,../raw/snow/csd/Train/Gt/2283.tif,train,snow,csd
train/2284,../raw/snow/csd/Train/Snow/2284.tif,../raw/snow/csd/Train/Gt/2284.tif,train,snow,csd
train/2285,../raw/snow/csd/Train/Snow/2285.tif,../raw/snow/csd/Train/Gt/2285.tif,train,snow,csd
train/2286,../raw/snow/csd/Train/Snow/2286.tif,../raw/snow/csd/Train/Gt/2286.tif,train,snow,csd
train/2287,../raw/snow/csd/Train/Snow/2287.tif,../raw/snow/csd/Train/Gt/2287.tif,train,snow,csd
train/2288,../raw/snow/csd/Train/Snow/2288.tif,../raw/snow/csd/Train/Gt/2288.tif,train,snow,csd
train/2289,../raw/snow/csd/Train/Snow/2289.tif,../raw/snow/csd/Train/Gt/2289.tif,train,snow,csd
train/229,../raw/snow/csd/Train/Snow/229.tif,../raw/snow/csd/Train/Gt/229.tif,train,snow,csd
train/2290,../raw/snow/csd/Train/Snow/2290.tif,../raw/snow/csd/Train/Gt/2290.tif,train,snow,csd
train/2291,../raw/snow/csd/Train/Snow/2291.tif,../raw/snow/csd/Train/Gt/2291.tif,train,snow,csd
train/2292,../raw/snow/csd/Train/Snow/2292.tif,../raw/snow/csd/Train/Gt/2292.tif,train,snow,csd
train/2293,../raw/snow/csd/Train/Snow/2293.tif,../raw/snow/csd/Train/Gt/2293.tif,train,snow,csd
train/2294,../raw/snow/csd/Train/Snow/2294.tif,../raw/snow/csd/Train/Gt/2294.tif,train,snow,csd
train/2295,../raw/snow/csd/Train/Snow/2295.tif,../raw/snow/csd/Train/Gt/2295.tif,train,snow,csd
train/2296,../raw/snow/csd/Train/Snow/2296.tif,../raw/snow/csd/Train/Gt/2296.tif,train,snow,csd
train/2297,../raw/snow/csd/Train/Snow/2297.tif,../raw/snow/csd/Train/Gt/2297.tif,train,snow,csd
train/2298,../raw/snow/csd/Train/Snow/2298.tif,../raw/snow/csd/Train/Gt/2298.tif,train,snow,csd
train/2299,../raw/snow/csd/Train/Snow/2299.tif,../raw/snow/csd/Train/Gt/2299.tif,train,snow,csd
train/23,../raw/snow/csd/Train/Snow/23.tif,../raw/snow/csd/Train/Gt/23.tif,train,snow,csd
train/230,../raw/snow/csd/Train/Snow/230.tif,../raw/snow/csd/Train/Gt/230.tif,train,snow,csd
train/2300,../raw/snow/csd/Train/Snow/2300.tif,../raw/snow/csd/Train/Gt/2300.tif,train,snow,csd
train/2301,../raw/snow/csd/Train/Snow/2301.tif,../raw/snow/csd/Train/Gt/2301.tif,val,snow,csd
train/2302,../raw/snow/csd/Train/Snow/2302.tif,../raw/snow/csd/Train/Gt/2302.tif,train,snow,csd
train/2303,../raw/snow/csd/Train/Snow/2303.tif,../raw/snow/csd/Train/Gt/2303.tif,train,snow,csd
train/2304,../raw/snow/csd/Train/Snow/2304.tif,../raw/snow/csd/Train/Gt/2304.tif,train,snow,csd
train/2305,../raw/snow/csd/Train/Snow/2305.tif,../raw/snow/csd/Train/Gt/2305.tif,train,snow,csd
train/2306,../raw/snow/csd/Train/Snow/2306.tif,../raw/snow/csd/Train/Gt/2306.tif,train,snow,csd
train/2307,../raw/snow/csd/Train/Snow/2307.tif,../raw/snow/csd/Train/Gt/2307.tif,train,snow,csd
train/2308,../raw/snow/csd/Train/Snow/2308.tif,../raw/snow/csd/Train/Gt/2308.tif,val,snow,csd
train/2309,../raw/snow/csd/Train/Snow/2309.tif,../raw/snow/csd/Train/Gt/2309.tif,train,snow,csd
train/231,../raw/snow/csd/Train/Snow/231.tif,../raw/snow/csd/Train/Gt/231.tif,train,snow,csd
train/2310,../raw/snow/csd/Train/Snow/2310.tif,../raw/snow/csd/Train/Gt/2310.tif,train,snow,csd
train/2311,../raw/snow/csd/Train/Snow/2311.tif,../raw/snow/csd/Train/Gt/2311.tif,val,snow,csd
train/2312,../raw/snow/csd/Train/Snow/2312.tif,../raw/snow/csd/Train/Gt/2312.tif,train,snow,csd
train/2313,../raw/snow/csd/Train/Snow/2313.tif,../raw/snow/csd/Train/Gt/2313.tif,val,snow,csd
train/2314,../raw/snow/csd/Train/Snow/2314.tif,../raw/snow/csd/Train/Gt/2314.tif,train,snow,csd
train/2315,../raw/snow/csd/Train/Snow/2315.tif,../raw/snow/csd/Train/Gt/2315.tif,train,snow,csd
train/2316,../raw/snow/csd/Train/Snow/2316.tif,../raw/snow/csd/Train/Gt/2316.tif,train,snow,csd
train/2317,../raw/snow/csd/Train/Snow/2317.tif,../raw/snow/csd/Train/Gt/2317.tif,train,snow,csd
train/2318,../raw/snow/csd/Train/Snow/2318.tif,../raw/snow/csd/Train/Gt/2318.tif,train,snow,csd
train/2319,../raw/snow/csd/Train/Snow/2319.tif,../raw/snow/csd/Train/Gt/2319.tif,train,snow,csd
train/232,../raw/snow/csd/Train/Snow/232.tif,../raw/snow/csd/Train/Gt/232.tif,train,snow,csd
train/2320,../raw/snow/csd/Train/Snow/2320.tif,../raw/snow/csd/Train/Gt/2320.tif,train,snow,csd
train/2321,../raw/snow/csd/Train/Snow/2321.tif,../raw/snow/csd/Train/Gt/2321.tif,train,snow,csd
train/2322,../raw/snow/csd/Train/Snow/2322.tif,../raw/snow/csd/Train/Gt/2322.tif,train,snow,csd
train/2323,../raw/snow/csd/Train/Snow/2323.tif,../raw/snow/csd/Train/Gt/2323.tif,train,snow,csd
train/2324,../raw/snow/csd/Train/Snow/2324.tif,../raw/snow/csd/Train/Gt/2324.tif,train,snow,csd
train/2325,../raw/snow/csd/Train/Snow/2325.tif,../raw/snow/csd/Train/Gt/2325.tif,train,snow,csd
train/2326,../raw/snow/csd/Train/Snow/2326.tif,../raw/snow/csd/Train/Gt/2326.tif,val,snow,csd
train/2327,../raw/snow/csd/Train/Snow/2327.tif,../raw/snow/csd/Train/Gt/2327.tif,train,snow,csd
train/2328,../raw/snow/csd/Train/Snow/2328.tif,../raw/snow/csd/Train/Gt/2328.tif,train,snow,csd
train/2329,../raw/snow/csd/Train/Snow/2329.tif,../raw/snow/csd/Train/Gt/2329.tif,val,snow,csd
train/233,../raw/snow/csd/Train/Snow/233.tif,../raw/snow/csd/Train/Gt/233.tif,train,snow,csd
train/2330,../raw/snow/csd/Train/Snow/2330.tif,../raw/snow/csd/Train/Gt/2330.tif,train,snow,csd
train/2331,../raw/snow/csd/Train/Snow/2331.tif,../raw/snow/csd/Train/Gt/2331.tif,train,snow,csd
train/2332,../raw/snow/csd/Train/Snow/2332.tif,../raw/snow/csd/Train/Gt/2332.tif,val,snow,csd
train/2333,../raw/snow/csd/Train/Snow/2333.tif,../raw/snow/csd/Train/Gt/2333.tif,train,snow,csd
train/2334,../raw/snow/csd/Train/Snow/2334.tif,../raw/snow/csd/Train/Gt/2334.tif,train,snow,csd
train/2335,../raw/snow/csd/Train/Snow/2335.tif,../raw/snow/csd/Train/Gt/2335.tif,train,snow,csd
train/2336,../raw/snow/csd/Train/Snow/2336.tif,../raw/snow/csd/Train/Gt/2336.tif,train,snow,csd
train/2337,../raw/snow/csd/Train/Snow/2337.tif,../raw/snow/csd/Train/Gt/2337.tif,train,snow,csd
train/2338,../raw/snow/csd/Train/Snow/2338.tif,../raw/snow/csd/Train/Gt/2338.tif,train,snow,csd
train/2339,../raw/snow/csd/Train/Snow/2339.tif,../raw/snow/csd/Train/Gt/2339.tif,train,snow,csd
train/234,../raw/snow/csd/Train/Snow/234.tif,../raw/snow/csd/Train/Gt/234.tif,train,snow,csd
train/2340,../raw/snow/csd/Train/Snow/2340.tif,../raw/snow/csd/Train/Gt/2340.tif,train,snow,csd
train/2341,../raw/snow/csd/Train/Snow/2341.tif,../raw/snow/csd/Train/Gt/2341.tif,train,snow,csd
train/2342,../raw/snow/csd/Train/Snow/2342.tif,../raw/snow/csd/Train/Gt/2342.tif,train,snow,csd
train/2343,../raw/snow/csd/Train/Snow/2343.tif,../raw/snow/csd/Train/Gt/2343.tif,val,snow,csd
train/2344,../raw/snow/csd/Train/Snow/2344.tif,../raw/snow/csd/Train/Gt/2344.tif,train,snow,csd
train/2345,../raw/snow/csd/Train/Snow/2345.tif,../raw/snow/csd/Train/Gt/2345.tif,train,snow,csd
train/2346,../raw/snow/csd/Train/Snow/2346.tif,../raw/snow/csd/Train/Gt/2346.tif,train,snow,csd
train/2347,../raw/snow/csd/Train/Snow/2347.tif,../raw/snow/csd/Train/Gt/2347.tif,train,snow,csd
train/2348,../raw/snow/csd/Train/Snow/2348.tif,../raw/snow/csd/Train/Gt/2348.tif,train,snow,csd
train/2349,../raw/snow/csd/Train/Snow/2349.tif,../raw/snow/csd/Train/Gt/2349.tif,train,snow,csd
train/235,../raw/snow/csd/Train/Snow/235.tif,../raw/snow/csd/Train/Gt/235.tif,train,snow,csd
train/2350,../raw/snow/csd/Train/Snow/2350.tif,../raw/snow/csd/Train/Gt/2350.tif,train,snow,csd
train/2351,../raw/snow/csd/Train/Snow/2351.tif,../raw/snow/csd/Train/Gt/2351.tif,train,snow,csd
train/2352,../raw/snow/csd/Train/Snow/2352.tif,../raw/snow/csd/Train/Gt/2352.tif,train,snow,csd
train/2353,../raw/snow/csd/Train/Snow/2353.tif,../raw/snow/csd/Train/Gt/2353.tif,val,snow,csd
train/2354,../raw/snow/csd/Train/Snow/2354.tif,../raw/snow/csd/Train/Gt/2354.tif,train,snow,csd
train/2355,../raw/snow/csd/Train/Snow/2355.tif,../raw/snow/csd/Train/Gt/2355.tif,train,snow,csd
train/2356,../raw/snow/csd/Train/Snow/2356.tif,../raw/snow/csd/Train/Gt/2356.tif,train,snow,csd
train/2357,../raw/snow/csd/Train/Snow/2357.tif,../raw/snow/csd/Train/Gt/2357.tif,train,snow,csd
train/2358,../raw/snow/csd/Train/Snow/2358.tif,../raw/snow/csd/Train/Gt/2358.tif,train,snow,csd
train/2359,../raw/snow/csd/Train/Snow/2359.tif,../raw/snow/csd/Train/Gt/2359.tif,train,snow,csd
train/236,../raw/snow/csd/Train/Snow/236.tif,../raw/snow/csd/Train/Gt/236.tif,train,snow,csd
train/2360,../raw/snow/csd/Train/Snow/2360.tif,../raw/snow/csd/Train/Gt/2360.tif,train,snow,csd
train/2361,../raw/snow/csd/Train/Snow/2361.tif,../raw/snow/csd/Train/Gt/2361.tif,train,snow,csd
train/2362,../raw/snow/csd/Train/Snow/2362.tif,../raw/snow/csd/Train/Gt/2362.tif,train,snow,csd
train/2363,../raw/snow/csd/Train/Snow/2363.tif,../raw/snow/csd/Train/Gt/2363.tif,train,snow,csd
train/2364,../raw/snow/csd/Train/Snow/2364.tif,../raw/snow/csd/Train/Gt/2364.tif,train,snow,csd
train/2365,../raw/snow/csd/Train/Snow/2365.tif,../raw/snow/csd/Train/Gt/2365.tif,train,snow,csd
train/2366,../raw/snow/csd/Train/Snow/2366.tif,../raw/snow/csd/Train/Gt/2366.tif,train,snow,csd
train/2367,../raw/snow/csd/Train/Snow/2367.tif,../raw/snow/csd/Train/Gt/2367.tif,train,snow,csd
train/2368,../raw/snow/csd/Train/Snow/2368.tif,../raw/snow/csd/Train/Gt/2368.tif,train,snow,csd
train/2369,../raw/snow/csd/Train/Snow/2369.tif,../raw/snow/csd/Train/Gt/2369.tif,train,snow,csd
train/237,../raw/snow/csd/Train/Snow/237.tif,../raw/snow/csd/Train/Gt/237.tif,train,snow,csd
train/2370,../raw/snow/csd/Train/Snow/2370.tif,../raw/snow/csd/Train/Gt/2370.tif,train,snow,csd
train/2371,../raw/snow/csd/Train/Snow/2371.tif,../raw/snow/csd/Train/Gt/2371.tif,train,snow,csd
train/2372,../raw/snow/csd/Train/Snow/2372.tif,../raw/snow/csd/Train/Gt/2372.tif,train,snow,csd
train/2373,../raw/snow/csd/Train/Snow/2373.tif,../raw/snow/csd/Train/Gt/2373.tif,train,snow,csd
train/2374,../raw/snow/csd/Train/Snow/2374.tif,../raw/snow/csd/Train/Gt/2374.tif,train,snow,csd
train/2375,../raw/snow/csd/Train/Snow/2375.tif,../raw/snow/csd/Train/Gt/2375.tif,train,snow,csd
train/2376,../raw/snow/csd/Train/Snow/2376.tif,../raw/snow/csd/Train/Gt/2376.tif,train,snow,csd
train/2377,../raw/snow/csd/Train/Snow/2377.tif,../raw/snow/csd/Train/Gt/2377.tif,train,snow,csd
train/2378,../raw/snow/csd/Train/Snow/2378.tif,../raw/snow/csd/Train/Gt/2378.tif,train,snow,csd
train/2379,../raw/snow/csd/Train/Snow/2379.tif,../raw/snow/csd/Train/Gt/2379.tif,train,snow,csd
train/238,../raw/snow/csd/Train/Snow/238.tif,../raw/snow/csd/Train/Gt/238.tif,train,snow,csd
train/2380,../raw/snow/csd/Train/Snow/2380.tif,../raw/snow/csd/Train/Gt/2380.tif,train,snow,csd
train/2381,../raw/snow/csd/Train/Snow/2381.tif,../raw/snow/csd/Train/Gt/2381.tif,train,snow,csd
train/2382,../raw/snow/csd/Train/Snow/2382.tif,../raw/snow/csd/Train/Gt/2382.tif,train,snow,csd
train/2383,../raw/snow/csd/Train/Snow/2383.tif,../raw/snow/csd/Train/Gt/2383.tif,train,snow,csd
train/2384,../raw/snow/csd/Train/Snow/2384.tif,../raw/snow/csd/Train/Gt/2384.tif,train,snow,csd
train/2385,../raw/snow/csd/Train/Snow/2385.tif,../raw/snow/csd/Train/Gt/2385.tif,train,snow,csd
train/2386,../raw/snow/csd/Train/Snow/2386.tif,../raw/snow/csd/Train/Gt/2386.tif,train,snow,csd
train/2387,../raw/snow/csd/Train/Snow/2387.tif,../raw/snow/csd/Train/Gt/2387.tif,train,snow,csd
train/2388,../raw/snow/csd/Train/Snow/2388.tif,../raw/snow/csd/Train/Gt/2388.tif,train,snow,csd
train/2389,../raw/snow/csd/Train/Snow/2389.tif,../raw/snow/csd/Train/Gt/2389.tif,train,snow,csd
train/239,../raw/snow/csd/Train/Snow/239.tif,../raw/snow/csd/Train/Gt/239.tif,train,snow,csd
train/2390,../raw/snow/csd/Train/Snow/2390.tif,../raw/snow/csd/Train/Gt/2390.tif,train,snow,csd
train/2391,../raw/snow/csd/Train/Snow/2391.tif,../raw/snow/csd/Train/Gt/2391.tif,train,snow,csd
train/2392,../raw/snow/csd/Train/Snow/2392.tif,../raw/snow/csd/Train/Gt/2392.tif,train,snow,csd
train/2393,../raw/snow/csd/Train/Snow/2393.tif,../raw/snow/csd/Train/Gt/2393.tif,train,snow,csd
train/2394,../raw/snow/csd/Train/Snow/2394.tif,../raw/snow/csd/Train/Gt/2394.tif,train,snow,csd
train/2395,../raw/snow/csd/Train/Snow/2395.tif,../raw/snow/csd/Train/Gt/2395.tif,train,snow,csd
train/2396,../raw/snow/csd/Train/Snow/2396.tif,../raw/snow/csd/Train/Gt/2396.tif,train,snow,csd
train/2397,../raw/snow/csd/Train/Snow/2397.tif,../raw/snow/csd/Train/Gt/2397.tif,train,snow,csd
train/2398,../raw/snow/csd/Train/Snow/2398.tif,../raw/snow/csd/Train/Gt/2398.tif,val,snow,csd
train/2399,../raw/snow/csd/Train/Snow/2399.tif,../raw/snow/csd/Train/Gt/2399.tif,train,snow,csd
train/24,../raw/snow/csd/Train/Snow/24.tif,../raw/snow/csd/Train/Gt/24.tif,train,snow,csd
train/240,../raw/snow/csd/Train/Snow/240.tif,../raw/snow/csd/Train/Gt/240.tif,train,snow,csd
train/2400,../raw/snow/csd/Train/Snow/2400.tif,../raw/snow/csd/Train/Gt/2400.tif,train,snow,csd
train/2401,../raw/snow/csd/Train/Snow/2401.tif,../raw/snow/csd/Train/Gt/2401.tif,train,snow,csd
train/2402,../raw/snow/csd/Train/Snow/2402.tif,../raw/snow/csd/Train/Gt/2402.tif,train,snow,csd
train/2403,../raw/snow/csd/Train/Snow/2403.tif,../raw/snow/csd/Train/Gt/2403.tif,train,snow,csd
train/2404,../raw/snow/csd/Train/Snow/2404.tif,../raw/snow/csd/Train/Gt/2404.tif,val,snow,csd
train/2405,../raw/snow/csd/Train/Snow/2405.tif,../raw/snow/csd/Train/Gt/2405.tif,val,snow,csd
train/2406,../raw/snow/csd/Train/Snow/2406.tif,../raw/snow/csd/Train/Gt/2406.tif,train,snow,csd
train/2407,../raw/snow/csd/Train/Snow/2407.tif,../raw/snow/csd/Train/Gt/2407.tif,train,snow,csd
train/2408,../raw/snow/csd/Train/Snow/2408.tif,../raw/snow/csd/Train/Gt/2408.tif,train,snow,csd
train/2409,../raw/snow/csd/Train/Snow/2409.tif,../raw/snow/csd/Train/Gt/2409.tif,train,snow,csd
train/241,../raw/snow/csd/Train/Snow/241.tif,../raw/snow/csd/Train/Gt/241.tif,train,snow,csd
train/2410,../raw/snow/csd/Train/Snow/2410.tif,../raw/snow/csd/Train/Gt/2410.tif,train,snow,csd
train/2411,../raw/snow/csd/Train/Snow/2411.tif,../raw/snow/csd/Train/Gt/2411.tif,train,snow,csd
train/2412,../raw/snow/csd/Train/Snow/2412.tif,../raw/snow/csd/Train/Gt/2412.tif,train,snow,csd
train/2413,../raw/snow/csd/Train/Snow/2413.tif,../raw/snow/csd/Train/Gt/2413.tif,train,snow,csd
train/2414,../raw/snow/csd/Train/Snow/2414.tif,../raw/snow/csd/Train/Gt/2414.tif,train,snow,csd
train/2415,../raw/snow/csd/Train/Snow/2415.tif,../raw/snow/csd/Train/Gt/2415.tif,train,snow,csd
train/2416,../raw/snow/csd/Train/Snow/2416.tif,../raw/snow/csd/Train/Gt/2416.tif,train,snow,csd
train/2417,../raw/snow/csd/Train/Snow/2417.tif,../raw/snow/csd/Train/Gt/2417.tif,val,snow,csd
train/2418,../raw/snow/csd/Train/Snow/2418.tif,../raw/snow/csd/Train/Gt/2418.tif,train,snow,csd
train/2419,../raw/snow/csd/Train/Snow/2419.tif,../raw/snow/csd/Train/Gt/2419.tif,val,snow,csd
train/242,../raw/snow/csd/Train/Snow/242.tif,../raw/snow/csd/Train/Gt/242.tif,train,snow,csd
train/2420,../raw/snow/csd/Train/Snow/2420.tif,../raw/snow/csd/Train/Gt/2420.tif,val,snow,csd
train/2421,../raw/snow/csd/Train/Snow/2421.tif,../raw/snow/csd/Train/Gt/2421.tif,train,snow,csd
train/2422,../raw/snow/csd/Train/Snow/2422.tif,../raw/snow/csd/Train/Gt/2422.tif,train,snow,csd
train/2423,../raw/snow/csd/Train/Snow/2423.tif,../raw/snow/csd/Train/Gt/2423.tif,train,snow,csd
train/2424,../raw/snow/csd/Train/Snow/2424.tif,../raw/snow/csd/Train/Gt/2424.tif,val,snow,csd
train/2425,../raw/snow/csd/Train/Snow/2425.tif,../raw/snow/csd/Train/Gt/2425.tif,train,snow,csd
train/2426,../raw/snow/csd/Train/Snow/2426.tif,../raw/snow/csd/Train/Gt/2426.tif,train,snow,csd
train/2427,../raw/snow/csd/Train/Snow/2427.tif,../raw/snow/csd/Train/Gt/2427.tif,train,snow,csd
train/2428,../raw/snow/csd/Train/Snow/2428.tif,../raw/snow/csd/Train/Gt/2428.tif,train,snow,csd
train/2429,../raw/snow/csd/Train/Snow/2429.tif,../raw/snow/csd/Train/Gt/2429.tif,train,snow,csd
train/243,../raw/snow/csd/Train/Snow/243.tif,../raw/snow/csd/Train/Gt/243.tif,train,snow,csd
train/2430,../raw/snow/csd/Train/Snow/2430.tif,../raw/snow/csd/Train/Gt/2430.tif,train,snow,csd
train/2431,../raw/snow/csd/Train/Snow/2431.tif,../raw/snow/csd/Train/Gt/2431.tif,val,snow,csd
train/2432,../raw/snow/csd/Train/Snow/2432.tif,../raw/snow/csd/Train/Gt/2432.tif,train,snow,csd
train/2433,../raw/snow/csd/Train/Snow/2433.tif,../raw/snow/csd/Train/Gt/2433.tif,train,snow,csd
train/2434,../raw/snow/csd/Train/Snow/2434.tif,../raw/snow/csd/Train/Gt/2434.tif,train,snow,csd
train/2435,../raw/snow/csd/Train/Snow/2435.tif,../raw/snow/csd/Train/Gt/2435.tif,train,snow,csd
train/2436,../raw/snow/csd/Train/Snow/2436.tif,../raw/snow/csd/Train/Gt/2436.tif,train,snow,csd
train/2437,../raw/snow/csd/Train/Snow/2437.tif,../raw/snow/csd/Train/Gt/2437.tif,train,snow,csd
train/2438,../raw/snow/csd/Train/Snow/2438.tif,../raw/snow/csd/Train/Gt/2438.tif,train,snow,csd
train/2439,../raw/snow/csd/Train/Snow/2439.tif,../raw/snow/csd/Train/Gt/2439.tif,train,snow,csd
train/244,../raw/snow/csd/Train/Snow/244.tif,../raw/snow/csd/Train/Gt/244.tif,train,snow,csd
train/2440,../raw/snow/csd/Train/Snow/2440.tif,../raw/snow/csd/Train/Gt/2440.tif,train,snow,csd
train/2441,../raw/snow/csd/Train/Snow/2441.tif,../raw/snow/csd/Train/Gt/2441.tif,train,snow,csd
train/2442,../raw/snow/csd/Train/Snow/2442.tif,../raw/snow/csd/Train/Gt/2442.tif,train,snow,csd
train/2443,../raw/snow/csd/Train/Snow/2443.tif,../raw/snow/csd/Train/Gt/2443.tif,train,snow,csd
train/2444,../raw/snow/csd/Train/Snow/2444.tif,../raw/snow/csd/Train/Gt/2444.tif,train,snow,csd
train/2445,../raw/snow/csd/Train/Snow/2445.tif,../raw/snow/csd/Train/Gt/2445.tif,train,snow,csd
train/2446,../raw/snow/csd/Train/Snow/2446.tif,../raw/snow/csd/Train/Gt/2446.tif,train,snow,csd
train/2447,../raw/snow/csd/Train/Snow/2447.tif,../raw/snow/csd/Train/Gt/2447.tif,train,snow,csd
train/2448,../raw/snow/csd/Train/Snow/2448.tif,../raw/snow/csd/Train/Gt/2448.tif,train,snow,csd
train/2449,../raw/snow/csd/Train/Snow/2449.tif,../raw/snow/csd/Train/Gt/2449.tif,val,snow,csd
train/245,../raw/snow/csd/Train/Snow/245.tif,../raw/snow/csd/Train/Gt/245.tif,train,snow,csd
train/2450,../raw/snow/csd/Train/Snow/2450.tif,../raw/snow/csd/Train/Gt/2450.tif,train,snow,csd
train/2451,../raw/snow/csd/Train/Snow/2451.tif,../raw/snow/csd/Train/Gt/2451.tif,train,snow,csd
train/2452,../raw/snow/csd/Train/Snow/2452.tif,../raw/snow/csd/Train/Gt/2452.tif,train,snow,csd
train/2453,../raw/snow/csd/Train/Snow/2453.tif,../raw/snow/csd/Train/Gt/2453.tif,train,snow,csd
train/2454,../raw/snow/csd/Train/Snow/2454.tif,../raw/snow/csd/Train/Gt/2454.tif,train,snow,csd
train/2455,../raw/snow/csd/Train/Snow/2455.tif,../raw/snow/csd/Train/Gt/2455.tif,train,snow,csd
train/2456,../raw/snow/csd/Train/Snow/2456.tif,../raw/snow/csd/Train/Gt/2456.tif,train,snow,csd
train/2457,../raw/snow/csd/Train/Snow/2457.tif,../raw/snow/csd/Train/Gt/2457.tif,val,snow,csd
train/2458,../raw/snow/csd/Train/Snow/2458.tif,../raw/snow/csd/Train/Gt/2458.tif,train,snow,csd
train/2459,../raw/snow/csd/Train/Snow/2459.tif,../raw/snow/csd/Train/Gt/2459.tif,train,snow,csd
train/246,../raw/snow/csd/Train/Snow/246.tif,../raw/snow/csd/Train/Gt/246.tif,train,snow,csd
train/2460,../raw/snow/csd/Train/Snow/2460.tif,../raw/snow/csd/Train/Gt/2460.tif,train,snow,csd
train/2461,../raw/snow/csd/Train/Snow/2461.tif,../raw/snow/csd/Train/Gt/2461.tif,train,snow,csd
train/2462,../raw/snow/csd/Train/Snow/2462.tif,../raw/snow/csd/Train/Gt/2462.tif,train,snow,csd
train/2463,../raw/snow/csd/Train/Snow/2463.tif,../raw/snow/csd/Train/Gt/2463.tif,train,snow,csd
train/2464,../raw/snow/csd/Train/Snow/2464.tif,../raw/snow/csd/Train/Gt/2464.tif,train,snow,csd
train/2465,../raw/snow/csd/Train/Snow/2465.tif,../raw/snow/csd/Train/Gt/2465.tif,train,snow,csd
train/2466,../raw/snow/csd/Train/Snow/2466.tif,../raw/snow/csd/Train/Gt/2466.tif,val,snow,csd
train/2467,../raw/snow/csd/Train/Snow/2467.tif,../raw/snow/csd/Train/Gt/2467.tif,train,snow,csd
train/2468,../raw/snow/csd/Train/Snow/2468.tif,../raw/snow/csd/Train/Gt/2468.tif,val,snow,csd
train/2469,../raw/snow/csd/Train/Snow/2469.tif,../raw/snow/csd/Train/Gt/2469.tif,val,snow,csd
train/247,../raw/snow/csd/Train/Snow/247.tif,../raw/snow/csd/Train/Gt/247.tif,val,snow,csd
train/2470,../raw/snow/csd/Train/Snow/2470.tif,../raw/snow/csd/Train/Gt/2470.tif,train,snow,csd
train/2471,../raw/snow/csd/Train/Snow/2471.tif,../raw/snow/csd/Train/Gt/2471.tif,train,snow,csd
train/2472,../raw/snow/csd/Train/Snow/2472.tif,../raw/snow/csd/Train/Gt/2472.tif,train,snow,csd
train/2473,../raw/snow/csd/Train/Snow/2473.tif,../raw/snow/csd/Train/Gt/2473.tif,train,snow,csd
train/2474,../raw/snow/csd/Train/Snow/2474.tif,../raw/snow/csd/Train/Gt/2474.tif,train,snow,csd
train/2475,../raw/snow/csd/Train/Snow/2475.tif,../raw/snow/csd/Train/Gt/2475.tif,train,snow,csd
train/2476,../raw/snow/csd/Train/Snow/2476.tif,../raw/snow/csd/Train/Gt/2476.tif,train,snow,csd
train/2477,../raw/snow/csd/Train/Snow/2477.tif,../raw/snow/csd/Train/Gt/2477.tif,val,snow,csd
train/2478,../raw/snow/csd/Train/Snow/2478.tif,../raw/snow/csd/Train/Gt/2478.tif,train,snow,csd
train/2479,../raw/snow/csd/Train/Snow/2479.tif,../raw/snow/csd/Train/Gt/2479.tif,train,snow,csd
train/248,../raw/snow/csd/Train/Snow/248.tif,../raw/snow/csd/Train/Gt/248.tif,train,snow,csd
train/2480,../raw/snow/csd/Train/Snow/2480.tif,../raw/snow/csd/Train/Gt/2480.tif,train,snow,csd
train/2481,../raw/snow/csd/Train/Snow/2481.tif,../raw/snow/csd/Train/Gt/2481.tif,train,snow,csd
train/2482,../raw/snow/csd/Train/Snow/2482.tif,../raw/snow/csd/Train/Gt/2482.tif,train,snow,csd
train/2483,../raw/snow/csd/Train/Snow/2483.tif,../raw/snow/csd/Train/Gt/2483.tif,train,snow,csd
train/2484,../raw/snow/csd/Train/Snow/2484.tif,../raw/snow/csd/Train/Gt/2484.tif,train,snow,csd
train/2485,../raw/snow/csd/Train/Snow/2485.tif,../raw/snow/csd/Train/Gt/2485.tif,train,snow,csd
train/2486,../raw/snow/csd/Train/Snow/2486.tif,../raw/snow/csd/Train/Gt/2486.tif,train,snow,csd
train/2487,../raw/snow/csd/Train/Snow/2487.tif,../raw/snow/csd/Train/Gt/2487.tif,train,snow,csd
train/2488,../raw/snow/csd/Train/Snow/2488.tif,../raw/snow/csd/Train/Gt/2488.tif,train,snow,csd
train/2489,../raw/snow/csd/Train/Snow/2489.tif,../raw/snow/csd/Train/Gt/2489.tif,train,snow,csd
train/249,../raw/snow/csd/Train/Snow/249.tif,../raw/snow/csd/Train/Gt/249.tif,train,snow,csd
train/2490,../raw/snow/csd/Train/Snow/2490.tif,../raw/snow/csd/Train/Gt/2490.tif,train,snow,csd
train/2491,../raw/snow/csd/Train/Snow/2491.tif,../raw/snow/csd/Train/Gt/2491.tif,val,snow,csd
train/2492,../raw/snow/csd/Train/Snow/2492.tif,../raw/snow/csd/Train/Gt/2492.tif,train,snow,csd
train/2493,../raw/snow/csd/Train/Snow/2493.tif,../raw/snow/csd/Train/Gt/2493.tif,train,snow,csd
train/2494,../raw/snow/csd/Train/Snow/2494.tif,../raw/snow/csd/Train/Gt/2494.tif,val,snow,csd
train/2495,../raw/snow/csd/Train/Snow/2495.tif,../raw/snow/csd/Train/Gt/2495.tif,train,snow,csd
train/2496,../raw/snow/csd/Train/Snow/2496.tif,../raw/snow/csd/Train/Gt/2496.tif,train,snow,csd
train/2497,../raw/snow/csd/Train/Snow/2497.tif,../raw/snow/csd/Train/Gt/2497.tif,train,snow,csd
train/2498,../raw/snow/csd/Train/Snow/2498.tif,../raw/snow/csd/Train/Gt/2498.tif,train,snow,csd
train/2499,../raw/snow/csd/Train/Snow/2499.tif,../raw/snow/csd/Train/Gt/2499.tif,train,snow,csd
train/25,../raw/snow/csd/Train/Snow/25.tif,../raw/snow/csd/Train/Gt/25.tif,train,snow,csd
train/250,../raw/snow/csd/Train/Snow/250.tif,../raw/snow/csd/Train/Gt/250.tif,train,snow,csd
train/2500,../raw/snow/csd/Train/Snow/2500.tif,../raw/snow/csd/Train/Gt/2500.tif,train,snow,csd
train/2501,../raw/snow/csd/Train/Snow/2501.tif,../raw/snow/csd/Train/Gt/2501.tif,train,snow,csd
train/2502,../raw/snow/csd/Train/Snow/2502.tif,../raw/snow/csd/Train/Gt/2502.tif,train,snow,csd
train/2503,../raw/snow/csd/Train/Snow/2503.tif,../raw/snow/csd/Train/Gt/2503.tif,train,snow,csd
train/2504,../raw/snow/csd/Train/Snow/2504.tif,../raw/snow/csd/Train/Gt/2504.tif,train,snow,csd
train/2505,../raw/snow/csd/Train/Snow/2505.tif,../raw/snow/csd/Train/Gt/2505.tif,train,snow,csd
train/2506,../raw/snow/csd/Train/Snow/2506.tif,../raw/snow/csd/Train/Gt/2506.tif,train,snow,csd
train/2507,../raw/snow/csd/Train/Snow/2507.tif,../raw/snow/csd/Train/Gt/2507.tif,train,snow,csd
train/2508,../raw/snow/csd/Train/Snow/2508.tif,../raw/snow/csd/Train/Gt/2508.tif,train,snow,csd
train/2509,../raw/snow/csd/Train/Snow/2509.tif,../raw/snow/csd/Train/Gt/2509.tif,train,snow,csd
train/251,../raw/snow/csd/Train/Snow/251.tif,../raw/snow/csd/Train/Gt/251.tif,train,snow,csd
train/2510,../raw/snow/csd/Train/Snow/2510.tif,../raw/snow/csd/Train/Gt/2510.tif,train,snow,csd
train/2511,../raw/snow/csd/Train/Snow/2511.tif,../raw/snow/csd/Train/Gt/2511.tif,train,snow,csd
train/2512,../raw/snow/csd/Train/Snow/2512.tif,../raw/snow/csd/Train/Gt/2512.tif,val,snow,csd
train/2513,../raw/snow/csd/Train/Snow/2513.tif,../raw/snow/csd/Train/Gt/2513.tif,train,snow,csd
train/2514,../raw/snow/csd/Train/Snow/2514.tif,../raw/snow/csd/Train/Gt/2514.tif,val,snow,csd
train/2515,../raw/snow/csd/Train/Snow/2515.tif,../raw/snow/csd/Train/Gt/2515.tif,train,snow,csd
train/2516,../raw/snow/csd/Train/Snow/2516.tif,../raw/snow/csd/Train/Gt/2516.tif,train,snow,csd
train/2517,../raw/snow/csd/Train/Snow/2517.tif,../raw/snow/csd/Train/Gt/2517.tif,train,snow,csd
train/2518,../raw/snow/csd/Train/Snow/2518.tif,../raw/snow/csd/Train/Gt/2518.tif,train,snow,csd
train/2519,../raw/snow/csd/Train/Snow/2519.tif,../raw/snow/csd/Train/Gt/2519.tif,val,snow,csd
train/252,../raw/snow/csd/Train/Snow/252.tif,../raw/snow/csd/Train/Gt/252.tif,train,snow,csd
train/2520,../raw/snow/csd/Train/Snow/2520.tif,../raw/snow/csd/Train/Gt/2520.tif,train,snow,csd
train/2521,../raw/snow/csd/Train/Snow/2521.tif,../raw/snow/csd/Train/Gt/2521.tif,train,snow,csd
train/2522,../raw/snow/csd/Train/Snow/2522.tif,../raw/snow/csd/Train/Gt/2522.tif,train,snow,csd
train/2523,../raw/snow/csd/Train/Snow/2523.tif,../raw/snow/csd/Train/Gt/2523.tif,train,snow,csd
train/2524,../raw/snow/csd/Train/Snow/2524.tif,../raw/snow/csd/Train/Gt/2524.tif,train,snow,csd
train/2525,../raw/snow/csd/Train/Snow/2525.tif,../raw/snow/csd/Train/Gt/2525.tif,train,snow,csd
train/2526,../raw/snow/csd/Train/Snow/2526.tif,../raw/snow/csd/Train/Gt/2526.tif,train,snow,csd
train/2527,../raw/snow/csd/Train/Snow/2527.tif,../raw/snow/csd/Train/Gt/2527.tif,train,snow,csd
train/2528,../raw/snow/csd/Train/Snow/2528.tif,../raw/snow/csd/Train/Gt/2528.tif,train,snow,csd
train/2529,../raw/snow/csd/Train/Snow/2529.tif,../raw/snow/csd/Train/Gt/2529.tif,train,snow,csd
train/253,../raw/snow/csd/Train/Snow/253.tif,../raw/snow/csd/Train/Gt/253.tif,train,snow,csd
train/2530,../raw/snow/csd/Train/Snow/2530.tif,../raw/snow/csd/Train/Gt/2530.tif,val,snow,csd
train/2531,../raw/snow/csd/Train/Snow/2531.tif,../raw/snow/csd/Train/Gt/2531.tif,train,snow,csd
train/2532,../raw/snow/csd/Train/Snow/2532.tif,../raw/snow/csd/Train/Gt/2532.tif,train,snow,csd
train/2533,../raw/snow/csd/Train/Snow/2533.tif,../raw/snow/csd/Train/Gt/2533.tif,train,snow,csd
train/2534,../raw/snow/csd/Train/Snow/2534.tif,../raw/snow/csd/Train/Gt/2534.tif,train,snow,csd
train/2535,../raw/snow/csd/Train/Snow/2535.tif,../raw/snow/csd/Train/Gt/2535.tif,train,snow,csd
train/2536,../raw/snow/csd/Train/Snow/2536.tif,../raw/snow/csd/Train/Gt/2536.tif,train,snow,csd
train/2537,../raw/snow/csd/Train/Snow/2537.tif,../raw/snow/csd/Train/Gt/2537.tif,train,snow,csd
train/2538,../raw/snow/csd/Train/Snow/2538.tif,../raw/snow/csd/Train/Gt/2538.tif,val,snow,csd
train/2539,../raw/snow/csd/Train/Snow/2539.tif,../raw/snow/csd/Train/Gt/2539.tif,train,snow,csd
train/254,../raw/snow/csd/Train/Snow/254.tif,../raw/snow/csd/Train/Gt/254.tif,train,snow,csd
train/2540,../raw/snow/csd/Train/Snow/2540.tif,../raw/snow/csd/Train/Gt/2540.tif,train,snow,csd
train/2541,../raw/snow/csd/Train/Snow/2541.tif,../raw/snow/csd/Train/Gt/2541.tif,train,snow,csd
train/2542,../raw/snow/csd/Train/Snow/2542.tif,../raw/snow/csd/Train/Gt/2542.tif,train,snow,csd
train/2543,../raw/snow/csd/Train/Snow/2543.tif,../raw/snow/csd/Train/Gt/2543.tif,train,snow,csd
train/2544,../raw/snow/csd/Train/Snow/2544.tif,../raw/snow/csd/Train/Gt/2544.tif,train,snow,csd
train/2545,../raw/snow/csd/Train/Snow/2545.tif,../raw/snow/csd/Train/Gt/2545.tif,train,snow,csd
train/2546,../raw/snow/csd/Train/Snow/2546.tif,../raw/snow/csd/Train/Gt/2546.tif,train,snow,csd
train/2547,../raw/snow/csd/Train/Snow/2547.tif,../raw/snow/csd/Train/Gt/2547.tif,train,snow,csd
train/2548,../raw/snow/csd/Train/Snow/2548.tif,../raw/snow/csd/Train/Gt/2548.tif,train,snow,csd
train/2549,../raw/snow/csd/Train/Snow/2549.tif,../raw/snow/csd/Train/Gt/2549.tif,train,snow,csd
train/255,../raw/snow/csd/Train/Snow/255.tif,../raw/snow/csd/Train/Gt/255.tif,train,snow,csd
train/2550,../raw/snow/csd/Train/Snow/2550.tif,../raw/snow/csd/Train/Gt/2550.tif,train,snow,csd
train/2551,../raw/snow/csd/Train/Snow/2551.tif,../raw/snow/csd/Train/Gt/2551.tif,train,snow,csd
train/2552,../raw/snow/csd/Train/Snow/2552.tif,../raw/snow/csd/Train/Gt/2552.tif,train,snow,csd
train/2553,../raw/snow/csd/Train/Snow/2553.tif,../raw/snow/csd/Train/Gt/2553.tif,val,snow,csd
train/2554,../raw/snow/csd/Train/Snow/2554.tif,../raw/snow/csd/Train/Gt/2554.tif,train,snow,csd
train/2555,../raw/snow/csd/Train/Snow/2555.tif,../raw/snow/csd/Train/Gt/2555.tif,train,snow,csd
train/2556,../raw/snow/csd/Train/Snow/2556.tif,../raw/snow/csd/Train/Gt/2556.tif,train,snow,csd
train/2557,../raw/snow/csd/Train/Snow/2557.tif,../raw/snow/csd/Train/Gt/2557.tif,train,snow,csd
train/2558,../raw/snow/csd/Train/Snow/2558.tif,../raw/snow/csd/Train/Gt/2558.tif,val,snow,csd
train/2559,../raw/snow/csd/Train/Snow/2559.tif,../raw/snow/csd/Train/Gt/2559.tif,train,snow,csd
train/256,../raw/snow/csd/Train/Snow/256.tif,../raw/snow/csd/Train/Gt/256.tif,train,snow,csd
train/2560,../raw/snow/csd/Train/Snow/2560.tif,../raw/snow/csd/Train/Gt/2560.tif,train,snow,csd
train/2561,../raw/snow/csd/Train/Snow/2561.tif,../raw/snow/csd/Train/Gt/2561.tif,train,snow,csd
train/2562,../raw/snow/csd/Train/Snow/2562.tif,../raw/snow/csd/Train/Gt/2562.tif,train,snow,csd
train/2563,../raw/snow/csd/Train/Snow/2563.tif,../raw/snow/csd/Train/Gt/2563.tif,train,snow,csd
train/2564,../raw/snow/csd/Train/Snow/2564.tif,../raw/snow/csd/Train/Gt/2564.tif,train,snow,csd
train/2565,../raw/snow/csd/Train/Snow/2565.tif,../raw/snow/csd/Train/Gt/2565.tif,train,snow,csd
train/2566,../raw/snow/csd/Train/Snow/2566.tif,../raw/snow/csd/Train/Gt/2566.tif,train,snow,csd
train/2567,../raw/snow/csd/Train/Snow/2567.tif,../raw/snow/csd/Train/Gt/2567.tif,train,snow,csd
train/2568,../raw/snow/csd/Train/Snow/2568.tif,../raw/snow/csd/Train/Gt/2568.tif,train,snow,csd
train/2569,../raw/snow/csd/Train/Snow/2569.tif,../raw/snow/csd/Train/Gt/2569.tif,train,snow,csd
train/257,../raw/snow/csd/Train/Snow/257.tif,../raw/snow/csd/Train/Gt/257.tif,train,snow,csd
train/2570,../raw/snow/csd/Train/Snow/2570.tif,../raw/snow/csd/Train/Gt/2570.tif,train,snow,csd
train/2571,../raw/snow/csd/Train/Snow/2571.tif,../raw/snow/csd/Train/Gt/2571.tif,train,snow,csd
train/2572,../raw/snow/csd/Train/Snow/2572.tif,../raw/snow/csd/Train/Gt/2572.tif,train,snow,csd
train/2573,../raw/snow/csd/Train/Snow/2573.tif,../raw/snow/csd/Train/Gt/2573.tif,train,snow,csd
train/2574,../raw/snow/csd/Train/Snow/2574.tif,../raw/snow/csd/Train/Gt/2574.tif,train,snow,csd
train/2575,../raw/snow/csd/Train/Snow/2575.tif,../raw/snow/csd/Train/Gt/2575.tif,train,snow,csd
train/2576,../raw/snow/csd/Train/Snow/2576.tif,../raw/snow/csd/Train/Gt/2576.tif,train,snow,csd
train/2577,../raw/snow/csd/Train/Snow/2577.tif,../raw/snow/csd/Train/Gt/2577.tif,train,snow,csd
train/2578,../raw/snow/csd/Train/Snow/2578.tif,../raw/snow/csd/Train/Gt/2578.tif,train,snow,csd
train/2579,../raw/snow/csd/Train/Snow/2579.tif,../raw/snow/csd/Train/Gt/2579.tif,train,snow,csd
train/258,../raw/snow/csd/Train/Snow/258.tif,../raw/snow/csd/Train/Gt/258.tif,val,snow,csd
train/2580,../raw/snow/csd/Train/Snow/2580.tif,../raw/snow/csd/Train/Gt/2580.tif,train,snow,csd
train/2581,../raw/snow/csd/Train/Snow/2581.tif,../raw/snow/csd/Train/Gt/2581.tif,train,snow,csd
train/2582,../raw/snow/csd/Train/Snow/2582.tif,../raw/snow/csd/Train/Gt/2582.tif,train,snow,csd
train/2583,../raw/snow/csd/Train/Snow/2583.tif,../raw/snow/csd/Train/Gt/2583.tif,train,snow,csd
train/2584,../raw/snow/csd/Train/Snow/2584.tif,../raw/snow/csd/Train/Gt/2584.tif,train,snow,csd
train/2585,../raw/snow/csd/Train/Snow/2585.tif,../raw/snow/csd/Train/Gt/2585.tif,train,snow,csd
train/2586,../raw/snow/csd/Train/Snow/2586.tif,../raw/snow/csd/Train/Gt/2586.tif,val,snow,csd
train/2587,../raw/snow/csd/Train/Snow/2587.tif,../raw/snow/csd/Train/Gt/2587.tif,train,snow,csd
train/2588,../raw/snow/csd/Train/Snow/2588.tif,../raw/snow/csd/Train/Gt/2588.tif,train,snow,csd
train/2589,../raw/snow/csd/Train/Snow/2589.tif,../raw/snow/csd/Train/Gt/2589.tif,train,snow,csd
train/259,../raw/snow/csd/Train/Snow/259.tif,../raw/snow/csd/Train/Gt/259.tif,train,snow,csd
train/2590,../raw/snow/csd/Train/Snow/2590.tif,../raw/snow/csd/Train/Gt/2590.tif,train,snow,csd
train/2591,../raw/snow/csd/Train/Snow/2591.tif,../raw/snow/csd/Train/Gt/2591.tif,train,snow,csd
train/2592,../raw/snow/csd/Train/Snow/2592.tif,../raw/snow/csd/Train/Gt/2592.tif,train,snow,csd
train/2593,../raw/snow/csd/Train/Snow/2593.tif,../raw/snow/csd/Train/Gt/2593.tif,train,snow,csd
train/2594,../raw/snow/csd/Train/Snow/2594.tif,../raw/snow/csd/Train/Gt/2594.tif,train,snow,csd
train/2595,../raw/snow/csd/Train/Snow/2595.tif,../raw/snow/csd/Train/Gt/2595.tif,train,snow,csd
train/2596,../raw/snow/csd/Train/Snow/2596.tif,../raw/snow/csd/Train/Gt/2596.tif,train,snow,csd
train/2597,../raw/snow/csd/Train/Snow/2597.tif,../raw/snow/csd/Train/Gt/2597.tif,val,snow,csd
train/2598,../raw/snow/csd/Train/Snow/2598.tif,../raw/snow/csd/Train/Gt/2598.tif,train,snow,csd
train/2599,../raw/snow/csd/Train/Snow/2599.tif,../raw/snow/csd/Train/Gt/2599.tif,train,snow,csd
train/26,../raw/snow/csd/Train/Snow/26.tif,../raw/snow/csd/Train/Gt/26.tif,train,snow,csd
train/260,../raw/snow/csd/Train/Snow/260.tif,../raw/snow/csd/Train/Gt/260.tif,train,snow,csd
train/2600,../raw/snow/csd/Train/Snow/2600.tif,../raw/snow/csd/Train/Gt/2600.tif,train,snow,csd
train/2601,../raw/snow/csd/Train/Snow/2601.tif,../raw/snow/csd/Train/Gt/2601.tif,train,snow,csd
train/2602,../raw/snow/csd/Train/Snow/2602.tif,../raw/snow/csd/Train/Gt/2602.tif,train,snow,csd
train/2603,../raw/snow/csd/Train/Snow/2603.tif,../raw/snow/csd/Train/Gt/2603.tif,train,snow,csd
train/2604,../raw/snow/csd/Train/Snow/2604.tif,../raw/snow/csd/Train/Gt/2604.tif,train,snow,csd
train/2605,../raw/snow/csd/Train/Snow/2605.tif,../raw/snow/csd/Train/Gt/2605.tif,train,snow,csd
train/2606,../raw/snow/csd/Train/Snow/2606.tif,../raw/snow/csd/Train/Gt/2606.tif,train,snow,csd
train/2607,../raw/snow/csd/Train/Snow/2607.tif,../raw/snow/csd/Train/Gt/2607.tif,train,snow,csd
train/2608,../raw/snow/csd/Train/Snow/2608.tif,../raw/snow/csd/Train/Gt/2608.tif,train,snow,csd
train/2609,../raw/snow/csd/Train/Snow/2609.tif,../raw/snow/csd/Train/Gt/2609.tif,train,snow,csd
train/261,../raw/snow/csd/Train/Snow/261.tif,../raw/snow/csd/Train/Gt/261.tif,train,snow,csd
train/2610,../raw/snow/csd/Train/Snow/2610.tif,../raw/snow/csd/Train/Gt/2610.tif,train,snow,csd
train/2611,../raw/snow/csd/Train/Snow/2611.tif,../raw/snow/csd/Train/Gt/2611.tif,val,snow,csd
train/2612,../raw/snow/csd/Train/Snow/2612.tif,../raw/snow/csd/Train/Gt/2612.tif,train,snow,csd
train/2613,../raw/snow/csd/Train/Snow/2613.tif,../raw/snow/csd/Train/Gt/2613.tif,train,snow,csd
train/2614,../raw/snow/csd/Train/Snow/2614.tif,../raw/snow/csd/Train/Gt/2614.tif,train,snow,csd
train/2615,../raw/snow/csd/Train/Snow/2615.tif,../raw/snow/csd/Train/Gt/2615.tif,train,snow,csd
train/2616,../raw/snow/csd/Train/Snow/2616.tif,../raw/snow/csd/Train/Gt/2616.tif,train,snow,csd
train/2617,../raw/snow/csd/Train/Snow/2617.tif,../raw/snow/csd/Train/Gt/2617.tif,train,snow,csd
train/2618,../raw/snow/csd/Train/Snow/2618.tif,../raw/snow/csd/Train/Gt/2618.tif,train,snow,csd
train/2619,../raw/snow/csd/Train/Snow/2619.tif,../raw/snow/csd/Train/Gt/2619.tif,train,snow,csd
train/262,../raw/snow/csd/Train/Snow/262.tif,../raw/snow/csd/Train/Gt/262.tif,train,snow,csd
train/2620,../raw/snow/csd/Train/Snow/2620.tif,../raw/snow/csd/Train/Gt/2620.tif,train,snow,csd
train/2621,../raw/snow/csd/Train/Snow/2621.tif,../raw/snow/csd/Train/Gt/2621.tif,train,snow,csd
train/2622,../raw/snow/csd/Train/Snow/2622.tif,../raw/snow/csd/Train/Gt/2622.tif,train,snow,csd
train/2623,../raw/snow/csd/Train/Snow/2623.tif,../raw/snow/csd/Train/Gt/2623.tif,train,snow,csd
train/2624,../raw/snow/csd/Train/Snow/2624.tif,../raw/snow/csd/Train/Gt/2624.tif,train,snow,csd
train/2625,../raw/snow/csd/Train/Snow/2625.tif,../raw/snow/csd/Train/Gt/2625.tif,train,snow,csd
train/2626,../raw/snow/csd/Train/Snow/2626.tif,../raw/snow/csd/Train/Gt/2626.tif,train,snow,csd
train/2627,../raw/snow/csd/Train/Snow/2627.tif,../raw/snow/csd/Train/Gt/2627.tif,train,snow,csd
train/2628,../raw/snow/csd/Train/Snow/2628.tif,../raw/snow/csd/Train/Gt/2628.tif,train,snow,csd
train/2629,../raw/snow/csd/Train/Snow/2629.tif,../raw/snow/csd/Train/Gt/2629.tif,train,snow,csd
train/263,../raw/snow/csd/Train/Snow/263.tif,../raw/snow/csd/Train/Gt/263.tif,val,snow,csd
train/2630,../raw/snow/csd/Train/Snow/2630.tif,../raw/snow/csd/Train/Gt/2630.tif,train,snow,csd
train/2631,../raw/snow/csd/Train/Snow/2631.tif,../raw/snow/csd/Train/Gt/2631.tif,train,snow,csd
train/2632,../raw/snow/csd/Train/Snow/2632.tif,../raw/snow/csd/Train/Gt/2632.tif,train,snow,csd
train/2633,../raw/snow/csd/Train/Snow/2633.tif,../raw/snow/csd/Train/Gt/2633.tif,train,snow,csd
train/2634,../raw/snow/csd/Train/Snow/2634.tif,../raw/snow/csd/Train/Gt/2634.tif,val,snow,csd
train/2635,../raw/snow/csd/Train/Snow/2635.tif,../raw/snow/csd/Train/Gt/2635.tif,train,snow,csd
train/2636,../raw/snow/csd/Train/Snow/2636.tif,../raw/snow/csd/Train/Gt/2636.tif,train,snow,csd
train/2637,../raw/snow/csd/Train/Snow/2637.tif,../raw/snow/csd/Train/Gt/2637.tif,train,snow,csd
train/2638,../raw/snow/csd/Train/Snow/2638.tif,../raw/snow/csd/Train/Gt/2638.tif,train,snow,csd
train/2639,../raw/snow/csd/Train/Snow/2639.tif,../raw/snow/csd/Train/Gt/2639.tif,train,snow,csd
train/264,../raw/snow/csd/Train/Snow/264.tif,../raw/snow/csd/Train/Gt/264.tif,train,snow,csd
train/2640,../raw/snow/csd/Train/Snow/2640.tif,../raw/snow/csd/Train/Gt/2640.tif,train,snow,csd
train/2641,../raw/snow/csd/Train/Snow/2641.tif,../raw/snow/csd/Train/Gt/2641.tif,train,snow,csd
train/2642,../raw/snow/csd/Train/Snow/2642.tif,../raw/snow/csd/Train/Gt/2642.tif,train,snow,csd
train/2643,../raw/snow/csd/Train/Snow/2643.tif,../raw/snow/csd/Train/Gt/2643.tif,train,snow,csd
train/2644,../raw/snow/csd/Train/Snow/2644.tif,../raw/snow/csd/Train/Gt/2644.tif,train,snow,csd
train/2645,../raw/snow/csd/Train/Snow/2645.tif,../raw/snow/csd/Train/Gt/2645.tif,train,snow,csd
train/2646,../raw/snow/csd/Train/Snow/2646.tif,../raw/snow/csd/Train/Gt/2646.tif,train,snow,csd
train/2647,../raw/snow/csd/Train/Snow/2647.tif,../raw/snow/csd/Train/Gt/2647.tif,train,snow,csd
train/2648,../raw/snow/csd/Train/Snow/2648.tif,../raw/snow/csd/Train/Gt/2648.tif,val,snow,csd
train/2649,../raw/snow/csd/Train/Snow/2649.tif,../raw/snow/csd/Train/Gt/2649.tif,train,snow,csd
train/265,../raw/snow/csd/Train/Snow/265.tif,../raw/snow/csd/Train/Gt/265.tif,train,snow,csd
train/2650,../raw/snow/csd/Train/Snow/2650.tif,../raw/snow/csd/Train/Gt/2650.tif,val,snow,csd
train/2651,../raw/snow/csd/Train/Snow/2651.tif,../raw/snow/csd/Train/Gt/2651.tif,train,snow,csd
train/2652,../raw/snow/csd/Train/Snow/2652.tif,../raw/snow/csd/Train/Gt/2652.tif,train,snow,csd
train/2653,../raw/snow/csd/Train/Snow/2653.tif,../raw/snow/csd/Train/Gt/2653.tif,train,snow,csd
train/2654,../raw/snow/csd/Train/Snow/2654.tif,../raw/snow/csd/Train/Gt/2654.tif,train,snow,csd
train/2655,../raw/snow/csd/Train/Snow/2655.tif,../raw/snow/csd/Train/Gt/2655.tif,train,snow,csd
train/2656,../raw/snow/csd/Train/Snow/2656.tif,../raw/snow/csd/Train/Gt/2656.tif,train,snow,csd
train/2657,../raw/snow/csd/Train/Snow/2657.tif,../raw/snow/csd/Train/Gt/2657.tif,train,snow,csd
train/2658,../raw/snow/csd/Train/Snow/2658.tif,../raw/snow/csd/Train/Gt/2658.tif,val,snow,csd
train/2659,../raw/snow/csd/Train/Snow/2659.tif,../raw/snow/csd/Train/Gt/2659.tif,train,snow,csd
train/266,../raw/snow/csd/Train/Snow/266.tif,../raw/snow/csd/Train/Gt/266.tif,train,snow,csd
train/2660,../raw/snow/csd/Train/Snow/2660.tif,../raw/snow/csd/Train/Gt/2660.tif,train,snow,csd
train/2661,../raw/snow/csd/Train/Snow/2661.tif,../raw/snow/csd/Train/Gt/2661.tif,train,snow,csd
train/2662,../raw/snow/csd/Train/Snow/2662.tif,../raw/snow/csd/Train/Gt/2662.tif,train,snow,csd
train/2663,../raw/snow/csd/Train/Snow/2663.tif,../raw/snow/csd/Train/Gt/2663.tif,train,snow,csd
train/2664,../raw/snow/csd/Train/Snow/2664.tif,../raw/snow/csd/Train/Gt/2664.tif,train,snow,csd
train/2665,../raw/snow/csd/Train/Snow/2665.tif,../raw/snow/csd/Train/Gt/2665.tif,train,snow,csd
train/2666,../raw/snow/csd/Train/Snow/2666.tif,../raw/snow/csd/Train/Gt/2666.tif,train,snow,csd
train/2667,../raw/snow/csd/Train/Snow/2667.tif,../raw/snow/csd/Train/Gt/2667.tif,train,snow,csd
train/2668,../raw/snow/csd/Train/Snow/2668.tif,../raw/snow/csd/Train/Gt/2668.tif,train,snow,csd
train/2669,../raw/snow/csd/Train/Snow/2669.tif,../raw/snow/csd/Train/Gt/2669.tif,train,snow,csd
train/267,../raw/snow/csd/Train/Snow/267.tif,../raw/snow/csd/Train/Gt/267.tif,train,snow,csd
train/2670,../raw/snow/csd/Train/Snow/2670.tif,../raw/snow/csd/Train/Gt/2670.tif,train,snow,csd
train/2671,../raw/snow/csd/Train/Snow/2671.tif,../raw/snow/csd/Train/Gt/2671.tif,train,snow,csd
train/2672,../raw/snow/csd/Train/Snow/2672.tif,../raw/snow/csd/Train/Gt/2672.tif,train,snow,csd
train/2673,../raw/snow/csd/Train/Snow/2673.tif,../raw/snow/csd/Train/Gt/2673.tif,train,snow,csd
train/2674,../raw/snow/csd/Train/Snow/2674.tif,../raw/snow/csd/Train/Gt/2674.tif,train,snow,csd
train/2675,../raw/snow/csd/Train/Snow/2675.tif,../raw/snow/csd/Train/Gt/2675.tif,train,snow,csd
train/2676,../raw/snow/csd/Train/Snow/2676.tif,../raw/snow/csd/Train/Gt/2676.tif,train,snow,csd
train/2677,../raw/snow/csd/Train/Snow/2677.tif,../raw/snow/csd/Train/Gt/2677.tif,train,snow,csd
train/2678,../raw/snow/csd/Train/Snow/2678.tif,../raw/snow/csd/Train/Gt/2678.tif,train,snow,csd
train/2679,../raw/snow/csd/Train/Snow/2679.tif,../raw/snow/csd/Train/Gt/2679.tif,train,snow,csd
train/268,../raw/snow/csd/Train/Snow/268.tif,../raw/snow/csd/Train/Gt/268.tif,train,snow,csd
train/2680,../raw/snow/csd/Train/Snow/2680.tif,../raw/snow/csd/Train/Gt/2680.tif,train,snow,csd
train/2681,../raw/snow/csd/Train/Snow/2681.tif,../raw/snow/csd/Train/Gt/2681.tif,train,snow,csd
train/2682,../raw/snow/csd/Train/Snow/2682.tif,../raw/snow/csd/Train/Gt/2682.tif,train,snow,csd
train/2683,../raw/snow/csd/Train/Snow/2683.tif,../raw/snow/csd/Train/Gt/2683.tif,train,snow,csd
train/2684,../raw/snow/csd/Train/Snow/2684.tif,../raw/snow/csd/Train/Gt/2684.tif,train,snow,csd
train/2685,../raw/snow/csd/Train/Snow/2685.tif,../raw/snow/csd/Train/Gt/2685.tif,train,snow,csd
train/2686,../raw/snow/csd/Train/Snow/2686.tif,../raw/snow/csd/Train/Gt/2686.tif,train,snow,csd
train/2687,../raw/snow/csd/Train/Snow/2687.tif,../raw/snow/csd/Train/Gt/2687.tif,train,snow,csd
train/2688,../raw/snow/csd/Train/Snow/2688.tif,../raw/snow/csd/Train/Gt/2688.tif,train,snow,csd
train/2689,../raw/snow/csd/Train/Snow/2689.tif,../raw/snow/csd/Train/Gt/2689.tif,train,snow,csd
train/269,../raw/snow/csd/Train/Snow/269.tif,../raw/snow/csd/Train/Gt/269.tif,val,snow,csd
train/2690,../raw/snow/csd/Train/Snow/2690.tif,../raw/snow/csd/Train/Gt/2690.tif,train,snow,csd
train/2691,../raw/snow/csd/Train/Snow/2691.tif,../raw/snow/csd/Train/Gt/2691.tif,train,snow,csd
train/2692,../raw/snow/csd/Train/Snow/2692.tif,../raw/snow/csd/Train/Gt/2692.tif,train,snow,csd
train/2693,../raw/snow/csd/Train/Snow/2693.tif,../raw/snow/csd/Train/Gt/2693.tif,train,snow,csd
train/2694,../raw/snow/csd/Train/Snow/2694.tif,../raw/snow/csd/Train/Gt/2694.tif,val,snow,csd
train/2695,../raw/snow/csd/Train/Snow/2695.tif,../raw/snow/csd/Train/Gt/2695.tif,train,snow,csd
train/2696,../raw/snow/csd/Train/Snow/2696.tif,../raw/snow/csd/Train/Gt/2696.tif,train,snow,csd
train/2697,../raw/snow/csd/Train/Snow/2697.tif,../raw/snow/csd/Train/Gt/2697.tif,train,snow,csd
train/2698,../raw/snow/csd/Train/Snow/2698.tif,../raw/snow/csd/Train/Gt/2698.tif,train,snow,csd
train/2699,../raw/snow/csd/Train/Snow/2699.tif,../raw/snow/csd/Train/Gt/2699.tif,train,snow,csd
train/27,../raw/snow/csd/Train/Snow/27.tif,../raw/snow/csd/Train/Gt/27.tif,train,snow,csd
train/270,../raw/snow/csd/Train/Snow/270.tif,../raw/snow/csd/Train/Gt/270.tif,train,snow,csd
train/2700,../raw/snow/csd/Train/Snow/2700.tif,../raw/snow/csd/Train/Gt/2700.tif,train,snow,csd
train/2701,../raw/snow/csd/Train/Snow/2701.tif,../raw/snow/csd/Train/Gt/2701.tif,train,snow,csd
train/2702,../raw/snow/csd/Train/Snow/2702.tif,../raw/snow/csd/Train/Gt/2702.tif,train,snow,csd
train/2703,../raw/snow/csd/Train/Snow/2703.tif,../raw/snow/csd/Train/Gt/2703.tif,train,snow,csd
train/2704,../raw/snow/csd/Train/Snow/2704.tif,../raw/snow/csd/Train/Gt/2704.tif,train,snow,csd
train/2705,../raw/snow/csd/Train/Snow/2705.tif,../raw/snow/csd/Train/Gt/2705.tif,train,snow,csd
train/2706,../raw/snow/csd/Train/Snow/2706.tif,../raw/snow/csd/Train/Gt/2706.tif,train,snow,csd
train/2707,../raw/snow/csd/Train/Snow/2707.tif,../raw/snow/csd/Train/Gt/2707.tif,train,snow,csd
train/2708,../raw/snow/csd/Train/Snow/2708.tif,../raw/snow/csd/Train/Gt/2708.tif,train,snow,csd
train/2709,../raw/snow/csd/Train/Snow/2709.tif,../raw/snow/csd/Train/Gt/2709.tif,train,snow,csd
train/271,../raw/snow/csd/Train/Snow/271.tif,../raw/snow/csd/Train/Gt/271.tif,val,snow,csd
train/2710,../raw/snow/csd/Train/Snow/2710.tif,../raw/snow/csd/Train/Gt/2710.tif,train,snow,csd
train/2711,../raw/snow/csd/Train/Snow/2711.tif,../raw/snow/csd/Train/Gt/2711.tif,train,snow,csd
train/2712,../raw/snow/csd/Train/Snow/2712.tif,../raw/snow/csd/Train/Gt/2712.tif,val,snow,csd
train/2713,../raw/snow/csd/Train/Snow/2713.tif,../raw/snow/csd/Train/Gt/2713.tif,train,snow,csd
train/2714,../raw/snow/csd/Train/Snow/2714.tif,../raw/snow/csd/Train/Gt/2714.tif,val,snow,csd
train/2715,../raw/snow/csd/Train/Snow/2715.tif,../raw/snow/csd/Train/Gt/2715.tif,train,snow,csd
train/2716,../raw/snow/csd/Train/Snow/2716.tif,../raw/snow/csd/Train/Gt/2716.tif,train,snow,csd
train/2717,../raw/snow/csd/Train/Snow/2717.tif,../raw/snow/csd/Train/Gt/2717.tif,train,snow,csd
train/2718,../raw/snow/csd/Train/Snow/2718.tif,../raw/snow/csd/Train/Gt/2718.tif,train,snow,csd
train/2719,../raw/snow/csd/Train/Snow/2719.tif,../raw/snow/csd/Train/Gt/2719.tif,train,snow,csd
train/272,../raw/snow/csd/Train/Snow/272.tif,../raw/snow/csd/Train/Gt/272.tif,train,snow,csd
train/2720,../raw/snow/csd/Train/Snow/2720.tif,../raw/snow/csd/Train/Gt/2720.tif,train,snow,csd
train/2721,../raw/snow/csd/Train/Snow/2721.tif,../raw/snow/csd/Train/Gt/2721.tif,train,snow,csd
train/2722,../raw/snow/csd/Train/Snow/2722.tif,../raw/snow/csd/Train/Gt/2722.tif,train,snow,csd
train/2723,../raw/snow/csd/Train/Snow/2723.tif,../raw/snow/csd/Train/Gt/2723.tif,train,snow,csd
train/2724,../raw/snow/csd/Train/Snow/2724.tif,../raw/snow/csd/Train/Gt/2724.tif,train,snow,csd
train/2725,../raw/snow/csd/Train/Snow/2725.tif,../raw/snow/csd/Train/Gt/2725.tif,train,snow,csd
train/2726,../raw/snow/csd/Train/Snow/2726.tif,../raw/snow/csd/Train/Gt/2726.tif,val,snow,csd
train/2727,../raw/snow/csd/Train/Snow/2727.tif,../raw/snow/csd/Train/Gt/2727.tif,val,snow,csd
train/2728,../raw/snow/csd/Train/Snow/2728.tif,../raw/snow/csd/Train/Gt/2728.tif,train,snow,csd
train/2729,../raw/snow/csd/Train/Snow/2729.tif,../raw/snow/csd/Train/Gt/2729.tif,train,snow,csd
train/273,../raw/snow/csd/Train/Snow/273.tif,../raw/snow/csd/Train/Gt/273.tif,train,snow,csd
train/2730,../raw/snow/csd/Train/Snow/2730.tif,../raw/snow/csd/Train/Gt/2730.tif,train,snow,csd
train/2731,../raw/snow/csd/Train/Snow/2731.tif,../raw/snow/csd/Train/Gt/2731.tif,val,snow,csd
train/2732,../raw/snow/csd/Train/Snow/2732.tif,../raw/snow/csd/Train/Gt/2732.tif,train,snow,csd
train/2733,../raw/snow/csd/Train/Snow/2733.tif,../raw/snow/csd/Train/Gt/2733.tif,train,snow,csd
train/2734,../raw/snow/csd/Train/Snow/2734.tif,../raw/snow/csd/Train/Gt/2734.tif,train,snow,csd
train/2735,../raw/snow/csd/Train/Snow/2735.tif,../raw/snow/csd/Train/Gt/2735.tif,train,snow,csd
train/2736,../raw/snow/csd/Train/Snow/2736.tif,../raw/snow/csd/Train/Gt/2736.tif,train,snow,csd
train/2737,../raw/snow/csd/Train/Snow/2737.tif,../raw/snow/csd/Train/Gt/2737.tif,train,snow,csd
train/2738,../raw/snow/csd/Train/Snow/2738.tif,../raw/snow/csd/Train/Gt/2738.tif,val,snow,csd
train/2739,../raw/snow/csd/Train/Snow/2739.tif,../raw/snow/csd/Train/Gt/2739.tif,train,snow,csd
train/274,../raw/snow/csd/Train/Snow/274.tif,../raw/snow/csd/Train/Gt/274.tif,val,snow,csd
train/2740,../raw/snow/csd/Train/Snow/2740.tif,../raw/snow/csd/Train/Gt/2740.tif,train,snow,csd
train/2741,../raw/snow/csd/Train/Snow/2741.tif,../raw/snow/csd/Train/Gt/2741.tif,train,snow,csd
train/2742,../raw/snow/csd/Train/Snow/2742.tif,../raw/snow/csd/Train/Gt/2742.tif,train,snow,csd
train/2743,../raw/snow/csd/Train/Snow/2743.tif,../raw/snow/csd/Train/Gt/2743.tif,train,snow,csd
train/2744,../raw/snow/csd/Train/Snow/2744.tif,../raw/snow/csd/Train/Gt/2744.tif,train,snow,csd
train/2745,../raw/snow/csd/Train/Snow/2745.tif,../raw/snow/csd/Train/Gt/2745.tif,train,snow,csd
train/2746,../raw/snow/csd/Train/Snow/2746.tif,../raw/snow/csd/Train/Gt/2746.tif,train,snow,csd
train/2747,../raw/snow/csd/Train/Snow/2747.tif,../raw/snow/csd/Train/Gt/2747.tif,train,snow,csd
train/2748,../raw/snow/csd/Train/Snow/2748.tif,../raw/snow/csd/Train/Gt/2748.tif,train,snow,csd
train/2749,../raw/snow/csd/Train/Snow/2749.tif,../raw/snow/csd/Train/Gt/2749.tif,train,snow,csd
train/275,../raw/snow/csd/Train/Snow/275.tif,../raw/snow/csd/Train/Gt/275.tif,train,snow,csd
train/2750,../raw/snow/csd/Train/Snow/2750.tif,../raw/snow/csd/Train/Gt/2750.tif,train,snow,csd
train/2751,../raw/snow/csd/Train/Snow/2751.tif,../raw/snow/csd/Train/Gt/2751.tif,train,snow,csd
train/2752,../raw/snow/csd/Train/Snow/2752.tif,../raw/snow/csd/Train/Gt/2752.tif,train,snow,csd
train/2753,../raw/snow/csd/Train/Snow/2753.tif,../raw/snow/csd/Train/Gt/2753.tif,train,snow,csd
train/2754,../raw/snow/csd/Train/Snow/2754.tif,../raw/snow/csd/Train/Gt/2754.tif,train,snow,csd
train/2755,../raw/snow/csd/Train/Snow/2755.tif,../raw/snow/csd/Train/Gt/2755.tif,val,snow,csd
train/2756,../raw/snow/csd/Train/Snow/2756.tif,../raw/snow/csd/Train/Gt/2756.tif,train,snow,csd
train/2757,../raw/snow/csd/Train/Snow/2757.tif,../raw/snow/csd/Train/Gt/2757.tif,train,snow,csd
train/2758,../raw/snow/csd/Train/Snow/2758.tif,../raw/snow/csd/Train/Gt/2758.tif,train,snow,csd
train/2759,../raw/snow/csd/Train/Snow/2759.tif,../raw/snow/csd/Train/Gt/2759.tif,train,snow,csd
train/276,../raw/snow/csd/Train/Snow/276.tif,../raw/snow/csd/Train/Gt/276.tif,val,snow,csd
train/2760,../raw/snow/csd/Train/Snow/2760.tif,../raw/snow/csd/Train/Gt/2760.tif,train,snow,csd
train/2761,../raw/snow/csd/Train/Snow/2761.tif,../raw/snow/csd/Train/Gt/2761.tif,train,snow,csd
train/2762,../raw/snow/csd/Train/Snow/2762.tif,../raw/snow/csd/Train/Gt/2762.tif,train,snow,csd
train/2763,../raw/snow/csd/Train/Snow/2763.tif,../raw/snow/csd/Train/Gt/2763.tif,train,snow,csd
train/2764,../raw/snow/csd/Train/Snow/2764.tif,../raw/snow/csd/Train/Gt/2764.tif,train,snow,csd
train/2765,../raw/snow/csd/Train/Snow/2765.tif,../raw/snow/csd/Train/Gt/2765.tif,train,snow,csd
train/2766,../raw/snow/csd/Train/Snow/2766.tif,../raw/snow/csd/Train/Gt/2766.tif,train,snow,csd
train/2767,../raw/snow/csd/Train/Snow/2767.tif,../raw/snow/csd/Train/Gt/2767.tif,train,snow,csd
train/2768,../raw/snow/csd/Train/Snow/2768.tif,../raw/snow/csd/Train/Gt/2768.tif,train,snow,csd
train/2769,../raw/snow/csd/Train/Snow/2769.tif,../raw/snow/csd/Train/Gt/2769.tif,train,snow,csd
train/277,../raw/snow/csd/Train/Snow/277.tif,../raw/snow/csd/Train/Gt/277.tif,train,snow,csd
train/2770,../raw/snow/csd/Train/Snow/2770.tif,../raw/snow/csd/Train/Gt/2770.tif,train,snow,csd
train/2771,../raw/snow/csd/Train/Snow/2771.tif,../raw/snow/csd/Train/Gt/2771.tif,train,snow,csd
train/2772,../raw/snow/csd/Train/Snow/2772.tif,../raw/snow/csd/Train/Gt/2772.tif,train,snow,csd
train/2773,../raw/snow/csd/Train/Snow/2773.tif,../raw/snow/csd/Train/Gt/2773.tif,train,snow,csd
train/2774,../raw/snow/csd/Train/Snow/2774.tif,../raw/snow/csd/Train/Gt/2774.tif,train,snow,csd
train/2775,../raw/snow/csd/Train/Snow/2775.tif,../raw/snow/csd/Train/Gt/2775.tif,train,snow,csd
train/2776,../raw/snow/csd/Train/Snow/2776.tif,../raw/snow/csd/Train/Gt/2776.tif,train,snow,csd
train/2777,../raw/snow/csd/Train/Snow/2777.tif,../raw/snow/csd/Train/Gt/2777.tif,train,snow,csd
train/2778,../raw/snow/csd/Train/Snow/2778.tif,../raw/snow/csd/Train/Gt/2778.tif,train,snow,csd
train/2779,../raw/snow/csd/Train/Snow/2779.tif,../raw/snow/csd/Train/Gt/2779.tif,train,snow,csd
train/278,../raw/snow/csd/Train/Snow/278.tif,../raw/snow/csd/Train/Gt/278.tif,val,snow,csd
train/2780,../raw/snow/csd/Train/Snow/2780.tif,../raw/snow/csd/Train/Gt/2780.tif,train,snow,csd
train/2781,../raw/snow/csd/Train/Snow/2781.tif,../raw/snow/csd/Train/Gt/2781.tif,train,snow,csd
train/2782,../raw/snow/csd/Train/Snow/2782.tif,../raw/snow/csd/Train/Gt/2782.tif,train,snow,csd
train/2783,../raw/snow/csd/Train/Snow/2783.tif,../raw/snow/csd/Train/Gt/2783.tif,train,snow,csd
train/2784,../raw/snow/csd/Train/Snow/2784.tif,../raw/snow/csd/Train/Gt/2784.tif,train,snow,csd
train/2785,../raw/snow/csd/Train/Snow/2785.tif,../raw/snow/csd/Train/Gt/2785.tif,train,snow,csd
train/2786,../raw/snow/csd/Train/Snow/2786.tif,../raw/snow/csd/Train/Gt/2786.tif,train,snow,csd
train/2787,../raw/snow/csd/Train/Snow/2787.tif,../raw/snow/csd/Train/Gt/2787.tif,train,snow,csd
train/2788,../raw/snow/csd/Train/Snow/2788.tif,../raw/snow/csd/Train/Gt/2788.tif,train,snow,csd
train/2789,../raw/snow/csd/Train/Snow/2789.tif,../raw/snow/csd/Train/Gt/2789.tif,train,snow,csd
train/279,../raw/snow/csd/Train/Snow/279.tif,../raw/snow/csd/Train/Gt/279.tif,train,snow,csd
train/2790,../raw/snow/csd/Train/Snow/2790.tif,../raw/snow/csd/Train/Gt/2790.tif,val,snow,csd
train/2791,../raw/snow/csd/Train/Snow/2791.tif,../raw/snow/csd/Train/Gt/2791.tif,train,snow,csd
train/2792,../raw/snow/csd/Train/Snow/2792.tif,../raw/snow/csd/Train/Gt/2792.tif,train,snow,csd
train/2793,../raw/snow/csd/Train/Snow/2793.tif,../raw/snow/csd/Train/Gt/2793.tif,val,snow,csd
train/2794,../raw/snow/csd/Train/Snow/2794.tif,../raw/snow/csd/Train/Gt/2794.tif,train,snow,csd
train/2795,../raw/snow/csd/Train/Snow/2795.tif,../raw/snow/csd/Train/Gt/2795.tif,train,snow,csd
train/2796,../raw/snow/csd/Train/Snow/2796.tif,../raw/snow/csd/Train/Gt/2796.tif,train,snow,csd
train/2797,../raw/snow/csd/Train/Snow/2797.tif,../raw/snow/csd/Train/Gt/2797.tif,train,snow,csd
train/2798,../raw/snow/csd/Train/Snow/2798.tif,../raw/snow/csd/Train/Gt/2798.tif,train,snow,csd
train/2799,../raw/snow/csd/Train/Snow/2799.tif,../raw/snow/csd/Train/Gt/2799.tif,train,snow,csd
train/28,../raw/snow/csd/Train/Snow/28.tif,../raw/snow/csd/Train/Gt/28.tif,val,snow,csd
train/280,../raw/snow/csd/Train/Snow/280.tif,../raw/snow/csd/Train/Gt/280.tif,train,snow,csd
train/2800,../raw/snow/csd/Train/Snow/2800.tif,../raw/snow/csd/Train/Gt/2800.tif,train,snow,csd
train/2801,../raw/snow/csd/Train/Snow/2801.tif,../raw/snow/csd/Train/Gt/2801.tif,train,snow,csd
train/2802,../raw/snow/csd/Train/Snow/2802.tif,../raw/snow/csd/Train/Gt/2802.tif,train,snow,csd
train/2803,../raw/snow/csd/Train/Snow/2803.tif,../raw/snow/csd/Train/Gt/2803.tif,train,snow,csd
train/2804,../raw/snow/csd/Train/Snow/2804.tif,../raw/snow/csd/Train/Gt/2804.tif,train,snow,csd
train/2805,../raw/snow/csd/Train/Snow/2805.tif,../raw/snow/csd/Train/Gt/2805.tif,train,snow,csd
train/2806,../raw/snow/csd/Train/Snow/2806.tif,../raw/snow/csd/Train/Gt/2806.tif,train,snow,csd
train/2807,../raw/snow/csd/Train/Snow/2807.tif,../raw/snow/csd/Train/Gt/2807.tif,train,snow,csd
train/2808,../raw/snow/csd/Train/Snow/2808.tif,../raw/snow/csd/Train/Gt/2808.tif,train,snow,csd
train/2809,../raw/snow/csd/Train/Snow/2809.tif,../raw/snow/csd/Train/Gt/2809.tif,train,snow,csd
train/281,../raw/snow/csd/Train/Snow/281.tif,../raw/snow/csd/Train/Gt/281.tif,val,snow,csd
train/2810,../raw/snow/csd/Train/Snow/2810.tif,../raw/snow/csd/Train/Gt/2810.tif,train,snow,csd
train/2811,../raw/snow/csd/Train/Snow/2811.tif,../raw/snow/csd/Train/Gt/2811.tif,train,snow,csd
train/2812,../raw/snow/csd/Train/Snow/2812.tif,../raw/snow/csd/Train/Gt/2812.tif,train,snow,csd
train/2813,../raw/snow/csd/Train/Snow/2813.tif,../raw/snow/csd/Train/Gt/2813.tif,train,snow,csd
train/2814,../raw/snow/csd/Train/Snow/2814.tif,../raw/snow/csd/Train/Gt/2814.tif,val,snow,csd
train/2815,../raw/snow/csd/Train/Snow/2815.tif,../raw/snow/csd/Train/Gt/2815.tif,train,snow,csd
train/2816,../raw/snow/csd/Train/Snow/2816.tif,../raw/snow/csd/Train/Gt/2816.tif,train,snow,csd
train/2817,../raw/snow/csd/Train/Snow/2817.tif,../raw/snow/csd/Train/Gt/2817.tif,train,snow,csd
train/2818,../raw/snow/csd/Train/Snow/2818.tif,../raw/snow/csd/Train/Gt/2818.tif,train,snow,csd
train/2819,../raw/snow/csd/Train/Snow/2819.tif,../raw/snow/csd/Train/Gt/2819.tif,val,snow,csd
train/282,../raw/snow/csd/Train/Snow/282.tif,../raw/snow/csd/Train/Gt/282.tif,train,snow,csd
train/2820,../raw/snow/csd/Train/Snow/2820.tif,../raw/snow/csd/Train/Gt/2820.tif,train,snow,csd
train/2821,../raw/snow/csd/Train/Snow/2821.tif,../raw/snow/csd/Train/Gt/2821.tif,train,snow,csd
train/2822,../raw/snow/csd/Train/Snow/2822.tif,../raw/snow/csd/Train/Gt/2822.tif,train,snow,csd
train/2823,../raw/snow/csd/Train/Snow/2823.tif,../raw/snow/csd/Train/Gt/2823.tif,train,snow,csd
train/2824,../raw/snow/csd/Train/Snow/2824.tif,../raw/snow/csd/Train/Gt/2824.tif,train,snow,csd
train/2825,../raw/snow/csd/Train/Snow/2825.tif,../raw/snow/csd/Train/Gt/2825.tif,train,snow,csd
train/2826,../raw/snow/csd/Train/Snow/2826.tif,../raw/snow/csd/Train/Gt/2826.tif,train,snow,csd
train/2827,../raw/snow/csd/Train/Snow/2827.tif,../raw/snow/csd/Train/Gt/2827.tif,train,snow,csd
train/2828,../raw/snow/csd/Train/Snow/2828.tif,../raw/snow/csd/Train/Gt/2828.tif,train,snow,csd
train/2829,../raw/snow/csd/Train/Snow/2829.tif,../raw/snow/csd/Train/Gt/2829.tif,train,snow,csd
train/283,../raw/snow/csd/Train/Snow/283.tif,../raw/snow/csd/Train/Gt/283.tif,train,snow,csd
train/2830,../raw/snow/csd/Train/Snow/2830.tif,../raw/snow/csd/Train/Gt/2830.tif,train,snow,csd
train/2831,../raw/snow/csd/Train/Snow/2831.tif,../raw/snow/csd/Train/Gt/2831.tif,train,snow,csd
train/2832,../raw/snow/csd/Train/Snow/2832.tif,../raw/snow/csd/Train/Gt/2832.tif,val,snow,csd
train/2833,../raw/snow/csd/Train/Snow/2833.tif,../raw/snow/csd/Train/Gt/2833.tif,train,snow,csd
train/2834,../raw/snow/csd/Train/Snow/2834.tif,../raw/snow/csd/Train/Gt/2834.tif,train,snow,csd
train/2835,../raw/snow/csd/Train/Snow/2835.tif,../raw/snow/csd/Train/Gt/2835.tif,train,snow,csd
train/2836,../raw/snow/csd/Train/Snow/2836.tif,../raw/snow/csd/Train/Gt/2836.tif,train,snow,csd
train/2837,../raw/snow/csd/Train/Snow/2837.tif,../raw/snow/csd/Train/Gt/2837.tif,train,snow,csd
train/2838,../raw/snow/csd/Train/Snow/2838.tif,../raw/snow/csd/Train/Gt/2838.tif,val,snow,csd
train/2839,../raw/snow/csd/Train/Snow/2839.tif,../raw/snow/csd/Train/Gt/2839.tif,train,snow,csd
train/284,../raw/snow/csd/Train/Snow/284.tif,../raw/snow/csd/Train/Gt/284.tif,train,snow,csd
train/2840,../raw/snow/csd/Train/Snow/2840.tif,../raw/snow/csd/Train/Gt/2840.tif,train,snow,csd
train/2841,../raw/snow/csd/Train/Snow/2841.tif,../raw/snow/csd/Train/Gt/2841.tif,train,snow,csd
train/2842,../raw/snow/csd/Train/Snow/2842.tif,../raw/snow/csd/Train/Gt/2842.tif,train,snow,csd
train/2843,../raw/snow/csd/Train/Snow/2843.tif,../raw/snow/csd/Train/Gt/2843.tif,train,snow,csd
train/2844,../raw/snow/csd/Train/Snow/2844.tif,../raw/snow/csd/Train/Gt/2844.tif,train,snow,csd
train/2845,../raw/snow/csd/Train/Snow/2845.tif,../raw/snow/csd/Train/Gt/2845.tif,train,snow,csd
train/2846,../raw/snow/csd/Train/Snow/2846.tif,../raw/snow/csd/Train/Gt/2846.tif,train,snow,csd
train/2847,../raw/snow/csd/Train/Snow/2847.tif,../raw/snow/csd/Train/Gt/2847.tif,train,snow,csd
train/2848,../raw/snow/csd/Train/Snow/2848.tif,../raw/snow/csd/Train/Gt/2848.tif,train,snow,csd
train/2849,../raw/snow/csd/Train/Snow/2849.tif,../raw/snow/csd/Train/Gt/2849.tif,train,snow,csd
train/285,../raw/snow/csd/Train/Snow/285.tif,../raw/snow/csd/Train/Gt/285.tif,train,snow,csd
train/2850,../raw/snow/csd/Train/Snow/2850.tif,../raw/snow/csd/Train/Gt/2850.tif,train,snow,csd
train/2851,../raw/snow/csd/Train/Snow/2851.tif,../raw/snow/csd/Train/Gt/2851.tif,train,snow,csd
train/2852,../raw/snow/csd/Train/Snow/2852.tif,../raw/snow/csd/Train/Gt/2852.tif,train,snow,csd
train/2853,../raw/snow/csd/Train/Snow/2853.tif,../raw/snow/csd/Train/Gt/2853.tif,val,snow,csd
train/2854,../raw/snow/csd/Train/Snow/2854.tif,../raw/snow/csd/Train/Gt/2854.tif,train,snow,csd
train/2855,../raw/snow/csd/Train/Snow/2855.tif,../raw/snow/csd/Train/Gt/2855.tif,train,snow,csd
train/2856,../raw/snow/csd/Train/Snow/2856.tif,../raw/snow/csd/Train/Gt/2856.tif,train,snow,csd
train/2857,../raw/snow/csd/Train/Snow/2857.tif,../raw/snow/csd/Train/Gt/2857.tif,train,snow,csd
train/2858,../raw/snow/csd/Train/Snow/2858.tif,../raw/snow/csd/Train/Gt/2858.tif,train,snow,csd
train/2859,../raw/snow/csd/Train/Snow/2859.tif,../raw/snow/csd/Train/Gt/2859.tif,train,snow,csd
train/286,../raw/snow/csd/Train/Snow/286.tif,../raw/snow/csd/Train/Gt/286.tif,val,snow,csd
train/2860,../raw/snow/csd/Train/Snow/2860.tif,../raw/snow/csd/Train/Gt/2860.tif,train,snow,csd
train/2861,../raw/snow/csd/Train/Snow/2861.tif,../raw/snow/csd/Train/Gt/2861.tif,train,snow,csd
train/2862,../raw/snow/csd/Train/Snow/2862.tif,../raw/snow/csd/Train/Gt/2862.tif,train,snow,csd
train/2863,../raw/snow/csd/Train/Snow/2863.tif,../raw/snow/csd/Train/Gt/2863.tif,train,snow,csd
train/2864,../raw/snow/csd/Train/Snow/2864.tif,../raw/snow/csd/Train/Gt/2864.tif,train,snow,csd
train/2865,../raw/snow/csd/Train/Snow/2865.tif,../raw/snow/csd/Train/Gt/2865.tif,train,snow,csd
train/2866,../raw/snow/csd/Train/Snow/2866.tif,../raw/snow/csd/Train/Gt/2866.tif,train,snow,csd
train/2867,../raw/snow/csd/Train/Snow/2867.tif,../raw/snow/csd/Train/Gt/2867.tif,val,snow,csd
train/2868,../raw/snow/csd/Train/Snow/2868.tif,../raw/snow/csd/Train/Gt/2868.tif,train,snow,csd
train/2869,../raw/snow/csd/Train/Snow/2869.tif,../raw/snow/csd/Train/Gt/2869.tif,train,snow,csd
train/287,../raw/snow/csd/Train/Snow/287.tif,../raw/snow/csd/Train/Gt/287.tif,train,snow,csd
train/2870,../raw/snow/csd/Train/Snow/2870.tif,../raw/snow/csd/Train/Gt/2870.tif,train,snow,csd
train/2871,../raw/snow/csd/Train/Snow/2871.tif,../raw/snow/csd/Train/Gt/2871.tif,train,snow,csd
train/2872,../raw/snow/csd/Train/Snow/2872.tif,../raw/snow/csd/Train/Gt/2872.tif,train,snow,csd
train/2873,../raw/snow/csd/Train/Snow/2873.tif,../raw/snow/csd/Train/Gt/2873.tif,train,snow,csd
train/2874,../raw/snow/csd/Train/Snow/2874.tif,../raw/snow/csd/Train/Gt/2874.tif,train,snow,csd
train/2875,../raw/snow/csd/Train/Snow/2875.tif,../raw/snow/csd/Train/Gt/2875.tif,train,snow,csd
train/2876,../raw/snow/csd/Train/Snow/2876.tif,../raw/snow/csd/Train/Gt/2876.tif,train,snow,csd
train/2877,../raw/snow/csd/Train/Snow/2877.tif,../raw/snow/csd/Train/Gt/2877.tif,train,snow,csd
train/2878,../raw/snow/csd/Train/Snow/2878.tif,../raw/snow/csd/Train/Gt/2878.tif,train,snow,csd
train/2879,../raw/snow/csd/Train/Snow/2879.tif,../raw/snow/csd/Train/Gt/2879.tif,train,snow,csd
train/288,../raw/snow/csd/Train/Snow/288.tif,../raw/snow/csd/Train/Gt/288.tif,val,snow,csd
train/2880,../raw/snow/csd/Train/Snow/2880.tif,../raw/snow/csd/Train/Gt/2880.tif,train,snow,csd
train/2881,../raw/snow/csd/Train/Snow/2881.tif,../raw/snow/csd/Train/Gt/2881.tif,train,snow,csd
train/2882,../raw/snow/csd/Train/Snow/2882.tif,../raw/snow/csd/Train/Gt/2882.tif,train,snow,csd
train/2883,../raw/snow/csd/Train/Snow/2883.tif,../raw/snow/csd/Train/Gt/2883.tif,train,snow,csd
train/2884,../raw/snow/csd/Train/Snow/2884.tif,../raw/snow/csd/Train/Gt/2884.tif,train,snow,csd
train/2885,../raw/snow/csd/Train/Snow/2885.tif,../raw/snow/csd/Train/Gt/2885.tif,train,snow,csd
train/2886,../raw/snow/csd/Train/Snow/2886.tif,../raw/snow/csd/Train/Gt/2886.tif,train,snow,csd
train/2887,../raw/snow/csd/Train/Snow/2887.tif,../raw/snow/csd/Train/Gt/2887.tif,train,snow,csd
train/2888,../raw/snow/csd/Train/Snow/2888.tif,../raw/snow/csd/Train/Gt/2888.tif,train,snow,csd
train/2889,../raw/snow/csd/Train/Snow/2889.tif,../raw/snow/csd/Train/Gt/2889.tif,train,snow,csd
train/289,../raw/snow/csd/Train/Snow/289.tif,../raw/snow/csd/Train/Gt/289.tif,train,snow,csd
train/2890,../raw/snow/csd/Train/Snow/2890.tif,../raw/snow/csd/Train/Gt/2890.tif,train,snow,csd
train/2891,../raw/snow/csd/Train/Snow/2891.tif,../raw/snow/csd/Train/Gt/2891.tif,train,snow,csd
train/2892,../raw/snow/csd/Train/Snow/2892.tif,../raw/snow/csd/Train/Gt/2892.tif,train,snow,csd
train/2893,../raw/snow/csd/Train/Snow/2893.tif,../raw/snow/csd/Train/Gt/2893.tif,train,snow,csd
train/2894,../raw/snow/csd/Train/Snow/2894.tif,../raw/snow/csd/Train/Gt/2894.tif,train,snow,csd
train/2895,../raw/snow/csd/Train/Snow/2895.tif,../raw/snow/csd/Train/Gt/2895.tif,train,snow,csd
train/2896,../raw/snow/csd/Train/Snow/2896.tif,../raw/snow/csd/Train/Gt/2896.tif,train,snow,csd
train/2897,../raw/snow/csd/Train/Snow/2897.tif,../raw/snow/csd/Train/Gt/2897.tif,train,snow,csd
train/2898,../raw/snow/csd/Train/Snow/2898.tif,../raw/snow/csd/Train/Gt/2898.tif,train,snow,csd
train/2899,../raw/snow/csd/Train/Snow/2899.tif,../raw/snow/csd/Train/Gt/2899.tif,train,snow,csd
train/29,../raw/snow/csd/Train/Snow/29.tif,../raw/snow/csd/Train/Gt/29.tif,train,snow,csd
train/290,../raw/snow/csd/Train/Snow/290.tif,../raw/snow/csd/Train/Gt/290.tif,train,snow,csd
train/2900,../raw/snow/csd/Train/Snow/2900.tif,../raw/snow/csd/Train/Gt/2900.tif,train,snow,csd
train/2901,../raw/snow/csd/Train/Snow/2901.tif,../raw/snow/csd/Train/Gt/2901.tif,train,snow,csd
train/2902,../raw/snow/csd/Train/Snow/2902.tif,../raw/snow/csd/Train/Gt/2902.tif,train,snow,csd
train/2903,../raw/snow/csd/Train/Snow/2903.tif,../raw/snow/csd/Train/Gt/2903.tif,train,snow,csd
train/2904,../raw/snow/csd/Train/Snow/2904.tif,../raw/snow/csd/Train/Gt/2904.tif,train,snow,csd
train/2905,../raw/snow/csd/Train/Snow/2905.tif,../raw/snow/csd/Train/Gt/2905.tif,train,snow,csd
train/2906,../raw/snow/csd/Train/Snow/2906.tif,../raw/snow/csd/Train/Gt/2906.tif,train,snow,csd
train/2907,../raw/snow/csd/Train/Snow/2907.tif,../raw/snow/csd/Train/Gt/2907.tif,val,snow,csd
train/2908,../raw/snow/csd/Train/Snow/2908.tif,../raw/snow/csd/Train/Gt/2908.tif,train,snow,csd
train/2909,../raw/snow/csd/Train/Snow/2909.tif,../raw/snow/csd/Train/Gt/2909.tif,train,snow,csd
train/291,../raw/snow/csd/Train/Snow/291.tif,../raw/snow/csd/Train/Gt/291.tif,train,snow,csd
train/2910,../raw/snow/csd/Train/Snow/2910.tif,../raw/snow/csd/Train/Gt/2910.tif,train,snow,csd
train/2911,../raw/snow/csd/Train/Snow/2911.tif,../raw/snow/csd/Train/Gt/2911.tif,train,snow,csd
train/2912,../raw/snow/csd/Train/Snow/2912.tif,../raw/snow/csd/Train/Gt/2912.tif,train,snow,csd
train/2913,../raw/snow/csd/Train/Snow/2913.tif,../raw/snow/csd/Train/Gt/2913.tif,train,snow,csd
train/2914,../raw/snow/csd/Train/Snow/2914.tif,../raw/snow/csd/Train/Gt/2914.tif,train,snow,csd
train/2915,../raw/snow/csd/Train/Snow/2915.tif,../raw/snow/csd/Train/Gt/2915.tif,train,snow,csd
train/2916,../raw/snow/csd/Train/Snow/2916.tif,../raw/snow/csd/Train/Gt/2916.tif,val,snow,csd
train/2917,../raw/snow/csd/Train/Snow/2917.tif,../raw/snow/csd/Train/Gt/2917.tif,train,snow,csd
train/2918,../raw/snow/csd/Train/Snow/2918.tif,../raw/snow/csd/Train/Gt/2918.tif,train,snow,csd
train/2919,../raw/snow/csd/Train/Snow/2919.tif,../raw/snow/csd/Train/Gt/2919.tif,train,snow,csd
train/292,../raw/snow/csd/Train/Snow/292.tif,../raw/snow/csd/Train/Gt/292.tif,train,snow,csd
train/2920,../raw/snow/csd/Train/Snow/2920.tif,../raw/snow/csd/Train/Gt/2920.tif,train,snow,csd
train/2921,../raw/snow/csd/Train/Snow/2921.tif,../raw/snow/csd/Train/Gt/2921.tif,train,snow,csd
train/2922,../raw/snow/csd/Train/Snow/2922.tif,../raw/snow/csd/Train/Gt/2922.tif,train,snow,csd
train/2923,../raw/snow/csd/Train/Snow/2923.tif,../raw/snow/csd/Train/Gt/2923.tif,train,snow,csd
train/2924,../raw/snow/csd/Train/Snow/2924.tif,../raw/snow/csd/Train/Gt/2924.tif,train,snow,csd
train/2925,../raw/snow/csd/Train/Snow/2925.tif,../raw/snow/csd/Train/Gt/2925.tif,train,snow,csd
train/2926,../raw/snow/csd/Train/Snow/2926.tif,../raw/snow/csd/Train/Gt/2926.tif,train,snow,csd
train/2927,../raw/snow/csd/Train/Snow/2927.tif,../raw/snow/csd/Train/Gt/2927.tif,train,snow,csd
train/2928,../raw/snow/csd/Train/Snow/2928.tif,../raw/snow/csd/Train/Gt/2928.tif,val,snow,csd
train/2929,../raw/snow/csd/Train/Snow/2929.tif,../raw/snow/csd/Train/Gt/2929.tif,train,snow,csd
train/293,../raw/snow/csd/Train/Snow/293.tif,../raw/snow/csd/Train/Gt/293.tif,train,snow,csd
train/2930,../raw/snow/csd/Train/Snow/2930.tif,../raw/snow/csd/Train/Gt/2930.tif,train,snow,csd
train/2931,../raw/snow/csd/Train/Snow/2931.tif,../raw/snow/csd/Train/Gt/2931.tif,train,snow,csd
train/2932,../raw/snow/csd/Train/Snow/2932.tif,../raw/snow/csd/Train/Gt/2932.tif,train,snow,csd
train/2933,../raw/snow/csd/Train/Snow/2933.tif,../raw/snow/csd/Train/Gt/2933.tif,train,snow,csd
train/2934,../raw/snow/csd/Train/Snow/2934.tif,../raw/snow/csd/Train/Gt/2934.tif,train,snow,csd
train/2935,../raw/snow/csd/Train/Snow/2935.tif,../raw/snow/csd/Train/Gt/2935.tif,train,snow,csd
train/2936,../raw/snow/csd/Train/Snow/2936.tif,../raw/snow/csd/Train/Gt/2936.tif,train,snow,csd
train/2937,../raw/snow/csd/Train/Snow/2937.tif,../raw/snow/csd/Train/Gt/2937.tif,train,snow,csd
train/2938,../raw/snow/csd/Train/Snow/2938.tif,../raw/snow/csd/Train/Gt/2938.tif,train,snow,csd
train/2939,../raw/snow/csd/Train/Snow/2939.tif,../raw/snow/csd/Train/Gt/2939.tif,train,snow,csd
train/294,../raw/snow/csd/Train/Snow/294.tif,../raw/snow/csd/Train/Gt/294.tif,train,snow,csd
train/2940,../raw/snow/csd/Train/Snow/2940.tif,../raw/snow/csd/Train/Gt/2940.tif,train,snow,csd
train/2941,../raw/snow/csd/Train/Snow/2941.tif,../raw/snow/csd/Train/Gt/2941.tif,train,snow,csd
train/2942,../raw/snow/csd/Train/Snow/2942.tif,../raw/snow/csd/Train/Gt/2942.tif,train,snow,csd
train/2943,../raw/snow/csd/Train/Snow/2943.tif,../raw/snow/csd/Train/Gt/2943.tif,train,snow,csd
train/2944,../raw/snow/csd/Train/Snow/2944.tif,../raw/snow/csd/Train/Gt/2944.tif,train,snow,csd
train/2945,../raw/snow/csd/Train/Snow/2945.tif,../raw/snow/csd/Train/Gt/2945.tif,train,snow,csd
train/2946,../raw/snow/csd/Train/Snow/2946.tif,../raw/snow/csd/Train/Gt/2946.tif,train,snow,csd
train/2947,../raw/snow/csd/Train/Snow/2947.tif,../raw/snow/csd/Train/Gt/2947.tif,train,snow,csd
train/2948,../raw/snow/csd/Train/Snow/2948.tif,../raw/snow/csd/Train/Gt/2948.tif,train,snow,csd
train/2949,../raw/snow/csd/Train/Snow/2949.tif,../raw/snow/csd/Train/Gt/2949.tif,val,snow,csd
train/295,../raw/snow/csd/Train/Snow/295.tif,../raw/snow/csd/Train/Gt/295.tif,train,snow,csd
train/2950,../raw/snow/csd/Train/Snow/2950.tif,../raw/snow/csd/Train/Gt/2950.tif,train,snow,csd
train/2951,../raw/snow/csd/Train/Snow/2951.tif,../raw/snow/csd/Train/Gt/2951.tif,train,snow,csd
train/2952,../raw/snow/csd/Train/Snow/2952.tif,../raw/snow/csd/Train/Gt/2952.tif,train,snow,csd
train/2953,../raw/snow/csd/Train/Snow/2953.tif,../raw/snow/csd/Train/Gt/2953.tif,train,snow,csd
train/2954,../raw/snow/csd/Train/Snow/2954.tif,../raw/snow/csd/Train/Gt/2954.tif,train,snow,csd
train/2955,../raw/snow/csd/Train/Snow/2955.tif,../raw/snow/csd/Train/Gt/2955.tif,train,snow,csd
train/2956,../raw/snow/csd/Train/Snow/2956.tif,../raw/snow/csd/Train/Gt/2956.tif,train,snow,csd
train/2957,../raw/snow/csd/Train/Snow/2957.tif,../raw/snow/csd/Train/Gt/2957.tif,train,snow,csd
train/2958,../raw/snow/csd/Train/Snow/2958.tif,../raw/snow/csd/Train/Gt/2958.tif,train,snow,csd
train/2959,../raw/snow/csd/Train/Snow/2959.tif,../raw/snow/csd/Train/Gt/2959.tif,train,snow,csd
train/296,../raw/snow/csd/Train/Snow/296.tif,../raw/snow/csd/Train/Gt/296.tif,train,snow,csd
train/2960,../raw/snow/csd/Train/Snow/2960.tif,../raw/snow/csd/Train/Gt/2960.tif,train,snow,csd
train/2961,../raw/snow/csd/Train/Snow/2961.tif,../raw/snow/csd/Train/Gt/2961.tif,train,snow,csd
train/2962,../raw/snow/csd/Train/Snow/2962.tif,../raw/snow/csd/Train/Gt/2962.tif,train,snow,csd
train/2963,../raw/snow/csd/Train/Snow/2963.tif,../raw/snow/csd/Train/Gt/2963.tif,train,snow,csd
train/2964,../raw/snow/csd/Train/Snow/2964.tif,../raw/snow/csd/Train/Gt/2964.tif,train,snow,csd
train/2965,../raw/snow/csd/Train/Snow/2965.tif,../raw/snow/csd/Train/Gt/2965.tif,val,snow,csd
train/2966,../raw/snow/csd/Train/Snow/2966.tif,../raw/snow/csd/Train/Gt/2966.tif,train,snow,csd
train/2967,../raw/snow/csd/Train/Snow/2967.tif,../raw/snow/csd/Train/Gt/2967.tif,train,snow,csd
train/2968,../raw/snow/csd/Train/Snow/2968.tif,../raw/snow/csd/Train/Gt/2968.tif,train,snow,csd
train/2969,../raw/snow/csd/Train/Snow/2969.tif,../raw/snow/csd/Train/Gt/2969.tif,train,snow,csd
train/297,../raw/snow/csd/Train/Snow/297.tif,../raw/snow/csd/Train/Gt/297.tif,train,snow,csd
train/2970,../raw/snow/csd/Train/Snow/2970.tif,../raw/snow/csd/Train/Gt/2970.tif,train,snow,csd
train/2971,../raw/snow/csd/Train/Snow/2971.tif,../raw/snow/csd/Train/Gt/2971.tif,train,snow,csd
train/2972,../raw/snow/csd/Train/Snow/2972.tif,../raw/snow/csd/Train/Gt/2972.tif,train,snow,csd
train/2973,../raw/snow/csd/Train/Snow/2973.tif,../raw/snow/csd/Train/Gt/2973.tif,val,snow,csd
train/2974,../raw/snow/csd/Train/Snow/2974.tif,../raw/snow/csd/Train/Gt/2974.tif,train,snow,csd
train/2975,../raw/snow/csd/Train/Snow/2975.tif,../raw/snow/csd/Train/Gt/2975.tif,train,snow,csd
train/2976,../raw/snow/csd/Train/Snow/2976.tif,../raw/snow/csd/Train/Gt/2976.tif,train,snow,csd
train/2977,../raw/snow/csd/Train/Snow/2977.tif,../raw/snow/csd/Train/Gt/2977.tif,train,snow,csd
train/2978,../raw/snow/csd/Train/Snow/2978.tif,../raw/snow/csd/Train/Gt/2978.tif,train,snow,csd
train/2979,../raw/snow/csd/Train/Snow/2979.tif,../raw/snow/csd/Train/Gt/2979.tif,train,snow,csd
train/298,../raw/snow/csd/Train/Snow/298.tif,../raw/snow/csd/Train/Gt/298.tif,train,snow,csd
train/2980,../raw/snow/csd/Train/Snow/2980.tif,../raw/snow/csd/Train/Gt/2980.tif,train,snow,csd
train/2981,../raw/snow/csd/Train/Snow/2981.tif,../raw/snow/csd/Train/Gt/2981.tif,train,snow,csd
train/2982,../raw/snow/csd/Train/Snow/2982.tif,../raw/snow/csd/Train/Gt/2982.tif,train,snow,csd
train/2983,../raw/snow/csd/Train/Snow/2983.tif,../raw/snow/csd/Train/Gt/2983.tif,train,snow,csd
train/2984,../raw/snow/csd/Train/Snow/2984.tif,../raw/snow/csd/Train/Gt/2984.tif,train,snow,csd
train/2985,../raw/snow/csd/Train/Snow/2985.tif,../raw/snow/csd/Train/Gt/2985.tif,train,snow,csd
train/2986,../raw/snow/csd/Train/Snow/2986.tif,../raw/snow/csd/Train/Gt/2986.tif,train,snow,csd
train/2987,../raw/snow/csd/Train/Snow/2987.tif,../raw/snow/csd/Train/Gt/2987.tif,train,snow,csd
train/2988,../raw/snow/csd/Train/Snow/2988.tif,../raw/snow/csd/Train/Gt/2988.tif,train,snow,csd
train/2989,../raw/snow/csd/Train/Snow/2989.tif,../raw/snow/csd/Train/Gt/2989.tif,train,snow,csd
train/299,../raw/snow/csd/Train/Snow/299.tif,../raw/snow/csd/Train/Gt/299.tif,train,snow,csd
train/2990,../raw/snow/csd/Train/Snow/2990.tif,../raw/snow/csd/Train/Gt/2990.tif,train,snow,csd
train/2991,../raw/snow/csd/Train/Snow/2991.tif,../raw/snow/csd/Train/Gt/2991.tif,val,snow,csd
train/2992,../raw/snow/csd/Train/Snow/2992.tif,../raw/snow/csd/Train/Gt/2992.tif,train,snow,csd
train/2993,../raw/snow/csd/Train/Snow/2993.tif,../raw/snow/csd/Train/Gt/2993.tif,train,snow,csd
train/2994,../raw/snow/csd/Train/Snow/2994.tif,../raw/snow/csd/Train/Gt/2994.tif,train,snow,csd
train/2995,../raw/snow/csd/Train/Snow/2995.tif,../raw/snow/csd/Train/Gt/2995.tif,train,snow,csd
train/2996,../raw/snow/csd/Train/Snow/2996.tif,../raw/snow/csd/Train/Gt/2996.tif,train,snow,csd
train/2997,../raw/snow/csd/Train/Snow/2997.tif,../raw/snow/csd/Train/Gt/2997.tif,train,snow,csd
train/2998,../raw/snow/csd/Train/Snow/2998.tif,../raw/snow/csd/Train/Gt/2998.tif,train,snow,csd
train/2999,../raw/snow/csd/Train/Snow/2999.tif,../raw/snow/csd/Train/Gt/2999.tif,train,snow,csd
train/3,../raw/snow/csd/Train/Snow/3.tif,../raw/snow/csd/Train/Gt/3.tif,train,snow,csd
train/30,../raw/snow/csd/Train/Snow/30.tif,../raw/snow/csd/Train/Gt/30.tif,train,snow,csd
train/300,../raw/snow/csd/Train/Snow/300.tif,../raw/snow/csd/Train/Gt/300.tif,train,snow,csd
train/3000,../raw/snow/csd/Train/Snow/3000.tif,../raw/snow/csd/Train/Gt/3000.tif,train,snow,csd
train/3001,../raw/snow/csd/Train/Snow/3001.tif,../raw/snow/csd/Train/Gt/3001.tif,train,snow,csd
train/3002,../raw/snow/csd/Train/Snow/3002.tif,../raw/snow/csd/Train/Gt/3002.tif,train,snow,csd
train/3003,../raw/snow/csd/Train/Snow/3003.tif,../raw/snow/csd/Train/Gt/3003.tif,train,snow,csd
train/3004,../raw/snow/csd/Train/Snow/3004.tif,../raw/snow/csd/Train/Gt/3004.tif,train,snow,csd
train/3005,../raw/snow/csd/Train/Snow/3005.tif,../raw/snow/csd/Train/Gt/3005.tif,train,snow,csd
train/3006,../raw/snow/csd/Train/Snow/3006.tif,../raw/snow/csd/Train/Gt/3006.tif,val,snow,csd
train/3007,../raw/snow/csd/Train/Snow/3007.tif,../raw/snow/csd/Train/Gt/3007.tif,train,snow,csd
train/3008,../raw/snow/csd/Train/Snow/3008.tif,../raw/snow/csd/Train/Gt/3008.tif,train,snow,csd
train/3009,../raw/snow/csd/Train/Snow/3009.tif,../raw/snow/csd/Train/Gt/3009.tif,train,snow,csd
train/301,../raw/snow/csd/Train/Snow/301.tif,../raw/snow/csd/Train/Gt/301.tif,train,snow,csd
train/3010,../raw/snow/csd/Train/Snow/3010.tif,../raw/snow/csd/Train/Gt/3010.tif,train,snow,csd
train/3011,../raw/snow/csd/Train/Snow/3011.tif,../raw/snow/csd/Train/Gt/3011.tif,train,snow,csd
train/3012,../raw/snow/csd/Train/Snow/3012.tif,../raw/snow/csd/Train/Gt/3012.tif,train,snow,csd
train/3013,../raw/snow/csd/Train/Snow/3013.tif,../raw/snow/csd/Train/Gt/3013.tif,train,snow,csd
train/3014,../raw/snow/csd/Train/Snow/3014.tif,../raw/snow/csd/Train/Gt/3014.tif,val,snow,csd
train/3015,../raw/snow/csd/Train/Snow/3015.tif,../raw/snow/csd/Train/Gt/3015.tif,train,snow,csd
train/3016,../raw/snow/csd/Train/Snow/3016.tif,../raw/snow/csd/Train/Gt/3016.tif,train,snow,csd
train/3017,../raw/snow/csd/Train/Snow/3017.tif,../raw/snow/csd/Train/Gt/3017.tif,train,snow,csd
train/3018,../raw/snow/csd/Train/Snow/3018.tif,../raw/snow/csd/Train/Gt/3018.tif,train,snow,csd
train/3019,../raw/snow/csd/Train/Snow/3019.tif,../raw/snow/csd/Train/Gt/3019.tif,train,snow,csd
train/302,../raw/snow/csd/Train/Snow/302.tif,../raw/snow/csd/Train/Gt/302.tif,train,snow,csd
train/3020,../raw/snow/csd/Train/Snow/3020.tif,../raw/snow/csd/Train/Gt/3020.tif,train,snow,csd
train/3021,../raw/snow/csd/Train/Snow/3021.tif,../raw/snow/csd/Train/Gt/3021.tif,val,snow,csd
train/3022,../raw/snow/csd/Train/Snow/3022.tif,../raw/snow/csd/Train/Gt/3022.tif,train,snow,csd
train/3023,../raw/snow/csd/Train/Snow/3023.tif,../raw/snow/csd/Train/Gt/3023.tif,train,snow,csd
train/3024,../raw/snow/csd/Train/Snow/3024.tif,../raw/snow/csd/Train/Gt/3024.tif,train,snow,csd
train/3025,../raw/snow/csd/Train/Snow/3025.tif,../raw/snow/csd/Train/Gt/3025.tif,train,snow,csd
train/3026,../raw/snow/csd/Train/Snow/3026.tif,../raw/snow/csd/Train/Gt/3026.tif,train,snow,csd
train/3027,../raw/snow/csd/Train/Snow/3027.tif,../raw/snow/csd/Train/Gt/3027.tif,val,snow,csd
train/3028,../raw/snow/csd/Train/Snow/3028.tif,../raw/snow/csd/Train/Gt/3028.tif,train,snow,csd
train/3029,../raw/snow/csd/Train/Snow/3029.tif,../raw/snow/csd/Train/Gt/3029.tif,train,snow,csd
train/303,../raw/snow/csd/Train/Snow/303.tif,../raw/snow/csd/Train/Gt/303.tif,train,snow,csd
train/3030,../raw/snow/csd/Train/Snow/3030.tif,../raw/snow/csd/Train/Gt/3030.tif,train,snow,csd
train/3031,../raw/snow/csd/Train/Snow/3031.tif,../raw/snow/csd/Train/Gt/3031.tif,train,snow,csd
train/3032,../raw/snow/csd/Train/Snow/3032.tif,../raw/snow/csd/Train/Gt/3032.tif,train,snow,csd
train/3033,../raw/snow/csd/Train/Snow/3033.tif,../raw/snow/csd/Train/Gt/3033.tif,train,snow,csd
train/3034,../raw/snow/csd/Train/Snow/3034.tif,../raw/snow/csd/Train/Gt/3034.tif,train,snow,csd
train/3035,../raw/snow/csd/Train/Snow/3035.tif,../raw/snow/csd/Train/Gt/3035.tif,train,snow,csd
train/3036,../raw/snow/csd/Train/Snow/3036.tif,../raw/snow/csd/Train/Gt/3036.tif,train,snow,csd
train/3037,../raw/snow/csd/Train/Snow/3037.tif,../raw/snow/csd/Train/Gt/3037.tif,train,snow,csd
train/3038,../raw/snow/csd/Train/Snow/3038.tif,../raw/snow/csd/Train/Gt/3038.tif,train,snow,csd
train/3039,../raw/snow/csd/Train/Snow/3039.tif,../raw/snow/csd/Train/Gt/3039.tif,train,snow,csd
train/304,../raw/snow/csd/Train/Snow/304.tif,../raw/snow/csd/Train/Gt/304.tif,train,snow,csd
train/3040,../raw/snow/csd/Train/Snow/3040.tif,../raw/snow/csd/Train/Gt/3040.tif,train,snow,csd
train/3041,../raw/snow/csd/Train/Snow/3041.tif,../raw/snow/csd/Train/Gt/3041.tif,train,snow,csd
train/3042,../raw/snow/csd/Train/Snow/3042.tif,../raw/snow/csd/Train/Gt/3042.tif,train,snow,csd
train/3043,../raw/snow/csd/Train/Snow/3043.tif,../raw/snow/csd/Train/Gt/3043.tif,train,snow,csd
train/3044,../raw/snow/csd/Train/Snow/3044.tif,../raw/snow/csd/Train/Gt/3044.tif,train,snow,csd
train/3045,../raw/snow/csd/Train/Snow/3045.tif,../raw/snow/csd/Train/Gt/3045.tif,train,snow,csd
train/3046,../raw/snow/csd/Train/Snow/3046.tif,../raw/snow/csd/Train/Gt/3046.tif,train,snow,csd
train/3047,../raw/snow/csd/Train/Snow/3047.tif,../raw/snow/csd/Train/Gt/3047.tif,train,snow,csd
train/3048,../raw/snow/csd/Train/Snow/3048.tif,../raw/snow/csd/Train/Gt/3048.tif,train,snow,csd
train/3049,../raw/snow/csd/Train/Snow/3049.tif,../raw/snow/csd/Train/Gt/3049.tif,train,snow,csd
train/305,../raw/snow/csd/Train/Snow/305.tif,../raw/snow/csd/Train/Gt/305.tif,train,snow,csd
train/3050,../raw/snow/csd/Train/Snow/3050.tif,../raw/snow/csd/Train/Gt/3050.tif,train,snow,csd
train/3051,../raw/snow/csd/Train/Snow/3051.tif,../raw/snow/csd/Train/Gt/3051.tif,train,snow,csd
train/3052,../raw/snow/csd/Train/Snow/3052.tif,../raw/snow/csd/Train/Gt/3052.tif,train,snow,csd
train/3053,../raw/snow/csd/Train/Snow/3053.tif,../raw/snow/csd/Train/Gt/3053.tif,val,snow,csd
train/3054,../raw/snow/csd/Train/Snow/3054.tif,../raw/snow/csd/Train/Gt/3054.tif,train,snow,csd
train/3055,../raw/snow/csd/Train/Snow/3055.tif,../raw/snow/csd/Train/Gt/3055.tif,train,snow,csd
train/3056,../raw/snow/csd/Train/Snow/3056.tif,../raw/snow/csd/Train/Gt/3056.tif,train,snow,csd
train/3057,../raw/snow/csd/Train/Snow/3057.tif,../raw/snow/csd/Train/Gt/3057.tif,val,snow,csd
train/3058,../raw/snow/csd/Train/Snow/3058.tif,../raw/snow/csd/Train/Gt/3058.tif,train,snow,csd
train/3059,../raw/snow/csd/Train/Snow/3059.tif,../raw/snow/csd/Train/Gt/3059.tif,train,snow,csd
train/306,../raw/snow/csd/Train/Snow/306.tif,../raw/snow/csd/Train/Gt/306.tif,val,snow,csd
train/3060,../raw/snow/csd/Train/Snow/3060.tif,../raw/snow/csd/Train/Gt/3060.tif,train,snow,csd
train/3061,../raw/snow/csd/Train/Snow/3061.tif,../raw/snow/csd/Train/Gt/3061.tif,train,snow,csd
train/3062,../raw/snow/csd/Train/Snow/3062.tif,../raw/snow/csd/Train/Gt/3062.tif,val,snow,csd
train/3063,../raw/snow/csd/Train/Snow/3063.tif,../raw/snow/csd/Train/Gt/3063.tif,train,snow,csd
train/3064,../raw/snow/csd/Train/Snow/3064.tif,../raw/snow/csd/Train/Gt/3064.tif,val,snow,csd
train/3065,../raw/snow/csd/Train/Snow/3065.tif,../raw/snow/csd/Train/Gt/3065.tif,train,snow,csd
train/3066,../raw/snow/csd/Train/Snow/3066.tif,../raw/snow/csd/Train/Gt/3066.tif,train,snow,csd
train/3067,../raw/snow/csd/Train/Snow/3067.tif,../raw/snow/csd/Train/Gt/3067.tif,val,snow,csd
train/3068,../raw/snow/csd/Train/Snow/3068.tif,../raw/snow/csd/Train/Gt/3068.tif,train,snow,csd
train/3069,../raw/snow/csd/Train/Snow/3069.tif,../raw/snow/csd/Train/Gt/3069.tif,train,snow,csd
train/307,../raw/snow/csd/Train/Snow/307.tif,../raw/snow/csd/Train/Gt/307.tif,train,snow,csd
train/3070,../raw/snow/csd/Train/Snow/3070.tif,../raw/snow/csd/Train/Gt/3070.tif,train,snow,csd
train/3071,../raw/snow/csd/Train/Snow/3071.tif,../raw/snow/csd/Train/Gt/3071.tif,train,snow,csd
train/3072,../raw/snow/csd/Train/Snow/3072.tif,../raw/snow/csd/Train/Gt/3072.tif,train,snow,csd
train/3073,../raw/snow/csd/Train/Snow/3073.tif,../raw/snow/csd/Train/Gt/3073.tif,train,snow,csd
train/3074,../raw/snow/csd/Train/Snow/3074.tif,../raw/snow/csd/Train/Gt/3074.tif,train,snow,csd
train/3075,../raw/snow/csd/Train/Snow/3075.tif,../raw/snow/csd/Train/Gt/3075.tif,train,snow,csd
train/3076,../raw/snow/csd/Train/Snow/3076.tif,../raw/snow/csd/Train/Gt/3076.tif,train,snow,csd
train/3077,../raw/snow/csd/Train/Snow/3077.tif,../raw/snow/csd/Train/Gt/3077.tif,train,snow,csd
train/3078,../raw/snow/csd/Train/Snow/3078.tif,../raw/snow/csd/Train/Gt/3078.tif,train,snow,csd
train/3079,../raw/snow/csd/Train/Snow/3079.tif,../raw/snow/csd/Train/Gt/3079.tif,train,snow,csd
train/308,../raw/snow/csd/Train/Snow/308.tif,../raw/snow/csd/Train/Gt/308.tif,train,snow,csd
train/3080,../raw/snow/csd/Train/Snow/3080.tif,../raw/snow/csd/Train/Gt/3080.tif,train,snow,csd
train/3081,../raw/snow/csd/Train/Snow/3081.tif,../raw/snow/csd/Train/Gt/3081.tif,train,snow,csd
train/3082,../raw/snow/csd/Train/Snow/3082.tif,../raw/snow/csd/Train/Gt/3082.tif,train,snow,csd
train/3083,../raw/snow/csd/Train/Snow/3083.tif,../raw/snow/csd/Train/Gt/3083.tif,train,snow,csd
train/3084,../raw/snow/csd/Train/Snow/3084.tif,../raw/snow/csd/Train/Gt/3084.tif,train,snow,csd
train/3085,../raw/snow/csd/Train/Snow/3085.tif,../raw/snow/csd/Train/Gt/3085.tif,train,snow,csd
train/3086,../raw/snow/csd/Train/Snow/3086.tif,../raw/snow/csd/Train/Gt/3086.tif,train,snow,csd
train/3087,../raw/snow/csd/Train/Snow/3087.tif,../raw/snow/csd/Train/Gt/3087.tif,train,snow,csd
train/3088,../raw/snow/csd/Train/Snow/3088.tif,../raw/snow/csd/Train/Gt/3088.tif,train,snow,csd
train/3089,../raw/snow/csd/Train/Snow/3089.tif,../raw/snow/csd/Train/Gt/3089.tif,train,snow,csd
train/309,../raw/snow/csd/Train/Snow/309.tif,../raw/snow/csd/Train/Gt/309.tif,train,snow,csd
train/3090,../raw/snow/csd/Train/Snow/3090.tif,../raw/snow/csd/Train/Gt/3090.tif,train,snow,csd
train/3091,../raw/snow/csd/Train/Snow/3091.tif,../raw/snow/csd/Train/Gt/3091.tif,val,snow,csd
train/3092,../raw/snow/csd/Train/Snow/3092.tif,../raw/snow/csd/Train/Gt/3092.tif,train,snow,csd
train/3093,../raw/snow/csd/Train/Snow/3093.tif,../raw/snow/csd/Train/Gt/3093.tif,train,snow,csd
train/3094,../raw/snow/csd/Train/Snow/3094.tif,../raw/snow/csd/Train/Gt/3094.tif,train,snow,csd
train/3095,../raw/snow/csd/Train/Snow/3095.tif,../raw/snow/csd/Train/Gt/3095.tif,train,snow,csd
train/3096,../raw/snow/csd/Train/Snow/3096.tif,../raw/snow/csd/Train/Gt/3096.tif,train,snow,csd
train/3097,../raw/snow/csd/Train/Snow/3097.tif,../raw/snow/csd/Train/Gt/3097.tif,train,snow,csd
train/3098,../raw/snow/csd/Train/Snow/3098.tif,../raw/snow/csd/Train/Gt/3098.tif,train,snow,csd
train/3099,../raw/snow/csd/Train/Snow/3099.tif,../raw/snow/csd/Train/Gt/3099.tif,train,snow,csd
train/31,../raw/snow/csd/Train/Snow/31.tif,../raw/snow/csd/Train/Gt/31.tif,train,snow,csd
train/310,../raw/snow/csd/Train/Snow/310.tif,../raw/snow/csd/Train/Gt/310.tif,val,snow,csd
train/3100,../raw/snow/csd/Train/Snow/3100.tif,../raw/snow/csd/Train/Gt/3100.tif,train,snow,csd
train/3101,../raw/snow/csd/Train/Snow/3101.tif,../raw/snow/csd/Train/Gt/3101.tif,train,snow,csd
train/3102,../raw/snow/csd/Train/Snow/3102.tif,../raw/snow/csd/Train/Gt/3102.tif,train,snow,csd
train/3103,../raw/snow/csd/Train/Snow/3103.tif,../raw/snow/csd/Train/Gt/3103.tif,train,snow,csd
train/3104,../raw/snow/csd/Train/Snow/3104.tif,../raw/snow/csd/Train/Gt/3104.tif,train,snow,csd
train/3105,../raw/snow/csd/Train/Snow/3105.tif,../raw/snow/csd/Train/Gt/3105.tif,train,snow,csd
train/3106,../raw/snow/csd/Train/Snow/3106.tif,../raw/snow/csd/Train/Gt/3106.tif,train,snow,csd
train/3107,../raw/snow/csd/Train/Snow/3107.tif,../raw/snow/csd/Train/Gt/3107.tif,train,snow,csd
train/3108,../raw/snow/csd/Train/Snow/3108.tif,../raw/snow/csd/Train/Gt/3108.tif,train,snow,csd
train/3109,../raw/snow/csd/Train/Snow/3109.tif,../raw/snow/csd/Train/Gt/3109.tif,train,snow,csd
train/311,../raw/snow/csd/Train/Snow/311.tif,../raw/snow/csd/Train/Gt/311.tif,train,snow,csd
train/3110,../raw/snow/csd/Train/Snow/3110.tif,../raw/snow/csd/Train/Gt/3110.tif,train,snow,csd
train/3111,../raw/snow/csd/Train/Snow/3111.tif,../raw/snow/csd/Train/Gt/3111.tif,train,snow,csd
train/3112,../raw/snow/csd/Train/Snow/3112.tif,../raw/snow/csd/Train/Gt/3112.tif,val,snow,csd
train/3113,../raw/snow/csd/Train/Snow/3113.tif,../raw/snow/csd/Train/Gt/3113.tif,train,snow,csd
train/3114,../raw/snow/csd/Train/Snow/3114.tif,../raw/snow/csd/Train/Gt/3114.tif,train,snow,csd
train/3115,../raw/snow/csd/Train/Snow/3115.tif,../raw/snow/csd/Train/Gt/3115.tif,train,snow,csd
train/3116,../raw/snow/csd/Train/Snow/3116.tif,../raw/snow/csd/Train/Gt/3116.tif,train,snow,csd
train/3117,../raw/snow/csd/Train/Snow/3117.tif,../raw/snow/csd/Train/Gt/3117.tif,train,snow,csd
train/3118,../raw/snow/csd/Train/Snow/3118.tif,../raw/snow/csd/Train/Gt/3118.tif,train,snow,csd
train/3119,../raw/snow/csd/Train/Snow/3119.tif,../raw/snow/csd/Train/Gt/3119.tif,val,snow,csd
train/312,../raw/snow/csd/Train/Snow/312.tif,../raw/snow/csd/Train/Gt/312.tif,train,snow,csd
train/3120,../raw/snow/csd/Train/Snow/3120.tif,../raw/snow/csd/Train/Gt/3120.tif,train,snow,csd
train/3121,../raw/snow/csd/Train/Snow/3121.tif,../raw/snow/csd/Train/Gt/3121.tif,val,snow,csd
train/3122,../raw/snow/csd/Train/Snow/3122.tif,../raw/snow/csd/Train/Gt/3122.tif,train,snow,csd
train/3123,../raw/snow/csd/Train/Snow/3123.tif,../raw/snow/csd/Train/Gt/3123.tif,train,snow,csd
train/3124,../raw/snow/csd/Train/Snow/3124.tif,../raw/snow/csd/Train/Gt/3124.tif,train,snow,csd
train/3125,../raw/snow/csd/Train/Snow/3125.tif,../raw/snow/csd/Train/Gt/3125.tif,train,snow,csd
train/3126,../raw/snow/csd/Train/Snow/3126.tif,../raw/snow/csd/Train/Gt/3126.tif,train,snow,csd
train/3127,../raw/snow/csd/Train/Snow/3127.tif,../raw/snow/csd/Train/Gt/3127.tif,train,snow,csd
train/3128,../raw/snow/csd/Train/Snow/3128.tif,../raw/snow/csd/Train/Gt/3128.tif,train,snow,csd
train/3129,../raw/snow/csd/Train/Snow/3129.tif,../raw/snow/csd/Train/Gt/3129.tif,train,snow,csd
train/313,../raw/snow/csd/Train/Snow/313.tif,../raw/snow/csd/Train/Gt/313.tif,train,snow,csd
train/3130,../raw/snow/csd/Train/Snow/3130.tif,../raw/snow/csd/Train/Gt/3130.tif,train,snow,csd
train/3131,../raw/snow/csd/Train/Snow/3131.tif,../raw/snow/csd/Train/Gt/3131.tif,train,snow,csd
train/3132,../raw/snow/csd/Train/Snow/3132.tif,../raw/snow/csd/Train/Gt/3132.tif,train,snow,csd
train/3133,../raw/snow/csd/Train/Snow/3133.tif,../raw/snow/csd/Train/Gt/3133.tif,train,snow,csd
train/3134,../raw/snow/csd/Train/Snow/3134.tif,../raw/snow/csd/Train/Gt/3134.tif,train,snow,csd
train/3135,../raw/snow/csd/Train/Snow/3135.tif,../raw/snow/csd/Train/Gt/3135.tif,val,snow,csd
train/3136,../raw/snow/csd/Train/Snow/3136.tif,../raw/snow/csd/Train/Gt/3136.tif,train,snow,csd
train/3137,../raw/snow/csd/Train/Snow/3137.tif,../raw/snow/csd/Train/Gt/3137.tif,train,snow,csd
train/3138,../raw/snow/csd/Train/Snow/3138.tif,../raw/snow/csd/Train/Gt/3138.tif,train,snow,csd
train/3139,../raw/snow/csd/Train/Snow/3139.tif,../raw/snow/csd/Train/Gt/3139.tif,train,snow,csd
train/314,../raw/snow/csd/Train/Snow/314.tif,../raw/snow/csd/Train/Gt/314.tif,train,snow,csd
train/3140,../raw/snow/csd/Train/Snow/3140.tif,../raw/snow/csd/Train/Gt/3140.tif,train,snow,csd
train/3141,../raw/snow/csd/Train/Snow/3141.tif,../raw/snow/csd/Train/Gt/3141.tif,train,snow,csd
train/3142,../raw/snow/csd/Train/Snow/3142.tif,../raw/snow/csd/Train/Gt/3142.tif,train,snow,csd
train/3143,../raw/snow/csd/Train/Snow/3143.tif,../raw/snow/csd/Train/Gt/3143.tif,train,snow,csd
train/3144,../raw/snow/csd/Train/Snow/3144.tif,../raw/snow/csd/Train/Gt/3144.tif,train,snow,csd
train/3145,../raw/snow/csd/Train/Snow/3145.tif,../raw/snow/csd/Train/Gt/3145.tif,train,snow,csd
train/3146,../raw/snow/csd/Train/Snow/3146.tif,../raw/snow/csd/Train/Gt/3146.tif,train,snow,csd
train/3147,../raw/snow/csd/Train/Snow/3147.tif,../raw/snow/csd/Train/Gt/3147.tif,train,snow,csd
train/3148,../raw/snow/csd/Train/Snow/3148.tif,../raw/snow/csd/Train/Gt/3148.tif,train,snow,csd
train/3149,../raw/snow/csd/Train/Snow/3149.tif,../raw/snow/csd/Train/Gt/3149.tif,train,snow,csd
train/315,../raw/snow/csd/Train/Snow/315.tif,../raw/snow/csd/Train/Gt/315.tif,train,snow,csd
train/3150,../raw/snow/csd/Train/Snow/3150.tif,../raw/snow/csd/Train/Gt/3150.tif,train,snow,csd
train/3151,../raw/snow/csd/Train/Snow/3151.tif,../raw/snow/csd/Train/Gt/3151.tif,train,snow,csd
train/3152,../raw/snow/csd/Train/Snow/3152.tif,../raw/snow/csd/Train/Gt/3152.tif,train,snow,csd
train/3153,../raw/snow/csd/Train/Snow/3153.tif,../raw/snow/csd/Train/Gt/3153.tif,train,snow,csd
train/3154,../raw/snow/csd/Train/Snow/3154.tif,../raw/snow/csd/Train/Gt/3154.tif,train,snow,csd
train/3155,../raw/snow/csd/Train/Snow/3155.tif,../raw/snow/csd/Train/Gt/3155.tif,train,snow,csd
train/3156,../raw/snow/csd/Train/Snow/3156.tif,../raw/snow/csd/Train/Gt/3156.tif,train,snow,csd
train/3157,../raw/snow/csd/Train/Snow/3157.tif,../raw/snow/csd/Train/Gt/3157.tif,train,snow,csd
train/3158,../raw/snow/csd/Train/Snow/3158.tif,../raw/snow/csd/Train/Gt/3158.tif,train,snow,csd
train/3159,../raw/snow/csd/Train/Snow/3159.tif,../raw/snow/csd/Train/Gt/3159.tif,train,snow,csd
train/316,../raw/snow/csd/Train/Snow/316.tif,../raw/snow/csd/Train/Gt/316.tif,train,snow,csd
train/3160,../raw/snow/csd/Train/Snow/3160.tif,../raw/snow/csd/Train/Gt/3160.tif,train,snow,csd
train/3161,../raw/snow/csd/Train/Snow/3161.tif,../raw/snow/csd/Train/Gt/3161.tif,train,snow,csd
train/3162,../raw/snow/csd/Train/Snow/3162.tif,../raw/snow/csd/Train/Gt/3162.tif,train,snow,csd
train/3163,../raw/snow/csd/Train/Snow/3163.tif,../raw/snow/csd/Train/Gt/3163.tif,train,snow,csd
train/3164,../raw/snow/csd/Train/Snow/3164.tif,../raw/snow/csd/Train/Gt/3164.tif,train,snow,csd
train/3165,../raw/snow/csd/Train/Snow/3165.tif,../raw/snow/csd/Train/Gt/3165.tif,train,snow,csd
train/3166,../raw/snow/csd/Train/Snow/3166.tif,../raw/snow/csd/Train/Gt/3166.tif,train,snow,csd
train/3167,../raw/snow/csd/Train/Snow/3167.tif,../raw/snow/csd/Train/Gt/3167.tif,train,snow,csd
train/3168,../raw/snow/csd/Train/Snow/3168.tif,../raw/snow/csd/Train/Gt/3168.tif,train,snow,csd
train/3169,../raw/snow/csd/Train/Snow/3169.tif,../raw/snow/csd/Train/Gt/3169.tif,train,snow,csd
train/317,../raw/snow/csd/Train/Snow/317.tif,../raw/snow/csd/Train/Gt/317.tif,train,snow,csd
train/3170,../raw/snow/csd/Train/Snow/3170.tif,../raw/snow/csd/Train/Gt/3170.tif,train,snow,csd
train/3171,../raw/snow/csd/Train/Snow/3171.tif,../raw/snow/csd/Train/Gt/3171.tif,train,snow,csd
train/3172,../raw/snow/csd/Train/Snow/3172.tif,../raw/snow/csd/Train/Gt/3172.tif,train,snow,csd
train/3173,../raw/snow/csd/Train/Snow/3173.tif,../raw/snow/csd/Train/Gt/3173.tif,train,snow,csd
train/3174,../raw/snow/csd/Train/Snow/3174.tif,../raw/snow/csd/Train/Gt/3174.tif,train,snow,csd
train/3175,../raw/snow/csd/Train/Snow/3175.tif,../raw/snow/csd/Train/Gt/3175.tif,train,snow,csd
train/3176,../raw/snow/csd/Train/Snow/3176.tif,../raw/snow/csd/Train/Gt/3176.tif,train,snow,csd
train/3177,../raw/snow/csd/Train/Snow/3177.tif,../raw/snow/csd/Train/Gt/3177.tif,train,snow,csd
train/3178,../raw/snow/csd/Train/Snow/3178.tif,../raw/snow/csd/Train/Gt/3178.tif,train,snow,csd
train/3179,../raw/snow/csd/Train/Snow/3179.tif,../raw/snow/csd/Train/Gt/3179.tif,val,snow,csd
train/318,../raw/snow/csd/Train/Snow/318.tif,../raw/snow/csd/Train/Gt/318.tif,train,snow,csd
train/3180,../raw/snow/csd/Train/Snow/3180.tif,../raw/snow/csd/Train/Gt/3180.tif,train,snow,csd
train/3181,../raw/snow/csd/Train/Snow/3181.tif,../raw/snow/csd/Train/Gt/3181.tif,train,snow,csd
train/3182,../raw/snow/csd/Train/Snow/3182.tif,../raw/snow/csd/Train/Gt/3182.tif,train,snow,csd
train/3183,../raw/snow/csd/Train/Snow/3183.tif,../raw/snow/csd/Train/Gt/3183.tif,train,snow,csd
train/3184,../raw/snow/csd/Train/Snow/3184.tif,../raw/snow/csd/Train/Gt/3184.tif,val,snow,csd
train/3185,../raw/snow/csd/Train/Snow/3185.tif,../raw/snow/csd/Train/Gt/3185.tif,train,snow,csd
train/3186,../raw/snow/csd/Train/Snow/3186.tif,../raw/snow/csd/Train/Gt/3186.tif,train,snow,csd
train/3187,../raw/snow/csd/Train/Snow/3187.tif,../raw/snow/csd/Train/Gt/3187.tif,train,snow,csd
train/3188,../raw/snow/csd/Train/Snow/3188.tif,../raw/snow/csd/Train/Gt/3188.tif,train,snow,csd
train/3189,../raw/snow/csd/Train/Snow/3189.tif,../raw/snow/csd/Train/Gt/3189.tif,train,snow,csd
train/319,../raw/snow/csd/Train/Snow/319.tif,../raw/snow/csd/Train/Gt/319.tif,train,snow,csd
train/3190,../raw/snow/csd/Train/Snow/3190.tif,../raw/snow/csd/Train/Gt/3190.tif,train,snow,csd
train/3191,../raw/snow/csd/Train/Snow/3191.tif,../raw/snow/csd/Train/Gt/3191.tif,train,snow,csd
train/3192,../raw/snow/csd/Train/Snow/3192.tif,../raw/snow/csd/Train/Gt/3192.tif,train,snow,csd
train/3193,../raw/snow/csd/Train/Snow/3193.tif,../raw/snow/csd/Train/Gt/3193.tif,train,snow,csd
train/3194,../raw/snow/csd/Train/Snow/3194.tif,../raw/snow/csd/Train/Gt/3194.tif,train,snow,csd
train/3195,../raw/snow/csd/Train/Snow/3195.tif,../raw/snow/csd/Train/Gt/3195.tif,train,snow,csd
train/3196,../raw/snow/csd/Train/Snow/3196.tif,../raw/snow/csd/Train/Gt/3196.tif,train,snow,csd
train/3197,../raw/snow/csd/Train/Snow/3197.tif,../raw/snow/csd/Train/Gt/3197.tif,train,snow,csd
train/3198,../raw/snow/csd/Train/Snow/3198.tif,../raw/snow/csd/Train/Gt/3198.tif,train,snow,csd
train/3199,../raw/snow/csd/Train/Snow/3199.tif,../raw/snow/csd/Train/Gt/3199.tif,val,snow,csd
train/32,../raw/snow/csd/Train/Snow/32.tif,../raw/snow/csd/Train/Gt/32.tif,train,snow,csd
train/320,../raw/snow/csd/Train/Snow/320.tif,../raw/snow/csd/Train/Gt/320.tif,train,snow,csd
train/3200,../raw/snow/csd/Train/Snow/3200.tif,../raw/snow/csd/Train/Gt/3200.tif,train,snow,csd
train/3201,../raw/snow/csd/Train/Snow/3201.tif,../raw/snow/csd/Train/Gt/3201.tif,train,snow,csd
train/3202,../raw/snow/csd/Train/Snow/3202.tif,../raw/snow/csd/Train/Gt/3202.tif,train,snow,csd
train/3203,../raw/snow/csd/Train/Snow/3203.tif,../raw/snow/csd/Train/Gt/3203.tif,train,snow,csd
train/3204,../raw/snow/csd/Train/Snow/3204.tif,../raw/snow/csd/Train/Gt/3204.tif,train,snow,csd
train/3205,../raw/snow/csd/Train/Snow/3205.tif,../raw/snow/csd/Train/Gt/3205.tif,train,snow,csd
train/3206,../raw/snow/csd/Train/Snow/3206.tif,../raw/snow/csd/Train/Gt/3206.tif,train,snow,csd
train/3207,../raw/snow/csd/Train/Snow/3207.tif,../raw/snow/csd/Train/Gt/3207.tif,train,snow,csd
train/3208,../raw/snow/csd/Train/Snow/3208.tif,../raw/snow/csd/Train/Gt/3208.tif,train,snow,csd
train/3209,../raw/snow/csd/Train/Snow/3209.tif,../raw/snow/csd/Train/Gt/3209.tif,train,snow,csd
train/321,../raw/snow/csd/Train/Snow/321.tif,../raw/snow/csd/Train/Gt/321.tif,train,snow,csd
train/3210,../raw/snow/csd/Train/Snow/3210.tif,../raw/snow/csd/Train/Gt/3210.tif,train,snow,csd
train/3211,../raw/snow/csd/Train/Snow/3211.tif,../raw/snow/csd/Train/Gt/3211.tif,train,snow,csd
train/3212,../raw/snow/csd/Train/Snow/3212.tif,../raw/snow/csd/Train/Gt/3212.tif,train,snow,csd
train/3213,../raw/snow/csd/Train/Snow/3213.tif,../raw/snow/csd/Train/Gt/3213.tif,train,snow,csd
train/3214,../raw/snow/csd/Train/Snow/3214.tif,../raw/snow/csd/Train/Gt/3214.tif,train,snow,csd
train/3215,../raw/snow/csd/Train/Snow/3215.tif,../raw/snow/csd/Train/Gt/3215.tif,train,snow,csd
train/3216,../raw/snow/csd/Train/Snow/3216.tif,../raw/snow/csd/Train/Gt/3216.tif,train,snow,csd
train/3217,../raw/snow/csd/Train/Snow/3217.tif,../raw/snow/csd/Train/Gt/3217.tif,train,snow,csd
train/3218,../raw/snow/csd/Train/Snow/3218.tif,../raw/snow/csd/Train/Gt/3218.tif,train,snow,csd
train/3219,../raw/snow/csd/Train/Snow/3219.tif,../raw/snow/csd/Train/Gt/3219.tif,val,snow,csd
train/322,../raw/snow/csd/Train/Snow/322.tif,../raw/snow/csd/Train/Gt/322.tif,val,snow,csd
train/3220,../raw/snow/csd/Train/Snow/3220.tif,../raw/snow/csd/Train/Gt/3220.tif,train,snow,csd
train/3221,../raw/snow/csd/Train/Snow/3221.tif,../raw/snow/csd/Train/Gt/3221.tif,train,snow,csd
train/3222,../raw/snow/csd/Train/Snow/3222.tif,../raw/snow/csd/Train/Gt/3222.tif,train,snow,csd
train/3223,../raw/snow/csd/Train/Snow/3223.tif,../raw/snow/csd/Train/Gt/3223.tif,train,snow,csd
train/3224,../raw/snow/csd/Train/Snow/3224.tif,../raw/snow/csd/Train/Gt/3224.tif,train,snow,csd
train/3225,../raw/snow/csd/Train/Snow/3225.tif,../raw/snow/csd/Train/Gt/3225.tif,train,snow,csd
train/3226,../raw/snow/csd/Train/Snow/3226.tif,../raw/snow/csd/Train/Gt/3226.tif,train,snow,csd
train/3227,../raw/snow/csd/Train/Snow/3227.tif,../raw/snow/csd/Train/Gt/3227.tif,train,snow,csd
train/3228,../raw/snow/csd/Train/Snow/3228.tif,../raw/snow/csd/Train/Gt/3228.tif,train,snow,csd
train/3229,../raw/snow/csd/Train/Snow/3229.tif,../raw/snow/csd/Train/Gt/3229.tif,train,snow,csd
train/323,../raw/snow/csd/Train/Snow/323.tif,../raw/snow/csd/Train/Gt/323.tif,train,snow,csd
train/3230,../raw/snow/csd/Train/Snow/3230.tif,../raw/snow/csd/Train/Gt/3230.tif,train,snow,csd
train/3231,../raw/snow/csd/Train/Snow/3231.tif,../raw/snow/csd/Train/Gt/3231.tif,train,snow,csd
train/3232,../raw/snow/csd/Train/Snow/3232.tif,../raw/snow/csd/Train/Gt/3232.tif,val,snow,csd
train/3233,../raw/snow/csd/Train/Snow/3233.tif,../raw/snow/csd/Train/Gt/3233.tif,train,snow,csd
train/3234,../raw/snow/csd/Train/Snow/3234.tif,../raw/snow/csd/Train/Gt/3234.tif,val,snow,csd
train/3235,../raw/snow/csd/Train/Snow/3235.tif,../raw/snow/csd/Train/Gt/3235.tif,train,snow,csd
train/3236,../raw/snow/csd/Train/Snow/3236.tif,../raw/snow/csd/Train/Gt/3236.tif,train,snow,csd
train/3237,../raw/snow/csd/Train/Snow/3237.tif,../raw/snow/csd/Train/Gt/3237.tif,train,snow,csd
train/3238,../raw/snow/csd/Train/Snow/3238.tif,../raw/snow/csd/Train/Gt/3238.tif,train,snow,csd
train/3239,../raw/snow/csd/Train/Snow/3239.tif,../raw/snow/csd/Train/Gt/3239.tif,train,snow,csd
train/324,../raw/snow/csd/Train/Snow/324.tif,../raw/snow/csd/Train/Gt/324.tif,train,snow,csd
train/3240,../raw/snow/csd/Train/Snow/3240.tif,../raw/snow/csd/Train/Gt/3240.tif,train,snow,csd
train/3241,../raw/snow/csd/Train/Snow/3241.tif,../raw/snow/csd/Train/Gt/3241.tif,train,snow,csd
train/3242,../raw/snow/csd/Train/Snow/3242.tif,../raw/snow/csd/Train/Gt/3242.tif,train,snow,csd
train/3243,../raw/snow/csd/Train/Snow/3243.tif,../raw/snow/csd/Train/Gt/3243.tif,val,snow,csd
train/3244,../raw/snow/csd/Train/Snow/3244.tif,../raw/snow/csd/Train/Gt/3244.tif,train,snow,csd
train/3245,../raw/snow/csd/Train/Snow/3245.tif,../raw/snow/csd/Train/Gt/3245.tif,train,snow,csd
train/3246,../raw/snow/csd/Train/Snow/3246.tif,../raw/snow/csd/Train/Gt/3246.tif,train,snow,csd
train/3247,../raw/snow/csd/Train/Snow/3247.tif,../raw/snow/csd/Train/Gt/3247.tif,train,snow,csd
train/3248,../raw/snow/csd/Train/Snow/3248.tif,../raw/snow/csd/Train/Gt/3248.tif,val,snow,csd
train/3249,../raw/snow/csd/Train/Snow/3249.tif,../raw/snow/csd/Train/Gt/3249.tif,train,snow,csd
train/325,../raw/snow/csd/Train/Snow/325.tif,../raw/snow/csd/Train/Gt/325.tif,val,snow,csd
train/3250,../raw/snow/csd/Train/Snow/3250.tif,../raw/snow/csd/Train/Gt/3250.tif,train,snow,csd
train/3251,../raw/snow/csd/Train/Snow/3251.tif,../raw/snow/csd/Train/Gt/3251.tif,train,snow,csd
train/3252,../raw/snow/csd/Train/Snow/3252.tif,../raw/snow/csd/Train/Gt/3252.tif,val,snow,csd
train/3253,../raw/snow/csd/Train/Snow/3253.tif,../raw/snow/csd/Train/Gt/3253.tif,train,snow,csd
train/3254,../raw/snow/csd/Train/Snow/3254.tif,../raw/snow/csd/Train/Gt/3254.tif,val,snow,csd
train/3255,../raw/snow/csd/Train/Snow/3255.tif,../raw/snow/csd/Train/Gt/3255.tif,train,snow,csd
train/3256,../raw/snow/csd/Train/Snow/3256.tif,../raw/snow/csd/Train/Gt/3256.tif,train,snow,csd
train/3257,../raw/snow/csd/Train/Snow/3257.tif,../raw/snow/csd/Train/Gt/3257.tif,train,snow,csd
train/3258,../raw/snow/csd/Train/Snow/3258.tif,../raw/snow/csd/Train/Gt/3258.tif,train,snow,csd
train/3259,../raw/snow/csd/Train/Snow/3259.tif,../raw/snow/csd/Train/Gt/3259.tif,train,snow,csd
train/326,../raw/snow/csd/Train/Snow/326.tif,../raw/snow/csd/Train/Gt/326.tif,train,snow,csd
train/3260,../raw/snow/csd/Train/Snow/3260.tif,../raw/snow/csd/Train/Gt/3260.tif,train,snow,csd
train/3261,../raw/snow/csd/Train/Snow/3261.tif,../raw/snow/csd/Train/Gt/3261.tif,train,snow,csd
train/3262,../raw/snow/csd/Train/Snow/3262.tif,../raw/snow/csd/Train/Gt/3262.tif,train,snow,csd
train/3263,../raw/snow/csd/Train/Snow/3263.tif,../raw/snow/csd/Train/Gt/3263.tif,train,snow,csd
train/3264,../raw/snow/csd/Train/Snow/3264.tif,../raw/snow/csd/Train/Gt/3264.tif,train,snow,csd
train/3265,../raw/snow/csd/Train/Snow/3265.tif,../raw/snow/csd/Train/Gt/3265.tif,train,snow,csd
train/3266,../raw/snow/csd/Train/Snow/3266.tif,../raw/snow/csd/Train/Gt/3266.tif,train,snow,csd
train/3267,../raw/snow/csd/Train/Snow/3267.tif,../raw/snow/csd/Train/Gt/3267.tif,train,snow,csd
train/3268,../raw/snow/csd/Train/Snow/3268.tif,../raw/snow/csd/Train/Gt/3268.tif,train,snow,csd
train/3269,../raw/snow/csd/Train/Snow/3269.tif,../raw/snow/csd/Train/Gt/3269.tif,train,snow,csd
train/327,../raw/snow/csd/Train/Snow/327.tif,../raw/snow/csd/Train/Gt/327.tif,train,snow,csd
train/3270,../raw/snow/csd/Train/Snow/3270.tif,../raw/snow/csd/Train/Gt/3270.tif,train,snow,csd
train/3271,../raw/snow/csd/Train/Snow/3271.tif,../raw/snow/csd/Train/Gt/3271.tif,train,snow,csd
train/3272,../raw/snow/csd/Train/Snow/3272.tif,../raw/snow/csd/Train/Gt/3272.tif,train,snow,csd
train/3273,../raw/snow/csd/Train/Snow/3273.tif,../raw/snow/csd/Train/Gt/3273.tif,train,snow,csd
train/3274,../raw/snow/csd/Train/Snow/3274.tif,../raw/snow/csd/Train/Gt/3274.tif,train,snow,csd
train/3275,../raw/snow/csd/Train/Snow/3275.tif,../raw/snow/csd/Train/Gt/3275.tif,train,snow,csd
train/3276,../raw/snow/csd/Train/Snow/3276.tif,../raw/snow/csd/Train/Gt/3276.tif,train,snow,csd
train/3277,../raw/snow/csd/Train/Snow/3277.tif,../raw/snow/csd/Train/Gt/3277.tif,train,snow,csd
train/3278,../raw/snow/csd/Train/Snow/3278.tif,../raw/snow/csd/Train/Gt/3278.tif,train,snow,csd
train/3279,../raw/snow/csd/Train/Snow/3279.tif,../raw/snow/csd/Train/Gt/3279.tif,train,snow,csd
train/328,../raw/snow/csd/Train/Snow/328.tif,../raw/snow/csd/Train/Gt/328.tif,train,snow,csd
train/3280,../raw/snow/csd/Train/Snow/3280.tif,../raw/snow/csd/Train/Gt/3280.tif,train,snow,csd
train/3281,../raw/snow/csd/Train/Snow/3281.tif,../raw/snow/csd/Train/Gt/3281.tif,train,snow,csd
train/3282,../raw/snow/csd/Train/Snow/3282.tif,../raw/snow/csd/Train/Gt/3282.tif,train,snow,csd
train/3283,../raw/snow/csd/Train/Snow/3283.tif,../raw/snow/csd/Train/Gt/3283.tif,train,snow,csd
train/3284,../raw/snow/csd/Train/Snow/3284.tif,../raw/snow/csd/Train/Gt/3284.tif,train,snow,csd
train/3285,../raw/snow/csd/Train/Snow/3285.tif,../raw/snow/csd/Train/Gt/3285.tif,train,snow,csd
train/3286,../raw/snow/csd/Train/Snow/3286.tif,../raw/snow/csd/Train/Gt/3286.tif,train,snow,csd
train/3287,../raw/snow/csd/Train/Snow/3287.tif,../raw/snow/csd/Train/Gt/3287.tif,val,snow,csd
train/3288,../raw/snow/csd/Train/Snow/3288.tif,../raw/snow/csd/Train/Gt/3288.tif,train,snow,csd
train/3289,../raw/snow/csd/Train/Snow/3289.tif,../raw/snow/csd/Train/Gt/3289.tif,train,snow,csd
train/329,../raw/snow/csd/Train/Snow/329.tif,../raw/snow/csd/Train/Gt/329.tif,train,snow,csd
train/3290,../raw/snow/csd/Train/Snow/3290.tif,../raw/snow/csd/Train/Gt/3290.tif,val,snow,csd
train/3291,../raw/snow/csd/Train/Snow/3291.tif,../raw/snow/csd/Train/Gt/3291.tif,train,snow,csd
train/3292,../raw/snow/csd/Train/Snow/3292.tif,../raw/snow/csd/Train/Gt/3292.tif,train,snow,csd
train/3293,../raw/snow/csd/Train/Snow/3293.tif,../raw/snow/csd/Train/Gt/3293.tif,train,snow,csd
train/3294,../raw/snow/csd/Train/Snow/3294.tif,../raw/snow/csd/Train/Gt/3294.tif,train,snow,csd
train/3295,../raw/snow/csd/Train/Snow/3295.tif,../raw/snow/csd/Train/Gt/3295.tif,train,snow,csd
train/3296,../raw/snow/csd/Train/Snow/3296.tif,../raw/snow/csd/Train/Gt/3296.tif,val,snow,csd
train/3297,../raw/snow/csd/Train/Snow/3297.tif,../raw/snow/csd/Train/Gt/3297.tif,train,snow,csd
train/3298,../raw/snow/csd/Train/Snow/3298.tif,../raw/snow/csd/Train/Gt/3298.tif,train,snow,csd
train/3299,../raw/snow/csd/Train/Snow/3299.tif,../raw/snow/csd/Train/Gt/3299.tif,val,snow,csd
train/33,../raw/snow/csd/Train/Snow/33.tif,../raw/snow/csd/Train/Gt/33.tif,train,snow,csd
train/330,../raw/snow/csd/Train/Snow/330.tif,../raw/snow/csd/Train/Gt/330.tif,train,snow,csd
train/3300,../raw/snow/csd/Train/Snow/3300.tif,../raw/snow/csd/Train/Gt/3300.tif,train,snow,csd
train/3301,../raw/snow/csd/Train/Snow/3301.tif,../raw/snow/csd/Train/Gt/3301.tif,train,snow,csd
train/3302,../raw/snow/csd/Train/Snow/3302.tif,../raw/snow/csd/Train/Gt/3302.tif,train,snow,csd
train/3303,../raw/snow/csd/Train/Snow/3303.tif,../raw/snow/csd/Train/Gt/3303.tif,train,snow,csd
train/3304,../raw/snow/csd/Train/Snow/3304.tif,../raw/snow/csd/Train/Gt/3304.tif,train,snow,csd
train/3305,../raw/snow/csd/Train/Snow/3305.tif,../raw/snow/csd/Train/Gt/3305.tif,train,snow,csd
train/3306,../raw/snow/csd/Train/Snow/3306.tif,../raw/snow/csd/Train/Gt/3306.tif,train,snow,csd
train/3307,../raw/snow/csd/Train/Snow/3307.tif,../raw/snow/csd/Train/Gt/3307.tif,train,snow,csd
train/3308,../raw/snow/csd/Train/Snow/3308.tif,../raw/snow/csd/Train/Gt/3308.tif,train,snow,csd
train/3309,../raw/snow/csd/Train/Snow/3309.tif,../raw/snow/csd/Train/Gt/3309.tif,train,snow,csd
train/331,../raw/snow/csd/Train/Snow/331.tif,../raw/snow/csd/Train/Gt/331.tif,train,snow,csd
train/3310,../raw/snow/csd/Train/Snow/3310.tif,../raw/snow/csd/Train/Gt/3310.tif,train,snow,csd
train/3311,../raw/snow/csd/Train/Snow/3311.tif,../raw/snow/csd/Train/Gt/3311.tif,train,snow,csd
train/3312,../raw/snow/csd/Train/Snow/3312.tif,../raw/snow/csd/Train/Gt/3312.tif,train,snow,csd
train/3313,../raw/snow/csd/Train/Snow/3313.tif,../raw/snow/csd/Train/Gt/3313.tif,train,snow,csd
train/3314,../raw/snow/csd/Train/Snow/3314.tif,../raw/snow/csd/Train/Gt/3314.tif,train,snow,csd
train/3315,../raw/snow/csd/Train/Snow/3315.tif,../raw/snow/csd/Train/Gt/3315.tif,train,snow,csd
train/3316,../raw/snow/csd/Train/Snow/3316.tif,../raw/snow/csd/Train/Gt/3316.tif,train,snow,csd
train/3317,../raw/snow/csd/Train/Snow/3317.tif,../raw/snow/csd/Train/Gt/3317.tif,train,snow,csd
train/3318,../raw/snow/csd/Train/Snow/3318.tif,../raw/snow/csd/Train/Gt/3318.tif,train,snow,csd
train/3319,../raw/snow/csd/Train/Snow/3319.tif,../raw/snow/csd/Train/Gt/3319.tif,val,snow,csd
train/332,../raw/snow/csd/Train/Snow/332.tif,../raw/snow/csd/Train/Gt/332.tif,train,snow,csd
train/3320,../raw/snow/csd/Train/Snow/3320.tif,../raw/snow/csd/Train/Gt/3320.tif,train,snow,csd
train/3321,../raw/snow/csd/Train/Snow/3321.tif,../raw/snow/csd/Train/Gt/3321.tif,val,snow,csd
train/3322,../raw/snow/csd/Train/Snow/3322.tif,../raw/snow/csd/Train/Gt/3322.tif,val,snow,csd
train/3323,../raw/snow/csd/Train/Snow/3323.tif,../raw/snow/csd/Train/Gt/3323.tif,train,snow,csd
train/3324,../raw/snow/csd/Train/Snow/3324.tif,../raw/snow/csd/Train/Gt/3324.tif,train,snow,csd
train/3325,../raw/snow/csd/Train/Snow/3325.tif,../raw/snow/csd/Train/Gt/3325.tif,train,snow,csd
train/3326,../raw/snow/csd/Train/Snow/3326.tif,../raw/snow/csd/Train/Gt/3326.tif,train,snow,csd
train/3327,../raw/snow/csd/Train/Snow/3327.tif,../raw/snow/csd/Train/Gt/3327.tif,train,snow,csd
train/3328,../raw/snow/csd/Train/Snow/3328.tif,../raw/snow/csd/Train/Gt/3328.tif,train,snow,csd
train/3329,../raw/snow/csd/Train/Snow/3329.tif,../raw/snow/csd/Train/Gt/3329.tif,train,snow,csd
train/333,../raw/snow/csd/Train/Snow/333.tif,../raw/snow/csd/Train/Gt/333.tif,train,snow,csd
train/3330,../raw/snow/csd/Train/Snow/3330.tif,../raw/snow/csd/Train/Gt/3330.tif,train,snow,csd
train/3331,../raw/snow/csd/Train/Snow/3331.tif,../raw/snow/csd/Train/Gt/3331.tif,train,snow,csd
train/3332,../raw/snow/csd/Train/Snow/3332.tif,../raw/snow/csd/Train/Gt/3332.tif,train,snow,csd
train/3333,../raw/snow/csd/Train/Snow/3333.tif,../raw/snow/csd/Train/Gt/3333.tif,train,snow,csd
train/3334,../raw/snow/csd/Train/Snow/3334.tif,../raw/snow/csd/Train/Gt/3334.tif,train,snow,csd
train/3335,../raw/snow/csd/Train/Snow/3335.tif,../raw/snow/csd/Train/Gt/3335.tif,train,snow,csd
train/3336,../raw/snow/csd/Train/Snow/3336.tif,../raw/snow/csd/Train/Gt/3336.tif,train,snow,csd
train/3337,../raw/snow/csd/Train/Snow/3337.tif,../raw/snow/csd/Train/Gt/3337.tif,train,snow,csd
train/3338,../raw/snow/csd/Train/Snow/3338.tif,../raw/snow/csd/Train/Gt/3338.tif,train,snow,csd
train/3339,../raw/snow/csd/Train/Snow/3339.tif,../raw/snow/csd/Train/Gt/3339.tif,train,snow,csd
train/334,../raw/snow/csd/Train/Snow/334.tif,../raw/snow/csd/Train/Gt/334.tif,train,snow,csd
train/3340,../raw/snow/csd/Train/Snow/3340.tif,../raw/snow/csd/Train/Gt/3340.tif,train,snow,csd
train/3341,../raw/snow/csd/Train/Snow/3341.tif,../raw/snow/csd/Train/Gt/3341.tif,train,snow,csd
train/3342,../raw/snow/csd/Train/Snow/3342.tif,../raw/snow/csd/Train/Gt/3342.tif,train,snow,csd
train/3343,../raw/snow/csd/Train/Snow/3343.tif,../raw/snow/csd/Train/Gt/3343.tif,train,snow,csd
train/3344,../raw/snow/csd/Train/Snow/3344.tif,../raw/snow/csd/Train/Gt/3344.tif,train,snow,csd
train/3345,../raw/snow/csd/Train/Snow/3345.tif,../raw/snow/csd/Train/Gt/3345.tif,train,snow,csd
train/3346,../raw/snow/csd/Train/Snow/3346.tif,../raw/snow/csd/Train/Gt/3346.tif,train,snow,csd
train/3347,../raw/snow/csd/Train/Snow/3347.tif,../raw/snow/csd/Train/Gt/3347.tif,train,snow,csd
train/3348,../raw/snow/csd/Train/Snow/3348.tif,../raw/snow/csd/Train/Gt/3348.tif,train,snow,csd
train/3349,../raw/snow/csd/Train/Snow/3349.tif,../raw/snow/csd/Train/Gt/3349.tif,train,snow,csd
train/335,../raw/snow/csd/Train/Snow/335.tif,../raw/snow/csd/Train/Gt/335.tif,train,snow,csd
train/3350,../raw/snow/csd/Train/Snow/3350.tif,../raw/snow/csd/Train/Gt/3350.tif,train,snow,csd
train/3351,../raw/snow/csd/Train/Snow/3351.tif,../raw/snow/csd/Train/Gt/3351.tif,train,snow,csd
train/3352,../raw/snow/csd/Train/Snow/3352.tif,../raw/snow/csd/Train/Gt/3352.tif,train,snow,csd
train/3353,../raw/snow/csd/Train/Snow/3353.tif,../raw/snow/csd/Train/Gt/3353.tif,train,snow,csd
train/3354,../raw/snow/csd/Train/Snow/3354.tif,../raw/snow/csd/Train/Gt/3354.tif,train,snow,csd
train/3355,../raw/snow/csd/Train/Snow/3355.tif,../raw/snow/csd/Train/Gt/3355.tif,val,snow,csd
train/3356,../raw/snow/csd/Train/Snow/3356.tif,../raw/snow/csd/Train/Gt/3356.tif,train,snow,csd
train/3357,../raw/snow/csd/Train/Snow/3357.tif,../raw/snow/csd/Train/Gt/3357.tif,train,snow,csd
train/3358,../raw/snow/csd/Train/Snow/3358.tif,../raw/snow/csd/Train/Gt/3358.tif,val,snow,csd
train/3359,../raw/snow/csd/Train/Snow/3359.tif,../raw/snow/csd/Train/Gt/3359.tif,train,snow,csd
train/336,../raw/snow/csd/Train/Snow/336.tif,../raw/snow/csd/Train/Gt/336.tif,train,snow,csd
train/3360,../raw/snow/csd/Train/Snow/3360.tif,../raw/snow/csd/Train/Gt/3360.tif,train,snow,csd
train/3361,../raw/snow/csd/Train/Snow/3361.tif,../raw/snow/csd/Train/Gt/3361.tif,train,snow,csd
train/3362,../raw/snow/csd/Train/Snow/3362.tif,../raw/snow/csd/Train/Gt/3362.tif,train,snow,csd
train/3363,../raw/snow/csd/Train/Snow/3363.tif,../raw/snow/csd/Train/Gt/3363.tif,train,snow,csd
train/3364,../raw/snow/csd/Train/Snow/3364.tif,../raw/snow/csd/Train/Gt/3364.tif,train,snow,csd
train/3365,../raw/snow/csd/Train/Snow/3365.tif,../raw/snow/csd/Train/Gt/3365.tif,train,snow,csd
train/3366,../raw/snow/csd/Train/Snow/3366.tif,../raw/snow/csd/Train/Gt/3366.tif,train,snow,csd
train/3367,../raw/snow/csd/Train/Snow/3367.tif,../raw/snow/csd/Train/Gt/3367.tif,train,snow,csd
train/3368,../raw/snow/csd/Train/Snow/3368.tif,../raw/snow/csd/Train/Gt/3368.tif,train,snow,csd
train/3369,../raw/snow/csd/Train/Snow/3369.tif,../raw/snow/csd/Train/Gt/3369.tif,train,snow,csd
train/337,../raw/snow/csd/Train/Snow/337.tif,../raw/snow/csd/Train/Gt/337.tif,train,snow,csd
train/3370,../raw/snow/csd/Train/Snow/3370.tif,../raw/snow/csd/Train/Gt/3370.tif,train,snow,csd
train/3371,../raw/snow/csd/Train/Snow/3371.tif,../raw/snow/csd/Train/Gt/3371.tif,train,snow,csd
train/3372,../raw/snow/csd/Train/Snow/3372.tif,../raw/snow/csd/Train/Gt/3372.tif,train,snow,csd
train/3373,../raw/snow/csd/Train/Snow/3373.tif,../raw/snow/csd/Train/Gt/3373.tif,train,snow,csd
train/3374,../raw/snow/csd/Train/Snow/3374.tif,../raw/snow/csd/Train/Gt/3374.tif,train,snow,csd
train/3375,../raw/snow/csd/Train/Snow/3375.tif,../raw/snow/csd/Train/Gt/3375.tif,train,snow,csd
train/3376,../raw/snow/csd/Train/Snow/3376.tif,../raw/snow/csd/Train/Gt/3376.tif,val,snow,csd
train/3377,../raw/snow/csd/Train/Snow/3377.tif,../raw/snow/csd/Train/Gt/3377.tif,train,snow,csd
train/3378,../raw/snow/csd/Train/Snow/3378.tif,../raw/snow/csd/Train/Gt/3378.tif,val,snow,csd
train/3379,../raw/snow/csd/Train/Snow/3379.tif,../raw/snow/csd/Train/Gt/3379.tif,train,snow,csd
train/338,../raw/snow/csd/Train/Snow/338.tif,../raw/snow/csd/Train/Gt/338.tif,train,snow,csd
train/3380,../raw/snow/csd/Train/Snow/3380.tif,../raw/snow/csd/Train/Gt/3380.tif,train,snow,csd
train/3381,../raw/snow/csd/Train/Snow/3381.tif,../raw/snow/csd/Train/Gt/3381.tif,train,snow,csd
train/3382,../raw/snow/csd/Train/Snow/3382.tif,../raw/snow/csd/Train/Gt/3382.tif,train,snow,csd
train/3383,../raw/snow/csd/Train/Snow/3383.tif,../raw/snow/csd/Train/Gt/3383.tif,train,snow,csd
train/3384,../raw/snow/csd/Train/Snow/3384.tif,../raw/snow/csd/Train/Gt/3384.tif,train,snow,csd
train/3385,../raw/snow/csd/Train/Snow/3385.tif,../raw/snow/csd/Train/Gt/3385.tif,train,snow,csd
train/3386,../raw/snow/csd/Train/Snow/3386.tif,../raw/snow/csd/Train/Gt/3386.tif,train,snow,csd
train/3387,../raw/snow/csd/Train/Snow/3387.tif,../raw/snow/csd/Train/Gt/3387.tif,train,snow,csd
train/3388,../raw/snow/csd/Train/Snow/3388.tif,../raw/snow/csd/Train/Gt/3388.tif,val,snow,csd
train/3389,../raw/snow/csd/Train/Snow/3389.tif,../raw/snow/csd/Train/Gt/3389.tif,train,snow,csd
train/339,../raw/snow/csd/Train/Snow/339.tif,../raw/snow/csd/Train/Gt/339.tif,train,snow,csd
train/3390,../raw/snow/csd/Train/Snow/3390.tif,../raw/snow/csd/Train/Gt/3390.tif,train,snow,csd
train/3391,../raw/snow/csd/Train/Snow/3391.tif,../raw/snow/csd/Train/Gt/3391.tif,train,snow,csd
train/3392,../raw/snow/csd/Train/Snow/3392.tif,../raw/snow/csd/Train/Gt/3392.tif,train,snow,csd
train/3393,../raw/snow/csd/Train/Snow/3393.tif,../raw/snow/csd/Train/Gt/3393.tif,train,snow,csd
train/3394,../raw/snow/csd/Train/Snow/3394.tif,../raw/snow/csd/Train/Gt/3394.tif,train,snow,csd
train/3395,../raw/snow/csd/Train/Snow/3395.tif,../raw/snow/csd/Train/Gt/3395.tif,train,snow,csd
train/3396,../raw/snow/csd/Train/Snow/3396.tif,../raw/snow/csd/Train/Gt/3396.tif,train,snow,csd
train/3397,../raw/snow/csd/Train/Snow/3397.tif,../raw/snow/csd/Train/Gt/3397.tif,train,snow,csd
train/3398,../raw/snow/csd/Train/Snow/3398.tif,../raw/snow/csd/Train/Gt/3398.tif,train,snow,csd
train/3399,../raw/snow/csd/Train/Snow/3399.tif,../raw/snow/csd/Train/Gt/3399.tif,train,snow,csd
train/34,../raw/snow/csd/Train/Snow/34.tif,../raw/snow/csd/Train/Gt/34.tif,train,snow,csd
train/340,../raw/snow/csd/Train/Snow/340.tif,../raw/snow/csd/Train/Gt/340.tif,train,snow,csd
train/3400,../raw/snow/csd/Train/Snow/3400.tif,../raw/snow/csd/Train/Gt/3400.tif,train,snow,csd
train/3401,../raw/snow/csd/Train/Snow/3401.tif,../raw/snow/csd/Train/Gt/3401.tif,train,snow,csd
train/3402,../raw/snow/csd/Train/Snow/3402.tif,../raw/snow/csd/Train/Gt/3402.tif,train,snow,csd
train/3403,../raw/snow/csd/Train/Snow/3403.tif,../raw/snow/csd/Train/Gt/3403.tif,train,snow,csd
train/3404,../raw/snow/csd/Train/Snow/3404.tif,../raw/snow/csd/Train/Gt/3404.tif,train,snow,csd
train/3405,../raw/snow/csd/Train/Snow/3405.tif,../raw/snow/csd/Train/Gt/3405.tif,train,snow,csd
train/3406,../raw/snow/csd/Train/Snow/3406.tif,../raw/snow/csd/Train/Gt/3406.tif,val,snow,csd
train/3407,../raw/snow/csd/Train/Snow/3407.tif,../raw/snow/csd/Train/Gt/3407.tif,train,snow,csd
train/3408,../raw/snow/csd/Train/Snow/3408.tif,../raw/snow/csd/Train/Gt/3408.tif,val,snow,csd
train/3409,../raw/snow/csd/Train/Snow/3409.tif,../raw/snow/csd/Train/Gt/3409.tif,train,snow,csd
train/341,../raw/snow/csd/Train/Snow/341.tif,../raw/snow/csd/Train/Gt/341.tif,train,snow,csd
train/3410,../raw/snow/csd/Train/Snow/3410.tif,../raw/snow/csd/Train/Gt/3410.tif,train,snow,csd
train/3411,../raw/snow/csd/Train/Snow/3411.tif,../raw/snow/csd/Train/Gt/3411.tif,train,snow,csd
train/3412,../raw/snow/csd/Train/Snow/3412.tif,../raw/snow/csd/Train/Gt/3412.tif,train,snow,csd
train/3413,../raw/snow/csd/Train/Snow/3413.tif,../raw/snow/csd/Train/Gt/3413.tif,train,snow,csd
train/3414,../raw/snow/csd/Train/Snow/3414.tif,../raw/snow/csd/Train/Gt/3414.tif,train,snow,csd
train/3415,../raw/snow/csd/Train/Snow/3415.tif,../raw/snow/csd/Train/Gt/3415.tif,train,snow,csd
train/3416,../raw/snow/csd/Train/Snow/3416.tif,../raw/snow/csd/Train/Gt/3416.tif,train,snow,csd
train/3417,../raw/snow/csd/Train/Snow/3417.tif,../raw/snow/csd/Train/Gt/3417.tif,train,snow,csd
train/3418,../raw/snow/csd/Train/Snow/3418.tif,../raw/snow/csd/Train/Gt/3418.tif,train,snow,csd
train/3419,../raw/snow/csd/Train/Snow/3419.tif,../raw/snow/csd/Train/Gt/3419.tif,train,snow,csd
train/342,../raw/snow/csd/Train/Snow/342.tif,../raw/snow/csd/Train/Gt/342.tif,train,snow,csd
train/3420,../raw/snow/csd/Train/Snow/3420.tif,../raw/snow/csd/Train/Gt/3420.tif,train,snow,csd
train/3421,../raw/snow/csd/Train/Snow/3421.tif,../raw/snow/csd/Train/Gt/3421.tif,train,snow,csd
train/3422,../raw/snow/csd/Train/Snow/3422.tif,../raw/snow/csd/Train/Gt/3422.tif,train,snow,csd
train/3423,../raw/snow/csd/Train/Snow/3423.tif,../raw/snow/csd/Train/Gt/3423.tif,train,snow,csd
train/3424,../raw/snow/csd/Train/Snow/3424.tif,../raw/snow/csd/Train/Gt/3424.tif,train,snow,csd
train/3425,../raw/snow/csd/Train/Snow/3425.tif,../raw/snow/csd/Train/Gt/3425.tif,train,snow,csd
train/3426,../raw/snow/csd/Train/Snow/3426.tif,../raw/snow/csd/Train/Gt/3426.tif,val,snow,csd
train/3427,../raw/snow/csd/Train/Snow/3427.tif,../raw/snow/csd/Train/Gt/3427.tif,train,snow,csd
train/3428,../raw/snow/csd/Train/Snow/3428.tif,../raw/snow/csd/Train/Gt/3428.tif,val,snow,csd
train/3429,../raw/snow/csd/Train/Snow/3429.tif,../raw/snow/csd/Train/Gt/3429.tif,train,snow,csd
train/343,../raw/snow/csd/Train/Snow/343.tif,../raw/snow/csd/Train/Gt/343.tif,val,snow,csd
train/3430,../raw/snow/csd/Train/Snow/3430.tif,../raw/snow/csd/Train/Gt/3430.tif,train,snow,csd
train/3431,../raw/snow/csd/Train/Snow/3431.tif,../raw/snow/csd/Train/Gt/3431.tif,val,snow,csd
train/3432,../raw/snow/csd/Train/Snow/3432.tif,../raw/snow/csd/Train/Gt/3432.tif,val,snow,csd
train/3433,../raw/snow/csd/Train/Snow/3433.tif,../raw/snow/csd/Train/Gt/3433.tif,train,snow,csd
train/3434,../raw/snow/csd/Train/Snow/3434.tif,../raw/snow/csd/Train/Gt/3434.tif,train,snow,csd
train/3435,../raw/snow/csd/Train/Snow/3435.tif,../raw/snow/csd/Train/Gt/3435.tif,train,snow,csd
train/3436,../raw/snow/csd/Train/Snow/3436.tif,../raw/snow/csd/Train/Gt/3436.tif,train,snow,csd
train/3437,../raw/snow/csd/Train/Snow/3437.tif,../raw/snow/csd/Train/Gt/3437.tif,val,snow,csd
train/3438,../raw/snow/csd/Train/Snow/3438.tif,../raw/snow/csd/Train/Gt/3438.tif,train,snow,csd
train/3439,../raw/snow/csd/Train/Snow/3439.tif,../raw/snow/csd/Train/Gt/3439.tif,val,snow,csd
train/344,../raw/snow/csd/Train/Snow/344.tif,../raw/snow/csd/Train/Gt/344.tif,train,snow,csd
train/3440,../raw/snow/csd/Train/Snow/3440.tif,../raw/snow/csd/Train/Gt/3440.tif,train,snow,csd
train/3441,../raw/snow/csd/Train/Snow/3441.tif,../raw/snow/csd/Train/Gt/3441.tif,train,snow,csd
train/3442,../raw/snow/csd/Train/Snow/3442.tif,../raw/snow/csd/Train/Gt/3442.tif,train,snow,csd
train/3443,../raw/snow/csd/Train/Snow/3443.tif,../raw/snow/csd/Train/Gt/3443.tif,train,snow,csd
train/3444,../raw/snow/csd/Train/Snow/3444.tif,../raw/snow/csd/Train/Gt/3444.tif,val,snow,csd
train/3445,../raw/snow/csd/Train/Snow/3445.tif,../raw/snow/csd/Train/Gt/3445.tif,train,snow,csd
train/3446,../raw/snow/csd/Train/Snow/3446.tif,../raw/snow/csd/Train/Gt/3446.tif,train,snow,csd
train/3447,../raw/snow/csd/Train/Snow/3447.tif,../raw/snow/csd/Train/Gt/3447.tif,train,snow,csd
train/3448,../raw/snow/csd/Train/Snow/3448.tif,../raw/snow/csd/Train/Gt/3448.tif,train,snow,csd
train/3449,../raw/snow/csd/Train/Snow/3449.tif,../raw/snow/csd/Train/Gt/3449.tif,train,snow,csd
train/345,../raw/snow/csd/Train/Snow/345.tif,../raw/snow/csd/Train/Gt/345.tif,train,snow,csd
train/3450,../raw/snow/csd/Train/Snow/3450.tif,../raw/snow/csd/Train/Gt/3450.tif,train,snow,csd
train/3451,../raw/snow/csd/Train/Snow/3451.tif,../raw/snow/csd/Train/Gt/3451.tif,train,snow,csd
train/3452,../raw/snow/csd/Train/Snow/3452.tif,../raw/snow/csd/Train/Gt/3452.tif,train,snow,csd
train/3453,../raw/snow/csd/Train/Snow/3453.tif,../raw/snow/csd/Train/Gt/3453.tif,train,snow,csd
train/3454,../raw/snow/csd/Train/Snow/3454.tif,../raw/snow/csd/Train/Gt/3454.tif,train,snow,csd
train/3455,../raw/snow/csd/Train/Snow/3455.tif,../raw/snow/csd/Train/Gt/3455.tif,train,snow,csd
train/3456,../raw/snow/csd/Train/Snow/3456.tif,../raw/snow/csd/Train/Gt/3456.tif,train,snow,csd
train/3457,../raw/snow/csd/Train/Snow/3457.tif,../raw/snow/csd/Train/Gt/3457.tif,train,snow,csd
train/3458,../raw/snow/csd/Train/Snow/3458.tif,../raw/snow/csd/Train/Gt/3458.tif,train,snow,csd
train/3459,../raw/snow/csd/Train/Snow/3459.tif,../raw/snow/csd/Train/Gt/3459.tif,train,snow,csd
train/346,../raw/snow/csd/Train/Snow/346.tif,../raw/snow/csd/Train/Gt/346.tif,train,snow,csd
train/3460,../raw/snow/csd/Train/Snow/3460.tif,../raw/snow/csd/Train/Gt/3460.tif,train,snow,csd
train/3461,../raw/snow/csd/Train/Snow/3461.tif,../raw/snow/csd/Train/Gt/3461.tif,train,snow,csd
train/3462,../raw/snow/csd/Train/Snow/3462.tif,../raw/snow/csd/Train/Gt/3462.tif,train,snow,csd
train/3463,../raw/snow/csd/Train/Snow/3463.tif,../raw/snow/csd/Train/Gt/3463.tif,train,snow,csd
train/3464,../raw/snow/csd/Train/Snow/3464.tif,../raw/snow/csd/Train/Gt/3464.tif,train,snow,csd
train/3465,../raw/snow/csd/Train/Snow/3465.tif,../raw/snow/csd/Train/Gt/3465.tif,train,snow,csd
train/3466,../raw/snow/csd/Train/Snow/3466.tif,../raw/snow/csd/Train/Gt/3466.tif,train,snow,csd
train/3467,../raw/snow/csd/Train/Snow/3467.tif,../raw/snow/csd/Train/Gt/3467.tif,train,snow,csd
train/3468,../raw/snow/csd/Train/Snow/3468.tif,../raw/snow/csd/Train/Gt/3468.tif,train,snow,csd
train/3469,../raw/snow/csd/Train/Snow/3469.tif,../raw/snow/csd/Train/Gt/3469.tif,train,snow,csd
train/347,../raw/snow/csd/Train/Snow/347.tif,../raw/snow/csd/Train/Gt/347.tif,train,snow,csd
train/3470,../raw/snow/csd/Train/Snow/3470.tif,../raw/snow/csd/Train/Gt/3470.tif,train,snow,csd
train/3471,../raw/snow/csd/Train/Snow/3471.tif,../raw/snow/csd/Train/Gt/3471.tif,train,snow,csd
train/3472,../raw/snow/csd/Train/Snow/3472.tif,../raw/snow/csd/Train/Gt/3472.tif,train,snow,csd
train/3473,../raw/snow/csd/Train/Snow/3473.tif,../raw/snow/csd/Train/Gt/3473.tif,train,snow,csd
train/3474,../raw/snow/csd/Train/Snow/3474.tif,../raw/snow/csd/Train/Gt/3474.tif,train,snow,csd
train/3475,../raw/snow/csd/Train/Snow/3475.tif,../raw/snow/csd/Train/Gt/3475.tif,train,snow,csd
train/3476,../raw/snow/csd/Train/Snow/3476.tif,../raw/snow/csd/Train/Gt/3476.tif,train,snow,csd
train/3477,../raw/snow/csd/Train/Snow/3477.tif,../raw/snow/csd/Train/Gt/3477.tif,train,snow,csd
train/3478,../raw/snow/csd/Train/Snow/3478.tif,../raw/snow/csd/Train/Gt/3478.tif,train,snow,csd
train/3479,../raw/snow/csd/Train/Snow/3479.tif,../raw/snow/csd/Train/Gt/3479.tif,train,snow,csd
train/348,../raw/snow/csd/Train/Snow/348.tif,../raw/snow/csd/Train/Gt/348.tif,val,snow,csd
train/3480,../raw/snow/csd/Train/Snow/3480.tif,../raw/snow/csd/Train/Gt/3480.tif,train,snow,csd
train/3481,../raw/snow/csd/Train/Snow/3481.tif,../raw/snow/csd/Train/Gt/3481.tif,train,snow,csd
train/3482,../raw/snow/csd/Train/Snow/3482.tif,../raw/snow/csd/Train/Gt/3482.tif,train,snow,csd
train/3483,../raw/snow/csd/Train/Snow/3483.tif,../raw/snow/csd/Train/Gt/3483.tif,train,snow,csd
train/3484,../raw/snow/csd/Train/Snow/3484.tif,../raw/snow/csd/Train/Gt/3484.tif,val,snow,csd
train/3485,../raw/snow/csd/Train/Snow/3485.tif,../raw/snow/csd/Train/Gt/3485.tif,train,snow,csd
train/3486,../raw/snow/csd/Train/Snow/3486.tif,../raw/snow/csd/Train/Gt/3486.tif,train,snow,csd
train/3487,../raw/snow/csd/Train/Snow/3487.tif,../raw/snow/csd/Train/Gt/3487.tif,train,snow,csd
train/3488,../raw/snow/csd/Train/Snow/3488.tif,../raw/snow/csd/Train/Gt/3488.tif,val,snow,csd
train/3489,../raw/snow/csd/Train/Snow/3489.tif,../raw/snow/csd/Train/Gt/3489.tif,train,snow,csd
train/349,../raw/snow/csd/Train/Snow/349.tif,../raw/snow/csd/Train/Gt/349.tif,train,snow,csd
train/3490,../raw/snow/csd/Train/Snow/3490.tif,../raw/snow/csd/Train/Gt/3490.tif,train,snow,csd
train/3491,../raw/snow/csd/Train/Snow/3491.tif,../raw/snow/csd/Train/Gt/3491.tif,train,snow,csd
train/3492,../raw/snow/csd/Train/Snow/3492.tif,../raw/snow/csd/Train/Gt/3492.tif,train,snow,csd
train/3493,../raw/snow/csd/Train/Snow/3493.tif,../raw/snow/csd/Train/Gt/3493.tif,train,snow,csd
train/3494,../raw/snow/csd/Train/Snow/3494.tif,../raw/snow/csd/Train/Gt/3494.tif,train,snow,csd
train/3495,../raw/snow/csd/Train/Snow/3495.tif,../raw/snow/csd/Train/Gt/3495.tif,train,snow,csd
train/3496,../raw/snow/csd/Train/Snow/3496.tif,../raw/snow/csd/Train/Gt/3496.tif,train,snow,csd
train/3497,../raw/snow/csd/Train/Snow/3497.tif,../raw/snow/csd/Train/Gt/3497.tif,train,snow,csd
train/3498,../raw/snow/csd/Train/Snow/3498.tif,../raw/snow/csd/Train/Gt/3498.tif,train,snow,csd
train/3499,../raw/snow/csd/Train/Snow/3499.tif,../raw/snow/csd/Train/Gt/3499.tif,val,snow,csd
train/35,../raw/snow/csd/Train/Snow/35.tif,../raw/snow/csd/Train/Gt/35.tif,train,snow,csd
train/350,../raw/snow/csd/Train/Snow/350.tif,../raw/snow/csd/Train/Gt/350.tif,train,snow,csd
train/3500,../raw/snow/csd/Train/Snow/3500.tif,../raw/snow/csd/Train/Gt/3500.tif,train,snow,csd
train/3501,../raw/snow/csd/Train/Snow/3501.tif,../raw/snow/csd/Train/Gt/3501.tif,val,snow,csd
train/3502,../raw/snow/csd/Train/Snow/3502.tif,../raw/snow/csd/Train/Gt/3502.tif,train,snow,csd
train/3503,../raw/snow/csd/Train/Snow/3503.tif,../raw/snow/csd/Train/Gt/3503.tif,train,snow,csd
train/3504,../raw/snow/csd/Train/Snow/3504.tif,../raw/snow/csd/Train/Gt/3504.tif,train,snow,csd
train/3505,../raw/snow/csd/Train/Snow/3505.tif,../raw/snow/csd/Train/Gt/3505.tif,train,snow,csd
train/3506,../raw/snow/csd/Train/Snow/3506.tif,../raw/snow/csd/Train/Gt/3506.tif,train,snow,csd
train/3507,../raw/snow/csd/Train/Snow/3507.tif,../raw/snow/csd/Train/Gt/3507.tif,train,snow,csd
train/3508,../raw/snow/csd/Train/Snow/3508.tif,../raw/snow/csd/Train/Gt/3508.tif,train,snow,csd
train/3509,../raw/snow/csd/Train/Snow/3509.tif,../raw/snow/csd/Train/Gt/3509.tif,train,snow,csd
train/351,../raw/snow/csd/Train/Snow/351.tif,../raw/snow/csd/Train/Gt/351.tif,train,snow,csd
train/3510,../raw/snow/csd/Train/Snow/3510.tif,../raw/snow/csd/Train/Gt/3510.tif,train,snow,csd
train/3511,../raw/snow/csd/Train/Snow/3511.tif,../raw/snow/csd/Train/Gt/3511.tif,train,snow,csd
train/3512,../raw/snow/csd/Train/Snow/3512.tif,../raw/snow/csd/Train/Gt/3512.tif,val,snow,csd
train/3513,../raw/snow/csd/Train/Snow/3513.tif,../raw/snow/csd/Train/Gt/3513.tif,train,snow,csd
train/3514,../raw/snow/csd/Train/Snow/3514.tif,../raw/snow/csd/Train/Gt/3514.tif,train,snow,csd
train/3515,../raw/snow/csd/Train/Snow/3515.tif,../raw/snow/csd/Train/Gt/3515.tif,train,snow,csd
train/3516,../raw/snow/csd/Train/Snow/3516.tif,../raw/snow/csd/Train/Gt/3516.tif,train,snow,csd
train/3517,../raw/snow/csd/Train/Snow/3517.tif,../raw/snow/csd/Train/Gt/3517.tif,val,snow,csd
train/3518,../raw/snow/csd/Train/Snow/3518.tif,../raw/snow/csd/Train/Gt/3518.tif,train,snow,csd
train/3519,../raw/snow/csd/Train/Snow/3519.tif,../raw/snow/csd/Train/Gt/3519.tif,train,snow,csd
train/352,../raw/snow/csd/Train/Snow/352.tif,../raw/snow/csd/Train/Gt/352.tif,train,snow,csd
train/3520,../raw/snow/csd/Train/Snow/3520.tif,../raw/snow/csd/Train/Gt/3520.tif,train,snow,csd
train/3521,../raw/snow/csd/Train/Snow/3521.tif,../raw/snow/csd/Train/Gt/3521.tif,train,snow,csd
train/3522,../raw/snow/csd/Train/Snow/3522.tif,../raw/snow/csd/Train/Gt/3522.tif,train,snow,csd
train/3523,../raw/snow/csd/Train/Snow/3523.tif,../raw/snow/csd/Train/Gt/3523.tif,train,snow,csd
train/3524,../raw/snow/csd/Train/Snow/3524.tif,../raw/snow/csd/Train/Gt/3524.tif,train,snow,csd
train/3525,../raw/snow/csd/Train/Snow/3525.tif,../raw/snow/csd/Train/Gt/3525.tif,train,snow,csd
train/3526,../raw/snow/csd/Train/Snow/3526.tif,../raw/snow/csd/Train/Gt/3526.tif,train,snow,csd
train/3527,../raw/snow/csd/Train/Snow/3527.tif,../raw/snow/csd/Train/Gt/3527.tif,val,snow,csd
train/3528,../raw/snow/csd/Train/Snow/3528.tif,../raw/snow/csd/Train/Gt/3528.tif,train,snow,csd
train/3529,../raw/snow/csd/Train/Snow/3529.tif,../raw/snow/csd/Train/Gt/3529.tif,train,snow,csd
train/353,../raw/snow/csd/Train/Snow/353.tif,../raw/snow/csd/Train/Gt/353.tif,train,snow,csd
train/3530,../raw/snow/csd/Train/Snow/3530.tif,../raw/snow/csd/Train/Gt/3530.tif,train,snow,csd
train/3531,../raw/snow/csd/Train/Snow/3531.tif,../raw/snow/csd/Train/Gt/3531.tif,val,snow,csd
train/3532,../raw/snow/csd/Train/Snow/3532.tif,../raw/snow/csd/Train/Gt/3532.tif,train,snow,csd
train/3533,../raw/snow/csd/Train/Snow/3533.tif,../raw/snow/csd/Train/Gt/3533.tif,train,snow,csd
train/3534,../raw/snow/csd/Train/Snow/3534.tif,../raw/snow/csd/Train/Gt/3534.tif,train,snow,csd
train/3535,../raw/snow/csd/Train/Snow/3535.tif,../raw/snow/csd/Train/Gt/3535.tif,val,snow,csd
train/3536,../raw/snow/csd/Train/Snow/3536.tif,../raw/snow/csd/Train/Gt/3536.tif,train,snow,csd
train/3537,../raw/snow/csd/Train/Snow/3537.tif,../raw/snow/csd/Train/Gt/3537.tif,train,snow,csd
train/3538,../raw/snow/csd/Train/Snow/3538.tif,../raw/snow/csd/Train/Gt/3538.tif,train,snow,csd
train/3539,../raw/snow/csd/Train/Snow/3539.tif,../raw/snow/csd/Train/Gt/3539.tif,train,snow,csd
train/354,../raw/snow/csd/Train/Snow/354.tif,../raw/snow/csd/Train/Gt/354.tif,train,snow,csd
train/3540,../raw/snow/csd/Train/Snow/3540.tif,../raw/snow/csd/Train/Gt/3540.tif,train,snow,csd
train/3541,../raw/snow/csd/Train/Snow/3541.tif,../raw/snow/csd/Train/Gt/3541.tif,train,snow,csd
train/3542,../raw/snow/csd/Train/Snow/3542.tif,../raw/snow/csd/Train/Gt/3542.tif,train,snow,csd
train/3543,../raw/snow/csd/Train/Snow/3543.tif,../raw/snow/csd/Train/Gt/3543.tif,train,snow,csd
train/3544,../raw/snow/csd/Train/Snow/3544.tif,../raw/snow/csd/Train/Gt/3544.tif,train,snow,csd
train/3545,../raw/snow/csd/Train/Snow/3545.tif,../raw/snow/csd/Train/Gt/3545.tif,train,snow,csd
train/3546,../raw/snow/csd/Train/Snow/3546.tif,../raw/snow/csd/Train/Gt/3546.tif,train,snow,csd
train/3547,../raw/snow/csd/Train/Snow/3547.tif,../raw/snow/csd/Train/Gt/3547.tif,val,snow,csd
train/3548,../raw/snow/csd/Train/Snow/3548.tif,../raw/snow/csd/Train/Gt/3548.tif,train,snow,csd
train/3549,../raw/snow/csd/Train/Snow/3549.tif,../raw/snow/csd/Train/Gt/3549.tif,train,snow,csd
train/355,../raw/snow/csd/Train/Snow/355.tif,../raw/snow/csd/Train/Gt/355.tif,train,snow,csd
train/3550,../raw/snow/csd/Train/Snow/3550.tif,../raw/snow/csd/Train/Gt/3550.tif,train,snow,csd
train/3551,../raw/snow/csd/Train/Snow/3551.tif,../raw/snow/csd/Train/Gt/3551.tif,train,snow,csd
train/3552,../raw/snow/csd/Train/Snow/3552.tif,../raw/snow/csd/Train/Gt/3552.tif,train,snow,csd
train/3553,../raw/snow/csd/Train/Snow/3553.tif,../raw/snow/csd/Train/Gt/3553.tif,train,snow,csd
train/3554,../raw/snow/csd/Train/Snow/3554.tif,../raw/snow/csd/Train/Gt/3554.tif,train,snow,csd
train/3555,../raw/snow/csd/Train/Snow/3555.tif,../raw/snow/csd/Train/Gt/3555.tif,train,snow,csd
train/3556,../raw/snow/csd/Train/Snow/3556.tif,../raw/snow/csd/Train/Gt/3556.tif,train,snow,csd
train/3557,../raw/snow/csd/Train/Snow/3557.tif,../raw/snow/csd/Train/Gt/3557.tif,train,snow,csd
train/3558,../raw/snow/csd/Train/Snow/3558.tif,../raw/snow/csd/Train/Gt/3558.tif,train,snow,csd
train/3559,../raw/snow/csd/Train/Snow/3559.tif,../raw/snow/csd/Train/Gt/3559.tif,train,snow,csd
train/356,../raw/snow/csd/Train/Snow/356.tif,../raw/snow/csd/Train/Gt/356.tif,train,snow,csd
train/3560,../raw/snow/csd/Train/Snow/3560.tif,../raw/snow/csd/Train/Gt/3560.tif,train,snow,csd
train/3561,../raw/snow/csd/Train/Snow/3561.tif,../raw/snow/csd/Train/Gt/3561.tif,train,snow,csd
train/3562,../raw/snow/csd/Train/Snow/3562.tif,../raw/snow/csd/Train/Gt/3562.tif,train,snow,csd
train/3563,../raw/snow/csd/Train/Snow/3563.tif,../raw/snow/csd/Train/Gt/3563.tif,train,snow,csd
train/3564,../raw/snow/csd/Train/Snow/3564.tif,../raw/snow/csd/Train/Gt/3564.tif,train,snow,csd
train/3565,../raw/snow/csd/Train/Snow/3565.tif,../raw/snow/csd/Train/Gt/3565.tif,train,snow,csd
train/3566,../raw/snow/csd/Train/Snow/3566.tif,../raw/snow/csd/Train/Gt/3566.tif,train,snow,csd
train/3567,../raw/snow/csd/Train/Snow/3567.tif,../raw/snow/csd/Train/Gt/3567.tif,train,snow,csd
train/3568,../raw/snow/csd/Train/Snow/3568.tif,../raw/snow/csd/Train/Gt/3568.tif,train,snow,csd
train/3569,../raw/snow/csd/Train/Snow/3569.tif,../raw/snow/csd/Train/Gt/3569.tif,train,snow,csd
train/357,../raw/snow/csd/Train/Snow/357.tif,../raw/snow/csd/Train/Gt/357.tif,train,snow,csd
train/3570,../raw/snow/csd/Train/Snow/3570.tif,../raw/snow/csd/Train/Gt/3570.tif,train,snow,csd
train/3571,../raw/snow/csd/Train/Snow/3571.tif,../raw/snow/csd/Train/Gt/3571.tif,train,snow,csd
train/3572,../raw/snow/csd/Train/Snow/3572.tif,../raw/snow/csd/Train/Gt/3572.tif,train,snow,csd
train/3573,../raw/snow/csd/Train/Snow/3573.tif,../raw/snow/csd/Train/Gt/3573.tif,train,snow,csd
train/3574,../raw/snow/csd/Train/Snow/3574.tif,../raw/snow/csd/Train/Gt/3574.tif,train,snow,csd
train/3575,../raw/snow/csd/Train/Snow/3575.tif,../raw/snow/csd/Train/Gt/3575.tif,train,snow,csd
train/3576,../raw/snow/csd/Train/Snow/3576.tif,../raw/snow/csd/Train/Gt/3576.tif,train,snow,csd
train/3577,../raw/snow/csd/Train/Snow/3577.tif,../raw/snow/csd/Train/Gt/3577.tif,train,snow,csd
train/3578,../raw/snow/csd/Train/Snow/3578.tif,../raw/snow/csd/Train/Gt/3578.tif,train,snow,csd
train/3579,../raw/snow/csd/Train/Snow/3579.tif,../raw/snow/csd/Train/Gt/3579.tif,train,snow,csd
train/358,../raw/snow/csd/Train/Snow/358.tif,../raw/snow/csd/Train/Gt/358.tif,train,snow,csd
train/3580,../raw/snow/csd/Train/Snow/3580.tif,../raw/snow/csd/Train/Gt/3580.tif,train,snow,csd
train/3581,../raw/snow/csd/Train/Snow/3581.tif,../raw/snow/csd/Train/Gt/3581.tif,train,snow,csd
train/3582,../raw/snow/csd/Train/Snow/3582.tif,../raw/snow/csd/Train/Gt/3582.tif,train,snow,csd
train/3583,../raw/snow/csd/Train/Snow/3583.tif,../raw/snow/csd/Train/Gt/3583.tif,train,snow,csd
train/3584,../raw/snow/csd/Train/Snow/3584.tif,../raw/snow/csd/Train/Gt/3584.tif,train,snow,csd
train/3585,../raw/snow/csd/Train/Snow/3585.tif,../raw/snow/csd/Train/Gt/3585.tif,train,snow,csd
train/3586,../raw/snow/csd/Train/Snow/3586.tif,../raw/snow/csd/Train/Gt/3586.tif,train,snow,csd
train/3587,../raw/snow/csd/Train/Snow/3587.tif,../raw/snow/csd/Train/Gt/3587.tif,train,snow,csd
train/3588,../raw/snow/csd/Train/Snow/3588.tif,../raw/snow/csd/Train/Gt/3588.tif,train,snow,csd
train/3589,../raw/snow/csd/Train/Snow/3589.tif,../raw/snow/csd/Train/Gt/3589.tif,train,snow,csd
train/359,../raw/snow/csd/Train/Snow/359.tif,../raw/snow/csd/Train/Gt/359.tif,train,snow,csd
train/3590,../raw/snow/csd/Train/Snow/3590.tif,../raw/snow/csd/Train/Gt/3590.tif,train,snow,csd
train/3591,../raw/snow/csd/Train/Snow/3591.tif,../raw/snow/csd/Train/Gt/3591.tif,train,snow,csd
train/3592,../raw/snow/csd/Train/Snow/3592.tif,../raw/snow/csd/Train/Gt/3592.tif,train,snow,csd
train/3593,../raw/snow/csd/Train/Snow/3593.tif,../raw/snow/csd/Train/Gt/3593.tif,train,snow,csd
train/3594,../raw/snow/csd/Train/Snow/3594.tif,../raw/snow/csd/Train/Gt/3594.tif,val,snow,csd
train/3595,../raw/snow/csd/Train/Snow/3595.tif,../raw/snow/csd/Train/Gt/3595.tif,train,snow,csd
train/3596,../raw/snow/csd/Train/Snow/3596.tif,../raw/snow/csd/Train/Gt/3596.tif,train,snow,csd
train/3597,../raw/snow/csd/Train/Snow/3597.tif,../raw/snow/csd/Train/Gt/3597.tif,train,snow,csd
train/3598,../raw/snow/csd/Train/Snow/3598.tif,../raw/snow/csd/Train/Gt/3598.tif,train,snow,csd
train/3599,../raw/snow/csd/Train/Snow/3599.tif,../raw/snow/csd/Train/Gt/3599.tif,train,snow,csd
train/36,../raw/snow/csd/Train/Snow/36.tif,../raw/snow/csd/Train/Gt/36.tif,train,snow,csd
train/360,../raw/snow/csd/Train/Snow/360.tif,../raw/snow/csd/Train/Gt/360.tif,train,snow,csd
train/3600,../raw/snow/csd/Train/Snow/3600.tif,../raw/snow/csd/Train/Gt/3600.tif,val,snow,csd
train/3601,../raw/snow/csd/Train/Snow/3601.tif,../raw/snow/csd/Train/Gt/3601.tif,train,snow,csd
train/3602,../raw/snow/csd/Train/Snow/3602.tif,../raw/snow/csd/Train/Gt/3602.tif,train,snow,csd
train/3603,../raw/snow/csd/Train/Snow/3603.tif,../raw/snow/csd/Train/Gt/3603.tif,val,snow,csd
train/3604,../raw/snow/csd/Train/Snow/3604.tif,../raw/snow/csd/Train/Gt/3604.tif,train,snow,csd
train/3605,../raw/snow/csd/Train/Snow/3605.tif,../raw/snow/csd/Train/Gt/3605.tif,val,snow,csd
train/3606,../raw/snow/csd/Train/Snow/3606.tif,../raw/snow/csd/Train/Gt/3606.tif,train,snow,csd
train/3607,../raw/snow/csd/Train/Snow/3607.tif,../raw/snow/csd/Train/Gt/3607.tif,train,snow,csd
train/3608,../raw/snow/csd/Train/Snow/3608.tif,../raw/snow/csd/Train/Gt/3608.tif,train,snow,csd
train/3609,../raw/snow/csd/Train/Snow/3609.tif,../raw/snow/csd/Train/Gt/3609.tif,train,snow,csd
train/361,../raw/snow/csd/Train/Snow/361.tif,../raw/snow/csd/Train/Gt/361.tif,train,snow,csd
train/3610,../raw/snow/csd/Train/Snow/3610.tif,../raw/snow/csd/Train/Gt/3610.tif,train,snow,csd
train/3611,../raw/snow/csd/Train/Snow/3611.tif,../raw/snow/csd/Train/Gt/3611.tif,train,snow,csd
train/3612,../raw/snow/csd/Train/Snow/3612.tif,../raw/snow/csd/Train/Gt/3612.tif,train,snow,csd
train/3613,../raw/snow/csd/Train/Snow/3613.tif,../raw/snow/csd/Train/Gt/3613.tif,val,snow,csd
train/3614,../raw/snow/csd/Train/Snow/3614.tif,../raw/snow/csd/Train/Gt/3614.tif,train,snow,csd
train/3615,../raw/snow/csd/Train/Snow/3615.tif,../raw/snow/csd/Train/Gt/3615.tif,train,snow,csd
train/3616,../raw/snow/csd/Train/Snow/3616.tif,../raw/snow/csd/Train/Gt/3616.tif,train,snow,csd
train/3617,../raw/snow/csd/Train/Snow/3617.tif,../raw/snow/csd/Train/Gt/3617.tif,train,snow,csd
train/3618,../raw/snow/csd/Train/Snow/3618.tif,../raw/snow/csd/Train/Gt/3618.tif,train,snow,csd
train/3619,../raw/snow/csd/Train/Snow/3619.tif,../raw/snow/csd/Train/Gt/3619.tif,train,snow,csd
train/362,../raw/snow/csd/Train/Snow/362.tif,../raw/snow/csd/Train/Gt/362.tif,train,snow,csd
train/3620,../raw/snow/csd/Train/Snow/3620.tif,../raw/snow/csd/Train/Gt/3620.tif,train,snow,csd
train/3621,../raw/snow/csd/Train/Snow/3621.tif,../raw/snow/csd/Train/Gt/3621.tif,val,snow,csd
train/3622,../raw/snow/csd/Train/Snow/3622.tif,../raw/snow/csd/Train/Gt/3622.tif,train,snow,csd
train/3623,../raw/snow/csd/Train/Snow/3623.tif,../raw/snow/csd/Train/Gt/3623.tif,train,snow,csd
train/3624,../raw/snow/csd/Train/Snow/3624.tif,../raw/snow/csd/Train/Gt/3624.tif,val,snow,csd
train/3625,../raw/snow/csd/Train/Snow/3625.tif,../raw/snow/csd/Train/Gt/3625.tif,train,snow,csd
train/3626,../raw/snow/csd/Train/Snow/3626.tif,../raw/snow/csd/Train/Gt/3626.tif,train,snow,csd
train/3627,../raw/snow/csd/Train/Snow/3627.tif,../raw/snow/csd/Train/Gt/3627.tif,val,snow,csd
train/3628,../raw/snow/csd/Train/Snow/3628.tif,../raw/snow/csd/Train/Gt/3628.tif,train,snow,csd
train/3629,../raw/snow/csd/Train/Snow/3629.tif,../raw/snow/csd/Train/Gt/3629.tif,train,snow,csd
train/363,../raw/snow/csd/Train/Snow/363.tif,../raw/snow/csd/Train/Gt/363.tif,train,snow,csd
train/3630,../raw/snow/csd/Train/Snow/3630.tif,../raw/snow/csd/Train/Gt/3630.tif,train,snow,csd
train/3631,../raw/snow/csd/Train/Snow/3631.tif,../raw/snow/csd/Train/Gt/3631.tif,val,snow,csd
train/3632,../raw/snow/csd/Train/Snow/3632.tif,../raw/snow/csd/Train/Gt/3632.tif,train,snow,csd
train/3633,../raw/snow/csd/Train/Snow/3633.tif,../raw/snow/csd/Train/Gt/3633.tif,train,snow,csd
train/3634,../raw/snow/csd/Train/Snow/3634.tif,../raw/snow/csd/Train/Gt/3634.tif,train,snow,csd
train/3635,../raw/snow/csd/Train/Snow/3635.tif,../raw/snow/csd/Train/Gt/3635.tif,train,snow,csd
train/3636,../raw/snow/csd/Train/Snow/3636.tif,../raw/snow/csd/Train/Gt/3636.tif,train,snow,csd
train/3637,../raw/snow/csd/Train/Snow/3637.tif,../raw/snow/csd/Train/Gt/3637.tif,train,snow,csd
train/3638,../raw/snow/csd/Train/Snow/3638.tif,../raw/snow/csd/Train/Gt/3638.tif,train,snow,csd
train/3639,../raw/snow/csd/Train/Snow/3639.tif,../raw/snow/csd/Train/Gt/3639.tif,train,snow,csd
train/364,../raw/snow/csd/Train/Snow/364.tif,../raw/snow/csd/Train/Gt/364.tif,train,snow,csd
train/3640,../raw/snow/csd/Train/Snow/3640.tif,../raw/snow/csd/Train/Gt/3640.tif,train,snow,csd
train/3641,../raw/snow/csd/Train/Snow/3641.tif,../raw/snow/csd/Train/Gt/3641.tif,train,snow,csd
train/3642,../raw/snow/csd/Train/Snow/3642.tif,../raw/snow/csd/Train/Gt/3642.tif,train,snow,csd
train/3643,../raw/snow/csd/Train/Snow/3643.tif,../raw/snow/csd/Train/Gt/3643.tif,train,snow,csd
train/3644,../raw/snow/csd/Train/Snow/3644.tif,../raw/snow/csd/Train/Gt/3644.tif,train,snow,csd
train/3645,../raw/snow/csd/Train/Snow/3645.tif,../raw/snow/csd/Train/Gt/3645.tif,train,snow,csd
train/3646,../raw/snow/csd/Train/Snow/3646.tif,../raw/snow/csd/Train/Gt/3646.tif,train,snow,csd
train/3647,../raw/snow/csd/Train/Snow/3647.tif,../raw/snow/csd/Train/Gt/3647.tif,train,snow,csd
train/3648,../raw/snow/csd/Train/Snow/3648.tif,../raw/snow/csd/Train/Gt/3648.tif,train,snow,csd
train/3649,../raw/snow/csd/Train/Snow/3649.tif,../raw/snow/csd/Train/Gt/3649.tif,train,snow,csd
train/365,../raw/snow/csd/Train/Snow/365.tif,../raw/snow/csd/Train/Gt/365.tif,train,snow,csd
train/3650,../raw/snow/csd/Train/Snow/3650.tif,../raw/snow/csd/Train/Gt/3650.tif,train,snow,csd
train/3651,../raw/snow/csd/Train/Snow/3651.tif,../raw/snow/csd/Train/Gt/3651.tif,train,snow,csd
train/3652,../raw/snow/csd/Train/Snow/3652.tif,../raw/snow/csd/Train/Gt/3652.tif,train,snow,csd
train/3653,../raw/snow/csd/Train/Snow/3653.tif,../raw/snow/csd/Train/Gt/3653.tif,train,snow,csd
train/3654,../raw/snow/csd/Train/Snow/3654.tif,../raw/snow/csd/Train/Gt/3654.tif,train,snow,csd
train/3655,../raw/snow/csd/Train/Snow/3655.tif,../raw/snow/csd/Train/Gt/3655.tif,train,snow,csd
train/3656,../raw/snow/csd/Train/Snow/3656.tif,../raw/snow/csd/Train/Gt/3656.tif,train,snow,csd
train/3657,../raw/snow/csd/Train/Snow/3657.tif,../raw/snow/csd/Train/Gt/3657.tif,train,snow,csd
train/3658,../raw/snow/csd/Train/Snow/3658.tif,../raw/snow/csd/Train/Gt/3658.tif,train,snow,csd
train/3659,../raw/snow/csd/Train/Snow/3659.tif,../raw/snow/csd/Train/Gt/3659.tif,train,snow,csd
train/366,../raw/snow/csd/Train/Snow/366.tif,../raw/snow/csd/Train/Gt/366.tif,val,snow,csd
train/3660,../raw/snow/csd/Train/Snow/3660.tif,../raw/snow/csd/Train/Gt/3660.tif,train,snow,csd
train/3661,../raw/snow/csd/Train/Snow/3661.tif,../raw/snow/csd/Train/Gt/3661.tif,train,snow,csd
train/3662,../raw/snow/csd/Train/Snow/3662.tif,../raw/snow/csd/Train/Gt/3662.tif,train,snow,csd
train/3663,../raw/snow/csd/Train/Snow/3663.tif,../raw/snow/csd/Train/Gt/3663.tif,train,snow,csd
train/3664,../raw/snow/csd/Train/Snow/3664.tif,../raw/snow/csd/Train/Gt/3664.tif,train,snow,csd
train/3665,../raw/snow/csd/Train/Snow/3665.tif,../raw/snow/csd/Train/Gt/3665.tif,train,snow,csd
train/3666,../raw/snow/csd/Train/Snow/3666.tif,../raw/snow/csd/Train/Gt/3666.tif,train,snow,csd
train/3667,../raw/snow/csd/Train/Snow/3667.tif,../raw/snow/csd/Train/Gt/3667.tif,train,snow,csd
train/3668,../raw/snow/csd/Train/Snow/3668.tif,../raw/snow/csd/Train/Gt/3668.tif,train,snow,csd
train/3669,../raw/snow/csd/Train/Snow/3669.tif,../raw/snow/csd/Train/Gt/3669.tif,train,snow,csd
train/367,../raw/snow/csd/Train/Snow/367.tif,../raw/snow/csd/Train/Gt/367.tif,train,snow,csd
train/3670,../raw/snow/csd/Train/Snow/3670.tif,../raw/snow/csd/Train/Gt/3670.tif,train,snow,csd
train/3671,../raw/snow/csd/Train/Snow/3671.tif,../raw/snow/csd/Train/Gt/3671.tif,train,snow,csd
train/3672,../raw/snow/csd/Train/Snow/3672.tif,../raw/snow/csd/Train/Gt/3672.tif,train,snow,csd
train/3673,../raw/snow/csd/Train/Snow/3673.tif,../raw/snow/csd/Train/Gt/3673.tif,train,snow,csd
train/3674,../raw/snow/csd/Train/Snow/3674.tif,../raw/snow/csd/Train/Gt/3674.tif,train,snow,csd
train/3675,../raw/snow/csd/Train/Snow/3675.tif,../raw/snow/csd/Train/Gt/3675.tif,train,snow,csd
train/3676,../raw/snow/csd/Train/Snow/3676.tif,../raw/snow/csd/Train/Gt/3676.tif,train,snow,csd
train/3677,../raw/snow/csd/Train/Snow/3677.tif,../raw/snow/csd/Train/Gt/3677.tif,train,snow,csd
train/3678,../raw/snow/csd/Train/Snow/3678.tif,../raw/snow/csd/Train/Gt/3678.tif,train,snow,csd
train/3679,../raw/snow/csd/Train/Snow/3679.tif,../raw/snow/csd/Train/Gt/3679.tif,train,snow,csd
train/368,../raw/snow/csd/Train/Snow/368.tif,../raw/snow/csd/Train/Gt/368.tif,train,snow,csd
train/3680,../raw/snow/csd/Train/Snow/3680.tif,../raw/snow/csd/Train/Gt/3680.tif,train,snow,csd
train/3681,../raw/snow/csd/Train/Snow/3681.tif,../raw/snow/csd/Train/Gt/3681.tif,train,snow,csd
train/3682,../raw/snow/csd/Train/Snow/3682.tif,../raw/snow/csd/Train/Gt/3682.tif,train,snow,csd
train/3683,../raw/snow/csd/Train/Snow/3683.tif,../raw/snow/csd/Train/Gt/3683.tif,train,snow,csd
train/3684,../raw/snow/csd/Train/Snow/3684.tif,../raw/snow/csd/Train/Gt/3684.tif,train,snow,csd
train/3685,../raw/snow/csd/Train/Snow/3685.tif,../raw/snow/csd/Train/Gt/3685.tif,train,snow,csd
train/3686,../raw/snow/csd/Train/Snow/3686.tif,../raw/snow/csd/Train/Gt/3686.tif,train,snow,csd
train/3687,../raw/snow/csd/Train/Snow/3687.tif,../raw/snow/csd/Train/Gt/3687.tif,train,snow,csd
train/3688,../raw/snow/csd/Train/Snow/3688.tif,../raw/snow/csd/Train/Gt/3688.tif,train,snow,csd
train/3689,../raw/snow/csd/Train/Snow/3689.tif,../raw/snow/csd/Train/Gt/3689.tif,train,snow,csd
train/369,../raw/snow/csd/Train/Snow/369.tif,../raw/snow/csd/Train/Gt/369.tif,train,snow,csd
train/3690,../raw/snow/csd/Train/Snow/3690.tif,../raw/snow/csd/Train/Gt/3690.tif,train,snow,csd
train/3691,../raw/snow/csd/Train/Snow/3691.tif,../raw/snow/csd/Train/Gt/3691.tif,train,snow,csd
train/3692,../raw/snow/csd/Train/Snow/3692.tif,../raw/snow/csd/Train/Gt/3692.tif,train,snow,csd
train/3693,../raw/snow/csd/Train/Snow/3693.tif,../raw/snow/csd/Train/Gt/3693.tif,train,snow,csd
train/3694,../raw/snow/csd/Train/Snow/3694.tif,../raw/snow/csd/Train/Gt/3694.tif,train,snow,csd
train/3695,../raw/snow/csd/Train/Snow/3695.tif,../raw/snow/csd/Train/Gt/3695.tif,train,snow,csd
train/3696,../raw/snow/csd/Train/Snow/3696.tif,../raw/snow/csd/Train/Gt/3696.tif,train,snow,csd
train/3697,../raw/snow/csd/Train/Snow/3697.tif,../raw/snow/csd/Train/Gt/3697.tif,train,snow,csd
train/3698,../raw/snow/csd/Train/Snow/3698.tif,../raw/snow/csd/Train/Gt/3698.tif,train,snow,csd
train/3699,../raw/snow/csd/Train/Snow/3699.tif,../raw/snow/csd/Train/Gt/3699.tif,train,snow,csd
train/37,../raw/snow/csd/Train/Snow/37.tif,../raw/snow/csd/Train/Gt/37.tif,train,snow,csd
train/370,../raw/snow/csd/Train/Snow/370.tif,../raw/snow/csd/Train/Gt/370.tif,train,snow,csd
train/3700,../raw/snow/csd/Train/Snow/3700.tif,../raw/snow/csd/Train/Gt/3700.tif,train,snow,csd
train/3701,../raw/snow/csd/Train/Snow/3701.tif,../raw/snow/csd/Train/Gt/3701.tif,train,snow,csd
train/3702,../raw/snow/csd/Train/Snow/3702.tif,../raw/snow/csd/Train/Gt/3702.tif,train,snow,csd
train/3703,../raw/snow/csd/Train/Snow/3703.tif,../raw/snow/csd/Train/Gt/3703.tif,train,snow,csd
train/3704,../raw/snow/csd/Train/Snow/3704.tif,../raw/snow/csd/Train/Gt/3704.tif,train,snow,csd
train/3705,../raw/snow/csd/Train/Snow/3705.tif,../raw/snow/csd/Train/Gt/3705.tif,train,snow,csd
train/3706,../raw/snow/csd/Train/Snow/3706.tif,../raw/snow/csd/Train/Gt/3706.tif,train,snow,csd
train/3707,../raw/snow/csd/Train/Snow/3707.tif,../raw/snow/csd/Train/Gt/3707.tif,train,snow,csd
train/3708,../raw/snow/csd/Train/Snow/3708.tif,../raw/snow/csd/Train/Gt/3708.tif,train,snow,csd
train/3709,../raw/snow/csd/Train/Snow/3709.tif,../raw/snow/csd/Train/Gt/3709.tif,train,snow,csd
train/371,../raw/snow/csd/Train/Snow/371.tif,../raw/snow/csd/Train/Gt/371.tif,train,snow,csd
train/3710,../raw/snow/csd/Train/Snow/3710.tif,../raw/snow/csd/Train/Gt/3710.tif,train,snow,csd
train/3711,../raw/snow/csd/Train/Snow/3711.tif,../raw/snow/csd/Train/Gt/3711.tif,train,snow,csd
train/3712,../raw/snow/csd/Train/Snow/3712.tif,../raw/snow/csd/Train/Gt/3712.tif,train,snow,csd
train/3713,../raw/snow/csd/Train/Snow/3713.tif,../raw/snow/csd/Train/Gt/3713.tif,val,snow,csd
train/3714,../raw/snow/csd/Train/Snow/3714.tif,../raw/snow/csd/Train/Gt/3714.tif,val,snow,csd
train/3715,../raw/snow/csd/Train/Snow/3715.tif,../raw/snow/csd/Train/Gt/3715.tif,train,snow,csd
train/3716,../raw/snow/csd/Train/Snow/3716.tif,../raw/snow/csd/Train/Gt/3716.tif,train,snow,csd
train/3717,../raw/snow/csd/Train/Snow/3717.tif,../raw/snow/csd/Train/Gt/3717.tif,train,snow,csd
train/3718,../raw/snow/csd/Train/Snow/3718.tif,../raw/snow/csd/Train/Gt/3718.tif,train,snow,csd
train/3719,../raw/snow/csd/Train/Snow/3719.tif,../raw/snow/csd/Train/Gt/3719.tif,train,snow,csd
train/372,../raw/snow/csd/Train/Snow/372.tif,../raw/snow/csd/Train/Gt/372.tif,train,snow,csd
train/3720,../raw/snow/csd/Train/Snow/3720.tif,../raw/snow/csd/Train/Gt/3720.tif,train,snow,csd
train/3721,../raw/snow/csd/Train/Snow/3721.tif,../raw/snow/csd/Train/Gt/3721.tif,train,snow,csd
train/3722,../raw/snow/csd/Train/Snow/3722.tif,../raw/snow/csd/Train/Gt/3722.tif,train,snow,csd
train/3723,../raw/snow/csd/Train/Snow/3723.tif,../raw/snow/csd/Train/Gt/3723.tif,train,snow,csd
train/3724,../raw/snow/csd/Train/Snow/3724.tif,../raw/snow/csd/Train/Gt/3724.tif,train,snow,csd
train/3725,../raw/snow/csd/Train/Snow/3725.tif,../raw/snow/csd/Train/Gt/3725.tif,train,snow,csd
train/3726,../raw/snow/csd/Train/Snow/3726.tif,../raw/snow/csd/Train/Gt/3726.tif,train,snow,csd
train/3727,../raw/snow/csd/Train/Snow/3727.tif,../raw/snow/csd/Train/Gt/3727.tif,train,snow,csd
train/3728,../raw/snow/csd/Train/Snow/3728.tif,../raw/snow/csd/Train/Gt/3728.tif,train,snow,csd
train/3729,../raw/snow/csd/Train/Snow/3729.tif,../raw/snow/csd/Train/Gt/3729.tif,train,snow,csd
train/373,../raw/snow/csd/Train/Snow/373.tif,../raw/snow/csd/Train/Gt/373.tif,train,snow,csd
train/3730,../raw/snow/csd/Train/Snow/3730.tif,../raw/snow/csd/Train/Gt/3730.tif,train,snow,csd
train/3731,../raw/snow/csd/Train/Snow/3731.tif,../raw/snow/csd/Train/Gt/3731.tif,train,snow,csd
train/3732,../raw/snow/csd/Train/Snow/3732.tif,../raw/snow/csd/Train/Gt/3732.tif,train,snow,csd
train/3733,../raw/snow/csd/Train/Snow/3733.tif,../raw/snow/csd/Train/Gt/3733.tif,train,snow,csd
train/3734,../raw/snow/csd/Train/Snow/3734.tif,../raw/snow/csd/Train/Gt/3734.tif,val,snow,csd
train/3735,../raw/snow/csd/Train/Snow/3735.tif,../raw/snow/csd/Train/Gt/3735.tif,val,snow,csd
train/3736,../raw/snow/csd/Train/Snow/3736.tif,../raw/snow/csd/Train/Gt/3736.tif,train,snow,csd
train/3737,../raw/snow/csd/Train/Snow/3737.tif,../raw/snow/csd/Train/Gt/3737.tif,train,snow,csd
train/3738,../raw/snow/csd/Train/Snow/3738.tif,../raw/snow/csd/Train/Gt/3738.tif,train,snow,csd
train/3739,../raw/snow/csd/Train/Snow/3739.tif,../raw/snow/csd/Train/Gt/3739.tif,train,snow,csd
train/374,../raw/snow/csd/Train/Snow/374.tif,../raw/snow/csd/Train/Gt/374.tif,train,snow,csd
train/3740,../raw/snow/csd/Train/Snow/3740.tif,../raw/snow/csd/Train/Gt/3740.tif,train,snow,csd
train/3741,../raw/snow/csd/Train/Snow/3741.tif,../raw/snow/csd/Train/Gt/3741.tif,train,snow,csd
train/3742,../raw/snow/csd/Train/Snow/3742.tif,../raw/snow/csd/Train/Gt/3742.tif,train,snow,csd
train/3743,../raw/snow/csd/Train/Snow/3743.tif,../raw/snow/csd/Train/Gt/3743.tif,train,snow,csd
train/3744,../raw/snow/csd/Train/Snow/3744.tif,../raw/snow/csd/Train/Gt/3744.tif,val,snow,csd
train/3745,../raw/snow/csd/Train/Snow/3745.tif,../raw/snow/csd/Train/Gt/3745.tif,val,snow,csd
train/3746,../raw/snow/csd/Train/Snow/3746.tif,../raw/snow/csd/Train/Gt/3746.tif,train,snow,csd
train/3747,../raw/snow/csd/Train/Snow/3747.tif,../raw/snow/csd/Train/Gt/3747.tif,train,snow,csd
train/3748,../raw/snow/csd/Train/Snow/3748.tif,../raw/snow/csd/Train/Gt/3748.tif,train,snow,csd
train/3749,../raw/snow/csd/Train/Snow/3749.tif,../raw/snow/csd/Train/Gt/3749.tif,val,snow,csd
train/375,../raw/snow/csd/Train/Snow/375.tif,../raw/snow/csd/Train/Gt/375.tif,train,snow,csd
train/3750,../raw/snow/csd/Train/Snow/3750.tif,../raw/snow/csd/Train/Gt/3750.tif,train,snow,csd
train/3751,../raw/snow/csd/Train/Snow/3751.tif,../raw/snow/csd/Train/Gt/3751.tif,train,snow,csd
train/3752,../raw/snow/csd/Train/Snow/3752.tif,../raw/snow/csd/Train/Gt/3752.tif,train,snow,csd
train/3753,../raw/snow/csd/Train/Snow/3753.tif,../raw/snow/csd/Train/Gt/3753.tif,val,snow,csd
train/3754,../raw/snow/csd/Train/Snow/3754.tif,../raw/snow/csd/Train/Gt/3754.tif,train,snow,csd
train/3755,../raw/snow/csd/Train/Snow/3755.tif,../raw/snow/csd/Train/Gt/3755.tif,train,snow,csd
train/3756,../raw/snow/csd/Train/Snow/3756.tif,../raw/snow/csd/Train/Gt/3756.tif,train,snow,csd
train/3757,../raw/snow/csd/Train/Snow/3757.tif,../raw/snow/csd/Train/Gt/3757.tif,train,snow,csd
train/3758,../raw/snow/csd/Train/Snow/3758.tif,../raw/snow/csd/Train/Gt/3758.tif,val,snow,csd
train/3759,../raw/snow/csd/Train/Snow/3759.tif,../raw/snow/csd/Train/Gt/3759.tif,val,snow,csd
train/376,../raw/snow/csd/Train/Snow/376.tif,../raw/snow/csd/Train/Gt/376.tif,train,snow,csd
train/3760,../raw/snow/csd/Train/Snow/3760.tif,../raw/snow/csd/Train/Gt/3760.tif,train,snow,csd
train/3761,../raw/snow/csd/Train/Snow/3761.tif,../raw/snow/csd/Train/Gt/3761.tif,train,snow,csd
train/3762,../raw/snow/csd/Train/Snow/3762.tif,../raw/snow/csd/Train/Gt/3762.tif,train,snow,csd
train/3763,../raw/snow/csd/Train/Snow/3763.tif,../raw/snow/csd/Train/Gt/3763.tif,train,snow,csd
train/3764,../raw/snow/csd/Train/Snow/3764.tif,../raw/snow/csd/Train/Gt/3764.tif,train,snow,csd
train/3765,../raw/snow/csd/Train/Snow/3765.tif,../raw/snow/csd/Train/Gt/3765.tif,train,snow,csd
train/3766,../raw/snow/csd/Train/Snow/3766.tif,../raw/snow/csd/Train/Gt/3766.tif,train,snow,csd
train/3767,../raw/snow/csd/Train/Snow/3767.tif,../raw/snow/csd/Train/Gt/3767.tif,train,snow,csd
train/3768,../raw/snow/csd/Train/Snow/3768.tif,../raw/snow/csd/Train/Gt/3768.tif,train,snow,csd
train/3769,../raw/snow/csd/Train/Snow/3769.tif,../raw/snow/csd/Train/Gt/3769.tif,train,snow,csd
train/377,../raw/snow/csd/Train/Snow/377.tif,../raw/snow/csd/Train/Gt/377.tif,train,snow,csd
train/3770,../raw/snow/csd/Train/Snow/3770.tif,../raw/snow/csd/Train/Gt/3770.tif,train,snow,csd
train/3771,../raw/snow/csd/Train/Snow/3771.tif,../raw/snow/csd/Train/Gt/3771.tif,train,snow,csd
train/3772,../raw/snow/csd/Train/Snow/3772.tif,../raw/snow/csd/Train/Gt/3772.tif,train,snow,csd
train/3773,../raw/snow/csd/Train/Snow/3773.tif,../raw/snow/csd/Train/Gt/3773.tif,train,snow,csd
train/3774,../raw/snow/csd/Train/Snow/3774.tif,../raw/snow/csd/Train/Gt/3774.tif,train,snow,csd
train/3775,../raw/snow/csd/Train/Snow/3775.tif,../raw/snow/csd/Train/Gt/3775.tif,val,snow,csd
train/3776,../raw/snow/csd/Train/Snow/3776.tif,../raw/snow/csd/Train/Gt/3776.tif,train,snow,csd
train/3777,../raw/snow/csd/Train/Snow/3777.tif,../raw/snow/csd/Train/Gt/3777.tif,train,snow,csd
train/3778,../raw/snow/csd/Train/Snow/3778.tif,../raw/snow/csd/Train/Gt/3778.tif,train,snow,csd
train/3779,../raw/snow/csd/Train/Snow/3779.tif,../raw/snow/csd/Train/Gt/3779.tif,train,snow,csd
train/378,../raw/snow/csd/Train/Snow/378.tif,../raw/snow/csd/Train/Gt/378.tif,train,snow,csd
train/3780,../raw/snow/csd/Train/Snow/3780.tif,../raw/snow/csd/Train/Gt/3780.tif,train,snow,csd
train/3781,../raw/snow/csd/Train/Snow/3781.tif,../raw/snow/csd/Train/Gt/3781.tif,train,snow,csd
train/3782,../raw/snow/csd/Train/Snow/3782.tif,../raw/snow/csd/Train/Gt/3782.tif,train,snow,csd
train/3783,../raw/snow/csd/Train/Snow/3783.tif,../raw/snow/csd/Train/Gt/3783.tif,train,snow,csd
train/3784,../raw/snow/csd/Train/Snow/3784.tif,../raw/snow/csd/Train/Gt/3784.tif,train,snow,csd
train/3785,../raw/snow/csd/Train/Snow/3785.tif,../raw/snow/csd/Train/Gt/3785.tif,train,snow,csd
train/3786,../raw/snow/csd/Train/Snow/3786.tif,../raw/snow/csd/Train/Gt/3786.tif,train,snow,csd
train/3787,../raw/snow/csd/Train/Snow/3787.tif,../raw/snow/csd/Train/Gt/3787.tif,train,snow,csd
train/3788,../raw/snow/csd/Train/Snow/3788.tif,../raw/snow/csd/Train/Gt/3788.tif,train,snow,csd
train/3789,../raw/snow/csd/Train/Snow/3789.tif,../raw/snow/csd/Train/Gt/3789.tif,train,snow,csd
train/379,../raw/snow/csd/Train/Snow/379.tif,../raw/snow/csd/Train/Gt/379.tif,train,snow,csd
train/3790,../raw/snow/csd/Train/Snow/3790.tif,../raw/snow/csd/Train/Gt/3790.tif,train,snow,csd
train/3791,../raw/snow/csd/Train/Snow/3791.tif,../raw/snow/csd/Train/Gt/3791.tif,val,snow,csd
train/3792,../raw/snow/csd/Train/Snow/3792.tif,../raw/snow/csd/Train/Gt/3792.tif,train,snow,csd
train/3793,../raw/snow/csd/Train/Snow/3793.tif,../raw/snow/csd/Train/Gt/3793.tif,val,snow,csd
train/3794,../raw/snow/csd/Train/Snow/3794.tif,../raw/snow/csd/Train/Gt/3794.tif,train,snow,csd
train/3795,../raw/snow/csd/Train/Snow/3795.tif,../raw/snow/csd/Train/Gt/3795.tif,train,snow,csd
train/3796,../raw/snow/csd/Train/Snow/3796.tif,../raw/snow/csd/Train/Gt/3796.tif,train,snow,csd
train/3797,../raw/snow/csd/Train/Snow/3797.tif,../raw/snow/csd/Train/Gt/3797.tif,train,snow,csd
train/3798,../raw/snow/csd/Train/Snow/3798.tif,../raw/snow/csd/Train/Gt/3798.tif,train,snow,csd
train/3799,../raw/snow/csd/Train/Snow/3799.tif,../raw/snow/csd/Train/Gt/3799.tif,train,snow,csd
train/38,../raw/snow/csd/Train/Snow/38.tif,../raw/snow/csd/Train/Gt/38.tif,train,snow,csd
train/380,../raw/snow/csd/Train/Snow/380.tif,../raw/snow/csd/Train/Gt/380.tif,train,snow,csd
train/3800,../raw/snow/csd/Train/Snow/3800.tif,../raw/snow/csd/Train/Gt/3800.tif,val,snow,csd
train/3801,../raw/snow/csd/Train/Snow/3801.tif,../raw/snow/csd/Train/Gt/3801.tif,train,snow,csd
train/3802,../raw/snow/csd/Train/Snow/3802.tif,../raw/snow/csd/Train/Gt/3802.tif,train,snow,csd
train/3803,../raw/snow/csd/Train/Snow/3803.tif,../raw/snow/csd/Train/Gt/3803.tif,train,snow,csd
train/3804,../raw/snow/csd/Train/Snow/3804.tif,../raw/snow/csd/Train/Gt/3804.tif,train,snow,csd
train/3805,../raw/snow/csd/Train/Snow/3805.tif,../raw/snow/csd/Train/Gt/3805.tif,train,snow,csd
train/3806,../raw/snow/csd/Train/Snow/3806.tif,../raw/snow/csd/Train/Gt/3806.tif,val,snow,csd
train/3807,../raw/snow/csd/Train/Snow/3807.tif,../raw/snow/csd/Train/Gt/3807.tif,val,snow,csd
train/3808,../raw/snow/csd/Train/Snow/3808.tif,../raw/snow/csd/Train/Gt/3808.tif,train,snow,csd
train/3809,../raw/snow/csd/Train/Snow/3809.tif,../raw/snow/csd/Train/Gt/3809.tif,val,snow,csd
train/381,../raw/snow/csd/Train/Snow/381.tif,../raw/snow/csd/Train/Gt/381.tif,train,snow,csd
train/3810,../raw/snow/csd/Train/Snow/3810.tif,../raw/snow/csd/Train/Gt/3810.tif,train,snow,csd
train/3811,../raw/snow/csd/Train/Snow/3811.tif,../raw/snow/csd/Train/Gt/3811.tif,train,snow,csd
train/3812,../raw/snow/csd/Train/Snow/3812.tif,../raw/snow/csd/Train/Gt/3812.tif,val,snow,csd
train/3813,../raw/snow/csd/Train/Snow/3813.tif,../raw/snow/csd/Train/Gt/3813.tif,train,snow,csd
train/3814,../raw/snow/csd/Train/Snow/3814.tif,../raw/snow/csd/Train/Gt/3814.tif,train,snow,csd
train/3815,../raw/snow/csd/Train/Snow/3815.tif,../raw/snow/csd/Train/Gt/3815.tif,val,snow,csd
train/3816,../raw/snow/csd/Train/Snow/3816.tif,../raw/snow/csd/Train/Gt/3816.tif,val,snow,csd
train/3817,../raw/snow/csd/Train/Snow/3817.tif,../raw/snow/csd/Train/Gt/3817.tif,train,snow,csd
train/3818,../raw/snow/csd/Train/Snow/3818.tif,../raw/snow/csd/Train/Gt/3818.tif,train,snow,csd
train/3819,../raw/snow/csd/Train/Snow/3819.tif,../raw/snow/csd/Train/Gt/3819.tif,train,snow,csd
train/382,../raw/snow/csd/Train/Snow/382.tif,../raw/snow/csd/Train/Gt/382.tif,train,snow,csd
train/3820,../raw/snow/csd/Train/Snow/3820.tif,../raw/snow/csd/Train/Gt/3820.tif,train,snow,csd
train/3821,../raw/snow/csd/Train/Snow/3821.tif,../raw/snow/csd/Train/Gt/3821.tif,train,snow,csd
train/3822,../raw/snow/csd/Train/Snow/3822.tif,../raw/snow/csd/Train/Gt/3822.tif,train,snow,csd
train/3823,../raw/snow/csd/Train/Snow/3823.tif,../raw/snow/csd/Train/Gt/3823.tif,train,snow,csd
train/3824,../raw/snow/csd/Train/Snow/3824.tif,../raw/snow/csd/Train/Gt/3824.tif,train,snow,csd
train/3825,../raw/snow/csd/Train/Snow/3825.tif,../raw/snow/csd/Train/Gt/3825.tif,train,snow,csd
train/3826,../raw/snow/csd/Train/Snow/3826.tif,../raw/snow/csd/Train/Gt/3826.tif,train,snow,csd
train/3827,../raw/snow/csd/Train/Snow/3827.tif,../raw/snow/csd/Train/Gt/3827.tif,train,snow,csd
train/3828,../raw/snow/csd/Train/Snow/3828.tif,../raw/snow/csd/Train/Gt/3828.tif,val,snow,csd
train/3829,../raw/snow/csd/Train/Snow/3829.tif,../raw/snow/csd/Train/Gt/3829.tif,val,snow,csd
train/383,../raw/snow/csd/Train/Snow/383.tif,../raw/snow/csd/Train/Gt/383.tif,val,snow,csd
train/3830,../raw/snow/csd/Train/Snow/3830.tif,../raw/snow/csd/Train/Gt/3830.tif,train,snow,csd
train/3831,../raw/snow/csd/Train/Snow/3831.tif,../raw/snow/csd/Train/Gt/3831.tif,val,snow,csd
train/3832,../raw/snow/csd/Train/Snow/3832.tif,../raw/snow/csd/Train/Gt/3832.tif,train,snow,csd
train/3833,../raw/snow/csd/Train/Snow/3833.tif,../raw/snow/csd/Train/Gt/3833.tif,train,snow,csd
train/3834,../raw/snow/csd/Train/Snow/3834.tif,../raw/snow/csd/Train/Gt/3834.tif,train,snow,csd
train/3835,../raw/snow/csd/Train/Snow/3835.tif,../raw/snow/csd/Train/Gt/3835.tif,train,snow,csd
train/3836,../raw/snow/csd/Train/Snow/3836.tif,../raw/snow/csd/Train/Gt/3836.tif,train,snow,csd
train/3837,../raw/snow/csd/Train/Snow/3837.tif,../raw/snow/csd/Train/Gt/3837.tif,val,snow,csd
train/3838,../raw/snow/csd/Train/Snow/3838.tif,../raw/snow/csd/Train/Gt/3838.tif,train,snow,csd
train/3839,../raw/snow/csd/Train/Snow/3839.tif,../raw/snow/csd/Train/Gt/3839.tif,train,snow,csd
train/384,../raw/snow/csd/Train/Snow/384.tif,../raw/snow/csd/Train/Gt/384.tif,train,snow,csd
train/3840,../raw/snow/csd/Train/Snow/3840.tif,../raw/snow/csd/Train/Gt/3840.tif,train,snow,csd
train/3841,../raw/snow/csd/Train/Snow/3841.tif,../raw/snow/csd/Train/Gt/3841.tif,train,snow,csd
train/3842,../raw/snow/csd/Train/Snow/3842.tif,../raw/snow/csd/Train/Gt/3842.tif,train,snow,csd
train/3843,../raw/snow/csd/Train/Snow/3843.tif,../raw/snow/csd/Train/Gt/3843.tif,train,snow,csd
train/3844,../raw/snow/csd/Train/Snow/3844.tif,../raw/snow/csd/Train/Gt/3844.tif,train,snow,csd
train/3845,../raw/snow/csd/Train/Snow/3845.tif,../raw/snow/csd/Train/Gt/3845.tif,train,snow,csd
train/3846,../raw/snow/csd/Train/Snow/3846.tif,../raw/snow/csd/Train/Gt/3846.tif,train,snow,csd
train/3847,../raw/snow/csd/Train/Snow/3847.tif,../raw/snow/csd/Train/Gt/3847.tif,train,snow,csd
train/3848,../raw/snow/csd/Train/Snow/3848.tif,../raw/snow/csd/Train/Gt/3848.tif,train,snow,csd
train/3849,../raw/snow/csd/Train/Snow/3849.tif,../raw/snow/csd/Train/Gt/3849.tif,train,snow,csd
train/385,../raw/snow/csd/Train/Snow/385.tif,../raw/snow/csd/Train/Gt/385.tif,train,snow,csd
train/3850,../raw/snow/csd/Train/Snow/3850.tif,../raw/snow/csd/Train/Gt/3850.tif,train,snow,csd
train/3851,../raw/snow/csd/Train/Snow/3851.tif,../raw/snow/csd/Train/Gt/3851.tif,train,snow,csd
train/3852,../raw/snow/csd/Train/Snow/3852.tif,../raw/snow/csd/Train/Gt/3852.tif,train,snow,csd
train/3853,../raw/snow/csd/Train/Snow/3853.tif,../raw/snow/csd/Train/Gt/3853.tif,train,snow,csd
train/3854,../raw/snow/csd/Train/Snow/3854.tif,../raw/snow/csd/Train/Gt/3854.tif,train,snow,csd
train/3855,../raw/snow/csd/Train/Snow/3855.tif,../raw/snow/csd/Train/Gt/3855.tif,train,snow,csd
train/3856,../raw/snow/csd/Train/Snow/3856.tif,../raw/snow/csd/Train/Gt/3856.tif,train,snow,csd
train/3857,../raw/snow/csd/Train/Snow/3857.tif,../raw/snow/csd/Train/Gt/3857.tif,train,snow,csd
train/3858,../raw/snow/csd/Train/Snow/3858.tif,../raw/snow/csd/Train/Gt/3858.tif,train,snow,csd
train/3859,../raw/snow/csd/Train/Snow/3859.tif,../raw/snow/csd/Train/Gt/3859.tif,train,snow,csd
train/386,../raw/snow/csd/Train/Snow/386.tif,../raw/snow/csd/Train/Gt/386.tif,train,snow,csd
train/3860,../raw/snow/csd/Train/Snow/3860.tif,../raw/snow/csd/Train/Gt/3860.tif,train,snow,csd
train/3861,../raw/snow/csd/Train/Snow/3861.tif,../raw/snow/csd/Train/Gt/3861.tif,train,snow,csd
train/3862,../raw/snow/csd/Train/Snow/3862.tif,../raw/snow/csd/Train/Gt/3862.tif,train,snow,csd
train/3863,../raw/snow/csd/Train/Snow/3863.tif,../raw/snow/csd/Train/Gt/3863.tif,train,snow,csd
train/3864,../raw/snow/csd/Train/Snow/3864.tif,../raw/snow/csd/Train/Gt/3864.tif,train,snow,csd
train/3865,../raw/snow/csd/Train/Snow/3865.tif,../raw/snow/csd/Train/Gt/3865.tif,train,snow,csd
train/3866,../raw/snow/csd/Train/Snow/3866.tif,../raw/snow/csd/Train/Gt/3866.tif,train,snow,csd
train/3867,../raw/snow/csd/Train/Snow/3867.tif,../raw/snow/csd/Train/Gt/3867.tif,train,snow,csd
train/3868,../raw/snow/csd/Train/Snow/3868.tif,../raw/snow/csd/Train/Gt/3868.tif,train,snow,csd
train/3869,../raw/snow/csd/Train/Snow/3869.tif,../raw/snow/csd/Train/Gt/3869.tif,train,snow,csd
train/387,../raw/snow/csd/Train/Snow/387.tif,../raw/snow/csd/Train/Gt/387.tif,train,snow,csd
train/3870,../raw/snow/csd/Train/Snow/3870.tif,../raw/snow/csd/Train/Gt/3870.tif,train,snow,csd
train/3871,../raw/snow/csd/Train/Snow/3871.tif,../raw/snow/csd/Train/Gt/3871.tif,train,snow,csd
train/3872,../raw/snow/csd/Train/Snow/3872.tif,../raw/snow/csd/Train/Gt/3872.tif,train,snow,csd
train/3873,../raw/snow/csd/Train/Snow/3873.tif,../raw/snow/csd/Train/Gt/3873.tif,train,snow,csd
train/3874,../raw/snow/csd/Train/Snow/3874.tif,../raw/snow/csd/Train/Gt/3874.tif,val,snow,csd
train/3875,../raw/snow/csd/Train/Snow/3875.tif,../raw/snow/csd/Train/Gt/3875.tif,train,snow,csd
train/3876,../raw/snow/csd/Train/Snow/3876.tif,../raw/snow/csd/Train/Gt/3876.tif,train,snow,csd
train/3877,../raw/snow/csd/Train/Snow/3877.tif,../raw/snow/csd/Train/Gt/3877.tif,train,snow,csd
train/3878,../raw/snow/csd/Train/Snow/3878.tif,../raw/snow/csd/Train/Gt/3878.tif,train,snow,csd
train/3879,../raw/snow/csd/Train/Snow/3879.tif,../raw/snow/csd/Train/Gt/3879.tif,train,snow,csd
train/388,../raw/snow/csd/Train/Snow/388.tif,../raw/snow/csd/Train/Gt/388.tif,val,snow,csd
train/3880,../raw/snow/csd/Train/Snow/3880.tif,../raw/snow/csd/Train/Gt/3880.tif,train,snow,csd
train/3881,../raw/snow/csd/Train/Snow/3881.tif,../raw/snow/csd/Train/Gt/3881.tif,train,snow,csd
train/3882,../raw/snow/csd/Train/Snow/3882.tif,../raw/snow/csd/Train/Gt/3882.tif,train,snow,csd
train/3883,../raw/snow/csd/Train/Snow/3883.tif,../raw/snow/csd/Train/Gt/3883.tif,train,snow,csd
train/3884,../raw/snow/csd/Train/Snow/3884.tif,../raw/snow/csd/Train/Gt/3884.tif,val,snow,csd
train/3885,../raw/snow/csd/Train/Snow/3885.tif,../raw/snow/csd/Train/Gt/3885.tif,train,snow,csd
train/3886,../raw/snow/csd/Train/Snow/3886.tif,../raw/snow/csd/Train/Gt/3886.tif,train,snow,csd
train/3887,../raw/snow/csd/Train/Snow/3887.tif,../raw/snow/csd/Train/Gt/3887.tif,train,snow,csd
train/3888,../raw/snow/csd/Train/Snow/3888.tif,../raw/snow/csd/Train/Gt/3888.tif,train,snow,csd
train/3889,../raw/snow/csd/Train/Snow/3889.tif,../raw/snow/csd/Train/Gt/3889.tif,train,snow,csd
train/389,../raw/snow/csd/Train/Snow/389.tif,../raw/snow/csd/Train/Gt/389.tif,val,snow,csd
train/3890,../raw/snow/csd/Train/Snow/3890.tif,../raw/snow/csd/Train/Gt/3890.tif,train,snow,csd
train/3891,../raw/snow/csd/Train/Snow/3891.tif,../raw/snow/csd/Train/Gt/3891.tif,val,snow,csd
train/3892,../raw/snow/csd/Train/Snow/3892.tif,../raw/snow/csd/Train/Gt/3892.tif,train,snow,csd
train/3893,../raw/snow/csd/Train/Snow/3893.tif,../raw/snow/csd/Train/Gt/3893.tif,train,snow,csd
train/3894,../raw/snow/csd/Train/Snow/3894.tif,../raw/snow/csd/Train/Gt/3894.tif,train,snow,csd
train/3895,../raw/snow/csd/Train/Snow/3895.tif,../raw/snow/csd/Train/Gt/3895.tif,train,snow,csd
train/3896,../raw/snow/csd/Train/Snow/3896.tif,../raw/snow/csd/Train/Gt/3896.tif,train,snow,csd
train/3897,../raw/snow/csd/Train/Snow/3897.tif,../raw/snow/csd/Train/Gt/3897.tif,train,snow,csd
train/3898,../raw/snow/csd/Train/Snow/3898.tif,../raw/snow/csd/Train/Gt/3898.tif,train,snow,csd
train/3899,../raw/snow/csd/Train/Snow/3899.tif,../raw/snow/csd/Train/Gt/3899.tif,train,snow,csd
train/39,../raw/snow/csd/Train/Snow/39.tif,../raw/snow/csd/Train/Gt/39.tif,train,snow,csd
train/390,../raw/snow/csd/Train/Snow/390.tif,../raw/snow/csd/Train/Gt/390.tif,val,snow,csd
train/3900,../raw/snow/csd/Train/Snow/3900.tif,../raw/snow/csd/Train/Gt/3900.tif,train,snow,csd
train/3901,../raw/snow/csd/Train/Snow/3901.tif,../raw/snow/csd/Train/Gt/3901.tif,val,snow,csd
train/3902,../raw/snow/csd/Train/Snow/3902.tif,../raw/snow/csd/Train/Gt/3902.tif,train,snow,csd
train/3903,../raw/snow/csd/Train/Snow/3903.tif,../raw/snow/csd/Train/Gt/3903.tif,val,snow,csd
train/3904,../raw/snow/csd/Train/Snow/3904.tif,../raw/snow/csd/Train/Gt/3904.tif,train,snow,csd
train/3905,../raw/snow/csd/Train/Snow/3905.tif,../raw/snow/csd/Train/Gt/3905.tif,val,snow,csd
train/3906,../raw/snow/csd/Train/Snow/3906.tif,../raw/snow/csd/Train/Gt/3906.tif,val,snow,csd
train/3907,../raw/snow/csd/Train/Snow/3907.tif,../raw/snow/csd/Train/Gt/3907.tif,train,snow,csd
train/3908,../raw/snow/csd/Train/Snow/3908.tif,../raw/snow/csd/Train/Gt/3908.tif,train,snow,csd
train/3909,../raw/snow/csd/Train/Snow/3909.tif,../raw/snow/csd/Train/Gt/3909.tif,train,snow,csd
train/391,../raw/snow/csd/Train/Snow/391.tif,../raw/snow/csd/Train/Gt/391.tif,train,snow,csd
train/3910,../raw/snow/csd/Train/Snow/3910.tif,../raw/snow/csd/Train/Gt/3910.tif,train,snow,csd
train/3911,../raw/snow/csd/Train/Snow/3911.tif,../raw/snow/csd/Train/Gt/3911.tif,train,snow,csd
train/3912,../raw/snow/csd/Train/Snow/3912.tif,../raw/snow/csd/Train/Gt/3912.tif,train,snow,csd
train/3913,../raw/snow/csd/Train/Snow/3913.tif,../raw/snow/csd/Train/Gt/3913.tif,train,snow,csd
train/3914,../raw/snow/csd/Train/Snow/3914.tif,../raw/snow/csd/Train/Gt/3914.tif,train,snow,csd
train/3915,../raw/snow/csd/Train/Snow/3915.tif,../raw/snow/csd/Train/Gt/3915.tif,train,snow,csd
train/3916,../raw/snow/csd/Train/Snow/3916.tif,../raw/snow/csd/Train/Gt/3916.tif,train,snow,csd
train/3917,../raw/snow/csd/Train/Snow/3917.tif,../raw/snow/csd/Train/Gt/3917.tif,train,snow,csd
train/3918,../raw/snow/csd/Train/Snow/3918.tif,../raw/snow/csd/Train/Gt/3918.tif,train,snow,csd
train/3919,../raw/snow/csd/Train/Snow/3919.tif,../raw/snow/csd/Train/Gt/3919.tif,train,snow,csd
train/392,../raw/snow/csd/Train/Snow/392.tif,../raw/snow/csd/Train/Gt/392.tif,train,snow,csd
train/3920,../raw/snow/csd/Train/Snow/3920.tif,../raw/snow/csd/Train/Gt/3920.tif,train,snow,csd
train/3921,../raw/snow/csd/Train/Snow/3921.tif,../raw/snow/csd/Train/Gt/3921.tif,train,snow,csd
train/3922,../raw/snow/csd/Train/Snow/3922.tif,../raw/snow/csd/Train/Gt/3922.tif,train,snow,csd
train/3923,../raw/snow/csd/Train/Snow/3923.tif,../raw/snow/csd/Train/Gt/3923.tif,train,snow,csd
train/3924,../raw/snow/csd/Train/Snow/3924.tif,../raw/snow/csd/Train/Gt/3924.tif,train,snow,csd
train/3925,../raw/snow/csd/Train/Snow/3925.tif,../raw/snow/csd/Train/Gt/3925.tif,train,snow,csd
train/3926,../raw/snow/csd/Train/Snow/3926.tif,../raw/snow/csd/Train/Gt/3926.tif,val,snow,csd
train/3927,../raw/snow/csd/Train/Snow/3927.tif,../raw/snow/csd/Train/Gt/3927.tif,train,snow,csd
train/3928,../raw/snow/csd/Train/Snow/3928.tif,../raw/snow/csd/Train/Gt/3928.tif,train,snow,csd
train/3929,../raw/snow/csd/Train/Snow/3929.tif,../raw/snow/csd/Train/Gt/3929.tif,train,snow,csd
train/393,../raw/snow/csd/Train/Snow/393.tif,../raw/snow/csd/Train/Gt/393.tif,train,snow,csd
train/3930,../raw/snow/csd/Train/Snow/3930.tif,../raw/snow/csd/Train/Gt/3930.tif,train,snow,csd
train/3931,../raw/snow/csd/Train/Snow/3931.tif,../raw/snow/csd/Train/Gt/3931.tif,train,snow,csd
train/3932,../raw/snow/csd/Train/Snow/3932.tif,../raw/snow/csd/Train/Gt/3932.tif,train,snow,csd
train/3933,../raw/snow/csd/Train/Snow/3933.tif,../raw/snow/csd/Train/Gt/3933.tif,train,snow,csd
train/3934,../raw/snow/csd/Train/Snow/3934.tif,../raw/snow/csd/Train/Gt/3934.tif,train,snow,csd
train/3935,../raw/snow/csd/Train/Snow/3935.tif,../raw/snow/csd/Train/Gt/3935.tif,train,snow,csd
train/3936,../raw/snow/csd/Train/Snow/3936.tif,../raw/snow/csd/Train/Gt/3936.tif,train,snow,csd
train/3937,../raw/snow/csd/Train/Snow/3937.tif,../raw/snow/csd/Train/Gt/3937.tif,val,snow,csd
train/3938,../raw/snow/csd/Train/Snow/3938.tif,../raw/snow/csd/Train/Gt/3938.tif,train,snow,csd
train/3939,../raw/snow/csd/Train/Snow/3939.tif,../raw/snow/csd/Train/Gt/3939.tif,train,snow,csd
train/394,../raw/snow/csd/Train/Snow/394.tif,../raw/snow/csd/Train/Gt/394.tif,train,snow,csd
train/3940,../raw/snow/csd/Train/Snow/3940.tif,../raw/snow/csd/Train/Gt/3940.tif,train,snow,csd
train/3941,../raw/snow/csd/Train/Snow/3941.tif,../raw/snow/csd/Train/Gt/3941.tif,train,snow,csd
train/3942,../raw/snow/csd/Train/Snow/3942.tif,../raw/snow/csd/Train/Gt/3942.tif,train,snow,csd
train/3943,../raw/snow/csd/Train/Snow/3943.tif,../raw/snow/csd/Train/Gt/3943.tif,train,snow,csd
train/3944,../raw/snow/csd/Train/Snow/3944.tif,../raw/snow/csd/Train/Gt/3944.tif,train,snow,csd
train/3945,../raw/snow/csd/Train/Snow/3945.tif,../raw/snow/csd/Train/Gt/3945.tif,train,snow,csd
train/3946,../raw/snow/csd/Train/Snow/3946.tif,../raw/snow/csd/Train/Gt/3946.tif,train,snow,csd
train/3947,../raw/snow/csd/Train/Snow/3947.tif,../raw/snow/csd/Train/Gt/3947.tif,train,snow,csd
train/3948,../raw/snow/csd/Train/Snow/3948.tif,../raw/snow/csd/Train/Gt/3948.tif,train,snow,csd
train/3949,../raw/snow/csd/Train/Snow/3949.tif,../raw/snow/csd/Train/Gt/3949.tif,train,snow,csd
train/395,../raw/snow/csd/Train/Snow/395.tif,../raw/snow/csd/Train/Gt/395.tif,train,snow,csd
train/3950,../raw/snow/csd/Train/Snow/3950.tif,../raw/snow/csd/Train/Gt/3950.tif,train,snow,csd
train/3951,../raw/snow/csd/Train/Snow/3951.tif,../raw/snow/csd/Train/Gt/3951.tif,train,snow,csd
train/3952,../raw/snow/csd/Train/Snow/3952.tif,../raw/snow/csd/Train/Gt/3952.tif,train,snow,csd
train/3953,../raw/snow/csd/Train/Snow/3953.tif,../raw/snow/csd/Train/Gt/3953.tif,val,snow,csd
train/3954,../raw/snow/csd/Train/Snow/3954.tif,../raw/snow/csd/Train/Gt/3954.tif,train,snow,csd
train/3955,../raw/snow/csd/Train/Snow/3955.tif,../raw/snow/csd/Train/Gt/3955.tif,train,snow,csd
train/3956,../raw/snow/csd/Train/Snow/3956.tif,../raw/snow/csd/Train/Gt/3956.tif,train,snow,csd
train/3957,../raw/snow/csd/Train/Snow/3957.tif,../raw/snow/csd/Train/Gt/3957.tif,train,snow,csd
train/3958,../raw/snow/csd/Train/Snow/3958.tif,../raw/snow/csd/Train/Gt/3958.tif,val,snow,csd
train/3959,../raw/snow/csd/Train/Snow/3959.tif,../raw/snow/csd/Train/Gt/3959.tif,train,snow,csd
train/396,../raw/snow/csd/Train/Snow/396.tif,../raw/snow/csd/Train/Gt/396.tif,val,snow,csd
train/3960,../raw/snow/csd/Train/Snow/3960.tif,../raw/snow/csd/Train/Gt/3960.tif,train,snow,csd
train/3961,../raw/snow/csd/Train/Snow/3961.tif,../raw/snow/csd/Train/Gt/3961.tif,train,snow,csd
train/3962,../raw/snow/csd/Train/Snow/3962.tif,../raw/snow/csd/Train/Gt/3962.tif,train,snow,csd
train/3963,../raw/snow/csd/Train/Snow/3963.tif,../raw/snow/csd/Train/Gt/3963.tif,train,snow,csd
train/3964,../raw/snow/csd/Train/Snow/3964.tif,../raw/snow/csd/Train/Gt/3964.tif,val,snow,csd
train/3965,../raw/snow/csd/Train/Snow/3965.tif,../raw/snow/csd/Train/Gt/3965.tif,train,snow,csd
train/3966,../raw/snow/csd/Train/Snow/3966.tif,../raw/snow/csd/Train/Gt/3966.tif,train,snow,csd
train/3967,../raw/snow/csd/Train/Snow/3967.tif,../raw/snow/csd/Train/Gt/3967.tif,train,snow,csd
train/3968,../raw/snow/csd/Train/Snow/3968.tif,../raw/snow/csd/Train/Gt/3968.tif,train,snow,csd
train/3969,../raw/snow/csd/Train/Snow/3969.tif,../raw/snow/csd/Train/Gt/3969.tif,train,snow,csd
train/397,../raw/snow/csd/Train/Snow/397.tif,../raw/snow/csd/Train/Gt/397.tif,train,snow,csd
train/3970,../raw/snow/csd/Train/Snow/3970.tif,../raw/snow/csd/Train/Gt/3970.tif,train,snow,csd
train/3971,../raw/snow/csd/Train/Snow/3971.tif,../raw/snow/csd/Train/Gt/3971.tif,train,snow,csd
train/3972,../raw/snow/csd/Train/Snow/3972.tif,../raw/snow/csd/Train/Gt/3972.tif,train,snow,csd
train/3973,../raw/snow/csd/Train/Snow/3973.tif,../raw/snow/csd/Train/Gt/3973.tif,train,snow,csd
train/3974,../raw/snow/csd/Train/Snow/3974.tif,../raw/snow/csd/Train/Gt/3974.tif,train,snow,csd
train/3975,../raw/snow/csd/Train/Snow/3975.tif,../raw/snow/csd/Train/Gt/3975.tif,train,snow,csd
train/3976,../raw/snow/csd/Train/Snow/3976.tif,../raw/snow/csd/Train/Gt/3976.tif,train,snow,csd
train/3977,../raw/snow/csd/Train/Snow/3977.tif,../raw/snow/csd/Train/Gt/3977.tif,train,snow,csd
train/3978,../raw/snow/csd/Train/Snow/3978.tif,../raw/snow/csd/Train/Gt/3978.tif,train,snow,csd
train/3979,../raw/snow/csd/Train/Snow/3979.tif,../raw/snow/csd/Train/Gt/3979.tif,val,snow,csd
train/398,../raw/snow/csd/Train/Snow/398.tif,../raw/snow/csd/Train/Gt/398.tif,train,snow,csd
train/3980,../raw/snow/csd/Train/Snow/3980.tif,../raw/snow/csd/Train/Gt/3980.tif,train,snow,csd
train/3981,../raw/snow/csd/Train/Snow/3981.tif,../raw/snow/csd/Train/Gt/3981.tif,val,snow,csd
train/3982,../raw/snow/csd/Train/Snow/3982.tif,../raw/snow/csd/Train/Gt/3982.tif,train,snow,csd
train/3983,../raw/snow/csd/Train/Snow/3983.tif,../raw/snow/csd/Train/Gt/3983.tif,train,snow,csd
train/3984,../raw/snow/csd/Train/Snow/3984.tif,../raw/snow/csd/Train/Gt/3984.tif,train,snow,csd
train/3985,../raw/snow/csd/Train/Snow/3985.tif,../raw/snow/csd/Train/Gt/3985.tif,train,snow,csd
train/3986,../raw/snow/csd/Train/Snow/3986.tif,../raw/snow/csd/Train/Gt/3986.tif,train,snow,csd
train/3987,../raw/snow/csd/Train/Snow/3987.tif,../raw/snow/csd/Train/Gt/3987.tif,train,snow,csd
train/3988,../raw/snow/csd/Train/Snow/3988.tif,../raw/snow/csd/Train/Gt/3988.tif,train,snow,csd
train/3989,../raw/snow/csd/Train/Snow/3989.tif,../raw/snow/csd/Train/Gt/3989.tif,train,snow,csd
train/399,../raw/snow/csd/Train/Snow/399.tif,../raw/snow/csd/Train/Gt/399.tif,train,snow,csd
train/3990,../raw/snow/csd/Train/Snow/3990.tif,../raw/snow/csd/Train/Gt/3990.tif,train,snow,csd
train/3991,../raw/snow/csd/Train/Snow/3991.tif,../raw/snow/csd/Train/Gt/3991.tif,train,snow,csd
train/3992,../raw/snow/csd/Train/Snow/3992.tif,../raw/snow/csd/Train/Gt/3992.tif,train,snow,csd
train/3993,../raw/snow/csd/Train/Snow/3993.tif,../raw/snow/csd/Train/Gt/3993.tif,train,snow,csd
train/3994,../raw/snow/csd/Train/Snow/3994.tif,../raw/snow/csd/Train/Gt/3994.tif,train,snow,csd
train/3995,../raw/snow/csd/Train/Snow/3995.tif,../raw/snow/csd/Train/Gt/3995.tif,train,snow,csd
train/3996,../raw/snow/csd/Train/Snow/3996.tif,../raw/snow/csd/Train/Gt/3996.tif,train,snow,csd
train/3997,../raw/snow/csd/Train/Snow/3997.tif,../raw/snow/csd/Train/Gt/3997.tif,train,snow,csd
train/3998,../raw/snow/csd/Train/Snow/3998.tif,../raw/snow/csd/Train/Gt/3998.tif,train,snow,csd
train/3999,../raw/snow/csd/Train/Snow/3999.tif,../raw/snow/csd/Train/Gt/3999.tif,train,snow,csd
train/4,../raw/snow/csd/Train/Snow/4.tif,../raw/snow/csd/Train/Gt/4.tif,train,snow,csd
train/40,../raw/snow/csd/Train/Snow/40.tif,../raw/snow/csd/Train/Gt/40.tif,train,snow,csd
train/400,../raw/snow/csd/Train/Snow/400.tif,../raw/snow/csd/Train/Gt/400.tif,train,snow,csd
train/4000,../raw/snow/csd/Train/Snow/4000.tif,../raw/snow/csd/Train/Gt/4000.tif,train,snow,csd
train/4001,../raw/snow/csd/Train/Snow/4001.tif,../raw/snow/csd/Train/Gt/4001.tif,train,snow,csd
train/4002,../raw/snow/csd/Train/Snow/4002.tif,../raw/snow/csd/Train/Gt/4002.tif,train,snow,csd
train/4003,../raw/snow/csd/Train/Snow/4003.tif,../raw/snow/csd/Train/Gt/4003.tif,train,snow,csd
train/4004,../raw/snow/csd/Train/Snow/4004.tif,../raw/snow/csd/Train/Gt/4004.tif,train,snow,csd
train/4005,../raw/snow/csd/Train/Snow/4005.tif,../raw/snow/csd/Train/Gt/4005.tif,train,snow,csd
train/4006,../raw/snow/csd/Train/Snow/4006.tif,../raw/snow/csd/Train/Gt/4006.tif,train,snow,csd
train/4007,../raw/snow/csd/Train/Snow/4007.tif,../raw/snow/csd/Train/Gt/4007.tif,train,snow,csd
train/4008,../raw/snow/csd/Train/Snow/4008.tif,../raw/snow/csd/Train/Gt/4008.tif,train,snow,csd
train/4009,../raw/snow/csd/Train/Snow/4009.tif,../raw/snow/csd/Train/Gt/4009.tif,train,snow,csd
train/401,../raw/snow/csd/Train/Snow/401.tif,../raw/snow/csd/Train/Gt/401.tif,train,snow,csd
train/4010,../raw/snow/csd/Train/Snow/4010.tif,../raw/snow/csd/Train/Gt/4010.tif,train,snow,csd
train/4011,../raw/snow/csd/Train/Snow/4011.tif,../raw/snow/csd/Train/Gt/4011.tif,train,snow,csd
train/4012,../raw/snow/csd/Train/Snow/4012.tif,../raw/snow/csd/Train/Gt/4012.tif,train,snow,csd
train/4013,../raw/snow/csd/Train/Snow/4013.tif,../raw/snow/csd/Train/Gt/4013.tif,train,snow,csd
train/4014,../raw/snow/csd/Train/Snow/4014.tif,../raw/snow/csd/Train/Gt/4014.tif,train,snow,csd
train/4015,../raw/snow/csd/Train/Snow/4015.tif,../raw/snow/csd/Train/Gt/4015.tif,train,snow,csd
train/4016,../raw/snow/csd/Train/Snow/4016.tif,../raw/snow/csd/Train/Gt/4016.tif,val,snow,csd
train/4017,../raw/snow/csd/Train/Snow/4017.tif,../raw/snow/csd/Train/Gt/4017.tif,train,snow,csd
train/4018,../raw/snow/csd/Train/Snow/4018.tif,../raw/snow/csd/Train/Gt/4018.tif,train,snow,csd
train/4019,../raw/snow/csd/Train/Snow/4019.tif,../raw/snow/csd/Train/Gt/4019.tif,train,snow,csd
train/402,../raw/snow/csd/Train/Snow/402.tif,../raw/snow/csd/Train/Gt/402.tif,train,snow,csd
train/4020,../raw/snow/csd/Train/Snow/4020.tif,../raw/snow/csd/Train/Gt/4020.tif,train,snow,csd
train/4021,../raw/snow/csd/Train/Snow/4021.tif,../raw/snow/csd/Train/Gt/4021.tif,train,snow,csd
train/4022,../raw/snow/csd/Train/Snow/4022.tif,../raw/snow/csd/Train/Gt/4022.tif,train,snow,csd
train/4023,../raw/snow/csd/Train/Snow/4023.tif,../raw/snow/csd/Train/Gt/4023.tif,train,snow,csd
train/4024,../raw/snow/csd/Train/Snow/4024.tif,../raw/snow/csd/Train/Gt/4024.tif,train,snow,csd
train/4025,../raw/snow/csd/Train/Snow/4025.tif,../raw/snow/csd/Train/Gt/4025.tif,train,snow,csd
train/4026,../raw/snow/csd/Train/Snow/4026.tif,../raw/snow/csd/Train/Gt/4026.tif,train,snow,csd
train/4027,../raw/snow/csd/Train/Snow/4027.tif,../raw/snow/csd/Train/Gt/4027.tif,train,snow,csd
train/4028,../raw/snow/csd/Train/Snow/4028.tif,../raw/snow/csd/Train/Gt/4028.tif,val,snow,csd
train/4029,../raw/snow/csd/Train/Snow/4029.tif,../raw/snow/csd/Train/Gt/4029.tif,train,snow,csd
train/403,../raw/snow/csd/Train/Snow/403.tif,../raw/snow/csd/Train/Gt/403.tif,train,snow,csd
train/4030,../raw/snow/csd/Train/Snow/4030.tif,../raw/snow/csd/Train/Gt/4030.tif,train,snow,csd
train/4031,../raw/snow/csd/Train/Snow/4031.tif,../raw/snow/csd/Train/Gt/4031.tif,train,snow,csd
train/4032,../raw/snow/csd/Train/Snow/4032.tif,../raw/snow/csd/Train/Gt/4032.tif,train,snow,csd
train/4033,../raw/snow/csd/Train/Snow/4033.tif,../raw/snow/csd/Train/Gt/4033.tif,train,snow,csd
train/4034,../raw/snow/csd/Train/Snow/4034.tif,../raw/snow/csd/Train/Gt/4034.tif,train,snow,csd
train/4035,../raw/snow/csd/Train/Snow/4035.tif,../raw/snow/csd/Train/Gt/4035.tif,val,snow,csd
train/4036,../raw/snow/csd/Train/Snow/4036.tif,../raw/snow/csd/Train/Gt/4036.tif,val,snow,csd
train/4037,../raw/snow/csd/Train/Snow/4037.tif,../raw/snow/csd/Train/Gt/4037.tif,train,snow,csd
train/4038,../raw/snow/csd/Train/Snow/4038.tif,../raw/snow/csd/Train/Gt/4038.tif,train,snow,csd
train/4039,../raw/snow/csd/Train/Snow/4039.tif,../raw/snow/csd/Train/Gt/4039.tif,val,snow,csd
train/404,../raw/snow/csd/Train/Snow/404.tif,../raw/snow/csd/Train/Gt/404.tif,train,snow,csd
train/4040,../raw/snow/csd/Train/Snow/4040.tif,../raw/snow/csd/Train/Gt/4040.tif,train,snow,csd
train/4041,../raw/snow/csd/Train/Snow/4041.tif,../raw/snow/csd/Train/Gt/4041.tif,train,snow,csd
train/4042,../raw/snow/csd/Train/Snow/4042.tif,../raw/snow/csd/Train/Gt/4042.tif,val,snow,csd
train/4043,../raw/snow/csd/Train/Snow/4043.tif,../raw/snow/csd/Train/Gt/4043.tif,train,snow,csd
train/4044,../raw/snow/csd/Train/Snow/4044.tif,../raw/snow/csd/Train/Gt/4044.tif,train,snow,csd
train/4045,../raw/snow/csd/Train/Snow/4045.tif,../raw/snow/csd/Train/Gt/4045.tif,val,snow,csd
train/4046,../raw/snow/csd/Train/Snow/4046.tif,../raw/snow/csd/Train/Gt/4046.tif,train,snow,csd
train/4047,../raw/snow/csd/Train/Snow/4047.tif,../raw/snow/csd/Train/Gt/4047.tif,train,snow,csd
train/4048,../raw/snow/csd/Train/Snow/4048.tif,../raw/snow/csd/Train/Gt/4048.tif,val,snow,csd
train/4049,../raw/snow/csd/Train/Snow/4049.tif,../raw/snow/csd/Train/Gt/4049.tif,val,snow,csd
train/405,../raw/snow/csd/Train/Snow/405.tif,../raw/snow/csd/Train/Gt/405.tif,train,snow,csd
train/4050,../raw/snow/csd/Train/Snow/4050.tif,../raw/snow/csd/Train/Gt/4050.tif,train,snow,csd
train/4051,../raw/snow/csd/Train/Snow/4051.tif,../raw/snow/csd/Train/Gt/4051.tif,train,snow,csd
train/4052,../raw/snow/csd/Train/Snow/4052.tif,../raw/snow/csd/Train/Gt/4052.tif,train,snow,csd
train/4053,../raw/snow/csd/Train/Snow/4053.tif,../raw/snow/csd/Train/Gt/4053.tif,train,snow,csd
train/4054,../raw/snow/csd/Train/Snow/4054.tif,../raw/snow/csd/Train/Gt/4054.tif,train,snow,csd
train/4055,../raw/snow/csd/Train/Snow/4055.tif,../raw/snow/csd/Train/Gt/4055.tif,train,snow,csd
train/4056,../raw/snow/csd/Train/Snow/4056.tif,../raw/snow/csd/Train/Gt/4056.tif,train,snow,csd
train/4057,../raw/snow/csd/Train/Snow/4057.tif,../raw/snow/csd/Train/Gt/4057.tif,train,snow,csd
train/4058,../raw/snow/csd/Train/Snow/4058.tif,../raw/snow/csd/Train/Gt/4058.tif,train,snow,csd
train/4059,../raw/snow/csd/Train/Snow/4059.tif,../raw/snow/csd/Train/Gt/4059.tif,train,snow,csd
train/406,../raw/snow/csd/Train/Snow/406.tif,../raw/snow/csd/Train/Gt/406.tif,val,snow,csd
train/4060,../raw/snow/csd/Train/Snow/4060.tif,../raw/snow/csd/Train/Gt/4060.tif,train,snow,csd
train/4061,../raw/snow/csd/Train/Snow/4061.tif,../raw/snow/csd/Train/Gt/4061.tif,train,snow,csd
train/4062,../raw/snow/csd/Train/Snow/4062.tif,../raw/snow/csd/Train/Gt/4062.tif,train,snow,csd
train/4063,../raw/snow/csd/Train/Snow/4063.tif,../raw/snow/csd/Train/Gt/4063.tif,train,snow,csd
train/4064,../raw/snow/csd/Train/Snow/4064.tif,../raw/snow/csd/Train/Gt/4064.tif,train,snow,csd
train/4065,../raw/snow/csd/Train/Snow/4065.tif,../raw/snow/csd/Train/Gt/4065.tif,train,snow,csd
train/4066,../raw/snow/csd/Train/Snow/4066.tif,../raw/snow/csd/Train/Gt/4066.tif,train,snow,csd
train/4067,../raw/snow/csd/Train/Snow/4067.tif,../raw/snow/csd/Train/Gt/4067.tif,train,snow,csd
train/4068,../raw/snow/csd/Train/Snow/4068.tif,../raw/snow/csd/Train/Gt/4068.tif,train,snow,csd
train/4069,../raw/snow/csd/Train/Snow/4069.tif,../raw/snow/csd/Train/Gt/4069.tif,train,snow,csd
train/407,../raw/snow/csd/Train/Snow/407.tif,../raw/snow/csd/Train/Gt/407.tif,train,snow,csd
train/4070,../raw/snow/csd/Train/Snow/4070.tif,../raw/snow/csd/Train/Gt/4070.tif,train,snow,csd
train/4071,../raw/snow/csd/Train/Snow/4071.tif,../raw/snow/csd/Train/Gt/4071.tif,train,snow,csd
train/4072,../raw/snow/csd/Train/Snow/4072.tif,../raw/snow/csd/Train/Gt/4072.tif,train,snow,csd
train/4073,../raw/snow/csd/Train/Snow/4073.tif,../raw/snow/csd/Train/Gt/4073.tif,train,snow,csd
train/4074,../raw/snow/csd/Train/Snow/4074.tif,../raw/snow/csd/Train/Gt/4074.tif,train,snow,csd
train/4075,../raw/snow/csd/Train/Snow/4075.tif,../raw/snow/csd/Train/Gt/4075.tif,train,snow,csd
train/4076,../raw/snow/csd/Train/Snow/4076.tif,../raw/snow/csd/Train/Gt/4076.tif,train,snow,csd
train/4077,../raw/snow/csd/Train/Snow/4077.tif,../raw/snow/csd/Train/Gt/4077.tif,train,snow,csd
train/4078,../raw/snow/csd/Train/Snow/4078.tif,../raw/snow/csd/Train/Gt/4078.tif,train,snow,csd
train/4079,../raw/snow/csd/Train/Snow/4079.tif,../raw/snow/csd/Train/Gt/4079.tif,val,snow,csd
train/408,../raw/snow/csd/Train/Snow/408.tif,../raw/snow/csd/Train/Gt/408.tif,train,snow,csd
train/4080,../raw/snow/csd/Train/Snow/4080.tif,../raw/snow/csd/Train/Gt/4080.tif,train,snow,csd
train/4081,../raw/snow/csd/Train/Snow/4081.tif,../raw/snow/csd/Train/Gt/4081.tif,train,snow,csd
train/4082,../raw/snow/csd/Train/Snow/4082.tif,../raw/snow/csd/Train/Gt/4082.tif,train,snow,csd
train/4083,../raw/snow/csd/Train/Snow/4083.tif,../raw/snow/csd/Train/Gt/4083.tif,train,snow,csd
train/4084,../raw/snow/csd/Train/Snow/4084.tif,../raw/snow/csd/Train/Gt/4084.tif,train,snow,csd
train/4085,../raw/snow/csd/Train/Snow/4085.tif,../raw/snow/csd/Train/Gt/4085.tif,train,snow,csd
train/4086,../raw/snow/csd/Train/Snow/4086.tif,../raw/snow/csd/Train/Gt/4086.tif,train,snow,csd
train/4087,../raw/snow/csd/Train/Snow/4087.tif,../raw/snow/csd/Train/Gt/4087.tif,train,snow,csd
train/4088,../raw/snow/csd/Train/Snow/4088.tif,../raw/snow/csd/Train/Gt/4088.tif,train,snow,csd
train/4089,../raw/snow/csd/Train/Snow/4089.tif,../raw/snow/csd/Train/Gt/4089.tif,val,snow,csd
train/409,../raw/snow/csd/Train/Snow/409.tif,../raw/snow/csd/Train/Gt/409.tif,train,snow,csd
train/4090,../raw/snow/csd/Train/Snow/4090.tif,../raw/snow/csd/Train/Gt/4090.tif,train,snow,csd
train/4091,../raw/snow/csd/Train/Snow/4091.tif,../raw/snow/csd/Train/Gt/4091.tif,train,snow,csd
train/4092,../raw/snow/csd/Train/Snow/4092.tif,../raw/snow/csd/Train/Gt/4092.tif,train,snow,csd
train/4093,../raw/snow/csd/Train/Snow/4093.tif,../raw/snow/csd/Train/Gt/4093.tif,val,snow,csd
train/4094,../raw/snow/csd/Train/Snow/4094.tif,../raw/snow/csd/Train/Gt/4094.tif,train,snow,csd
train/4095,../raw/snow/csd/Train/Snow/4095.tif,../raw/snow/csd/Train/Gt/4095.tif,train,snow,csd
train/4096,../raw/snow/csd/Train/Snow/4096.tif,../raw/snow/csd/Train/Gt/4096.tif,train,snow,csd
train/4097,../raw/snow/csd/Train/Snow/4097.tif,../raw/snow/csd/Train/Gt/4097.tif,train,snow,csd
train/4098,../raw/snow/csd/Train/Snow/4098.tif,../raw/snow/csd/Train/Gt/4098.tif,train,snow,csd
train/4099,../raw/snow/csd/Train/Snow/4099.tif,../raw/snow/csd/Train/Gt/4099.tif,val,snow,csd
train/41,../raw/snow/csd/Train/Snow/41.tif,../raw/snow/csd/Train/Gt/41.tif,train,snow,csd
train/410,../raw/snow/csd/Train/Snow/410.tif,../raw/snow/csd/Train/Gt/410.tif,train,snow,csd
train/4100,../raw/snow/csd/Train/Snow/4100.tif,../raw/snow/csd/Train/Gt/4100.tif,val,snow,csd
train/4101,../raw/snow/csd/Train/Snow/4101.tif,../raw/snow/csd/Train/Gt/4101.tif,train,snow,csd
train/4102,../raw/snow/csd/Train/Snow/4102.tif,../raw/snow/csd/Train/Gt/4102.tif,train,snow,csd
train/4103,../raw/snow/csd/Train/Snow/4103.tif,../raw/snow/csd/Train/Gt/4103.tif,train,snow,csd
train/4104,../raw/snow/csd/Train/Snow/4104.tif,../raw/snow/csd/Train/Gt/4104.tif,train,snow,csd
train/4105,../raw/snow/csd/Train/Snow/4105.tif,../raw/snow/csd/Train/Gt/4105.tif,train,snow,csd
train/4106,../raw/snow/csd/Train/Snow/4106.tif,../raw/snow/csd/Train/Gt/4106.tif,train,snow,csd
train/4107,../raw/snow/csd/Train/Snow/4107.tif,../raw/snow/csd/Train/Gt/4107.tif,train,snow,csd
train/4108,../raw/snow/csd/Train/Snow/4108.tif,../raw/snow/csd/Train/Gt/4108.tif,train,snow,csd
train/4109,../raw/snow/csd/Train/Snow/4109.tif,../raw/snow/csd/Train/Gt/4109.tif,train,snow,csd
train/411,../raw/snow/csd/Train/Snow/411.tif,../raw/snow/csd/Train/Gt/411.tif,val,snow,csd
train/4110,../raw/snow/csd/Train/Snow/4110.tif,../raw/snow/csd/Train/Gt/4110.tif,train,snow,csd
train/4111,../raw/snow/csd/Train/Snow/4111.tif,../raw/snow/csd/Train/Gt/4111.tif,train,snow,csd
train/4112,../raw/snow/csd/Train/Snow/4112.tif,../raw/snow/csd/Train/Gt/4112.tif,train,snow,csd
train/4113,../raw/snow/csd/Train/Snow/4113.tif,../raw/snow/csd/Train/Gt/4113.tif,train,snow,csd
train/4114,../raw/snow/csd/Train/Snow/4114.tif,../raw/snow/csd/Train/Gt/4114.tif,train,snow,csd
train/4115,../raw/snow/csd/Train/Snow/4115.tif,../raw/snow/csd/Train/Gt/4115.tif,train,snow,csd
train/4116,../raw/snow/csd/Train/Snow/4116.tif,../raw/snow/csd/Train/Gt/4116.tif,train,snow,csd
train/4117,../raw/snow/csd/Train/Snow/4117.tif,../raw/snow/csd/Train/Gt/4117.tif,val,snow,csd
train/4118,../raw/snow/csd/Train/Snow/4118.tif,../raw/snow/csd/Train/Gt/4118.tif,train,snow,csd
train/4119,../raw/snow/csd/Train/Snow/4119.tif,../raw/snow/csd/Train/Gt/4119.tif,train,snow,csd
train/412,../raw/snow/csd/Train/Snow/412.tif,../raw/snow/csd/Train/Gt/412.tif,train,snow,csd
train/4120,../raw/snow/csd/Train/Snow/4120.tif,../raw/snow/csd/Train/Gt/4120.tif,train,snow,csd
train/4121,../raw/snow/csd/Train/Snow/4121.tif,../raw/snow/csd/Train/Gt/4121.tif,train,snow,csd
train/4122,../raw/snow/csd/Train/Snow/4122.tif,../raw/snow/csd/Train/Gt/4122.tif,train,snow,csd
train/4123,../raw/snow/csd/Train/Snow/4123.tif,../raw/snow/csd/Train/Gt/4123.tif,train,snow,csd
train/4124,../raw/snow/csd/Train/Snow/4124.tif,../raw/snow/csd/Train/Gt/4124.tif,train,snow,csd
train/4125,../raw/snow/csd/Train/Snow/4125.tif,../raw/snow/csd/Train/Gt/4125.tif,train,snow,csd
train/4126,../raw/snow/csd/Train/Snow/4126.tif,../raw/snow/csd/Train/Gt/4126.tif,train,snow,csd
train/4127,../raw/snow/csd/Train/Snow/4127.tif,../raw/snow/csd/Train/Gt/4127.tif,train,snow,csd
train/4128,../raw/snow/csd/Train/Snow/4128.tif,../raw/snow/csd/Train/Gt/4128.tif,train,snow,csd
train/4129,../raw/snow/csd/Train/Snow/4129.tif,../raw/snow/csd/Train/Gt/4129.tif,val,snow,csd
train/413,../raw/snow/csd/Train/Snow/413.tif,../raw/snow/csd/Train/Gt/413.tif,train,snow,csd
train/4130,../raw/snow/csd/Train/Snow/4130.tif,../raw/snow/csd/Train/Gt/4130.tif,train,snow,csd
train/4131,../raw/snow/csd/Train/Snow/4131.tif,../raw/snow/csd/Train/Gt/4131.tif,train,snow,csd
train/4132,../raw/snow/csd/Train/Snow/4132.tif,../raw/snow/csd/Train/Gt/4132.tif,train,snow,csd
train/4133,../raw/snow/csd/Train/Snow/4133.tif,../raw/snow/csd/Train/Gt/4133.tif,val,snow,csd
train/4134,../raw/snow/csd/Train/Snow/4134.tif,../raw/snow/csd/Train/Gt/4134.tif,train,snow,csd
train/4135,../raw/snow/csd/Train/Snow/4135.tif,../raw/snow/csd/Train/Gt/4135.tif,train,snow,csd
train/4136,../raw/snow/csd/Train/Snow/4136.tif,../raw/snow/csd/Train/Gt/4136.tif,train,snow,csd
train/4137,../raw/snow/csd/Train/Snow/4137.tif,../raw/snow/csd/Train/Gt/4137.tif,train,snow,csd
train/4138,../raw/snow/csd/Train/Snow/4138.tif,../raw/snow/csd/Train/Gt/4138.tif,train,snow,csd
train/4139,../raw/snow/csd/Train/Snow/4139.tif,../raw/snow/csd/Train/Gt/4139.tif,train,snow,csd
train/414,../raw/snow/csd/Train/Snow/414.tif,../raw/snow/csd/Train/Gt/414.tif,train,snow,csd
train/4140,../raw/snow/csd/Train/Snow/4140.tif,../raw/snow/csd/Train/Gt/4140.tif,train,snow,csd
train/4141,../raw/snow/csd/Train/Snow/4141.tif,../raw/snow/csd/Train/Gt/4141.tif,train,snow,csd
train/4142,../raw/snow/csd/Train/Snow/4142.tif,../raw/snow/csd/Train/Gt/4142.tif,train,snow,csd
train/4143,../raw/snow/csd/Train/Snow/4143.tif,../raw/snow/csd/Train/Gt/4143.tif,train,snow,csd
train/4144,../raw/snow/csd/Train/Snow/4144.tif,../raw/snow/csd/Train/Gt/4144.tif,train,snow,csd
train/4145,../raw/snow/csd/Train/Snow/4145.tif,../raw/snow/csd/Train/Gt/4145.tif,train,snow,csd
train/4146,../raw/snow/csd/Train/Snow/4146.tif,../raw/snow/csd/Train/Gt/4146.tif,train,snow,csd
train/4147,../raw/snow/csd/Train/Snow/4147.tif,../raw/snow/csd/Train/Gt/4147.tif,train,snow,csd
train/4148,../raw/snow/csd/Train/Snow/4148.tif,../raw/snow/csd/Train/Gt/4148.tif,train,snow,csd
train/4149,../raw/snow/csd/Train/Snow/4149.tif,../raw/snow/csd/Train/Gt/4149.tif,train,snow,csd
train/415,../raw/snow/csd/Train/Snow/415.tif,../raw/snow/csd/Train/Gt/415.tif,train,snow,csd
train/4150,../raw/snow/csd/Train/Snow/4150.tif,../raw/snow/csd/Train/Gt/4150.tif,train,snow,csd
train/4151,../raw/snow/csd/Train/Snow/4151.tif,../raw/snow/csd/Train/Gt/4151.tif,train,snow,csd
train/4152,../raw/snow/csd/Train/Snow/4152.tif,../raw/snow/csd/Train/Gt/4152.tif,train,snow,csd
train/4153,../raw/snow/csd/Train/Snow/4153.tif,../raw/snow/csd/Train/Gt/4153.tif,train,snow,csd
train/4154,../raw/snow/csd/Train/Snow/4154.tif,../raw/snow/csd/Train/Gt/4154.tif,train,snow,csd
train/4155,../raw/snow/csd/Train/Snow/4155.tif,../raw/snow/csd/Train/Gt/4155.tif,train,snow,csd
train/4156,../raw/snow/csd/Train/Snow/4156.tif,../raw/snow/csd/Train/Gt/4156.tif,train,snow,csd
train/4157,../raw/snow/csd/Train/Snow/4157.tif,../raw/snow/csd/Train/Gt/4157.tif,val,snow,csd
train/4158,../raw/snow/csd/Train/Snow/4158.tif,../raw/snow/csd/Train/Gt/4158.tif,train,snow,csd
train/4159,../raw/snow/csd/Train/Snow/4159.tif,../raw/snow/csd/Train/Gt/4159.tif,train,snow,csd
train/416,../raw/snow/csd/Train/Snow/416.tif,../raw/snow/csd/Train/Gt/416.tif,val,snow,csd
train/4160,../raw/snow/csd/Train/Snow/4160.tif,../raw/snow/csd/Train/Gt/4160.tif,val,snow,csd
train/4161,../raw/snow/csd/Train/Snow/4161.tif,../raw/snow/csd/Train/Gt/4161.tif,train,snow,csd
train/4162,../raw/snow/csd/Train/Snow/4162.tif,../raw/snow/csd/Train/Gt/4162.tif,train,snow,csd
train/4163,../raw/snow/csd/Train/Snow/4163.tif,../raw/snow/csd/Train/Gt/4163.tif,train,snow,csd
train/4164,../raw/snow/csd/Train/Snow/4164.tif,../raw/snow/csd/Train/Gt/4164.tif,train,snow,csd
train/4165,../raw/snow/csd/Train/Snow/4165.tif,../raw/snow/csd/Train/Gt/4165.tif,train,snow,csd
train/4166,../raw/snow/csd/Train/Snow/4166.tif,../raw/snow/csd/Train/Gt/4166.tif,train,snow,csd
train/4167,../raw/snow/csd/Train/Snow/4167.tif,../raw/snow/csd/Train/Gt/4167.tif,train,snow,csd
train/4168,../raw/snow/csd/Train/Snow/4168.tif,../raw/snow/csd/Train/Gt/4168.tif,train,snow,csd
train/4169,../raw/snow/csd/Train/Snow/4169.tif,../raw/snow/csd/Train/Gt/4169.tif,train,snow,csd
train/417,../raw/snow/csd/Train/Snow/417.tif,../raw/snow/csd/Train/Gt/417.tif,train,snow,csd
train/4170,../raw/snow/csd/Train/Snow/4170.tif,../raw/snow/csd/Train/Gt/4170.tif,train,snow,csd
train/4171,../raw/snow/csd/Train/Snow/4171.tif,../raw/snow/csd/Train/Gt/4171.tif,train,snow,csd
train/4172,../raw/snow/csd/Train/Snow/4172.tif,../raw/snow/csd/Train/Gt/4172.tif,train,snow,csd
train/4173,../raw/snow/csd/Train/Snow/4173.tif,../raw/snow/csd/Train/Gt/4173.tif,train,snow,csd
train/4174,../raw/snow/csd/Train/Snow/4174.tif,../raw/snow/csd/Train/Gt/4174.tif,train,snow,csd
train/4175,../raw/snow/csd/Train/Snow/4175.tif,../raw/snow/csd/Train/Gt/4175.tif,train,snow,csd
train/4176,../raw/snow/csd/Train/Snow/4176.tif,../raw/snow/csd/Train/Gt/4176.tif,train,snow,csd
train/4177,../raw/snow/csd/Train/Snow/4177.tif,../raw/snow/csd/Train/Gt/4177.tif,train,snow,csd
train/4178,../raw/snow/csd/Train/Snow/4178.tif,../raw/snow/csd/Train/Gt/4178.tif,train,snow,csd
train/4179,../raw/snow/csd/Train/Snow/4179.tif,../raw/snow/csd/Train/Gt/4179.tif,train,snow,csd
train/418,../raw/snow/csd/Train/Snow/418.tif,../raw/snow/csd/Train/Gt/418.tif,train,snow,csd
train/4180,../raw/snow/csd/Train/Snow/4180.tif,../raw/snow/csd/Train/Gt/4180.tif,train,snow,csd
train/4181,../raw/snow/csd/Train/Snow/4181.tif,../raw/snow/csd/Train/Gt/4181.tif,val,snow,csd
train/4182,../raw/snow/csd/Train/Snow/4182.tif,../raw/snow/csd/Train/Gt/4182.tif,val,snow,csd
train/4183,../raw/snow/csd/Train/Snow/4183.tif,../raw/snow/csd/Train/Gt/4183.tif,train,snow,csd
train/4184,../raw/snow/csd/Train/Snow/4184.tif,../raw/snow/csd/Train/Gt/4184.tif,train,snow,csd
train/4185,../raw/snow/csd/Train/Snow/4185.tif,../raw/snow/csd/Train/Gt/4185.tif,train,snow,csd
train/4186,../raw/snow/csd/Train/Snow/4186.tif,../raw/snow/csd/Train/Gt/4186.tif,val,snow,csd
train/4187,../raw/snow/csd/Train/Snow/4187.tif,../raw/snow/csd/Train/Gt/4187.tif,val,snow,csd
train/4188,../raw/snow/csd/Train/Snow/4188.tif,../raw/snow/csd/Train/Gt/4188.tif,train,snow,csd
train/4189,../raw/snow/csd/Train/Snow/4189.tif,../raw/snow/csd/Train/Gt/4189.tif,train,snow,csd
train/419,../raw/snow/csd/Train/Snow/419.tif,../raw/snow/csd/Train/Gt/419.tif,train,snow,csd
train/4190,../raw/snow/csd/Train/Snow/4190.tif,../raw/snow/csd/Train/Gt/4190.tif,train,snow,csd
train/4191,../raw/snow/csd/Train/Snow/4191.tif,../raw/snow/csd/Train/Gt/4191.tif,train,snow,csd
train/4192,../raw/snow/csd/Train/Snow/4192.tif,../raw/snow/csd/Train/Gt/4192.tif,train,snow,csd
train/4193,../raw/snow/csd/Train/Snow/4193.tif,../raw/snow/csd/Train/Gt/4193.tif,train,snow,csd
train/4194,../raw/snow/csd/Train/Snow/4194.tif,../raw/snow/csd/Train/Gt/4194.tif,train,snow,csd
train/4195,../raw/snow/csd/Train/Snow/4195.tif,../raw/snow/csd/Train/Gt/4195.tif,train,snow,csd
train/4196,../raw/snow/csd/Train/Snow/4196.tif,../raw/snow/csd/Train/Gt/4196.tif,train,snow,csd
train/4197,../raw/snow/csd/Train/Snow/4197.tif,../raw/snow/csd/Train/Gt/4197.tif,train,snow,csd
train/4198,../raw/snow/csd/Train/Snow/4198.tif,../raw/snow/csd/Train/Gt/4198.tif,train,snow,csd
train/4199,../raw/snow/csd/Train/Snow/4199.tif,../raw/snow/csd/Train/Gt/4199.tif,train,snow,csd
train/42,../raw/snow/csd/Train/Snow/42.tif,../raw/snow/csd/Train/Gt/42.tif,val,snow,csd
train/420,../raw/snow/csd/Train/Snow/420.tif,../raw/snow/csd/Train/Gt/420.tif,train,snow,csd
train/4200,../raw/snow/csd/Train/Snow/4200.tif,../raw/snow/csd/Train/Gt/4200.tif,train,snow,csd
train/4201,../raw/snow/csd/Train/Snow/4201.tif,../raw/snow/csd/Train/Gt/4201.tif,train,snow,csd
train/4202,../raw/snow/csd/Train/Snow/4202.tif,../raw/snow/csd/Train/Gt/4202.tif,train,snow,csd
train/4203,../raw/snow/csd/Train/Snow/4203.tif,../raw/snow/csd/Train/Gt/4203.tif,train,snow,csd
train/4204,../raw/snow/csd/Train/Snow/4204.tif,../raw/snow/csd/Train/Gt/4204.tif,val,snow,csd
train/4205,../raw/snow/csd/Train/Snow/4205.tif,../raw/snow/csd/Train/Gt/4205.tif,train,snow,csd
train/4206,../raw/snow/csd/Train/Snow/4206.tif,../raw/snow/csd/Train/Gt/4206.tif,train,snow,csd
train/4207,../raw/snow/csd/Train/Snow/4207.tif,../raw/snow/csd/Train/Gt/4207.tif,train,snow,csd
train/4208,../raw/snow/csd/Train/Snow/4208.tif,../raw/snow/csd/Train/Gt/4208.tif,train,snow,csd
train/4209,../raw/snow/csd/Train/Snow/4209.tif,../raw/snow/csd/Train/Gt/4209.tif,train,snow,csd
train/421,../raw/snow/csd/Train/Snow/421.tif,../raw/snow/csd/Train/Gt/421.tif,train,snow,csd
train/4210,../raw/snow/csd/Train/Snow/4210.tif,../raw/snow/csd/Train/Gt/4210.tif,train,snow,csd
train/4211,../raw/snow/csd/Train/Snow/4211.tif,../raw/snow/csd/Train/Gt/4211.tif,train,snow,csd
train/4212,../raw/snow/csd/Train/Snow/4212.tif,../raw/snow/csd/Train/Gt/4212.tif,train,snow,csd
train/4213,../raw/snow/csd/Train/Snow/4213.tif,../raw/snow/csd/Train/Gt/4213.tif,train,snow,csd
train/4214,../raw/snow/csd/Train/Snow/4214.tif,../raw/snow/csd/Train/Gt/4214.tif,train,snow,csd
train/4215,../raw/snow/csd/Train/Snow/4215.tif,../raw/snow/csd/Train/Gt/4215.tif,train,snow,csd
train/4216,../raw/snow/csd/Train/Snow/4216.tif,../raw/snow/csd/Train/Gt/4216.tif,train,snow,csd
train/4217,../raw/snow/csd/Train/Snow/4217.tif,../raw/snow/csd/Train/Gt/4217.tif,train,snow,csd
train/4218,../raw/snow/csd/Train/Snow/4218.tif,../raw/snow/csd/Train/Gt/4218.tif,train,snow,csd
train/4219,../raw/snow/csd/Train/Snow/4219.tif,../raw/snow/csd/Train/Gt/4219.tif,train,snow,csd
train/422,../raw/snow/csd/Train/Snow/422.tif,../raw/snow/csd/Train/Gt/422.tif,train,snow,csd
train/4220,../raw/snow/csd/Train/Snow/4220.tif,../raw/snow/csd/Train/Gt/4220.tif,train,snow,csd
train/4221,../raw/snow/csd/Train/Snow/4221.tif,../raw/snow/csd/Train/Gt/4221.tif,train,snow,csd
train/4222,../raw/snow/csd/Train/Snow/4222.tif,../raw/snow/csd/Train/Gt/4222.tif,train,snow,csd
train/4223,../raw/snow/csd/Train/Snow/4223.tif,../raw/snow/csd/Train/Gt/4223.tif,train,snow,csd
train/4224,../raw/snow/csd/Train/Snow/4224.tif,../raw/snow/csd/Train/Gt/4224.tif,train,snow,csd
train/4225,../raw/snow/csd/Train/Snow/4225.tif,../raw/snow/csd/Train/Gt/4225.tif,train,snow,csd
train/4226,../raw/snow/csd/Train/Snow/4226.tif,../raw/snow/csd/Train/Gt/4226.tif,train,snow,csd
train/4227,../raw/snow/csd/Train/Snow/4227.tif,../raw/snow/csd/Train/Gt/4227.tif,train,snow,csd
train/4228,../raw/snow/csd/Train/Snow/4228.tif,../raw/snow/csd/Train/Gt/4228.tif,train,snow,csd
train/4229,../raw/snow/csd/Train/Snow/4229.tif,../raw/snow/csd/Train/Gt/4229.tif,train,snow,csd
train/423,../raw/snow/csd/Train/Snow/423.tif,../raw/snow/csd/Train/Gt/423.tif,train,snow,csd
train/4230,../raw/snow/csd/Train/Snow/4230.tif,../raw/snow/csd/Train/Gt/4230.tif,train,snow,csd
train/4231,../raw/snow/csd/Train/Snow/4231.tif,../raw/snow/csd/Train/Gt/4231.tif,train,snow,csd
train/4232,../raw/snow/csd/Train/Snow/4232.tif,../raw/snow/csd/Train/Gt/4232.tif,train,snow,csd
train/4233,../raw/snow/csd/Train/Snow/4233.tif,../raw/snow/csd/Train/Gt/4233.tif,train,snow,csd
train/4234,../raw/snow/csd/Train/Snow/4234.tif,../raw/snow/csd/Train/Gt/4234.tif,train,snow,csd
train/4235,../raw/snow/csd/Train/Snow/4235.tif,../raw/snow/csd/Train/Gt/4235.tif,train,snow,csd
train/4236,../raw/snow/csd/Train/Snow/4236.tif,../raw/snow/csd/Train/Gt/4236.tif,train,snow,csd
train/4237,../raw/snow/csd/Train/Snow/4237.tif,../raw/snow/csd/Train/Gt/4237.tif,train,snow,csd
train/4238,../raw/snow/csd/Train/Snow/4238.tif,../raw/snow/csd/Train/Gt/4238.tif,train,snow,csd
train/4239,../raw/snow/csd/Train/Snow/4239.tif,../raw/snow/csd/Train/Gt/4239.tif,train,snow,csd
train/424,../raw/snow/csd/Train/Snow/424.tif,../raw/snow/csd/Train/Gt/424.tif,train,snow,csd
train/4240,../raw/snow/csd/Train/Snow/4240.tif,../raw/snow/csd/Train/Gt/4240.tif,train,snow,csd
train/4241,../raw/snow/csd/Train/Snow/4241.tif,../raw/snow/csd/Train/Gt/4241.tif,val,snow,csd
train/4242,../raw/snow/csd/Train/Snow/4242.tif,../raw/snow/csd/Train/Gt/4242.tif,train,snow,csd
train/4243,../raw/snow/csd/Train/Snow/4243.tif,../raw/snow/csd/Train/Gt/4243.tif,train,snow,csd
train/4244,../raw/snow/csd/Train/Snow/4244.tif,../raw/snow/csd/Train/Gt/4244.tif,train,snow,csd
train/4245,../raw/snow/csd/Train/Snow/4245.tif,../raw/snow/csd/Train/Gt/4245.tif,train,snow,csd
train/4246,../raw/snow/csd/Train/Snow/4246.tif,../raw/snow/csd/Train/Gt/4246.tif,train,snow,csd
train/4247,../raw/snow/csd/Train/Snow/4247.tif,../raw/snow/csd/Train/Gt/4247.tif,train,snow,csd
train/4248,../raw/snow/csd/Train/Snow/4248.tif,../raw/snow/csd/Train/Gt/4248.tif,train,snow,csd
train/4249,../raw/snow/csd/Train/Snow/4249.tif,../raw/snow/csd/Train/Gt/4249.tif,train,snow,csd
train/425,../raw/snow/csd/Train/Snow/425.tif,../raw/snow/csd/Train/Gt/425.tif,train,snow,csd
train/4250,../raw/snow/csd/Train/Snow/4250.tif,../raw/snow/csd/Train/Gt/4250.tif,train,snow,csd
train/4251,../raw/snow/csd/Train/Snow/4251.tif,../raw/snow/csd/Train/Gt/4251.tif,train,snow,csd
train/4252,../raw/snow/csd/Train/Snow/4252.tif,../raw/snow/csd/Train/Gt/4252.tif,train,snow,csd
train/4253,../raw/snow/csd/Train/Snow/4253.tif,../raw/snow/csd/Train/Gt/4253.tif,train,snow,csd
train/4254,../raw/snow/csd/Train/Snow/4254.tif,../raw/snow/csd/Train/Gt/4254.tif,train,snow,csd
train/4255,../raw/snow/csd/Train/Snow/4255.tif,../raw/snow/csd/Train/Gt/4255.tif,train,snow,csd
train/4256,../raw/snow/csd/Train/Snow/4256.tif,../raw/snow/csd/Train/Gt/4256.tif,train,snow,csd
train/4257,../raw/snow/csd/Train/Snow/4257.tif,../raw/snow/csd/Train/Gt/4257.tif,train,snow,csd
train/4258,../raw/snow/csd/Train/Snow/4258.tif,../raw/snow/csd/Train/Gt/4258.tif,train,snow,csd
train/4259,../raw/snow/csd/Train/Snow/4259.tif,../raw/snow/csd/Train/Gt/4259.tif,val,snow,csd
train/426,../raw/snow/csd/Train/Snow/426.tif,../raw/snow/csd/Train/Gt/426.tif,train,snow,csd
train/4260,../raw/snow/csd/Train/Snow/4260.tif,../raw/snow/csd/Train/Gt/4260.tif,train,snow,csd
train/4261,../raw/snow/csd/Train/Snow/4261.tif,../raw/snow/csd/Train/Gt/4261.tif,train,snow,csd
train/4262,../raw/snow/csd/Train/Snow/4262.tif,../raw/snow/csd/Train/Gt/4262.tif,train,snow,csd
train/4263,../raw/snow/csd/Train/Snow/4263.tif,../raw/snow/csd/Train/Gt/4263.tif,train,snow,csd
train/4264,../raw/snow/csd/Train/Snow/4264.tif,../raw/snow/csd/Train/Gt/4264.tif,train,snow,csd
train/4265,../raw/snow/csd/Train/Snow/4265.tif,../raw/snow/csd/Train/Gt/4265.tif,train,snow,csd
train/4266,../raw/snow/csd/Train/Snow/4266.tif,../raw/snow/csd/Train/Gt/4266.tif,train,snow,csd
train/4267,../raw/snow/csd/Train/Snow/4267.tif,../raw/snow/csd/Train/Gt/4267.tif,train,snow,csd
train/4268,../raw/snow/csd/Train/Snow/4268.tif,../raw/snow/csd/Train/Gt/4268.tif,train,snow,csd
train/4269,../raw/snow/csd/Train/Snow/4269.tif,../raw/snow/csd/Train/Gt/4269.tif,train,snow,csd
train/427,../raw/snow/csd/Train/Snow/427.tif,../raw/snow/csd/Train/Gt/427.tif,train,snow,csd
train/4270,../raw/snow/csd/Train/Snow/4270.tif,../raw/snow/csd/Train/Gt/4270.tif,train,snow,csd
train/4271,../raw/snow/csd/Train/Snow/4271.tif,../raw/snow/csd/Train/Gt/4271.tif,train,snow,csd
train/4272,../raw/snow/csd/Train/Snow/4272.tif,../raw/snow/csd/Train/Gt/4272.tif,train,snow,csd
train/4273,../raw/snow/csd/Train/Snow/4273.tif,../raw/snow/csd/Train/Gt/4273.tif,train,snow,csd
train/4274,../raw/snow/csd/Train/Snow/4274.tif,../raw/snow/csd/Train/Gt/4274.tif,train,snow,csd
train/4275,../raw/snow/csd/Train/Snow/4275.tif,../raw/snow/csd/Train/Gt/4275.tif,train,snow,csd
train/4276,../raw/snow/csd/Train/Snow/4276.tif,../raw/snow/csd/Train/Gt/4276.tif,train,snow,csd
train/4277,../raw/snow/csd/Train/Snow/4277.tif,../raw/snow/csd/Train/Gt/4277.tif,val,snow,csd
train/4278,../raw/snow/csd/Train/Snow/4278.tif,../raw/snow/csd/Train/Gt/4278.tif,train,snow,csd
train/4279,../raw/snow/csd/Train/Snow/4279.tif,../raw/snow/csd/Train/Gt/4279.tif,train,snow,csd
train/428,../raw/snow/csd/Train/Snow/428.tif,../raw/snow/csd/Train/Gt/428.tif,val,snow,csd
train/4280,../raw/snow/csd/Train/Snow/4280.tif,../raw/snow/csd/Train/Gt/4280.tif,train,snow,csd
train/4281,../raw/snow/csd/Train/Snow/4281.tif,../raw/snow/csd/Train/Gt/4281.tif,train,snow,csd
train/4282,../raw/snow/csd/Train/Snow/4282.tif,../raw/snow/csd/Train/Gt/4282.tif,train,snow,csd
train/4283,../raw/snow/csd/Train/Snow/4283.tif,../raw/snow/csd/Train/Gt/4283.tif,train,snow,csd
train/4284,../raw/snow/csd/Train/Snow/4284.tif,../raw/snow/csd/Train/Gt/4284.tif,train,snow,csd
train/4285,../raw/snow/csd/Train/Snow/4285.tif,../raw/snow/csd/Train/Gt/4285.tif,val,snow,csd
train/4286,../raw/snow/csd/Train/Snow/4286.tif,../raw/snow/csd/Train/Gt/4286.tif,train,snow,csd
train/4287,../raw/snow/csd/Train/Snow/4287.tif,../raw/snow/csd/Train/Gt/4287.tif,train,snow,csd
train/4288,../raw/snow/csd/Train/Snow/4288.tif,../raw/snow/csd/Train/Gt/4288.tif,val,snow,csd
train/4289,../raw/snow/csd/Train/Snow/4289.tif,../raw/snow/csd/Train/Gt/4289.tif,train,snow,csd
train/429,../raw/snow/csd/Train/Snow/429.tif,../raw/snow/csd/Train/Gt/429.tif,train,snow,csd
train/4290,../raw/snow/csd/Train/Snow/4290.tif,../raw/snow/csd/Train/Gt/4290.tif,val,snow,csd
train/4291,../raw/snow/csd/Train/Snow/4291.tif,../raw/snow/csd/Train/Gt/4291.tif,train,snow,csd
train/4292,../raw/snow/csd/Train/Snow/4292.tif,../raw/snow/csd/Train/Gt/4292.tif,train,snow,csd
train/4293,../raw/snow/csd/Train/Snow/4293.tif,../raw/snow/csd/Train/Gt/4293.tif,train,snow,csd
train/4294,../raw/snow/csd/Train/Snow/4294.tif,../raw/snow/csd/Train/Gt/4294.tif,train,snow,csd
train/4295,../raw/snow/csd/Train/Snow/4295.tif,../raw/snow/csd/Train/Gt/4295.tif,train,snow,csd
train/4296,../raw/snow/csd/Train/Snow/4296.tif,../raw/snow/csd/Train/Gt/4296.tif,train,snow,csd
train/4297,../raw/snow/csd/Train/Snow/4297.tif,../raw/snow/csd/Train/Gt/4297.tif,val,snow,csd
train/4298,../raw/snow/csd/Train/Snow/4298.tif,../raw/snow/csd/Train/Gt/4298.tif,val,snow,csd
train/4299,../raw/snow/csd/Train/Snow/4299.tif,../raw/snow/csd/Train/Gt/4299.tif,train,snow,csd
train/43,../raw/snow/csd/Train/Snow/43.tif,../raw/snow/csd/Train/Gt/43.tif,train,snow,csd
train/430,../raw/snow/csd/Train/Snow/430.tif,../raw/snow/csd/Train/Gt/430.tif,train,snow,csd
train/4300,../raw/snow/csd/Train/Snow/4300.tif,../raw/snow/csd/Train/Gt/4300.tif,train,snow,csd
train/4301,../raw/snow/csd/Train/Snow/4301.tif,../raw/snow/csd/Train/Gt/4301.tif,train,snow,csd
train/4302,../raw/snow/csd/Train/Snow/4302.tif,../raw/snow/csd/Train/Gt/4302.tif,train,snow,csd
train/4303,../raw/snow/csd/Train/Snow/4303.tif,../raw/snow/csd/Train/Gt/4303.tif,train,snow,csd
train/4304,../raw/snow/csd/Train/Snow/4304.tif,../raw/snow/csd/Train/Gt/4304.tif,train,snow,csd
train/4305,../raw/snow/csd/Train/Snow/4305.tif,../raw/snow/csd/Train/Gt/4305.tif,train,snow,csd
train/4306,../raw/snow/csd/Train/Snow/4306.tif,../raw/snow/csd/Train/Gt/4306.tif,train,snow,csd
train/4307,../raw/snow/csd/Train/Snow/4307.tif,../raw/snow/csd/Train/Gt/4307.tif,val,snow,csd
train/4308,../raw/snow/csd/Train/Snow/4308.tif,../raw/snow/csd/Train/Gt/4308.tif,train,snow,csd
train/4309,../raw/snow/csd/Train/Snow/4309.tif,../raw/snow/csd/Train/Gt/4309.tif,train,snow,csd
train/431,../raw/snow/csd/Train/Snow/431.tif,../raw/snow/csd/Train/Gt/431.tif,val,snow,csd
train/4310,../raw/snow/csd/Train/Snow/4310.tif,../raw/snow/csd/Train/Gt/4310.tif,train,snow,csd
train/4311,../raw/snow/csd/Train/Snow/4311.tif,../raw/snow/csd/Train/Gt/4311.tif,train,snow,csd
train/4312,../raw/snow/csd/Train/Snow/4312.tif,../raw/snow/csd/Train/Gt/4312.tif,train,snow,csd
train/4313,../raw/snow/csd/Train/Snow/4313.tif,../raw/snow/csd/Train/Gt/4313.tif,train,snow,csd
train/4314,../raw/snow/csd/Train/Snow/4314.tif,../raw/snow/csd/Train/Gt/4314.tif,val,snow,csd
train/4315,../raw/snow/csd/Train/Snow/4315.tif,../raw/snow/csd/Train/Gt/4315.tif,val,snow,csd
train/4316,../raw/snow/csd/Train/Snow/4316.tif,../raw/snow/csd/Train/Gt/4316.tif,train,snow,csd
train/4317,../raw/snow/csd/Train/Snow/4317.tif,../raw/snow/csd/Train/Gt/4317.tif,train,snow,csd
train/4318,../raw/snow/csd/Train/Snow/4318.tif,../raw/snow/csd/Train/Gt/4318.tif,train,snow,csd
train/4319,../raw/snow/csd/Train/Snow/4319.tif,../raw/snow/csd/Train/Gt/4319.tif,train,snow,csd
train/432,../raw/snow/csd/Train/Snow/432.tif,../raw/snow/csd/Train/Gt/432.tif,train,snow,csd
train/4320,../raw/snow/csd/Train/Snow/4320.tif,../raw/snow/csd/Train/Gt/4320.tif,train,snow,csd
train/4321,../raw/snow/csd/Train/Snow/4321.tif,../raw/snow/csd/Train/Gt/4321.tif,train,snow,csd
train/4322,../raw/snow/csd/Train/Snow/4322.tif,../raw/snow/csd/Train/Gt/4322.tif,train,snow,csd
train/4323,../raw/snow/csd/Train/Snow/4323.tif,../raw/snow/csd/Train/Gt/4323.tif,train,snow,csd
train/4324,../raw/snow/csd/Train/Snow/4324.tif,../raw/snow/csd/Train/Gt/4324.tif,train,snow,csd
train/4325,../raw/snow/csd/Train/Snow/4325.tif,../raw/snow/csd/Train/Gt/4325.tif,train,snow,csd
train/4326,../raw/snow/csd/Train/Snow/4326.tif,../raw/snow/csd/Train/Gt/4326.tif,train,snow,csd
train/4327,../raw/snow/csd/Train/Snow/4327.tif,../raw/snow/csd/Train/Gt/4327.tif,train,snow,csd
train/4328,../raw/snow/csd/Train/Snow/4328.tif,../raw/snow/csd/Train/Gt/4328.tif,train,snow,csd
train/4329,../raw/snow/csd/Train/Snow/4329.tif,../raw/snow/csd/Train/Gt/4329.tif,train,snow,csd
train/433,../raw/snow/csd/Train/Snow/433.tif,../raw/snow/csd/Train/Gt/433.tif,train,snow,csd
train/4330,../raw/snow/csd/Train/Snow/4330.tif,../raw/snow/csd/Train/Gt/4330.tif,train,snow,csd
train/4331,../raw/snow/csd/Train/Snow/4331.tif,../raw/snow/csd/Train/Gt/4331.tif,train,snow,csd
train/4332,../raw/snow/csd/Train/Snow/4332.tif,../raw/snow/csd/Train/Gt/4332.tif,train,snow,csd
train/4333,../raw/snow/csd/Train/Snow/4333.tif,../raw/snow/csd/Train/Gt/4333.tif,train,snow,csd
train/4334,../raw/snow/csd/Train/Snow/4334.tif,../raw/snow/csd/Train/Gt/4334.tif,train,snow,csd
train/4335,../raw/snow/csd/Train/Snow/4335.tif,../raw/snow/csd/Train/Gt/4335.tif,val,snow,csd
train/4336,../raw/snow/csd/Train/Snow/4336.tif,../raw/snow/csd/Train/Gt/4336.tif,train,snow,csd
train/4337,../raw/snow/csd/Train/Snow/4337.tif,../raw/snow/csd/Train/Gt/4337.tif,train,snow,csd
train/4338,../raw/snow/csd/Train/Snow/4338.tif,../raw/snow/csd/Train/Gt/4338.tif,train,snow,csd
train/4339,../raw/snow/csd/Train/Snow/4339.tif,../raw/snow/csd/Train/Gt/4339.tif,train,snow,csd
train/434,../raw/snow/csd/Train/Snow/434.tif,../raw/snow/csd/Train/Gt/434.tif,train,snow,csd
train/4340,../raw/snow/csd/Train/Snow/4340.tif,../raw/snow/csd/Train/Gt/4340.tif,train,snow,csd
train/4341,../raw/snow/csd/Train/Snow/4341.tif,../raw/snow/csd/Train/Gt/4341.tif,val,snow,csd
train/4342,../raw/snow/csd/Train/Snow/4342.tif,../raw/snow/csd/Train/Gt/4342.tif,train,snow,csd
train/4343,../raw/snow/csd/Train/Snow/4343.tif,../raw/snow/csd/Train/Gt/4343.tif,train,snow,csd
train/4344,../raw/snow/csd/Train/Snow/4344.tif,../raw/snow/csd/Train/Gt/4344.tif,train,snow,csd
train/4345,../raw/snow/csd/Train/Snow/4345.tif,../raw/snow/csd/Train/Gt/4345.tif,train,snow,csd
train/4346,../raw/snow/csd/Train/Snow/4346.tif,../raw/snow/csd/Train/Gt/4346.tif,train,snow,csd
train/4347,../raw/snow/csd/Train/Snow/4347.tif,../raw/snow/csd/Train/Gt/4347.tif,train,snow,csd
train/4348,../raw/snow/csd/Train/Snow/4348.tif,../raw/snow/csd/Train/Gt/4348.tif,train,snow,csd
train/4349,../raw/snow/csd/Train/Snow/4349.tif,../raw/snow/csd/Train/Gt/4349.tif,train,snow,csd
train/435,../raw/snow/csd/Train/Snow/435.tif,../raw/snow/csd/Train/Gt/435.tif,train,snow,csd
train/4350,../raw/snow/csd/Train/Snow/4350.tif,../raw/snow/csd/Train/Gt/4350.tif,train,snow,csd
train/4351,../raw/snow/csd/Train/Snow/4351.tif,../raw/snow/csd/Train/Gt/4351.tif,train,snow,csd
train/4352,../raw/snow/csd/Train/Snow/4352.tif,../raw/snow/csd/Train/Gt/4352.tif,train,snow,csd
train/4353,../raw/snow/csd/Train/Snow/4353.tif,../raw/snow/csd/Train/Gt/4353.tif,train,snow,csd
train/4354,../raw/snow/csd/Train/Snow/4354.tif,../raw/snow/csd/Train/Gt/4354.tif,train,snow,csd
train/4355,../raw/snow/csd/Train/Snow/4355.tif,../raw/snow/csd/Train/Gt/4355.tif,val,snow,csd
train/4356,../raw/snow/csd/Train/Snow/4356.tif,../raw/snow/csd/Train/Gt/4356.tif,train,snow,csd
train/4357,../raw/snow/csd/Train/Snow/4357.tif,../raw/snow/csd/Train/Gt/4357.tif,train,snow,csd
train/4358,../raw/snow/csd/Train/Snow/4358.tif,../raw/snow/csd/Train/Gt/4358.tif,train,snow,csd
train/4359,../raw/snow/csd/Train/Snow/4359.tif,../raw/snow/csd/Train/Gt/4359.tif,train,snow,csd
train/436,../raw/snow/csd/Train/Snow/436.tif,../raw/snow/csd/Train/Gt/436.tif,train,snow,csd
train/4360,../raw/snow/csd/Train/Snow/4360.tif,../raw/snow/csd/Train/Gt/4360.tif,val,snow,csd
train/4361,../raw/snow/csd/Train/Snow/4361.tif,../raw/snow/csd/Train/Gt/4361.tif,train,snow,csd
train/4362,../raw/snow/csd/Train/Snow/4362.tif,../raw/snow/csd/Train/Gt/4362.tif,train,snow,csd
train/4363,../raw/snow/csd/Train/Snow/4363.tif,../raw/snow/csd/Train/Gt/4363.tif,train,snow,csd
train/4364,../raw/snow/csd/Train/Snow/4364.tif,../raw/snow/csd/Train/Gt/4364.tif,train,snow,csd
train/4365,../raw/snow/csd/Train/Snow/4365.tif,../raw/snow/csd/Train/Gt/4365.tif,train,snow,csd
train/4366,../raw/snow/csd/Train/Snow/4366.tif,../raw/snow/csd/Train/Gt/4366.tif,train,snow,csd
train/4367,../raw/snow/csd/Train/Snow/4367.tif,../raw/snow/csd/Train/Gt/4367.tif,train,snow,csd
train/4368,../raw/snow/csd/Train/Snow/4368.tif,../raw/snow/csd/Train/Gt/4368.tif,train,snow,csd
train/4369,../raw/snow/csd/Train/Snow/4369.tif,../raw/snow/csd/Train/Gt/4369.tif,train,snow,csd
train/437,../raw/snow/csd/Train/Snow/437.tif,../raw/snow/csd/Train/Gt/437.tif,train,snow,csd
train/4370,../raw/snow/csd/Train/Snow/4370.tif,../raw/snow/csd/Train/Gt/4370.tif,val,snow,csd
train/4371,../raw/snow/csd/Train/Snow/4371.tif,../raw/snow/csd/Train/Gt/4371.tif,val,snow,csd
train/4372,../raw/snow/csd/Train/Snow/4372.tif,../raw/snow/csd/Train/Gt/4372.tif,train,snow,csd
train/4373,../raw/snow/csd/Train/Snow/4373.tif,../raw/snow/csd/Train/Gt/4373.tif,train,snow,csd
train/4374,../raw/snow/csd/Train/Snow/4374.tif,../raw/snow/csd/Train/Gt/4374.tif,train,snow,csd
train/4375,../raw/snow/csd/Train/Snow/4375.tif,../raw/snow/csd/Train/Gt/4375.tif,train,snow,csd
train/4376,../raw/snow/csd/Train/Snow/4376.tif,../raw/snow/csd/Train/Gt/4376.tif,train,snow,csd
train/4377,../raw/snow/csd/Train/Snow/4377.tif,../raw/snow/csd/Train/Gt/4377.tif,train,snow,csd
train/4378,../raw/snow/csd/Train/Snow/4378.tif,../raw/snow/csd/Train/Gt/4378.tif,train,snow,csd
train/4379,../raw/snow/csd/Train/Snow/4379.tif,../raw/snow/csd/Train/Gt/4379.tif,train,snow,csd
train/438,../raw/snow/csd/Train/Snow/438.tif,../raw/snow/csd/Train/Gt/438.tif,train,snow,csd
train/4380,../raw/snow/csd/Train/Snow/4380.tif,../raw/snow/csd/Train/Gt/4380.tif,train,snow,csd
train/4381,../raw/snow/csd/Train/Snow/4381.tif,../raw/snow/csd/Train/Gt/4381.tif,train,snow,csd
train/4382,../raw/snow/csd/Train/Snow/4382.tif,../raw/snow/csd/Train/Gt/4382.tif,train,snow,csd
train/4383,../raw/snow/csd/Train/Snow/4383.tif,../raw/snow/csd/Train/Gt/4383.tif,train,snow,csd
train/4384,../raw/snow/csd/Train/Snow/4384.tif,../raw/snow/csd/Train/Gt/4384.tif,train,snow,csd
train/4385,../raw/snow/csd/Train/Snow/4385.tif,../raw/snow/csd/Train/Gt/4385.tif,train,snow,csd
train/4386,../raw/snow/csd/Train/Snow/4386.tif,../raw/snow/csd/Train/Gt/4386.tif,train,snow,csd
train/4387,../raw/snow/csd/Train/Snow/4387.tif,../raw/snow/csd/Train/Gt/4387.tif,train,snow,csd
train/4388,../raw/snow/csd/Train/Snow/4388.tif,../raw/snow/csd/Train/Gt/4388.tif,train,snow,csd
train/4389,../raw/snow/csd/Train/Snow/4389.tif,../raw/snow/csd/Train/Gt/4389.tif,train,snow,csd
train/439,../raw/snow/csd/Train/Snow/439.tif,../raw/snow/csd/Train/Gt/439.tif,train,snow,csd
train/4390,../raw/snow/csd/Train/Snow/4390.tif,../raw/snow/csd/Train/Gt/4390.tif,train,snow,csd
train/4391,../raw/snow/csd/Train/Snow/4391.tif,../raw/snow/csd/Train/Gt/4391.tif,val,snow,csd
train/4392,../raw/snow/csd/Train/Snow/4392.tif,../raw/snow/csd/Train/Gt/4392.tif,train,snow,csd
train/4393,../raw/snow/csd/Train/Snow/4393.tif,../raw/snow/csd/Train/Gt/4393.tif,train,snow,csd
train/4394,../raw/snow/csd/Train/Snow/4394.tif,../raw/snow/csd/Train/Gt/4394.tif,train,snow,csd
train/4395,../raw/snow/csd/Train/Snow/4395.tif,../raw/snow/csd/Train/Gt/4395.tif,train,snow,csd
train/4396,../raw/snow/csd/Train/Snow/4396.tif,../raw/snow/csd/Train/Gt/4396.tif,train,snow,csd
train/4397,../raw/snow/csd/Train/Snow/4397.tif,../raw/snow/csd/Train/Gt/4397.tif,val,snow,csd
train/4398,../raw/snow/csd/Train/Snow/4398.tif,../raw/snow/csd/Train/Gt/4398.tif,val,snow,csd
train/4399,../raw/snow/csd/Train/Snow/4399.tif,../raw/snow/csd/Train/Gt/4399.tif,train,snow,csd
train/44,../raw/snow/csd/Train/Snow/44.tif,../raw/snow/csd/Train/Gt/44.tif,train,snow,csd
train/440,../raw/snow/csd/Train/Snow/440.tif,../raw/snow/csd/Train/Gt/440.tif,train,snow,csd
train/4400,../raw/snow/csd/Train/Snow/4400.tif,../raw/snow/csd/Train/Gt/4400.tif,train,snow,csd
train/4401,../raw/snow/csd/Train/Snow/4401.tif,../raw/snow/csd/Train/Gt/4401.tif,train,snow,csd
train/4402,../raw/snow/csd/Train/Snow/4402.tif,../raw/snow/csd/Train/Gt/4402.tif,train,snow,csd
train/4403,../raw/snow/csd/Train/Snow/4403.tif,../raw/snow/csd/Train/Gt/4403.tif,train,snow,csd
train/4404,../raw/snow/csd/Train/Snow/4404.tif,../raw/snow/csd/Train/Gt/4404.tif,train,snow,csd
train/4405,../raw/snow/csd/Train/Snow/4405.tif,../raw/snow/csd/Train/Gt/4405.tif,train,snow,csd
train/4406,../raw/snow/csd/Train/Snow/4406.tif,../raw/snow/csd/Train/Gt/4406.tif,train,snow,csd
train/4407,../raw/snow/csd/Train/Snow/4407.tif,../raw/snow/csd/Train/Gt/4407.tif,val,snow,csd
train/4408,../raw/snow/csd/Train/Snow/4408.tif,../raw/snow/csd/Train/Gt/4408.tif,train,snow,csd
train/4409,../raw/snow/csd/Train/Snow/4409.tif,../raw/snow/csd/Train/Gt/4409.tif,val,snow,csd
train/441,../raw/snow/csd/Train/Snow/441.tif,../raw/snow/csd/Train/Gt/441.tif,train,snow,csd
train/4410,../raw/snow/csd/Train/Snow/4410.tif,../raw/snow/csd/Train/Gt/4410.tif,val,snow,csd
train/4411,../raw/snow/csd/Train/Snow/4411.tif,../raw/snow/csd/Train/Gt/4411.tif,train,snow,csd
train/4412,../raw/snow/csd/Train/Snow/4412.tif,../raw/snow/csd/Train/Gt/4412.tif,train,snow,csd
train/4413,../raw/snow/csd/Train/Snow/4413.tif,../raw/snow/csd/Train/Gt/4413.tif,train,snow,csd
train/4414,../raw/snow/csd/Train/Snow/4414.tif,../raw/snow/csd/Train/Gt/4414.tif,val,snow,csd
train/4415,../raw/snow/csd/Train/Snow/4415.tif,../raw/snow/csd/Train/Gt/4415.tif,val,snow,csd
train/4416,../raw/snow/csd/Train/Snow/4416.tif,../raw/snow/csd/Train/Gt/4416.tif,train,snow,csd
train/4417,../raw/snow/csd/Train/Snow/4417.tif,../raw/snow/csd/Train/Gt/4417.tif,train,snow,csd
train/4418,../raw/snow/csd/Train/Snow/4418.tif,../raw/snow/csd/Train/Gt/4418.tif,train,snow,csd
train/4419,../raw/snow/csd/Train/Snow/4419.tif,../raw/snow/csd/Train/Gt/4419.tif,train,snow,csd
train/442,../raw/snow/csd/Train/Snow/442.tif,../raw/snow/csd/Train/Gt/442.tif,train,snow,csd
train/4420,../raw/snow/csd/Train/Snow/4420.tif,../raw/snow/csd/Train/Gt/4420.tif,train,snow,csd
train/4421,../raw/snow/csd/Train/Snow/4421.tif,../raw/snow/csd/Train/Gt/4421.tif,train,snow,csd
train/4422,../raw/snow/csd/Train/Snow/4422.tif,../raw/snow/csd/Train/Gt/4422.tif,train,snow,csd
train/4423,../raw/snow/csd/Train/Snow/4423.tif,../raw/snow/csd/Train/Gt/4423.tif,train,snow,csd
train/4424,../raw/snow/csd/Train/Snow/4424.tif,../raw/snow/csd/Train/Gt/4424.tif,train,snow,csd
train/4425,../raw/snow/csd/Train/Snow/4425.tif,../raw/snow/csd/Train/Gt/4425.tif,train,snow,csd
train/4426,../raw/snow/csd/Train/Snow/4426.tif,../raw/snow/csd/Train/Gt/4426.tif,train,snow,csd
train/4427,../raw/snow/csd/Train/Snow/4427.tif,../raw/snow/csd/Train/Gt/4427.tif,train,snow,csd
train/4428,../raw/snow/csd/Train/Snow/4428.tif,../raw/snow/csd/Train/Gt/4428.tif,val,snow,csd
train/4429,../raw/snow/csd/Train/Snow/4429.tif,../raw/snow/csd/Train/Gt/4429.tif,train,snow,csd
train/443,../raw/snow/csd/Train/Snow/443.tif,../raw/snow/csd/Train/Gt/443.tif,train,snow,csd
train/4430,../raw/snow/csd/Train/Snow/4430.tif,../raw/snow/csd/Train/Gt/4430.tif,train,snow,csd
train/4431,../raw/snow/csd/Train/Snow/4431.tif,../raw/snow/csd/Train/Gt/4431.tif,train,snow,csd
train/4432,../raw/snow/csd/Train/Snow/4432.tif,../raw/snow/csd/Train/Gt/4432.tif,train,snow,csd
train/4433,../raw/snow/csd/Train/Snow/4433.tif,../raw/snow/csd/Train/Gt/4433.tif,train,snow,csd
train/4434,../raw/snow/csd/Train/Snow/4434.tif,../raw/snow/csd/Train/Gt/4434.tif,val,snow,csd
train/4435,../raw/snow/csd/Train/Snow/4435.tif,../raw/snow/csd/Train/Gt/4435.tif,train,snow,csd
train/4436,../raw/snow/csd/Train/Snow/4436.tif,../raw/snow/csd/Train/Gt/4436.tif,train,snow,csd
train/4437,../raw/snow/csd/Train/Snow/4437.tif,../raw/snow/csd/Train/Gt/4437.tif,train,snow,csd
train/4438,../raw/snow/csd/Train/Snow/4438.tif,../raw/snow/csd/Train/Gt/4438.tif,train,snow,csd
train/4439,../raw/snow/csd/Train/Snow/4439.tif,../raw/snow/csd/Train/Gt/4439.tif,train,snow,csd
train/444,../raw/snow/csd/Train/Snow/444.tif,../raw/snow/csd/Train/Gt/444.tif,train,snow,csd
train/4440,../raw/snow/csd/Train/Snow/4440.tif,../raw/snow/csd/Train/Gt/4440.tif,train,snow,csd
train/4441,../raw/snow/csd/Train/Snow/4441.tif,../raw/snow/csd/Train/Gt/4441.tif,val,snow,csd
train/4442,../raw/snow/csd/Train/Snow/4442.tif,../raw/snow/csd/Train/Gt/4442.tif,train,snow,csd
train/4443,../raw/snow/csd/Train/Snow/4443.tif,../raw/snow/csd/Train/Gt/4443.tif,train,snow,csd
train/4444,../raw/snow/csd/Train/Snow/4444.tif,../raw/snow/csd/Train/Gt/4444.tif,train,snow,csd
train/4445,../raw/snow/csd/Train/Snow/4445.tif,../raw/snow/csd/Train/Gt/4445.tif,train,snow,csd
train/4446,../raw/snow/csd/Train/Snow/4446.tif,../raw/snow/csd/Train/Gt/4446.tif,train,snow,csd
train/4447,../raw/snow/csd/Train/Snow/4447.tif,../raw/snow/csd/Train/Gt/4447.tif,train,snow,csd
train/4448,../raw/snow/csd/Train/Snow/4448.tif,../raw/snow/csd/Train/Gt/4448.tif,train,snow,csd
train/4449,../raw/snow/csd/Train/Snow/4449.tif,../raw/snow/csd/Train/Gt/4449.tif,train,snow,csd
train/445,../raw/snow/csd/Train/Snow/445.tif,../raw/snow/csd/Train/Gt/445.tif,train,snow,csd
train/4450,../raw/snow/csd/Train/Snow/4450.tif,../raw/snow/csd/Train/Gt/4450.tif,train,snow,csd
train/4451,../raw/snow/csd/Train/Snow/4451.tif,../raw/snow/csd/Train/Gt/4451.tif,train,snow,csd
train/4452,../raw/snow/csd/Train/Snow/4452.tif,../raw/snow/csd/Train/Gt/4452.tif,train,snow,csd
train/4453,../raw/snow/csd/Train/Snow/4453.tif,../raw/snow/csd/Train/Gt/4453.tif,train,snow,csd
train/4454,../raw/snow/csd/Train/Snow/4454.tif,../raw/snow/csd/Train/Gt/4454.tif,train,snow,csd
train/4455,../raw/snow/csd/Train/Snow/4455.tif,../raw/snow/csd/Train/Gt/4455.tif,train,snow,csd
train/4456,../raw/snow/csd/Train/Snow/4456.tif,../raw/snow/csd/Train/Gt/4456.tif,train,snow,csd
train/4457,../raw/snow/csd/Train/Snow/4457.tif,../raw/snow/csd/Train/Gt/4457.tif,train,snow,csd
train/4458,../raw/snow/csd/Train/Snow/4458.tif,../raw/snow/csd/Train/Gt/4458.tif,train,snow,csd
train/4459,../raw/snow/csd/Train/Snow/4459.tif,../raw/snow/csd/Train/Gt/4459.tif,val,snow,csd
train/446,../raw/snow/csd/Train/Snow/446.tif,../raw/snow/csd/Train/Gt/446.tif,train,snow,csd
train/4460,../raw/snow/csd/Train/Snow/4460.tif,../raw/snow/csd/Train/Gt/4460.tif,train,snow,csd
train/4461,../raw/snow/csd/Train/Snow/4461.tif,../raw/snow/csd/Train/Gt/4461.tif,train,snow,csd
train/4462,../raw/snow/csd/Train/Snow/4462.tif,../raw/snow/csd/Train/Gt/4462.tif,train,snow,csd
train/4463,../raw/snow/csd/Train/Snow/4463.tif,../raw/snow/csd/Train/Gt/4463.tif,train,snow,csd
train/4464,../raw/snow/csd/Train/Snow/4464.tif,../raw/snow/csd/Train/Gt/4464.tif,train,snow,csd
train/4465,../raw/snow/csd/Train/Snow/4465.tif,../raw/snow/csd/Train/Gt/4465.tif,train,snow,csd
train/4466,../raw/snow/csd/Train/Snow/4466.tif,../raw/snow/csd/Train/Gt/4466.tif,train,snow,csd
train/4467,../raw/snow/csd/Train/Snow/4467.tif,../raw/snow/csd/Train/Gt/4467.tif,train,snow,csd
train/4468,../raw/snow/csd/Train/Snow/4468.tif,../raw/snow/csd/Train/Gt/4468.tif,train,snow,csd
train/4469,../raw/snow/csd/Train/Snow/4469.tif,../raw/snow/csd/Train/Gt/4469.tif,train,snow,csd
train/447,../raw/snow/csd/Train/Snow/447.tif,../raw/snow/csd/Train/Gt/447.tif,train,snow,csd
train/4470,../raw/snow/csd/Train/Snow/4470.tif,../raw/snow/csd/Train/Gt/4470.tif,train,snow,csd
train/4471,../raw/snow/csd/Train/Snow/4471.tif,../raw/snow/csd/Train/Gt/4471.tif,train,snow,csd
train/4472,../raw/snow/csd/Train/Snow/4472.tif,../raw/snow/csd/Train/Gt/4472.tif,train,snow,csd
train/4473,../raw/snow/csd/Train/Snow/4473.tif,../raw/snow/csd/Train/Gt/4473.tif,train,snow,csd
train/4474,../raw/snow/csd/Train/Snow/4474.tif,../raw/snow/csd/Train/Gt/4474.tif,train,snow,csd
train/4475,../raw/snow/csd/Train/Snow/4475.tif,../raw/snow/csd/Train/Gt/4475.tif,train,snow,csd
train/4476,../raw/snow/csd/Train/Snow/4476.tif,../raw/snow/csd/Train/Gt/4476.tif,train,snow,csd
train/4477,../raw/snow/csd/Train/Snow/4477.tif,../raw/snow/csd/Train/Gt/4477.tif,val,snow,csd
train/4478,../raw/snow/csd/Train/Snow/4478.tif,../raw/snow/csd/Train/Gt/4478.tif,train,snow,csd
train/4479,../raw/snow/csd/Train/Snow/4479.tif,../raw/snow/csd/Train/Gt/4479.tif,train,snow,csd
train/448,../raw/snow/csd/Train/Snow/448.tif,../raw/snow/csd/Train/Gt/448.tif,val,snow,csd
train/4480,../raw/snow/csd/Train/Snow/4480.tif,../raw/snow/csd/Train/Gt/4480.tif,train,snow,csd
train/4481,../raw/snow/csd/Train/Snow/4481.tif,../raw/snow/csd/Train/Gt/4481.tif,train,snow,csd
train/4482,../raw/snow/csd/Train/Snow/4482.tif,../raw/snow/csd/Train/Gt/4482.tif,val,snow,csd
train/4483,../raw/snow/csd/Train/Snow/4483.tif,../raw/snow/csd/Train/Gt/4483.tif,train,snow,csd
train/4484,../raw/snow/csd/Train/Snow/4484.tif,../raw/snow/csd/Train/Gt/4484.tif,train,snow,csd
train/4485,../raw/snow/csd/Train/Snow/4485.tif,../raw/snow/csd/Train/Gt/4485.tif,train,snow,csd
train/4486,../raw/snow/csd/Train/Snow/4486.tif,../raw/snow/csd/Train/Gt/4486.tif,train,snow,csd
train/4487,../raw/snow/csd/Train/Snow/4487.tif,../raw/snow/csd/Train/Gt/4487.tif,train,snow,csd
train/4488,../raw/snow/csd/Train/Snow/4488.tif,../raw/snow/csd/Train/Gt/4488.tif,train,snow,csd
train/4489,../raw/snow/csd/Train/Snow/4489.tif,../raw/snow/csd/Train/Gt/4489.tif,train,snow,csd
train/449,../raw/snow/csd/Train/Snow/449.tif,../raw/snow/csd/Train/Gt/449.tif,train,snow,csd
train/4490,../raw/snow/csd/Train/Snow/4490.tif,../raw/snow/csd/Train/Gt/4490.tif,train,snow,csd
train/4491,../raw/snow/csd/Train/Snow/4491.tif,../raw/snow/csd/Train/Gt/4491.tif,train,snow,csd
train/4492,../raw/snow/csd/Train/Snow/4492.tif,../raw/snow/csd/Train/Gt/4492.tif,train,snow,csd
train/4493,../raw/snow/csd/Train/Snow/4493.tif,../raw/snow/csd/Train/Gt/4493.tif,train,snow,csd
train/4494,../raw/snow/csd/Train/Snow/4494.tif,../raw/snow/csd/Train/Gt/4494.tif,train,snow,csd
train/4495,../raw/snow/csd/Train/Snow/4495.tif,../raw/snow/csd/Train/Gt/4495.tif,train,snow,csd
train/4496,../raw/snow/csd/Train/Snow/4496.tif,../raw/snow/csd/Train/Gt/4496.tif,train,snow,csd
train/4497,../raw/snow/csd/Train/Snow/4497.tif,../raw/snow/csd/Train/Gt/4497.tif,train,snow,csd
train/4498,../raw/snow/csd/Train/Snow/4498.tif,../raw/snow/csd/Train/Gt/4498.tif,train,snow,csd
train/4499,../raw/snow/csd/Train/Snow/4499.tif,../raw/snow/csd/Train/Gt/4499.tif,train,snow,csd
train/45,../raw/snow/csd/Train/Snow/45.tif,../raw/snow/csd/Train/Gt/45.tif,train,snow,csd
train/450,../raw/snow/csd/Train/Snow/450.tif,../raw/snow/csd/Train/Gt/450.tif,train,snow,csd
train/4500,../raw/snow/csd/Train/Snow/4500.tif,../raw/snow/csd/Train/Gt/4500.tif,train,snow,csd
train/4501,../raw/snow/csd/Train/Snow/4501.tif,../raw/snow/csd/Train/Gt/4501.tif,train,snow,csd
train/4502,../raw/snow/csd/Train/Snow/4502.tif,../raw/snow/csd/Train/Gt/4502.tif,train,snow,csd
train/4503,../raw/snow/csd/Train/Snow/4503.tif,../raw/snow/csd/Train/Gt/4503.tif,train,snow,csd
train/4504,../raw/snow/csd/Train/Snow/4504.tif,../raw/snow/csd/Train/Gt/4504.tif,train,snow,csd
train/4505,../raw/snow/csd/Train/Snow/4505.tif,../raw/snow/csd/Train/Gt/4505.tif,train,snow,csd
train/4506,../raw/snow/csd/Train/Snow/4506.tif,../raw/snow/csd/Train/Gt/4506.tif,train,snow,csd
train/4507,../raw/snow/csd/Train/Snow/4507.tif,../raw/snow/csd/Train/Gt/4507.tif,train,snow,csd
train/4508,../raw/snow/csd/Train/Snow/4508.tif,../raw/snow/csd/Train/Gt/4508.tif,train,snow,csd
train/4509,../raw/snow/csd/Train/Snow/4509.tif,../raw/snow/csd/Train/Gt/4509.tif,val,snow,csd
train/451,../raw/snow/csd/Train/Snow/451.tif,../raw/snow/csd/Train/Gt/451.tif,train,snow,csd
train/4510,../raw/snow/csd/Train/Snow/4510.tif,../raw/snow/csd/Train/Gt/4510.tif,train,snow,csd
train/4511,../raw/snow/csd/Train/Snow/4511.tif,../raw/snow/csd/Train/Gt/4511.tif,val,snow,csd
train/4512,../raw/snow/csd/Train/Snow/4512.tif,../raw/snow/csd/Train/Gt/4512.tif,train,snow,csd
train/4513,../raw/snow/csd/Train/Snow/4513.tif,../raw/snow/csd/Train/Gt/4513.tif,val,snow,csd
train/4514,../raw/snow/csd/Train/Snow/4514.tif,../raw/snow/csd/Train/Gt/4514.tif,train,snow,csd
train/4515,../raw/snow/csd/Train/Snow/4515.tif,../raw/snow/csd/Train/Gt/4515.tif,train,snow,csd
train/4516,../raw/snow/csd/Train/Snow/4516.tif,../raw/snow/csd/Train/Gt/4516.tif,train,snow,csd
train/4517,../raw/snow/csd/Train/Snow/4517.tif,../raw/snow/csd/Train/Gt/4517.tif,train,snow,csd
train/4518,../raw/snow/csd/Train/Snow/4518.tif,../raw/snow/csd/Train/Gt/4518.tif,train,snow,csd
train/4519,../raw/snow/csd/Train/Snow/4519.tif,../raw/snow/csd/Train/Gt/4519.tif,train,snow,csd
train/452,../raw/snow/csd/Train/Snow/452.tif,../raw/snow/csd/Train/Gt/452.tif,train,snow,csd
train/4520,../raw/snow/csd/Train/Snow/4520.tif,../raw/snow/csd/Train/Gt/4520.tif,train,snow,csd
train/4521,../raw/snow/csd/Train/Snow/4521.tif,../raw/snow/csd/Train/Gt/4521.tif,train,snow,csd
train/4522,../raw/snow/csd/Train/Snow/4522.tif,../raw/snow/csd/Train/Gt/4522.tif,train,snow,csd
train/4523,../raw/snow/csd/Train/Snow/4523.tif,../raw/snow/csd/Train/Gt/4523.tif,train,snow,csd
train/4524,../raw/snow/csd/Train/Snow/4524.tif,../raw/snow/csd/Train/Gt/4524.tif,train,snow,csd
train/4525,../raw/snow/csd/Train/Snow/4525.tif,../raw/snow/csd/Train/Gt/4525.tif,train,snow,csd
train/4526,../raw/snow/csd/Train/Snow/4526.tif,../raw/snow/csd/Train/Gt/4526.tif,train,snow,csd
train/4527,../raw/snow/csd/Train/Snow/4527.tif,../raw/snow/csd/Train/Gt/4527.tif,train,snow,csd
train/4528,../raw/snow/csd/Train/Snow/4528.tif,../raw/snow/csd/Train/Gt/4528.tif,train,snow,csd
train/4529,../raw/snow/csd/Train/Snow/4529.tif,../raw/snow/csd/Train/Gt/4529.tif,train,snow,csd
train/453,../raw/snow/csd/Train/Snow/453.tif,../raw/snow/csd/Train/Gt/453.tif,train,snow,csd
train/4530,../raw/snow/csd/Train/Snow/4530.tif,../raw/snow/csd/Train/Gt/4530.tif,train,snow,csd
train/4531,../raw/snow/csd/Train/Snow/4531.tif,../raw/snow/csd/Train/Gt/4531.tif,train,snow,csd
train/4532,../raw/snow/csd/Train/Snow/4532.tif,../raw/snow/csd/Train/Gt/4532.tif,train,snow,csd
train/4533,../raw/snow/csd/Train/Snow/4533.tif,../raw/snow/csd/Train/Gt/4533.tif,train,snow,csd
train/4534,../raw/snow/csd/Train/Snow/4534.tif,../raw/snow/csd/Train/Gt/4534.tif,train,snow,csd
train/4535,../raw/snow/csd/Train/Snow/4535.tif,../raw/snow/csd/Train/Gt/4535.tif,train,snow,csd
train/4536,../raw/snow/csd/Train/Snow/4536.tif,../raw/snow/csd/Train/Gt/4536.tif,train,snow,csd
train/4537,../raw/snow/csd/Train/Snow/4537.tif,../raw/snow/csd/Train/Gt/4537.tif,train,snow,csd
train/4538,../raw/snow/csd/Train/Snow/4538.tif,../raw/snow/csd/Train/Gt/4538.tif,train,snow,csd
train/4539,../raw/snow/csd/Train/Snow/4539.tif,../raw/snow/csd/Train/Gt/4539.tif,train,snow,csd
train/454,../raw/snow/csd/Train/Snow/454.tif,../raw/snow/csd/Train/Gt/454.tif,train,snow,csd
train/4540,../raw/snow/csd/Train/Snow/4540.tif,../raw/snow/csd/Train/Gt/4540.tif,train,snow,csd
train/4541,../raw/snow/csd/Train/Snow/4541.tif,../raw/snow/csd/Train/Gt/4541.tif,val,snow,csd
train/4542,../raw/snow/csd/Train/Snow/4542.tif,../raw/snow/csd/Train/Gt/4542.tif,val,snow,csd
train/4543,../raw/snow/csd/Train/Snow/4543.tif,../raw/snow/csd/Train/Gt/4543.tif,train,snow,csd
train/4544,../raw/snow/csd/Train/Snow/4544.tif,../raw/snow/csd/Train/Gt/4544.tif,train,snow,csd
train/4545,../raw/snow/csd/Train/Snow/4545.tif,../raw/snow/csd/Train/Gt/4545.tif,train,snow,csd
train/4546,../raw/snow/csd/Train/Snow/4546.tif,../raw/snow/csd/Train/Gt/4546.tif,train,snow,csd
train/4547,../raw/snow/csd/Train/Snow/4547.tif,../raw/snow/csd/Train/Gt/4547.tif,val,snow,csd
train/4548,../raw/snow/csd/Train/Snow/4548.tif,../raw/snow/csd/Train/Gt/4548.tif,train,snow,csd
train/4549,../raw/snow/csd/Train/Snow/4549.tif,../raw/snow/csd/Train/Gt/4549.tif,train,snow,csd
train/455,../raw/snow/csd/Train/Snow/455.tif,../raw/snow/csd/Train/Gt/455.tif,train,snow,csd
train/4550,../raw/snow/csd/Train/Snow/4550.tif,../raw/snow/csd/Train/Gt/4550.tif,train,snow,csd
train/4551,../raw/snow/csd/Train/Snow/4551.tif,../raw/snow/csd/Train/Gt/4551.tif,train,snow,csd
train/4552,../raw/snow/csd/Train/Snow/4552.tif,../raw/snow/csd/Train/Gt/4552.tif,train,snow,csd
train/4553,../raw/snow/csd/Train/Snow/4553.tif,../raw/snow/csd/Train/Gt/4553.tif,train,snow,csd
train/4554,../raw/snow/csd/Train/Snow/4554.tif,../raw/snow/csd/Train/Gt/4554.tif,train,snow,csd
train/4555,../raw/snow/csd/Train/Snow/4555.tif,../raw/snow/csd/Train/Gt/4555.tif,train,snow,csd
train/4556,../raw/snow/csd/Train/Snow/4556.tif,../raw/snow/csd/Train/Gt/4556.tif,train,snow,csd
train/4557,../raw/snow/csd/Train/Snow/4557.tif,../raw/snow/csd/Train/Gt/4557.tif,val,snow,csd
train/4558,../raw/snow/csd/Train/Snow/4558.tif,../raw/snow/csd/Train/Gt/4558.tif,train,snow,csd
train/4559,../raw/snow/csd/Train/Snow/4559.tif,../raw/snow/csd/Train/Gt/4559.tif,train,snow,csd
train/456,../raw/snow/csd/Train/Snow/456.tif,../raw/snow/csd/Train/Gt/456.tif,train,snow,csd
train/4560,../raw/snow/csd/Train/Snow/4560.tif,../raw/snow/csd/Train/Gt/4560.tif,train,snow,csd
train/4561,../raw/snow/csd/Train/Snow/4561.tif,../raw/snow/csd/Train/Gt/4561.tif,train,snow,csd
train/4562,../raw/snow/csd/Train/Snow/4562.tif,../raw/snow/csd/Train/Gt/4562.tif,train,snow,csd
train/4563,../raw/snow/csd/Train/Snow/4563.tif,../raw/snow/csd/Train/Gt/4563.tif,train,snow,csd
train/4564,../raw/snow/csd/Train/Snow/4564.tif,../raw/snow/csd/Train/Gt/4564.tif,train,snow,csd
train/4565,../raw/snow/csd/Train/Snow/4565.tif,../raw/snow/csd/Train/Gt/4565.tif,train,snow,csd
train/4566,../raw/snow/csd/Train/Snow/4566.tif,../raw/snow/csd/Train/Gt/4566.tif,train,snow,csd
train/4567,../raw/snow/csd/Train/Snow/4567.tif,../raw/snow/csd/Train/Gt/4567.tif,val,snow,csd
train/4568,../raw/snow/csd/Train/Snow/4568.tif,../raw/snow/csd/Train/Gt/4568.tif,train,snow,csd
train/4569,../raw/snow/csd/Train/Snow/4569.tif,../raw/snow/csd/Train/Gt/4569.tif,train,snow,csd
train/457,../raw/snow/csd/Train/Snow/457.tif,../raw/snow/csd/Train/Gt/457.tif,train,snow,csd
train/4570,../raw/snow/csd/Train/Snow/4570.tif,../raw/snow/csd/Train/Gt/4570.tif,train,snow,csd
train/4571,../raw/snow/csd/Train/Snow/4571.tif,../raw/snow/csd/Train/Gt/4571.tif,train,snow,csd
train/4572,../raw/snow/csd/Train/Snow/4572.tif,../raw/snow/csd/Train/Gt/4572.tif,train,snow,csd
train/4573,../raw/snow/csd/Train/Snow/4573.tif,../raw/snow/csd/Train/Gt/4573.tif,val,snow,csd
train/4574,../raw/snow/csd/Train/Snow/4574.tif,../raw/snow/csd/Train/Gt/4574.tif,train,snow,csd
train/4575,../raw/snow/csd/Train/Snow/4575.tif,../raw/snow/csd/Train/Gt/4575.tif,train,snow,csd
train/4576,../raw/snow/csd/Train/Snow/4576.tif,../raw/snow/csd/Train/Gt/4576.tif,train,snow,csd
train/4577,../raw/snow/csd/Train/Snow/4577.tif,../raw/snow/csd/Train/Gt/4577.tif,train,snow,csd
train/4578,../raw/snow/csd/Train/Snow/4578.tif,../raw/snow/csd/Train/Gt/4578.tif,train,snow,csd
train/4579,../raw/snow/csd/Train/Snow/4579.tif,../raw/snow/csd/Train/Gt/4579.tif,train,snow,csd
train/458,../raw/snow/csd/Train/Snow/458.tif,../raw/snow/csd/Train/Gt/458.tif,train,snow,csd
train/4580,../raw/snow/csd/Train/Snow/4580.tif,../raw/snow/csd/Train/Gt/4580.tif,val,snow,csd
train/4581,../raw/snow/csd/Train/Snow/4581.tif,../raw/snow/csd/Train/Gt/4581.tif,train,snow,csd
train/4582,../raw/snow/csd/Train/Snow/4582.tif,../raw/snow/csd/Train/Gt/4582.tif,train,snow,csd
train/4583,../raw/snow/csd/Train/Snow/4583.tif,../raw/snow/csd/Train/Gt/4583.tif,val,snow,csd
train/4584,../raw/snow/csd/Train/Snow/4584.tif,../raw/snow/csd/Train/Gt/4584.tif,train,snow,csd
train/4585,../raw/snow/csd/Train/Snow/4585.tif,../raw/snow/csd/Train/Gt/4585.tif,train,snow,csd
train/4586,../raw/snow/csd/Train/Snow/4586.tif,../raw/snow/csd/Train/Gt/4586.tif,train,snow,csd
train/4587,../raw/snow/csd/Train/Snow/4587.tif,../raw/snow/csd/Train/Gt/4587.tif,train,snow,csd
train/4588,../raw/snow/csd/Train/Snow/4588.tif,../raw/snow/csd/Train/Gt/4588.tif,train,snow,csd
train/4589,../raw/snow/csd/Train/Snow/4589.tif,../raw/snow/csd/Train/Gt/4589.tif,val,snow,csd
train/459,../raw/snow/csd/Train/Snow/459.tif,../raw/snow/csd/Train/Gt/459.tif,train,snow,csd
train/4590,../raw/snow/csd/Train/Snow/4590.tif,../raw/snow/csd/Train/Gt/4590.tif,train,snow,csd
train/4591,../raw/snow/csd/Train/Snow/4591.tif,../raw/snow/csd/Train/Gt/4591.tif,train,snow,csd
train/4592,../raw/snow/csd/Train/Snow/4592.tif,../raw/snow/csd/Train/Gt/4592.tif,train,snow,csd
train/4593,../raw/snow/csd/Train/Snow/4593.tif,../raw/snow/csd/Train/Gt/4593.tif,train,snow,csd
train/4594,../raw/snow/csd/Train/Snow/4594.tif,../raw/snow/csd/Train/Gt/4594.tif,train,snow,csd
train/4595,../raw/snow/csd/Train/Snow/4595.tif,../raw/snow/csd/Train/Gt/4595.tif,train,snow,csd
train/4596,../raw/snow/csd/Train/Snow/4596.tif,../raw/snow/csd/Train/Gt/4596.tif,train,snow,csd
train/4597,../raw/snow/csd/Train/Snow/4597.tif,../raw/snow/csd/Train/Gt/4597.tif,train,snow,csd
train/4598,../raw/snow/csd/Train/Snow/4598.tif,../raw/snow/csd/Train/Gt/4598.tif,val,snow,csd
train/4599,../raw/snow/csd/Train/Snow/4599.tif,../raw/snow/csd/Train/Gt/4599.tif,train,snow,csd
train/46,../raw/snow/csd/Train/Snow/46.tif,../raw/snow/csd/Train/Gt/46.tif,train,snow,csd
train/460,../raw/snow/csd/Train/Snow/460.tif,../raw/snow/csd/Train/Gt/460.tif,train,snow,csd
train/4600,../raw/snow/csd/Train/Snow/4600.tif,../raw/snow/csd/Train/Gt/4600.tif,train,snow,csd
train/4601,../raw/snow/csd/Train/Snow/4601.tif,../raw/snow/csd/Train/Gt/4601.tif,train,snow,csd
train/4602,../raw/snow/csd/Train/Snow/4602.tif,../raw/snow/csd/Train/Gt/4602.tif,train,snow,csd
train/4603,../raw/snow/csd/Train/Snow/4603.tif,../raw/snow/csd/Train/Gt/4603.tif,train,snow,csd
train/4604,../raw/snow/csd/Train/Snow/4604.tif,../raw/snow/csd/Train/Gt/4604.tif,train,snow,csd
train/4605,../raw/snow/csd/Train/Snow/4605.tif,../raw/snow/csd/Train/Gt/4605.tif,train,snow,csd
train/4606,../raw/snow/csd/Train/Snow/4606.tif,../raw/snow/csd/Train/Gt/4606.tif,train,snow,csd
train/4607,../raw/snow/csd/Train/Snow/4607.tif,../raw/snow/csd/Train/Gt/4607.tif,train,snow,csd
train/4608,../raw/snow/csd/Train/Snow/4608.tif,../raw/snow/csd/Train/Gt/4608.tif,train,snow,csd
train/4609,../raw/snow/csd/Train/Snow/4609.tif,../raw/snow/csd/Train/Gt/4609.tif,val,snow,csd
train/461,../raw/snow/csd/Train/Snow/461.tif,../raw/snow/csd/Train/Gt/461.tif,train,snow,csd
train/4610,../raw/snow/csd/Train/Snow/4610.tif,../raw/snow/csd/Train/Gt/4610.tif,train,snow,csd
train/4611,../raw/snow/csd/Train/Snow/4611.tif,../raw/snow/csd/Train/Gt/4611.tif,train,snow,csd
train/4612,../raw/snow/csd/Train/Snow/4612.tif,../raw/snow/csd/Train/Gt/4612.tif,train,snow,csd
train/4613,../raw/snow/csd/Train/Snow/4613.tif,../raw/snow/csd/Train/Gt/4613.tif,train,snow,csd
train/4614,../raw/snow/csd/Train/Snow/4614.tif,../raw/snow/csd/Train/Gt/4614.tif,train,snow,csd
train/4615,../raw/snow/csd/Train/Snow/4615.tif,../raw/snow/csd/Train/Gt/4615.tif,train,snow,csd
train/4616,../raw/snow/csd/Train/Snow/4616.tif,../raw/snow/csd/Train/Gt/4616.tif,train,snow,csd
train/4617,../raw/snow/csd/Train/Snow/4617.tif,../raw/snow/csd/Train/Gt/4617.tif,train,snow,csd
train/4618,../raw/snow/csd/Train/Snow/4618.tif,../raw/snow/csd/Train/Gt/4618.tif,train,snow,csd
train/4619,../raw/snow/csd/Train/Snow/4619.tif,../raw/snow/csd/Train/Gt/4619.tif,train,snow,csd
train/462,../raw/snow/csd/Train/Snow/462.tif,../raw/snow/csd/Train/Gt/462.tif,val,snow,csd
train/4620,../raw/snow/csd/Train/Snow/4620.tif,../raw/snow/csd/Train/Gt/4620.tif,train,snow,csd
train/4621,../raw/snow/csd/Train/Snow/4621.tif,../raw/snow/csd/Train/Gt/4621.tif,train,snow,csd
train/4622,../raw/snow/csd/Train/Snow/4622.tif,../raw/snow/csd/Train/Gt/4622.tif,train,snow,csd
train/4623,../raw/snow/csd/Train/Snow/4623.tif,../raw/snow/csd/Train/Gt/4623.tif,train,snow,csd
train/4624,../raw/snow/csd/Train/Snow/4624.tif,../raw/snow/csd/Train/Gt/4624.tif,train,snow,csd
train/4625,../raw/snow/csd/Train/Snow/4625.tif,../raw/snow/csd/Train/Gt/4625.tif,train,snow,csd
train/4626,../raw/snow/csd/Train/Snow/4626.tif,../raw/snow/csd/Train/Gt/4626.tif,val,snow,csd
train/4627,../raw/snow/csd/Train/Snow/4627.tif,../raw/snow/csd/Train/Gt/4627.tif,train,snow,csd
train/4628,../raw/snow/csd/Train/Snow/4628.tif,../raw/snow/csd/Train/Gt/4628.tif,train,snow,csd
train/4629,../raw/snow/csd/Train/Snow/4629.tif,../raw/snow/csd/Train/Gt/4629.tif,train,snow,csd
train/463,../raw/snow/csd/Train/Snow/463.tif,../raw/snow/csd/Train/Gt/463.tif,train,snow,csd
train/4630,../raw/snow/csd/Train/Snow/4630.tif,../raw/snow/csd/Train/Gt/4630.tif,train,snow,csd
train/4631,../raw/snow/csd/Train/Snow/4631.tif,../raw/snow/csd/Train/Gt/4631.tif,train,snow,csd
train/4632,../raw/snow/csd/Train/Snow/4632.tif,../raw/snow/csd/Train/Gt/4632.tif,train,snow,csd
train/4633,../raw/snow/csd/Train/Snow/4633.tif,../raw/snow/csd/Train/Gt/4633.tif,train,snow,csd
train/4634,../raw/snow/csd/Train/Snow/4634.tif,../raw/snow/csd/Train/Gt/4634.tif,train,snow,csd
train/4635,../raw/snow/csd/Train/Snow/4635.tif,../raw/snow/csd/Train/Gt/4635.tif,train,snow,csd
train/4636,../raw/snow/csd/Train/Snow/4636.tif,../raw/snow/csd/Train/Gt/4636.tif,train,snow,csd
train/4637,../raw/snow/csd/Train/Snow/4637.tif,../raw/snow/csd/Train/Gt/4637.tif,train,snow,csd
train/4638,../raw/snow/csd/Train/Snow/4638.tif,../raw/snow/csd/Train/Gt/4638.tif,train,snow,csd
train/4639,../raw/snow/csd/Train/Snow/4639.tif,../raw/snow/csd/Train/Gt/4639.tif,train,snow,csd
train/464,../raw/snow/csd/Train/Snow/464.tif,../raw/snow/csd/Train/Gt/464.tif,train,snow,csd
train/4640,../raw/snow/csd/Train/Snow/4640.tif,../raw/snow/csd/Train/Gt/4640.tif,train,snow,csd
train/4641,../raw/snow/csd/Train/Snow/4641.tif,../raw/snow/csd/Train/Gt/4641.tif,train,snow,csd
train/4642,../raw/snow/csd/Train/Snow/4642.tif,../raw/snow/csd/Train/Gt/4642.tif,train,snow,csd
train/4643,../raw/snow/csd/Train/Snow/4643.tif,../raw/snow/csd/Train/Gt/4643.tif,train,snow,csd
train/4644,../raw/snow/csd/Train/Snow/4644.tif,../raw/snow/csd/Train/Gt/4644.tif,train,snow,csd
train/4645,../raw/snow/csd/Train/Snow/4645.tif,../raw/snow/csd/Train/Gt/4645.tif,train,snow,csd
train/4646,../raw/snow/csd/Train/Snow/4646.tif,../raw/snow/csd/Train/Gt/4646.tif,train,snow,csd
train/4647,../raw/snow/csd/Train/Snow/4647.tif,../raw/snow/csd/Train/Gt/4647.tif,val,snow,csd
train/4648,../raw/snow/csd/Train/Snow/4648.tif,../raw/snow/csd/Train/Gt/4648.tif,train,snow,csd
train/4649,../raw/snow/csd/Train/Snow/4649.tif,../raw/snow/csd/Train/Gt/4649.tif,train,snow,csd
train/465,../raw/snow/csd/Train/Snow/465.tif,../raw/snow/csd/Train/Gt/465.tif,train,snow,csd
train/4650,../raw/snow/csd/Train/Snow/4650.tif,../raw/snow/csd/Train/Gt/4650.tif,train,snow,csd
train/4651,../raw/snow/csd/Train/Snow/4651.tif,../raw/snow/csd/Train/Gt/4651.tif,train,snow,csd
train/4652,../raw/snow/csd/Train/Snow/4652.tif,../raw/snow/csd/Train/Gt/4652.tif,train,snow,csd
train/4653,../raw/snow/csd/Train/Snow/4653.tif,../raw/snow/csd/Train/Gt/4653.tif,train,snow,csd
train/4654,../raw/snow/csd/Train/Snow/4654.tif,../raw/snow/csd/Train/Gt/4654.tif,train,snow,csd
train/4655,../raw/snow/csd/Train/Snow/4655.tif,../raw/snow/csd/Train/Gt/4655.tif,val,snow,csd
train/4656,../raw/snow/csd/Train/Snow/4656.tif,../raw/snow/csd/Train/Gt/4656.tif,train,snow,csd
train/4657,../raw/snow/csd/Train/Snow/4657.tif,../raw/snow/csd/Train/Gt/4657.tif,train,snow,csd
train/4658,../raw/snow/csd/Train/Snow/4658.tif,../raw/snow/csd/Train/Gt/4658.tif,train,snow,csd
train/4659,../raw/snow/csd/Train/Snow/4659.tif,../raw/snow/csd/Train/Gt/4659.tif,train,snow,csd
train/466,../raw/snow/csd/Train/Snow/466.tif,../raw/snow/csd/Train/Gt/466.tif,val,snow,csd
train/4660,../raw/snow/csd/Train/Snow/4660.tif,../raw/snow/csd/Train/Gt/4660.tif,val,snow,csd
train/4661,../raw/snow/csd/Train/Snow/4661.tif,../raw/snow/csd/Train/Gt/4661.tif,train,snow,csd
train/4662,../raw/snow/csd/Train/Snow/4662.tif,../raw/snow/csd/Train/Gt/4662.tif,train,snow,csd
train/4663,../raw/snow/csd/Train/Snow/4663.tif,../raw/snow/csd/Train/Gt/4663.tif,val,snow,csd
train/4664,../raw/snow/csd/Train/Snow/4664.tif,../raw/snow/csd/Train/Gt/4664.tif,train,snow,csd
train/4665,../raw/snow/csd/Train/Snow/4665.tif,../raw/snow/csd/Train/Gt/4665.tif,train,snow,csd
train/4666,../raw/snow/csd/Train/Snow/4666.tif,../raw/snow/csd/Train/Gt/4666.tif,val,snow,csd
train/4667,../raw/snow/csd/Train/Snow/4667.tif,../raw/snow/csd/Train/Gt/4667.tif,train,snow,csd
train/4668,../raw/snow/csd/Train/Snow/4668.tif,../raw/snow/csd/Train/Gt/4668.tif,train,snow,csd
train/4669,../raw/snow/csd/Train/Snow/4669.tif,../raw/snow/csd/Train/Gt/4669.tif,val,snow,csd
train/467,../raw/snow/csd/Train/Snow/467.tif,../raw/snow/csd/Train/Gt/467.tif,train,snow,csd
train/4670,../raw/snow/csd/Train/Snow/4670.tif,../raw/snow/csd/Train/Gt/4670.tif,train,snow,csd
train/4671,../raw/snow/csd/Train/Snow/4671.tif,../raw/snow/csd/Train/Gt/4671.tif,train,snow,csd
train/4672,../raw/snow/csd/Train/Snow/4672.tif,../raw/snow/csd/Train/Gt/4672.tif,train,snow,csd
train/4673,../raw/snow/csd/Train/Snow/4673.tif,../raw/snow/csd/Train/Gt/4673.tif,val,snow,csd
train/4674,../raw/snow/csd/Train/Snow/4674.tif,../raw/snow/csd/Train/Gt/4674.tif,train,snow,csd
train/4675,../raw/snow/csd/Train/Snow/4675.tif,../raw/snow/csd/Train/Gt/4675.tif,train,snow,csd
train/4676,../raw/snow/csd/Train/Snow/4676.tif,../raw/snow/csd/Train/Gt/4676.tif,train,snow,csd
train/4677,../raw/snow/csd/Train/Snow/4677.tif,../raw/snow/csd/Train/Gt/4677.tif,train,snow,csd
train/4678,../raw/snow/csd/Train/Snow/4678.tif,../raw/snow/csd/Train/Gt/4678.tif,train,snow,csd
train/4679,../raw/snow/csd/Train/Snow/4679.tif,../raw/snow/csd/Train/Gt/4679.tif,train,snow,csd
train/468,../raw/snow/csd/Train/Snow/468.tif,../raw/snow/csd/Train/Gt/468.tif,train,snow,csd
train/4680,../raw/snow/csd/Train/Snow/4680.tif,../raw/snow/csd/Train/Gt/4680.tif,train,snow,csd
train/4681,../raw/snow/csd/Train/Snow/4681.tif,../raw/snow/csd/Train/Gt/4681.tif,train,snow,csd
train/4682,../raw/snow/csd/Train/Snow/4682.tif,../raw/snow/csd/Train/Gt/4682.tif,train,snow,csd
train/4683,../raw/snow/csd/Train/Snow/4683.tif,../raw/snow/csd/Train/Gt/4683.tif,train,snow,csd
train/4684,../raw/snow/csd/Train/Snow/4684.tif,../raw/snow/csd/Train/Gt/4684.tif,train,snow,csd
train/4685,../raw/snow/csd/Train/Snow/4685.tif,../raw/snow/csd/Train/Gt/4685.tif,train,snow,csd
train/4686,../raw/snow/csd/Train/Snow/4686.tif,../raw/snow/csd/Train/Gt/4686.tif,train,snow,csd
train/4687,../raw/snow/csd/Train/Snow/4687.tif,../raw/snow/csd/Train/Gt/4687.tif,train,snow,csd
train/4688,../raw/snow/csd/Train/Snow/4688.tif,../raw/snow/csd/Train/Gt/4688.tif,train,snow,csd
train/4689,../raw/snow/csd/Train/Snow/4689.tif,../raw/snow/csd/Train/Gt/4689.tif,train,snow,csd
train/469,../raw/snow/csd/Train/Snow/469.tif,../raw/snow/csd/Train/Gt/469.tif,train,snow,csd
train/4690,../raw/snow/csd/Train/Snow/4690.tif,../raw/snow/csd/Train/Gt/4690.tif,train,snow,csd
train/4691,../raw/snow/csd/Train/Snow/4691.tif,../raw/snow/csd/Train/Gt/4691.tif,train,snow,csd
train/4692,../raw/snow/csd/Train/Snow/4692.tif,../raw/snow/csd/Train/Gt/4692.tif,train,snow,csd
train/4693,../raw/snow/csd/Train/Snow/4693.tif,../raw/snow/csd/Train/Gt/4693.tif,val,snow,csd
train/4694,../raw/snow/csd/Train/Snow/4694.tif,../raw/snow/csd/Train/Gt/4694.tif,val,snow,csd
train/4695,../raw/snow/csd/Train/Snow/4695.tif,../raw/snow/csd/Train/Gt/4695.tif,train,snow,csd
train/4696,../raw/snow/csd/Train/Snow/4696.tif,../raw/snow/csd/Train/Gt/4696.tif,train,snow,csd
train/4697,../raw/snow/csd/Train/Snow/4697.tif,../raw/snow/csd/Train/Gt/4697.tif,train,snow,csd
train/4698,../raw/snow/csd/Train/Snow/4698.tif,../raw/snow/csd/Train/Gt/4698.tif,train,snow,csd
train/4699,../raw/snow/csd/Train/Snow/4699.tif,../raw/snow/csd/Train/Gt/4699.tif,train,snow,csd
train/47,../raw/snow/csd/Train/Snow/47.tif,../raw/snow/csd/Train/Gt/47.tif,val,snow,csd
train/470,../raw/snow/csd/Train/Snow/470.tif,../raw/snow/csd/Train/Gt/470.tif,train,snow,csd
train/4700,../raw/snow/csd/Train/Snow/4700.tif,../raw/snow/csd/Train/Gt/4700.tif,val,snow,csd
train/4701,../raw/snow/csd/Train/Snow/4701.tif,../raw/snow/csd/Train/Gt/4701.tif,train,snow,csd
train/4702,../raw/snow/csd/Train/Snow/4702.tif,../raw/snow/csd/Train/Gt/4702.tif,train,snow,csd
train/4703,../raw/snow/csd/Train/Snow/4703.tif,../raw/snow/csd/Train/Gt/4703.tif,train,snow,csd
train/4704,../raw/snow/csd/Train/Snow/4704.tif,../raw/snow/csd/Train/Gt/4704.tif,val,snow,csd
train/4705,../raw/snow/csd/Train/Snow/4705.tif,../raw/snow/csd/Train/Gt/4705.tif,train,snow,csd
train/4706,../raw/snow/csd/Train/Snow/4706.tif,../raw/snow/csd/Train/Gt/4706.tif,train,snow,csd
train/4707,../raw/snow/csd/Train/Snow/4707.tif,../raw/snow/csd/Train/Gt/4707.tif,train,snow,csd
train/4708,../raw/snow/csd/Train/Snow/4708.tif,../raw/snow/csd/Train/Gt/4708.tif,train,snow,csd
train/4709,../raw/snow/csd/Train/Snow/4709.tif,../raw/snow/csd/Train/Gt/4709.tif,train,snow,csd
train/471,../raw/snow/csd/Train/Snow/471.tif,../raw/snow/csd/Train/Gt/471.tif,train,snow,csd
train/4710,../raw/snow/csd/Train/Snow/4710.tif,../raw/snow/csd/Train/Gt/4710.tif,train,snow,csd
train/4711,../raw/snow/csd/Train/Snow/4711.tif,../raw/snow/csd/Train/Gt/4711.tif,train,snow,csd
train/4712,../raw/snow/csd/Train/Snow/4712.tif,../raw/snow/csd/Train/Gt/4712.tif,train,snow,csd
train/4713,../raw/snow/csd/Train/Snow/4713.tif,../raw/snow/csd/Train/Gt/4713.tif,val,snow,csd
train/4714,../raw/snow/csd/Train/Snow/4714.tif,../raw/snow/csd/Train/Gt/4714.tif,train,snow,csd
train/4715,../raw/snow/csd/Train/Snow/4715.tif,../raw/snow/csd/Train/Gt/4715.tif,train,snow,csd
train/4716,../raw/snow/csd/Train/Snow/4716.tif,../raw/snow/csd/Train/Gt/4716.tif,train,snow,csd
train/4717,../raw/snow/csd/Train/Snow/4717.tif,../raw/snow/csd/Train/Gt/4717.tif,train,snow,csd
train/4718,../raw/snow/csd/Train/Snow/4718.tif,../raw/snow/csd/Train/Gt/4718.tif,train,snow,csd
train/4719,../raw/snow/csd/Train/Snow/4719.tif,../raw/snow/csd/Train/Gt/4719.tif,train,snow,csd
train/472,../raw/snow/csd/Train/Snow/472.tif,../raw/snow/csd/Train/Gt/472.tif,train,snow,csd
train/4720,../raw/snow/csd/Train/Snow/4720.tif,../raw/snow/csd/Train/Gt/4720.tif,train,snow,csd
train/4721,../raw/snow/csd/Train/Snow/4721.tif,../raw/snow/csd/Train/Gt/4721.tif,train,snow,csd
train/4722,../raw/snow/csd/Train/Snow/4722.tif,../raw/snow/csd/Train/Gt/4722.tif,train,snow,csd
train/4723,../raw/snow/csd/Train/Snow/4723.tif,../raw/snow/csd/Train/Gt/4723.tif,train,snow,csd
train/4724,../raw/snow/csd/Train/Snow/4724.tif,../raw/snow/csd/Train/Gt/4724.tif,train,snow,csd
train/4725,../raw/snow/csd/Train/Snow/4725.tif,../raw/snow/csd/Train/Gt/4725.tif,train,snow,csd
train/4726,../raw/snow/csd/Train/Snow/4726.tif,../raw/snow/csd/Train/Gt/4726.tif,train,snow,csd
train/4727,../raw/snow/csd/Train/Snow/4727.tif,../raw/snow/csd/Train/Gt/4727.tif,train,snow,csd
train/4728,../raw/snow/csd/Train/Snow/4728.tif,../raw/snow/csd/Train/Gt/4728.tif,train,snow,csd
train/4729,../raw/snow/csd/Train/Snow/4729.tif,../raw/snow/csd/Train/Gt/4729.tif,train,snow,csd
train/473,../raw/snow/csd/Train/Snow/473.tif,../raw/snow/csd/Train/Gt/473.tif,val,snow,csd
train/4730,../raw/snow/csd/Train/Snow/4730.tif,../raw/snow/csd/Train/Gt/4730.tif,train,snow,csd
train/4731,../raw/snow/csd/Train/Snow/4731.tif,../raw/snow/csd/Train/Gt/4731.tif,train,snow,csd
train/4732,../raw/snow/csd/Train/Snow/4732.tif,../raw/snow/csd/Train/Gt/4732.tif,train,snow,csd
train/4733,../raw/snow/csd/Train/Snow/4733.tif,../raw/snow/csd/Train/Gt/4733.tif,train,snow,csd
train/4734,../raw/snow/csd/Train/Snow/4734.tif,../raw/snow/csd/Train/Gt/4734.tif,train,snow,csd
train/4735,../raw/snow/csd/Train/Snow/4735.tif,../raw/snow/csd/Train/Gt/4735.tif,train,snow,csd
train/4736,../raw/snow/csd/Train/Snow/4736.tif,../raw/snow/csd/Train/Gt/4736.tif,val,snow,csd
train/4737,../raw/snow/csd/Train/Snow/4737.tif,../raw/snow/csd/Train/Gt/4737.tif,train,snow,csd
train/4738,../raw/snow/csd/Train/Snow/4738.tif,../raw/snow/csd/Train/Gt/4738.tif,train,snow,csd
train/4739,../raw/snow/csd/Train/Snow/4739.tif,../raw/snow/csd/Train/Gt/4739.tif,train,snow,csd
train/474,../raw/snow/csd/Train/Snow/474.tif,../raw/snow/csd/Train/Gt/474.tif,val,snow,csd
train/4740,../raw/snow/csd/Train/Snow/4740.tif,../raw/snow/csd/Train/Gt/4740.tif,train,snow,csd
train/4741,../raw/snow/csd/Train/Snow/4741.tif,../raw/snow/csd/Train/Gt/4741.tif,train,snow,csd
train/4742,../raw/snow/csd/Train/Snow/4742.tif,../raw/snow/csd/Train/Gt/4742.tif,train,snow,csd
train/4743,../raw/snow/csd/Train/Snow/4743.tif,../raw/snow/csd/Train/Gt/4743.tif,train,snow,csd
train/4744,../raw/snow/csd/Train/Snow/4744.tif,../raw/snow/csd/Train/Gt/4744.tif,train,snow,csd
train/4745,../raw/snow/csd/Train/Snow/4745.tif,../raw/snow/csd/Train/Gt/4745.tif,train,snow,csd
train/4746,../raw/snow/csd/Train/Snow/4746.tif,../raw/snow/csd/Train/Gt/4746.tif,train,snow,csd
train/4747,../raw/snow/csd/Train/Snow/4747.tif,../raw/snow/csd/Train/Gt/4747.tif,train,snow,csd
train/4748,../raw/snow/csd/Train/Snow/4748.tif,../raw/snow/csd/Train/Gt/4748.tif,train,snow,csd
train/4749,../raw/snow/csd/Train/Snow/4749.tif,../raw/snow/csd/Train/Gt/4749.tif,train,snow,csd
train/475,../raw/snow/csd/Train/Snow/475.tif,../raw/snow/csd/Train/Gt/475.tif,train,snow,csd
train/4750,../raw/snow/csd/Train/Snow/4750.tif,../raw/snow/csd/Train/Gt/4750.tif,train,snow,csd
train/4751,../raw/snow/csd/Train/Snow/4751.tif,../raw/snow/csd/Train/Gt/4751.tif,train,snow,csd
train/4752,../raw/snow/csd/Train/Snow/4752.tif,../raw/snow/csd/Train/Gt/4752.tif,train,snow,csd
train/4753,../raw/snow/csd/Train/Snow/4753.tif,../raw/snow/csd/Train/Gt/4753.tif,train,snow,csd
train/4754,../raw/snow/csd/Train/Snow/4754.tif,../raw/snow/csd/Train/Gt/4754.tif,train,snow,csd
train/4755,../raw/snow/csd/Train/Snow/4755.tif,../raw/snow/csd/Train/Gt/4755.tif,train,snow,csd
train/4756,../raw/snow/csd/Train/Snow/4756.tif,../raw/snow/csd/Train/Gt/4756.tif,train,snow,csd
train/4757,../raw/snow/csd/Train/Snow/4757.tif,../raw/snow/csd/Train/Gt/4757.tif,train,snow,csd
train/4758,../raw/snow/csd/Train/Snow/4758.tif,../raw/snow/csd/Train/Gt/4758.tif,train,snow,csd
train/4759,../raw/snow/csd/Train/Snow/4759.tif,../raw/snow/csd/Train/Gt/4759.tif,train,snow,csd
train/476,../raw/snow/csd/Train/Snow/476.tif,../raw/snow/csd/Train/Gt/476.tif,train,snow,csd
train/4760,../raw/snow/csd/Train/Snow/4760.tif,../raw/snow/csd/Train/Gt/4760.tif,val,snow,csd
train/4761,../raw/snow/csd/Train/Snow/4761.tif,../raw/snow/csd/Train/Gt/4761.tif,train,snow,csd
train/4762,../raw/snow/csd/Train/Snow/4762.tif,../raw/snow/csd/Train/Gt/4762.tif,train,snow,csd
train/4763,../raw/snow/csd/Train/Snow/4763.tif,../raw/snow/csd/Train/Gt/4763.tif,train,snow,csd
train/4764,../raw/snow/csd/Train/Snow/4764.tif,../raw/snow/csd/Train/Gt/4764.tif,train,snow,csd
train/4765,../raw/snow/csd/Train/Snow/4765.tif,../raw/snow/csd/Train/Gt/4765.tif,train,snow,csd
train/4766,../raw/snow/csd/Train/Snow/4766.tif,../raw/snow/csd/Train/Gt/4766.tif,train,snow,csd
train/4767,../raw/snow/csd/Train/Snow/4767.tif,../raw/snow/csd/Train/Gt/4767.tif,train,snow,csd
train/4768,../raw/snow/csd/Train/Snow/4768.tif,../raw/snow/csd/Train/Gt/4768.tif,train,snow,csd
train/4769,../raw/snow/csd/Train/Snow/4769.tif,../raw/snow/csd/Train/Gt/4769.tif,train,snow,csd
train/477,../raw/snow/csd/Train/Snow/477.tif,../raw/snow/csd/Train/Gt/477.tif,train,snow,csd
train/4770,../raw/snow/csd/Train/Snow/4770.tif,../raw/snow/csd/Train/Gt/4770.tif,train,snow,csd
train/4771,../raw/snow/csd/Train/Snow/4771.tif,../raw/snow/csd/Train/Gt/4771.tif,val,snow,csd
train/4772,../raw/snow/csd/Train/Snow/4772.tif,../raw/snow/csd/Train/Gt/4772.tif,train,snow,csd
train/4773,../raw/snow/csd/Train/Snow/4773.tif,../raw/snow/csd/Train/Gt/4773.tif,train,snow,csd
train/4774,../raw/snow/csd/Train/Snow/4774.tif,../raw/snow/csd/Train/Gt/4774.tif,train,snow,csd
train/4775,../raw/snow/csd/Train/Snow/4775.tif,../raw/snow/csd/Train/Gt/4775.tif,train,snow,csd
train/4776,../raw/snow/csd/Train/Snow/4776.tif,../raw/snow/csd/Train/Gt/4776.tif,train,snow,csd
train/4777,../raw/snow/csd/Train/Snow/4777.tif,../raw/snow/csd/Train/Gt/4777.tif,train,snow,csd
train/4778,../raw/snow/csd/Train/Snow/4778.tif,../raw/snow/csd/Train/Gt/4778.tif,train,snow,csd
train/4779,../raw/snow/csd/Train/Snow/4779.tif,../raw/snow/csd/Train/Gt/4779.tif,train,snow,csd
train/478,../raw/snow/csd/Train/Snow/478.tif,../raw/snow/csd/Train/Gt/478.tif,train,snow,csd
train/4780,../raw/snow/csd/Train/Snow/4780.tif,../raw/snow/csd/Train/Gt/4780.tif,train,snow,csd
train/4781,../raw/snow/csd/Train/Snow/4781.tif,../raw/snow/csd/Train/Gt/4781.tif,train,snow,csd
train/4782,../raw/snow/csd/Train/Snow/4782.tif,../raw/snow/csd/Train/Gt/4782.tif,train,snow,csd
train/4783,../raw/snow/csd/Train/Snow/4783.tif,../raw/snow/csd/Train/Gt/4783.tif,train,snow,csd
train/4784,../raw/snow/csd/Train/Snow/4784.tif,../raw/snow/csd/Train/Gt/4784.tif,train,snow,csd
train/4785,../raw/snow/csd/Train/Snow/4785.tif,../raw/snow/csd/Train/Gt/4785.tif,train,snow,csd
train/4786,../raw/snow/csd/Train/Snow/4786.tif,../raw/snow/csd/Train/Gt/4786.tif,train,snow,csd
train/4787,../raw/snow/csd/Train/Snow/4787.tif,../raw/snow/csd/Train/Gt/4787.tif,train,snow,csd
train/4788,../raw/snow/csd/Train/Snow/4788.tif,../raw/snow/csd/Train/Gt/4788.tif,val,snow,csd
train/4789,../raw/snow/csd/Train/Snow/4789.tif,../raw/snow/csd/Train/Gt/4789.tif,train,snow,csd
train/479,../raw/snow/csd/Train/Snow/479.tif,../raw/snow/csd/Train/Gt/479.tif,train,snow,csd
train/4790,../raw/snow/csd/Train/Snow/4790.tif,../raw/snow/csd/Train/Gt/4790.tif,val,snow,csd
train/4791,../raw/snow/csd/Train/Snow/4791.tif,../raw/snow/csd/Train/Gt/4791.tif,val,snow,csd
train/4792,../raw/snow/csd/Train/Snow/4792.tif,../raw/snow/csd/Train/Gt/4792.tif,train,snow,csd
train/4793,../raw/snow/csd/Train/Snow/4793.tif,../raw/snow/csd/Train/Gt/4793.tif,train,snow,csd
train/4794,../raw/snow/csd/Train/Snow/4794.tif,../raw/snow/csd/Train/Gt/4794.tif,train,snow,csd
train/4795,../raw/snow/csd/Train/Snow/4795.tif,../raw/snow/csd/Train/Gt/4795.tif,train,snow,csd
train/4796,../raw/snow/csd/Train/Snow/4796.tif,../raw/snow/csd/Train/Gt/4796.tif,val,snow,csd
train/4797,../raw/snow/csd/Train/Snow/4797.tif,../raw/snow/csd/Train/Gt/4797.tif,train,snow,csd
train/4798,../raw/snow/csd/Train/Snow/4798.tif,../raw/snow/csd/Train/Gt/4798.tif,val,snow,csd
train/4799,../raw/snow/csd/Train/Snow/4799.tif,../raw/snow/csd/Train/Gt/4799.tif,train,snow,csd
train/48,../raw/snow/csd/Train/Snow/48.tif,../raw/snow/csd/Train/Gt/48.tif,train,snow,csd
train/480,../raw/snow/csd/Train/Snow/480.tif,../raw/snow/csd/Train/Gt/480.tif,train,snow,csd
train/4800,../raw/snow/csd/Train/Snow/4800.tif,../raw/snow/csd/Train/Gt/4800.tif,train,snow,csd
train/4801,../raw/snow/csd/Train/Snow/4801.tif,../raw/snow/csd/Train/Gt/4801.tif,train,snow,csd
train/4802,../raw/snow/csd/Train/Snow/4802.tif,../raw/snow/csd/Train/Gt/4802.tif,train,snow,csd
train/4803,../raw/snow/csd/Train/Snow/4803.tif,../raw/snow/csd/Train/Gt/4803.tif,train,snow,csd
train/4804,../raw/snow/csd/Train/Snow/4804.tif,../raw/snow/csd/Train/Gt/4804.tif,train,snow,csd
train/4805,../raw/snow/csd/Train/Snow/4805.tif,../raw/snow/csd/Train/Gt/4805.tif,train,snow,csd
train/4806,../raw/snow/csd/Train/Snow/4806.tif,../raw/snow/csd/Train/Gt/4806.tif,train,snow,csd
train/4807,../raw/snow/csd/Train/Snow/4807.tif,../raw/snow/csd/Train/Gt/4807.tif,train,snow,csd
train/4808,../raw/snow/csd/Train/Snow/4808.tif,../raw/snow/csd/Train/Gt/4808.tif,train,snow,csd
train/4809,../raw/snow/csd/Train/Snow/4809.tif,../raw/snow/csd/Train/Gt/4809.tif,train,snow,csd
train/481,../raw/snow/csd/Train/Snow/481.tif,../raw/snow/csd/Train/Gt/481.tif,train,snow,csd
train/4810,../raw/snow/csd/Train/Snow/4810.tif,../raw/snow/csd/Train/Gt/4810.tif,train,snow,csd
train/4811,../raw/snow/csd/Train/Snow/4811.tif,../raw/snow/csd/Train/Gt/4811.tif,train,snow,csd
train/4812,../raw/snow/csd/Train/Snow/4812.tif,../raw/snow/csd/Train/Gt/4812.tif,val,snow,csd
train/4813,../raw/snow/csd/Train/Snow/4813.tif,../raw/snow/csd/Train/Gt/4813.tif,train,snow,csd
train/4814,../raw/snow/csd/Train/Snow/4814.tif,../raw/snow/csd/Train/Gt/4814.tif,train,snow,csd
train/4815,../raw/snow/csd/Train/Snow/4815.tif,../raw/snow/csd/Train/Gt/4815.tif,train,snow,csd
train/4816,../raw/snow/csd/Train/Snow/4816.tif,../raw/snow/csd/Train/Gt/4816.tif,train,snow,csd
train/4817,../raw/snow/csd/Train/Snow/4817.tif,../raw/snow/csd/Train/Gt/4817.tif,train,snow,csd
train/4818,../raw/snow/csd/Train/Snow/4818.tif,../raw/snow/csd/Train/Gt/4818.tif,train,snow,csd
train/4819,../raw/snow/csd/Train/Snow/4819.tif,../raw/snow/csd/Train/Gt/4819.tif,train,snow,csd
train/482,../raw/snow/csd/Train/Snow/482.tif,../raw/snow/csd/Train/Gt/482.tif,train,snow,csd
train/4820,../raw/snow/csd/Train/Snow/4820.tif,../raw/snow/csd/Train/Gt/4820.tif,train,snow,csd
train/4821,../raw/snow/csd/Train/Snow/4821.tif,../raw/snow/csd/Train/Gt/4821.tif,train,snow,csd
train/4822,../raw/snow/csd/Train/Snow/4822.tif,../raw/snow/csd/Train/Gt/4822.tif,train,snow,csd
train/4823,../raw/snow/csd/Train/Snow/4823.tif,../raw/snow/csd/Train/Gt/4823.tif,train,snow,csd
train/4824,../raw/snow/csd/Train/Snow/4824.tif,../raw/snow/csd/Train/Gt/4824.tif,train,snow,csd
train/4825,../raw/snow/csd/Train/Snow/4825.tif,../raw/snow/csd/Train/Gt/4825.tif,train,snow,csd
train/4826,../raw/snow/csd/Train/Snow/4826.tif,../raw/snow/csd/Train/Gt/4826.tif,train,snow,csd
train/4827,../raw/snow/csd/Train/Snow/4827.tif,../raw/snow/csd/Train/Gt/4827.tif,train,snow,csd
train/4828,../raw/snow/csd/Train/Snow/4828.tif,../raw/snow/csd/Train/Gt/4828.tif,train,snow,csd
train/4829,../raw/snow/csd/Train/Snow/4829.tif,../raw/snow/csd/Train/Gt/4829.tif,train,snow,csd
train/483,../raw/snow/csd/Train/Snow/483.tif,../raw/snow/csd/Train/Gt/483.tif,train,snow,csd
train/4830,../raw/snow/csd/Train/Snow/4830.tif,../raw/snow/csd/Train/Gt/4830.tif,train,snow,csd
train/4831,../raw/snow/csd/Train/Snow/4831.tif,../raw/snow/csd/Train/Gt/4831.tif,train,snow,csd
train/4832,../raw/snow/csd/Train/Snow/4832.tif,../raw/snow/csd/Train/Gt/4832.tif,train,snow,csd
train/4833,../raw/snow/csd/Train/Snow/4833.tif,../raw/snow/csd/Train/Gt/4833.tif,train,snow,csd
train/4834,../raw/snow/csd/Train/Snow/4834.tif,../raw/snow/csd/Train/Gt/4834.tif,train,snow,csd
train/4835,../raw/snow/csd/Train/Snow/4835.tif,../raw/snow/csd/Train/Gt/4835.tif,train,snow,csd
train/4836,../raw/snow/csd/Train/Snow/4836.tif,../raw/snow/csd/Train/Gt/4836.tif,train,snow,csd
train/4837,../raw/snow/csd/Train/Snow/4837.tif,../raw/snow/csd/Train/Gt/4837.tif,train,snow,csd
train/4838,../raw/snow/csd/Train/Snow/4838.tif,../raw/snow/csd/Train/Gt/4838.tif,train,snow,csd
train/4839,../raw/snow/csd/Train/Snow/4839.tif,../raw/snow/csd/Train/Gt/4839.tif,train,snow,csd
train/484,../raw/snow/csd/Train/Snow/484.tif,../raw/snow/csd/Train/Gt/484.tif,train,snow,csd
train/4840,../raw/snow/csd/Train/Snow/4840.tif,../raw/snow/csd/Train/Gt/4840.tif,train,snow,csd
train/4841,../raw/snow/csd/Train/Snow/4841.tif,../raw/snow/csd/Train/Gt/4841.tif,train,snow,csd
train/4842,../raw/snow/csd/Train/Snow/4842.tif,../raw/snow/csd/Train/Gt/4842.tif,train,snow,csd
train/4843,../raw/snow/csd/Train/Snow/4843.tif,../raw/snow/csd/Train/Gt/4843.tif,train,snow,csd
train/4844,../raw/snow/csd/Train/Snow/4844.tif,../raw/snow/csd/Train/Gt/4844.tif,train,snow,csd
train/4845,../raw/snow/csd/Train/Snow/4845.tif,../raw/snow/csd/Train/Gt/4845.tif,train,snow,csd
train/4846,../raw/snow/csd/Train/Snow/4846.tif,../raw/snow/csd/Train/Gt/4846.tif,train,snow,csd
train/4847,../raw/snow/csd/Train/Snow/4847.tif,../raw/snow/csd/Train/Gt/4847.tif,train,snow,csd
train/4848,../raw/snow/csd/Train/Snow/4848.tif,../raw/snow/csd/Train/Gt/4848.tif,train,snow,csd
train/4849,../raw/snow/csd/Train/Snow/4849.tif,../raw/snow/csd/Train/Gt/4849.tif,train,snow,csd
train/485,../raw/snow/csd/Train/Snow/485.tif,../raw/snow/csd/Train/Gt/485.tif,train,snow,csd
train/4850,../raw/snow/csd/Train/Snow/4850.tif,../raw/snow/csd/Train/Gt/4850.tif,train,snow,csd
train/4851,../raw/snow/csd/Train/Snow/4851.tif,../raw/snow/csd/Train/Gt/4851.tif,train,snow,csd
train/4852,../raw/snow/csd/Train/Snow/4852.tif,../raw/snow/csd/Train/Gt/4852.tif,val,snow,csd
train/4853,../raw/snow/csd/Train/Snow/4853.tif,../raw/snow/csd/Train/Gt/4853.tif,train,snow,csd
train/4854,../raw/snow/csd/Train/Snow/4854.tif,../raw/snow/csd/Train/Gt/4854.tif,train,snow,csd
train/4855,../raw/snow/csd/Train/Snow/4855.tif,../raw/snow/csd/Train/Gt/4855.tif,val,snow,csd
train/4856,../raw/snow/csd/Train/Snow/4856.tif,../raw/snow/csd/Train/Gt/4856.tif,train,snow,csd
train/4857,../raw/snow/csd/Train/Snow/4857.tif,../raw/snow/csd/Train/Gt/4857.tif,train,snow,csd
train/4858,../raw/snow/csd/Train/Snow/4858.tif,../raw/snow/csd/Train/Gt/4858.tif,train,snow,csd
train/4859,../raw/snow/csd/Train/Snow/4859.tif,../raw/snow/csd/Train/Gt/4859.tif,train,snow,csd
train/486,../raw/snow/csd/Train/Snow/486.tif,../raw/snow/csd/Train/Gt/486.tif,train,snow,csd
train/4860,../raw/snow/csd/Train/Snow/4860.tif,../raw/snow/csd/Train/Gt/4860.tif,train,snow,csd
train/4861,../raw/snow/csd/Train/Snow/4861.tif,../raw/snow/csd/Train/Gt/4861.tif,train,snow,csd
train/4862,../raw/snow/csd/Train/Snow/4862.tif,../raw/snow/csd/Train/Gt/4862.tif,train,snow,csd
train/4863,../raw/snow/csd/Train/Snow/4863.tif,../raw/snow/csd/Train/Gt/4863.tif,train,snow,csd
train/4864,../raw/snow/csd/Train/Snow/4864.tif,../raw/snow/csd/Train/Gt/4864.tif,train,snow,csd
train/4865,../raw/snow/csd/Train/Snow/4865.tif,../raw/snow/csd/Train/Gt/4865.tif,train,snow,csd
train/4866,../raw/snow/csd/Train/Snow/4866.tif,../raw/snow/csd/Train/Gt/4866.tif,val,snow,csd
train/4867,../raw/snow/csd/Train/Snow/4867.tif,../raw/snow/csd/Train/Gt/4867.tif,train,snow,csd
train/4868,../raw/snow/csd/Train/Snow/4868.tif,../raw/snow/csd/Train/Gt/4868.tif,val,snow,csd
train/4869,../raw/snow/csd/Train/Snow/4869.tif,../raw/snow/csd/Train/Gt/4869.tif,train,snow,csd
train/487,../raw/snow/csd/Train/Snow/487.tif,../raw/snow/csd/Train/Gt/487.tif,train,snow,csd
train/4870,../raw/snow/csd/Train/Snow/4870.tif,../raw/snow/csd/Train/Gt/4870.tif,train,snow,csd
train/4871,../raw/snow/csd/Train/Snow/4871.tif,../raw/snow/csd/Train/Gt/4871.tif,train,snow,csd
train/4872,../raw/snow/csd/Train/Snow/4872.tif,../raw/snow/csd/Train/Gt/4872.tif,train,snow,csd
train/4873,../raw/snow/csd/Train/Snow/4873.tif,../raw/snow/csd/Train/Gt/4873.tif,train,snow,csd
train/4874,../raw/snow/csd/Train/Snow/4874.tif,../raw/snow/csd/Train/Gt/4874.tif,train,snow,csd
train/4875,../raw/snow/csd/Train/Snow/4875.tif,../raw/snow/csd/Train/Gt/4875.tif,train,snow,csd
train/4876,../raw/snow/csd/Train/Snow/4876.tif,../raw/snow/csd/Train/Gt/4876.tif,train,snow,csd
train/4877,../raw/snow/csd/Train/Snow/4877.tif,../raw/snow/csd/Train/Gt/4877.tif,train,snow,csd
train/4878,../raw/snow/csd/Train/Snow/4878.tif,../raw/snow/csd/Train/Gt/4878.tif,train,snow,csd
train/4879,../raw/snow/csd/Train/Snow/4879.tif,../raw/snow/csd/Train/Gt/4879.tif,train,snow,csd
train/488,../raw/snow/csd/Train/Snow/488.tif,../raw/snow/csd/Train/Gt/488.tif,train,snow,csd
train/4880,../raw/snow/csd/Train/Snow/4880.tif,../raw/snow/csd/Train/Gt/4880.tif,train,snow,csd
train/4881,../raw/snow/csd/Train/Snow/4881.tif,../raw/snow/csd/Train/Gt/4881.tif,train,snow,csd
train/4882,../raw/snow/csd/Train/Snow/4882.tif,../raw/snow/csd/Train/Gt/4882.tif,train,snow,csd
train/4883,../raw/snow/csd/Train/Snow/4883.tif,../raw/snow/csd/Train/Gt/4883.tif,val,snow,csd
train/4884,../raw/snow/csd/Train/Snow/4884.tif,../raw/snow/csd/Train/Gt/4884.tif,val,snow,csd
train/4885,../raw/snow/csd/Train/Snow/4885.tif,../raw/snow/csd/Train/Gt/4885.tif,train,snow,csd
train/4886,../raw/snow/csd/Train/Snow/4886.tif,../raw/snow/csd/Train/Gt/4886.tif,train,snow,csd
train/4887,../raw/snow/csd/Train/Snow/4887.tif,../raw/snow/csd/Train/Gt/4887.tif,train,snow,csd
train/4888,../raw/snow/csd/Train/Snow/4888.tif,../raw/snow/csd/Train/Gt/4888.tif,train,snow,csd
train/4889,../raw/snow/csd/Train/Snow/4889.tif,../raw/snow/csd/Train/Gt/4889.tif,train,snow,csd
train/489,../raw/snow/csd/Train/Snow/489.tif,../raw/snow/csd/Train/Gt/489.tif,train,snow,csd
train/4890,../raw/snow/csd/Train/Snow/4890.tif,../raw/snow/csd/Train/Gt/4890.tif,train,snow,csd
train/4891,../raw/snow/csd/Train/Snow/4891.tif,../raw/snow/csd/Train/Gt/4891.tif,train,snow,csd
train/4892,../raw/snow/csd/Train/Snow/4892.tif,../raw/snow/csd/Train/Gt/4892.tif,train,snow,csd
train/4893,../raw/snow/csd/Train/Snow/4893.tif,../raw/snow/csd/Train/Gt/4893.tif,train,snow,csd
train/4894,../raw/snow/csd/Train/Snow/4894.tif,../raw/snow/csd/Train/Gt/4894.tif,val,snow,csd
train/4895,../raw/snow/csd/Train/Snow/4895.tif,../raw/snow/csd/Train/Gt/4895.tif,train,snow,csd
train/4896,../raw/snow/csd/Train/Snow/4896.tif,../raw/snow/csd/Train/Gt/4896.tif,train,snow,csd
train/4897,../raw/snow/csd/Train/Snow/4897.tif,../raw/snow/csd/Train/Gt/4897.tif,train,snow,csd
train/4898,../raw/snow/csd/Train/Snow/4898.tif,../raw/snow/csd/Train/Gt/4898.tif,train,snow,csd
train/4899,../raw/snow/csd/Train/Snow/4899.tif,../raw/snow/csd/Train/Gt/4899.tif,train,snow,csd
train/49,../raw/snow/csd/Train/Snow/49.tif,../raw/snow/csd/Train/Gt/49.tif,train,snow,csd
train/490,../raw/snow/csd/Train/Snow/490.tif,../raw/snow/csd/Train/Gt/490.tif,train,snow,csd
train/4900,../raw/snow/csd/Train/Snow/4900.tif,../raw/snow/csd/Train/Gt/4900.tif,train,snow,csd
train/4901,../raw/snow/csd/Train/Snow/4901.tif,../raw/snow/csd/Train/Gt/4901.tif,train,snow,csd
train/4902,../raw/snow/csd/Train/Snow/4902.tif,../raw/snow/csd/Train/Gt/4902.tif,train,snow,csd
train/4903,../raw/snow/csd/Train/Snow/4903.tif,../raw/snow/csd/Train/Gt/4903.tif,train,snow,csd
train/4904,../raw/snow/csd/Train/Snow/4904.tif,../raw/snow/csd/Train/Gt/4904.tif,train,snow,csd
train/4905,../raw/snow/csd/Train/Snow/4905.tif,../raw/snow/csd/Train/Gt/4905.tif,train,snow,csd
train/4906,../raw/snow/csd/Train/Snow/4906.tif,../raw/snow/csd/Train/Gt/4906.tif,train,snow,csd
train/4907,../raw/snow/csd/Train/Snow/4907.tif,../raw/snow/csd/Train/Gt/4907.tif,train,snow,csd
train/4908,../raw/snow/csd/Train/Snow/4908.tif,../raw/snow/csd/Train/Gt/4908.tif,train,snow,csd
train/4909,../raw/snow/csd/Train/Snow/4909.tif,../raw/snow/csd/Train/Gt/4909.tif,train,snow,csd
train/491,../raw/snow/csd/Train/Snow/491.tif,../raw/snow/csd/Train/Gt/491.tif,train,snow,csd
train/4910,../raw/snow/csd/Train/Snow/4910.tif,../raw/snow/csd/Train/Gt/4910.tif,train,snow,csd
train/4911,../raw/snow/csd/Train/Snow/4911.tif,../raw/snow/csd/Train/Gt/4911.tif,train,snow,csd
train/4912,../raw/snow/csd/Train/Snow/4912.tif,../raw/snow/csd/Train/Gt/4912.tif,train,snow,csd
train/4913,../raw/snow/csd/Train/Snow/4913.tif,../raw/snow/csd/Train/Gt/4913.tif,train,snow,csd
train/4914,../raw/snow/csd/Train/Snow/4914.tif,../raw/snow/csd/Train/Gt/4914.tif,val,snow,csd
train/4915,../raw/snow/csd/Train/Snow/4915.tif,../raw/snow/csd/Train/Gt/4915.tif,train,snow,csd
train/4916,../raw/snow/csd/Train/Snow/4916.tif,../raw/snow/csd/Train/Gt/4916.tif,train,snow,csd
train/4917,../raw/snow/csd/Train/Snow/4917.tif,../raw/snow/csd/Train/Gt/4917.tif,train,snow,csd
train/4918,../raw/snow/csd/Train/Snow/4918.tif,../raw/snow/csd/Train/Gt/4918.tif,train,snow,csd
train/4919,../raw/snow/csd/Train/Snow/4919.tif,../raw/snow/csd/Train/Gt/4919.tif,train,snow,csd
train/492,../raw/snow/csd/Train/Snow/492.tif,../raw/snow/csd/Train/Gt/492.tif,train,snow,csd
train/4920,../raw/snow/csd/Train/Snow/4920.tif,../raw/snow/csd/Train/Gt/4920.tif,val,snow,csd
train/4921,../raw/snow/csd/Train/Snow/4921.tif,../raw/snow/csd/Train/Gt/4921.tif,val,snow,csd
train/4922,../raw/snow/csd/Train/Snow/4922.tif,../raw/snow/csd/Train/Gt/4922.tif,train,snow,csd
train/4923,../raw/snow/csd/Train/Snow/4923.tif,../raw/snow/csd/Train/Gt/4923.tif,val,snow,csd
train/4924,../raw/snow/csd/Train/Snow/4924.tif,../raw/snow/csd/Train/Gt/4924.tif,train,snow,csd
train/4925,../raw/snow/csd/Train/Snow/4925.tif,../raw/snow/csd/Train/Gt/4925.tif,train,snow,csd
train/4926,../raw/snow/csd/Train/Snow/4926.tif,../raw/snow/csd/Train/Gt/4926.tif,train,snow,csd
train/4927,../raw/snow/csd/Train/Snow/4927.tif,../raw/snow/csd/Train/Gt/4927.tif,train,snow,csd
train/4928,../raw/snow/csd/Train/Snow/4928.tif,../raw/snow/csd/Train/Gt/4928.tif,train,snow,csd
train/4929,../raw/snow/csd/Train/Snow/4929.tif,../raw/snow/csd/Train/Gt/4929.tif,train,snow,csd
train/493,../raw/snow/csd/Train/Snow/493.tif,../raw/snow/csd/Train/Gt/493.tif,train,snow,csd
train/4930,../raw/snow/csd/Train/Snow/4930.tif,../raw/snow/csd/Train/Gt/4930.tif,train,snow,csd
train/4931,../raw/snow/csd/Train/Snow/4931.tif,../raw/snow/csd/Train/Gt/4931.tif,train,snow,csd
train/4932,../raw/snow/csd/Train/Snow/4932.tif,../raw/snow/csd/Train/Gt/4932.tif,train,snow,csd
train/4933,../raw/snow/csd/Train/Snow/4933.tif,../raw/snow/csd/Train/Gt/4933.tif,train,snow,csd
train/4934,../raw/snow/csd/Train/Snow/4934.tif,../raw/snow/csd/Train/Gt/4934.tif,train,snow,csd
train/4935,../raw/snow/csd/Train/Snow/4935.tif,../raw/snow/csd/Train/Gt/4935.tif,val,snow,csd
train/4936,../raw/snow/csd/Train/Snow/4936.tif,../raw/snow/csd/Train/Gt/4936.tif,train,snow,csd
train/4937,../raw/snow/csd/Train/Snow/4937.tif,../raw/snow/csd/Train/Gt/4937.tif,train,snow,csd
train/4938,../raw/snow/csd/Train/Snow/4938.tif,../raw/snow/csd/Train/Gt/4938.tif,val,snow,csd
train/4939,../raw/snow/csd/Train/Snow/4939.tif,../raw/snow/csd/Train/Gt/4939.tif,train,snow,csd
train/494,../raw/snow/csd/Train/Snow/494.tif,../raw/snow/csd/Train/Gt/494.tif,train,snow,csd
train/4940,../raw/snow/csd/Train/Snow/4940.tif,../raw/snow/csd/Train/Gt/4940.tif,train,snow,csd
train/4941,../raw/snow/csd/Train/Snow/4941.tif,../raw/snow/csd/Train/Gt/4941.tif,train,snow,csd
train/4942,../raw/snow/csd/Train/Snow/4942.tif,../raw/snow/csd/Train/Gt/4942.tif,train,snow,csd
train/4943,../raw/snow/csd/Train/Snow/4943.tif,../raw/snow/csd/Train/Gt/4943.tif,train,snow,csd
train/4944,../raw/snow/csd/Train/Snow/4944.tif,../raw/snow/csd/Train/Gt/4944.tif,train,snow,csd
train/4945,../raw/snow/csd/Train/Snow/4945.tif,../raw/snow/csd/Train/Gt/4945.tif,val,snow,csd
train/4946,../raw/snow/csd/Train/Snow/4946.tif,../raw/snow/csd/Train/Gt/4946.tif,val,snow,csd
train/4947,../raw/snow/csd/Train/Snow/4947.tif,../raw/snow/csd/Train/Gt/4947.tif,train,snow,csd
train/4948,../raw/snow/csd/Train/Snow/4948.tif,../raw/snow/csd/Train/Gt/4948.tif,train,snow,csd
train/4949,../raw/snow/csd/Train/Snow/4949.tif,../raw/snow/csd/Train/Gt/4949.tif,train,snow,csd
train/495,../raw/snow/csd/Train/Snow/495.tif,../raw/snow/csd/Train/Gt/495.tif,train,snow,csd
train/4950,../raw/snow/csd/Train/Snow/4950.tif,../raw/snow/csd/Train/Gt/4950.tif,train,snow,csd
train/4951,../raw/snow/csd/Train/Snow/4951.tif,../raw/snow/csd/Train/Gt/4951.tif,val,snow,csd
train/4952,../raw/snow/csd/Train/Snow/4952.tif,../raw/snow/csd/Train/Gt/4952.tif,train,snow,csd
train/4953,../raw/snow/csd/Train/Snow/4953.tif,../raw/snow/csd/Train/Gt/4953.tif,train,snow,csd
train/4954,../raw/snow/csd/Train/Snow/4954.tif,../raw/snow/csd/Train/Gt/4954.tif,train,snow,csd
train/4955,../raw/snow/csd/Train/Snow/4955.tif,../raw/snow/csd/Train/Gt/4955.tif,train,snow,csd
train/4956,../raw/snow/csd/Train/Snow/4956.tif,../raw/snow/csd/Train/Gt/4956.tif,train,snow,csd
train/4957,../raw/snow/csd/Train/Snow/4957.tif,../raw/snow/csd/Train/Gt/4957.tif,train,snow,csd
train/4958,../raw/snow/csd/Train/Snow/4958.tif,../raw/snow/csd/Train/Gt/4958.tif,train,snow,csd
train/4959,../raw/snow/csd/Train/Snow/4959.tif,../raw/snow/csd/Train/Gt/4959.tif,train,snow,csd
train/496,../raw/snow/csd/Train/Snow/496.tif,../raw/snow/csd/Train/Gt/496.tif,train,snow,csd
train/4960,../raw/snow/csd/Train/Snow/4960.tif,../raw/snow/csd/Train/Gt/4960.tif,train,snow,csd
train/4961,../raw/snow/csd/Train/Snow/4961.tif,../raw/snow/csd/Train/Gt/4961.tif,train,snow,csd
train/4962,../raw/snow/csd/Train/Snow/4962.tif,../raw/snow/csd/Train/Gt/4962.tif,train,snow,csd
train/4963,../raw/snow/csd/Train/Snow/4963.tif,../raw/snow/csd/Train/Gt/4963.tif,train,snow,csd
train/4964,../raw/snow/csd/Train/Snow/4964.tif,../raw/snow/csd/Train/Gt/4964.tif,val,snow,csd
train/4965,../raw/snow/csd/Train/Snow/4965.tif,../raw/snow/csd/Train/Gt/4965.tif,train,snow,csd
train/4966,../raw/snow/csd/Train/Snow/4966.tif,../raw/snow/csd/Train/Gt/4966.tif,train,snow,csd
train/4967,../raw/snow/csd/Train/Snow/4967.tif,../raw/snow/csd/Train/Gt/4967.tif,train,snow,csd
train/4968,../raw/snow/csd/Train/Snow/4968.tif,../raw/snow/csd/Train/Gt/4968.tif,train,snow,csd
train/4969,../raw/snow/csd/Train/Snow/4969.tif,../raw/snow/csd/Train/Gt/4969.tif,train,snow,csd
train/497,../raw/snow/csd/Train/Snow/497.tif,../raw/snow/csd/Train/Gt/497.tif,train,snow,csd
train/4970,../raw/snow/csd/Train/Snow/4970.tif,../raw/snow/csd/Train/Gt/4970.tif,train,snow,csd
train/4971,../raw/snow/csd/Train/Snow/4971.tif,../raw/snow/csd/Train/Gt/4971.tif,train,snow,csd
train/4972,../raw/snow/csd/Train/Snow/4972.tif,../raw/snow/csd/Train/Gt/4972.tif,train,snow,csd
train/4973,../raw/snow/csd/Train/Snow/4973.tif,../raw/snow/csd/Train/Gt/4973.tif,train,snow,csd
train/4974,../raw/snow/csd/Train/Snow/4974.tif,../raw/snow/csd/Train/Gt/4974.tif,train,snow,csd
train/4975,../raw/snow/csd/Train/Snow/4975.tif,../raw/snow/csd/Train/Gt/4975.tif,train,snow,csd
train/4976,../raw/snow/csd/Train/Snow/4976.tif,../raw/snow/csd/Train/Gt/4976.tif,train,snow,csd
train/4977,../raw/snow/csd/Train/Snow/4977.tif,../raw/snow/csd/Train/Gt/4977.tif,train,snow,csd
train/4978,../raw/snow/csd/Train/Snow/4978.tif,../raw/snow/csd/Train/Gt/4978.tif,train,snow,csd
train/4979,../raw/snow/csd/Train/Snow/4979.tif,../raw/snow/csd/Train/Gt/4979.tif,train,snow,csd
train/498,../raw/snow/csd/Train/Snow/498.tif,../raw/snow/csd/Train/Gt/498.tif,train,snow,csd
train/4980,../raw/snow/csd/Train/Snow/4980.tif,../raw/snow/csd/Train/Gt/4980.tif,train,snow,csd
train/4981,../raw/snow/csd/Train/Snow/4981.tif,../raw/snow/csd/Train/Gt/4981.tif,train,snow,csd
train/4982,../raw/snow/csd/Train/Snow/4982.tif,../raw/snow/csd/Train/Gt/4982.tif,train,snow,csd
train/4983,../raw/snow/csd/Train/Snow/4983.tif,../raw/snow/csd/Train/Gt/4983.tif,val,snow,csd
train/4984,../raw/snow/csd/Train/Snow/4984.tif,../raw/snow/csd/Train/Gt/4984.tif,train,snow,csd
train/4985,../raw/snow/csd/Train/Snow/4985.tif,../raw/snow/csd/Train/Gt/4985.tif,train,snow,csd
train/4986,../raw/snow/csd/Train/Snow/4986.tif,../raw/snow/csd/Train/Gt/4986.tif,train,snow,csd
train/4987,../raw/snow/csd/Train/Snow/4987.tif,../raw/snow/csd/Train/Gt/4987.tif,train,snow,csd
train/4988,../raw/snow/csd/Train/Snow/4988.tif,../raw/snow/csd/Train/Gt/4988.tif,train,snow,csd
train/4989,../raw/snow/csd/Train/Snow/4989.tif,../raw/snow/csd/Train/Gt/4989.tif,train,snow,csd
train/499,../raw/snow/csd/Train/Snow/499.tif,../raw/snow/csd/Train/Gt/499.tif,train,snow,csd
train/4990,../raw/snow/csd/Train/Snow/4990.tif,../raw/snow/csd/Train/Gt/4990.tif,train,snow,csd
train/4991,../raw/snow/csd/Train/Snow/4991.tif,../raw/snow/csd/Train/Gt/4991.tif,train,snow,csd
train/4992,../raw/snow/csd/Train/Snow/4992.tif,../raw/snow/csd/Train/Gt/4992.tif,val,snow,csd
train/4993,../raw/snow/csd/Train/Snow/4993.tif,../raw/snow/csd/Train/Gt/4993.tif,train,snow,csd
train/4994,../raw/snow/csd/Train/Snow/4994.tif,../raw/snow/csd/Train/Gt/4994.tif,train,snow,csd
train/4995,../raw/snow/csd/Train/Snow/4995.tif,../raw/snow/csd/Train/Gt/4995.tif,train,snow,csd
train/4996,../raw/snow/csd/Train/Snow/4996.tif,../raw/snow/csd/Train/Gt/4996.tif,train,snow,csd
train/4997,../raw/snow/csd/Train/Snow/4997.tif,../raw/snow/csd/Train/Gt/4997.tif,train,snow,csd
train/4998,../raw/snow/csd/Train/Snow/4998.tif,../raw/snow/csd/Train/Gt/4998.tif,train,snow,csd
train/4999,../raw/snow/csd/Train/Snow/4999.tif,../raw/snow/csd/Train/Gt/4999.tif,train,snow,csd
train/5,../raw/snow/csd/Train/Snow/5.tif,../raw/snow/csd/Train/Gt/5.tif,train,snow,csd
train/50,../raw/snow/csd/Train/Snow/50.tif,../raw/snow/csd/Train/Gt/50.tif,train,snow,csd
train/500,../raw/snow/csd/Train/Snow/500.tif,../raw/snow/csd/Train/Gt/500.tif,train,snow,csd
train/5000,../raw/snow/csd/Train/Snow/5000.tif,../raw/snow/csd/Train/Gt/5000.tif,train,snow,csd
train/5001,../raw/snow/csd/Train/Snow/5001.tif,../raw/snow/csd/Train/Gt/5001.tif,train,snow,csd
train/5002,../raw/snow/csd/Train/Snow/5002.tif,../raw/snow/csd/Train/Gt/5002.tif,train,snow,csd
train/5003,../raw/snow/csd/Train/Snow/5003.tif,../raw/snow/csd/Train/Gt/5003.tif,train,snow,csd
train/5004,../raw/snow/csd/Train/Snow/5004.tif,../raw/snow/csd/Train/Gt/5004.tif,train,snow,csd
train/5005,../raw/snow/csd/Train/Snow/5005.tif,../raw/snow/csd/Train/Gt/5005.tif,val,snow,csd
train/5006,../raw/snow/csd/Train/Snow/5006.tif,../raw/snow/csd/Train/Gt/5006.tif,val,snow,csd
train/5007,../raw/snow/csd/Train/Snow/5007.tif,../raw/snow/csd/Train/Gt/5007.tif,train,snow,csd
train/5008,../raw/snow/csd/Train/Snow/5008.tif,../raw/snow/csd/Train/Gt/5008.tif,val,snow,csd
train/5009,../raw/snow/csd/Train/Snow/5009.tif,../raw/snow/csd/Train/Gt/5009.tif,train,snow,csd
train/501,../raw/snow/csd/Train/Snow/501.tif,../raw/snow/csd/Train/Gt/501.tif,train,snow,csd
train/5010,../raw/snow/csd/Train/Snow/5010.tif,../raw/snow/csd/Train/Gt/5010.tif,train,snow,csd
train/5011,../raw/snow/csd/Train/Snow/5011.tif,../raw/snow/csd/Train/Gt/5011.tif,train,snow,csd
train/5012,../raw/snow/csd/Train/Snow/5012.tif,../raw/snow/csd/Train/Gt/5012.tif,train,snow,csd
train/5013,../raw/snow/csd/Train/Snow/5013.tif,../raw/snow/csd/Train/Gt/5013.tif,train,snow,csd
train/5014,../raw/snow/csd/Train/Snow/5014.tif,../raw/snow/csd/Train/Gt/5014.tif,train,snow,csd
train/5015,../raw/snow/csd/Train/Snow/5015.tif,../raw/snow/csd/Train/Gt/5015.tif,train,snow,csd
train/5016,../raw/snow/csd/Train/Snow/5016.tif,../raw/snow/csd/Train/Gt/5016.tif,train,snow,csd
train/5017,../raw/snow/csd/Train/Snow/5017.tif,../raw/snow/csd/Train/Gt/5017.tif,train,snow,csd
train/5018,../raw/snow/csd/Train/Snow/5018.tif,../raw/snow/csd/Train/Gt/5018.tif,train,snow,csd
train/5019,../raw/snow/csd/Train/Snow/5019.tif,../raw/snow/csd/Train/Gt/5019.tif,train,snow,csd
train/502,../raw/snow/csd/Train/Snow/502.tif,../raw/snow/csd/Train/Gt/502.tif,train,snow,csd
train/5020,../raw/snow/csd/Train/Snow/5020.tif,../raw/snow/csd/Train/Gt/5020.tif,train,snow,csd
train/5021,../raw/snow/csd/Train/Snow/5021.tif,../raw/snow/csd/Train/Gt/5021.tif,train,snow,csd
train/5022,../raw/snow/csd/Train/Snow/5022.tif,../raw/snow/csd/Train/Gt/5022.tif,train,snow,csd
train/5023,../raw/snow/csd/Train/Snow/5023.tif,../raw/snow/csd/Train/Gt/5023.tif,train,snow,csd
train/5024,../raw/snow/csd/Train/Snow/5024.tif,../raw/snow/csd/Train/Gt/5024.tif,train,snow,csd
train/5025,../raw/snow/csd/Train/Snow/5025.tif,../raw/snow/csd/Train/Gt/5025.tif,train,snow,csd
train/5026,../raw/snow/csd/Train/Snow/5026.tif,../raw/snow/csd/Train/Gt/5026.tif,train,snow,csd
train/5027,../raw/snow/csd/Train/Snow/5027.tif,../raw/snow/csd/Train/Gt/5027.tif,val,snow,csd
train/5028,../raw/snow/csd/Train/Snow/5028.tif,../raw/snow/csd/Train/Gt/5028.tif,train,snow,csd
train/5029,../raw/snow/csd/Train/Snow/5029.tif,../raw/snow/csd/Train/Gt/5029.tif,train,snow,csd
train/503,../raw/snow/csd/Train/Snow/503.tif,../raw/snow/csd/Train/Gt/503.tif,train,snow,csd
train/5030,../raw/snow/csd/Train/Snow/5030.tif,../raw/snow/csd/Train/Gt/5030.tif,val,snow,csd
train/5031,../raw/snow/csd/Train/Snow/5031.tif,../raw/snow/csd/Train/Gt/5031.tif,train,snow,csd
train/5032,../raw/snow/csd/Train/Snow/5032.tif,../raw/snow/csd/Train/Gt/5032.tif,train,snow,csd
train/5033,../raw/snow/csd/Train/Snow/5033.tif,../raw/snow/csd/Train/Gt/5033.tif,train,snow,csd
train/5034,../raw/snow/csd/Train/Snow/5034.tif,../raw/snow/csd/Train/Gt/5034.tif,train,snow,csd
train/5035,../raw/snow/csd/Train/Snow/5035.tif,../raw/snow/csd/Train/Gt/5035.tif,train,snow,csd
train/5036,../raw/snow/csd/Train/Snow/5036.tif,../raw/snow/csd/Train/Gt/5036.tif,train,snow,csd
train/5037,../raw/snow/csd/Train/Snow/5037.tif,../raw/snow/csd/Train/Gt/5037.tif,train,snow,csd
train/5038,../raw/snow/csd/Train/Snow/5038.tif,../raw/snow/csd/Train/Gt/5038.tif,train,snow,csd
train/5039,../raw/snow/csd/Train/Snow/5039.tif,../raw/snow/csd/Train/Gt/5039.tif,train,snow,csd
train/504,../raw/snow/csd/Train/Snow/504.tif,../raw/snow/csd/Train/Gt/504.tif,train,snow,csd
train/5040,../raw/snow/csd/Train/Snow/5040.tif,../raw/snow/csd/Train/Gt/5040.tif,train,snow,csd
train/5041,../raw/snow/csd/Train/Snow/5041.tif,../raw/snow/csd/Train/Gt/5041.tif,train,snow,csd
train/5042,../raw/snow/csd/Train/Snow/5042.tif,../raw/snow/csd/Train/Gt/5042.tif,train,snow,csd
train/5043,../raw/snow/csd/Train/Snow/5043.tif,../raw/snow/csd/Train/Gt/5043.tif,train,snow,csd
train/5044,../raw/snow/csd/Train/Snow/5044.tif,../raw/snow/csd/Train/Gt/5044.tif,train,snow,csd
train/5045,../raw/snow/csd/Train/Snow/5045.tif,../raw/snow/csd/Train/Gt/5045.tif,train,snow,csd
train/5046,../raw/snow/csd/Train/Snow/5046.tif,../raw/snow/csd/Train/Gt/5046.tif,train,snow,csd
train/5047,../raw/snow/csd/Train/Snow/5047.tif,../raw/snow/csd/Train/Gt/5047.tif,train,snow,csd
train/5048,../raw/snow/csd/Train/Snow/5048.tif,../raw/snow/csd/Train/Gt/5048.tif,train,snow,csd
train/5049,../raw/snow/csd/Train/Snow/5049.tif,../raw/snow/csd/Train/Gt/5049.tif,train,snow,csd
train/505,../raw/snow/csd/Train/Snow/505.tif,../raw/snow/csd/Train/Gt/505.tif,train,snow,csd
train/5050,../raw/snow/csd/Train/Snow/5050.tif,../raw/snow/csd/Train/Gt/5050.tif,train,snow,csd
train/5051,../raw/snow/csd/Train/Snow/5051.tif,../raw/snow/csd/Train/Gt/5051.tif,val,snow,csd
train/5052,../raw/snow/csd/Train/Snow/5052.tif,../raw/snow/csd/Train/Gt/5052.tif,train,snow,csd
train/5053,../raw/snow/csd/Train/Snow/5053.tif,../raw/snow/csd/Train/Gt/5053.tif,train,snow,csd
train/5054,../raw/snow/csd/Train/Snow/5054.tif,../raw/snow/csd/Train/Gt/5054.tif,train,snow,csd
train/5055,../raw/snow/csd/Train/Snow/5055.tif,../raw/snow/csd/Train/Gt/5055.tif,train,snow,csd
train/5056,../raw/snow/csd/Train/Snow/5056.tif,../raw/snow/csd/Train/Gt/5056.tif,train,snow,csd
train/5057,../raw/snow/csd/Train/Snow/5057.tif,../raw/snow/csd/Train/Gt/5057.tif,train,snow,csd
train/5058,../raw/snow/csd/Train/Snow/5058.tif,../raw/snow/csd/Train/Gt/5058.tif,train,snow,csd
train/5059,../raw/snow/csd/Train/Snow/5059.tif,../raw/snow/csd/Train/Gt/5059.tif,train,snow,csd
train/506,../raw/snow/csd/Train/Snow/506.tif,../raw/snow/csd/Train/Gt/506.tif,val,snow,csd
train/5060,../raw/snow/csd/Train/Snow/5060.tif,../raw/snow/csd/Train/Gt/5060.tif,val,snow,csd
train/5061,../raw/snow/csd/Train/Snow/5061.tif,../raw/snow/csd/Train/Gt/5061.tif,train,snow,csd
train/5062,../raw/snow/csd/Train/Snow/5062.tif,../raw/snow/csd/Train/Gt/5062.tif,train,snow,csd
train/5063,../raw/snow/csd/Train/Snow/5063.tif,../raw/snow/csd/Train/Gt/5063.tif,train,snow,csd
train/5064,../raw/snow/csd/Train/Snow/5064.tif,../raw/snow/csd/Train/Gt/5064.tif,train,snow,csd
train/5065,../raw/snow/csd/Train/Snow/5065.tif,../raw/snow/csd/Train/Gt/5065.tif,train,snow,csd
train/5066,../raw/snow/csd/Train/Snow/5066.tif,../raw/snow/csd/Train/Gt/5066.tif,train,snow,csd
train/5067,../raw/snow/csd/Train/Snow/5067.tif,../raw/snow/csd/Train/Gt/5067.tif,train,snow,csd
train/5068,../raw/snow/csd/Train/Snow/5068.tif,../raw/snow/csd/Train/Gt/5068.tif,train,snow,csd
train/5069,../raw/snow/csd/Train/Snow/5069.tif,../raw/snow/csd/Train/Gt/5069.tif,train,snow,csd
train/507,../raw/snow/csd/Train/Snow/507.tif,../raw/snow/csd/Train/Gt/507.tif,train,snow,csd
train/5070,../raw/snow/csd/Train/Snow/5070.tif,../raw/snow/csd/Train/Gt/5070.tif,train,snow,csd
train/5071,../raw/snow/csd/Train/Snow/5071.tif,../raw/snow/csd/Train/Gt/5071.tif,train,snow,csd
train/5072,../raw/snow/csd/Train/Snow/5072.tif,../raw/snow/csd/Train/Gt/5072.tif,train,snow,csd
train/5073,../raw/snow/csd/Train/Snow/5073.tif,../raw/snow/csd/Train/Gt/5073.tif,train,snow,csd
train/5074,../raw/snow/csd/Train/Snow/5074.tif,../raw/snow/csd/Train/Gt/5074.tif,train,snow,csd
train/5075,../raw/snow/csd/Train/Snow/5075.tif,../raw/snow/csd/Train/Gt/5075.tif,train,snow,csd
train/5076,../raw/snow/csd/Train/Snow/5076.tif,../raw/snow/csd/Train/Gt/5076.tif,train,snow,csd
train/5077,../raw/snow/csd/Train/Snow/5077.tif,../raw/snow/csd/Train/Gt/5077.tif,val,snow,csd
train/5078,../raw/snow/csd/Train/Snow/5078.tif,../raw/snow/csd/Train/Gt/5078.tif,train,snow,csd
train/5079,../raw/snow/csd/Train/Snow/5079.tif,../raw/snow/csd/Train/Gt/5079.tif,train,snow,csd
train/508,../raw/snow/csd/Train/Snow/508.tif,../raw/snow/csd/Train/Gt/508.tif,train,snow,csd
train/5080,../raw/snow/csd/Train/Snow/5080.tif,../raw/snow/csd/Train/Gt/5080.tif,train,snow,csd
train/5081,../raw/snow/csd/Train/Snow/5081.tif,../raw/snow/csd/Train/Gt/5081.tif,train,snow,csd
train/5082,../raw/snow/csd/Train/Snow/5082.tif,../raw/snow/csd/Train/Gt/5082.tif,train,snow,csd
train/5083,../raw/snow/csd/Train/Snow/5083.tif,../raw/snow/csd/Train/Gt/5083.tif,train,snow,csd
train/5084,../raw/snow/csd/Train/Snow/5084.tif,../raw/snow/csd/Train/Gt/5084.tif,train,snow,csd
train/5085,../raw/snow/csd/Train/Snow/5085.tif,../raw/snow/csd/Train/Gt/5085.tif,train,snow,csd
train/5086,../raw/snow/csd/Train/Snow/5086.tif,../raw/snow/csd/Train/Gt/5086.tif,train,snow,csd
train/5087,../raw/snow/csd/Train/Snow/5087.tif,../raw/snow/csd/Train/Gt/5087.tif,train,snow,csd
train/5088,../raw/snow/csd/Train/Snow/5088.tif,../raw/snow/csd/Train/Gt/5088.tif,train,snow,csd
train/5089,../raw/snow/csd/Train/Snow/5089.tif,../raw/snow/csd/Train/Gt/5089.tif,train,snow,csd
train/509,../raw/snow/csd/Train/Snow/509.tif,../raw/snow/csd/Train/Gt/509.tif,train,snow,csd
train/5090,../raw/snow/csd/Train/Snow/5090.tif,../raw/snow/csd/Train/Gt/5090.tif,train,snow,csd
train/5091,../raw/snow/csd/Train/Snow/5091.tif,../raw/snow/csd/Train/Gt/5091.tif,train,snow,csd
train/5092,../raw/snow/csd/Train/Snow/5092.tif,../raw/snow/csd/Train/Gt/5092.tif,train,snow,csd
train/5093,../raw/snow/csd/Train/Snow/5093.tif,../raw/snow/csd/Train/Gt/5093.tif,train,snow,csd
train/5094,../raw/snow/csd/Train/Snow/5094.tif,../raw/snow/csd/Train/Gt/5094.tif,train,snow,csd
train/5095,../raw/snow/csd/Train/Snow/5095.tif,../raw/snow/csd/Train/Gt/5095.tif,train,snow,csd
train/5096,../raw/snow/csd/Train/Snow/5096.tif,../raw/snow/csd/Train/Gt/5096.tif,train,snow,csd
train/5097,../raw/snow/csd/Train/Snow/5097.tif,../raw/snow/csd/Train/Gt/5097.tif,train,snow,csd
train/5098,../raw/snow/csd/Train/Snow/5098.tif,../raw/snow/csd/Train/Gt/5098.tif,train,snow,csd
train/5099,../raw/snow/csd/Train/Snow/5099.tif,../raw/snow/csd/Train/Gt/5099.tif,train,snow,csd
train/51,../raw/snow/csd/Train/Snow/51.tif,../raw/snow/csd/Train/Gt/51.tif,train,snow,csd
train/510,../raw/snow/csd/Train/Snow/510.tif,../raw/snow/csd/Train/Gt/510.tif,train,snow,csd
train/5100,../raw/snow/csd/Train/Snow/5100.tif,../raw/snow/csd/Train/Gt/5100.tif,train,snow,csd
train/5101,../raw/snow/csd/Train/Snow/5101.tif,../raw/snow/csd/Train/Gt/5101.tif,train,snow,csd
train/5102,../raw/snow/csd/Train/Snow/5102.tif,../raw/snow/csd/Train/Gt/5102.tif,train,snow,csd
train/5103,../raw/snow/csd/Train/Snow/5103.tif,../raw/snow/csd/Train/Gt/5103.tif,train,snow,csd
train/5104,../raw/snow/csd/Train/Snow/5104.tif,../raw/snow/csd/Train/Gt/5104.tif,train,snow,csd
train/5105,../raw/snow/csd/Train/Snow/5105.tif,../raw/snow/csd/Train/Gt/5105.tif,train,snow,csd
train/5106,../raw/snow/csd/Train/Snow/5106.tif,../raw/snow/csd/Train/Gt/5106.tif,train,snow,csd
train/5107,../raw/snow/csd/Train/Snow/5107.tif,../raw/snow/csd/Train/Gt/5107.tif,train,snow,csd
train/5108,../raw/snow/csd/Train/Snow/5108.tif,../raw/snow/csd/Train/Gt/5108.tif,train,snow,csd
train/5109,../raw/snow/csd/Train/Snow/5109.tif,../raw/snow/csd/Train/Gt/5109.tif,train,snow,csd
train/511,../raw/snow/csd/Train/Snow/511.tif,../raw/snow/csd/Train/Gt/511.tif,train,snow,csd
train/5110,../raw/snow/csd/Train/Snow/5110.tif,../raw/snow/csd/Train/Gt/5110.tif,train,snow,csd
train/5111,../raw/snow/csd/Train/Snow/5111.tif,../raw/snow/csd/Train/Gt/5111.tif,train,snow,csd
train/5112,../raw/snow/csd/Train/Snow/5112.tif,../raw/snow/csd/Train/Gt/5112.tif,train,snow,csd
train/5113,../raw/snow/csd/Train/Snow/5113.tif,../raw/snow/csd/Train/Gt/5113.tif,train,snow,csd
train/5114,../raw/snow/csd/Train/Snow/5114.tif,../raw/snow/csd/Train/Gt/5114.tif,train,snow,csd
train/5115,../raw/snow/csd/Train/Snow/5115.tif,../raw/snow/csd/Train/Gt/5115.tif,train,snow,csd
train/5116,../raw/snow/csd/Train/Snow/5116.tif,../raw/snow/csd/Train/Gt/5116.tif,val,snow,csd
train/5117,../raw/snow/csd/Train/Snow/5117.tif,../raw/snow/csd/Train/Gt/5117.tif,val,snow,csd
train/5118,../raw/snow/csd/Train/Snow/5118.tif,../raw/snow/csd/Train/Gt/5118.tif,train,snow,csd
train/5119,../raw/snow/csd/Train/Snow/5119.tif,../raw/snow/csd/Train/Gt/5119.tif,train,snow,csd
train/512,../raw/snow/csd/Train/Snow/512.tif,../raw/snow/csd/Train/Gt/512.tif,val,snow,csd
train/5120,../raw/snow/csd/Train/Snow/5120.tif,../raw/snow/csd/Train/Gt/5120.tif,train,snow,csd
train/5121,../raw/snow/csd/Train/Snow/5121.tif,../raw/snow/csd/Train/Gt/5121.tif,val,snow,csd
train/5122,../raw/snow/csd/Train/Snow/5122.tif,../raw/snow/csd/Train/Gt/5122.tif,train,snow,csd
train/5123,../raw/snow/csd/Train/Snow/5123.tif,../raw/snow/csd/Train/Gt/5123.tif,train,snow,csd
train/5124,../raw/snow/csd/Train/Snow/5124.tif,../raw/snow/csd/Train/Gt/5124.tif,train,snow,csd
train/5125,../raw/snow/csd/Train/Snow/5125.tif,../raw/snow/csd/Train/Gt/5125.tif,train,snow,csd
train/5126,../raw/snow/csd/Train/Snow/5126.tif,../raw/snow/csd/Train/Gt/5126.tif,train,snow,csd
train/5127,../raw/snow/csd/Train/Snow/5127.tif,../raw/snow/csd/Train/Gt/5127.tif,train,snow,csd
train/5128,../raw/snow/csd/Train/Snow/5128.tif,../raw/snow/csd/Train/Gt/5128.tif,train,snow,csd
train/5129,../raw/snow/csd/Train/Snow/5129.tif,../raw/snow/csd/Train/Gt/5129.tif,train,snow,csd
train/513,../raw/snow/csd/Train/Snow/513.tif,../raw/snow/csd/Train/Gt/513.tif,val,snow,csd
train/5130,../raw/snow/csd/Train/Snow/5130.tif,../raw/snow/csd/Train/Gt/5130.tif,train,snow,csd
train/5131,../raw/snow/csd/Train/Snow/5131.tif,../raw/snow/csd/Train/Gt/5131.tif,train,snow,csd
train/5132,../raw/snow/csd/Train/Snow/5132.tif,../raw/snow/csd/Train/Gt/5132.tif,train,snow,csd
train/5133,../raw/snow/csd/Train/Snow/5133.tif,../raw/snow/csd/Train/Gt/5133.tif,train,snow,csd
train/5134,../raw/snow/csd/Train/Snow/5134.tif,../raw/snow/csd/Train/Gt/5134.tif,train,snow,csd
train/5135,../raw/snow/csd/Train/Snow/5135.tif,../raw/snow/csd/Train/Gt/5135.tif,train,snow,csd
train/5136,../raw/snow/csd/Train/Snow/5136.tif,../raw/snow/csd/Train/Gt/5136.tif,train,snow,csd
train/5137,../raw/snow/csd/Train/Snow/5137.tif,../raw/snow/csd/Train/Gt/5137.tif,train,snow,csd
train/5138,../raw/snow/csd/Train/Snow/5138.tif,../raw/snow/csd/Train/Gt/5138.tif,train,snow,csd
train/5139,../raw/snow/csd/Train/Snow/5139.tif,../raw/snow/csd/Train/Gt/5139.tif,train,snow,csd
train/514,../raw/snow/csd/Train/Snow/514.tif,../raw/snow/csd/Train/Gt/514.tif,train,snow,csd
train/5140,../raw/snow/csd/Train/Snow/5140.tif,../raw/snow/csd/Train/Gt/5140.tif,train,snow,csd
train/5141,../raw/snow/csd/Train/Snow/5141.tif,../raw/snow/csd/Train/Gt/5141.tif,train,snow,csd
train/5142,../raw/snow/csd/Train/Snow/5142.tif,../raw/snow/csd/Train/Gt/5142.tif,train,snow,csd
train/5143,../raw/snow/csd/Train/Snow/5143.tif,../raw/snow/csd/Train/Gt/5143.tif,train,snow,csd
train/5144,../raw/snow/csd/Train/Snow/5144.tif,../raw/snow/csd/Train/Gt/5144.tif,train,snow,csd
train/5145,../raw/snow/csd/Train/Snow/5145.tif,../raw/snow/csd/Train/Gt/5145.tif,train,snow,csd
train/5146,../raw/snow/csd/Train/Snow/5146.tif,../raw/snow/csd/Train/Gt/5146.tif,train,snow,csd
train/5147,../raw/snow/csd/Train/Snow/5147.tif,../raw/snow/csd/Train/Gt/5147.tif,train,snow,csd
train/5148,../raw/snow/csd/Train/Snow/5148.tif,../raw/snow/csd/Train/Gt/5148.tif,train,snow,csd
train/5149,../raw/snow/csd/Train/Snow/5149.tif,../raw/snow/csd/Train/Gt/5149.tif,train,snow,csd
train/515,../raw/snow/csd/Train/Snow/515.tif,../raw/snow/csd/Train/Gt/515.tif,train,snow,csd
train/5150,../raw/snow/csd/Train/Snow/5150.tif,../raw/snow/csd/Train/Gt/5150.tif,train,snow,csd
train/5151,../raw/snow/csd/Train/Snow/5151.tif,../raw/snow/csd/Train/Gt/5151.tif,val,snow,csd
train/5152,../raw/snow/csd/Train/Snow/5152.tif,../raw/snow/csd/Train/Gt/5152.tif,train,snow,csd
train/5153,../raw/snow/csd/Train/Snow/5153.tif,../raw/snow/csd/Train/Gt/5153.tif,train,snow,csd
train/5154,../raw/snow/csd/Train/Snow/5154.tif,../raw/snow/csd/Train/Gt/5154.tif,train,snow,csd
train/5155,../raw/snow/csd/Train/Snow/5155.tif,../raw/snow/csd/Train/Gt/5155.tif,train,snow,csd
train/5156,../raw/snow/csd/Train/Snow/5156.tif,../raw/snow/csd/Train/Gt/5156.tif,train,snow,csd
train/5157,../raw/snow/csd/Train/Snow/5157.tif,../raw/snow/csd/Train/Gt/5157.tif,train,snow,csd
train/5158,../raw/snow/csd/Train/Snow/5158.tif,../raw/snow/csd/Train/Gt/5158.tif,train,snow,csd
train/5159,../raw/snow/csd/Train/Snow/5159.tif,../raw/snow/csd/Train/Gt/5159.tif,train,snow,csd
train/516,../raw/snow/csd/Train/Snow/516.tif,../raw/snow/csd/Train/Gt/516.tif,train,snow,csd
train/5160,../raw/snow/csd/Train/Snow/5160.tif,../raw/snow/csd/Train/Gt/5160.tif,train,snow,csd
train/5161,../raw/snow/csd/Train/Snow/5161.tif,../raw/snow/csd/Train/Gt/5161.tif,train,snow,csd
train/5162,../raw/snow/csd/Train/Snow/5162.tif,../raw/snow/csd/Train/Gt/5162.tif,train,snow,csd
train/5163,../raw/snow/csd/Train/Snow/5163.tif,../raw/snow/csd/Train/Gt/5163.tif,train,snow,csd
train/5164,../raw/snow/csd/Train/Snow/5164.tif,../raw/snow/csd/Train/Gt/5164.tif,train,snow,csd
train/5165,../raw/snow/csd/Train/Snow/5165.tif,../raw/snow/csd/Train/Gt/5165.tif,val,snow,csd
train/5166,../raw/snow/csd/Train/Snow/5166.tif,../raw/snow/csd/Train/Gt/5166.tif,train,snow,csd
train/5167,../raw/snow/csd/Train/Snow/5167.tif,../raw/snow/csd/Train/Gt/5167.tif,train,snow,csd
train/5168,../raw/snow/csd/Train/Snow/5168.tif,../raw/snow/csd/Train/Gt/5168.tif,train,snow,csd
train/5169,../raw/snow/csd/Train/Snow/5169.tif,../raw/snow/csd/Train/Gt/5169.tif,train,snow,csd
train/517,../raw/snow/csd/Train/Snow/517.tif,../raw/snow/csd/Train/Gt/517.tif,train,snow,csd
train/5170,../raw/snow/csd/Train/Snow/5170.tif,../raw/snow/csd/Train/Gt/5170.tif,train,snow,csd
train/5171,../raw/snow/csd/Train/Snow/5171.tif,../raw/snow/csd/Train/Gt/5171.tif,train,snow,csd
train/5172,../raw/snow/csd/Train/Snow/5172.tif,../raw/snow/csd/Train/Gt/5172.tif,train,snow,csd
train/5173,../raw/snow/csd/Train/Snow/5173.tif,../raw/snow/csd/Train/Gt/5173.tif,train,snow,csd
train/5174,../raw/snow/csd/Train/Snow/5174.tif,../raw/snow/csd/Train/Gt/5174.tif,train,snow,csd
train/5175,../raw/snow/csd/Train/Snow/5175.tif,../raw/snow/csd/Train/Gt/5175.tif,train,snow,csd
train/5176,../raw/snow/csd/Train/Snow/5176.tif,../raw/snow/csd/Train/Gt/5176.tif,train,snow,csd
train/5177,../raw/snow/csd/Train/Snow/5177.tif,../raw/snow/csd/Train/Gt/5177.tif,train,snow,csd
train/5178,../raw/snow/csd/Train/Snow/5178.tif,../raw/snow/csd/Train/Gt/5178.tif,train,snow,csd
train/5179,../raw/snow/csd/Train/Snow/5179.tif,../raw/snow/csd/Train/Gt/5179.tif,train,snow,csd
train/518,../raw/snow/csd/Train/Snow/518.tif,../raw/snow/csd/Train/Gt/518.tif,train,snow,csd
train/5180,../raw/snow/csd/Train/Snow/5180.tif,../raw/snow/csd/Train/Gt/5180.tif,train,snow,csd
train/5181,../raw/snow/csd/Train/Snow/5181.tif,../raw/snow/csd/Train/Gt/5181.tif,train,snow,csd
train/5182,../raw/snow/csd/Train/Snow/5182.tif,../raw/snow/csd/Train/Gt/5182.tif,train,snow,csd
train/5183,../raw/snow/csd/Train/Snow/5183.tif,../raw/snow/csd/Train/Gt/5183.tif,train,snow,csd
train/5184,../raw/snow/csd/Train/Snow/5184.tif,../raw/snow/csd/Train/Gt/5184.tif,train,snow,csd
train/5185,../raw/snow/csd/Train/Snow/5185.tif,../raw/snow/csd/Train/Gt/5185.tif,val,snow,csd
train/5186,../raw/snow/csd/Train/Snow/5186.tif,../raw/snow/csd/Train/Gt/5186.tif,train,snow,csd
train/5187,../raw/snow/csd/Train/Snow/5187.tif,../raw/snow/csd/Train/Gt/5187.tif,train,snow,csd
train/5188,../raw/snow/csd/Train/Snow/5188.tif,../raw/snow/csd/Train/Gt/5188.tif,train,snow,csd
train/5189,../raw/snow/csd/Train/Snow/5189.tif,../raw/snow/csd/Train/Gt/5189.tif,train,snow,csd
train/519,../raw/snow/csd/Train/Snow/519.tif,../raw/snow/csd/Train/Gt/519.tif,train,snow,csd
train/5190,../raw/snow/csd/Train/Snow/5190.tif,../raw/snow/csd/Train/Gt/5190.tif,train,snow,csd
train/5191,../raw/snow/csd/Train/Snow/5191.tif,../raw/snow/csd/Train/Gt/5191.tif,train,snow,csd
train/5192,../raw/snow/csd/Train/Snow/5192.tif,../raw/snow/csd/Train/Gt/5192.tif,train,snow,csd
train/5193,../raw/snow/csd/Train/Snow/5193.tif,../raw/snow/csd/Train/Gt/5193.tif,train,snow,csd
train/5194,../raw/snow/csd/Train/Snow/5194.tif,../raw/snow/csd/Train/Gt/5194.tif,train,snow,csd
train/5195,../raw/snow/csd/Train/Snow/5195.tif,../raw/snow/csd/Train/Gt/5195.tif,train,snow,csd
train/5196,../raw/snow/csd/Train/Snow/5196.tif,../raw/snow/csd/Train/Gt/5196.tif,train,snow,csd
train/5197,../raw/snow/csd/Train/Snow/5197.tif,../raw/snow/csd/Train/Gt/5197.tif,train,snow,csd
train/5198,../raw/snow/csd/Train/Snow/5198.tif,../raw/snow/csd/Train/Gt/5198.tif,train,snow,csd
train/5199,../raw/snow/csd/Train/Snow/5199.tif,../raw/snow/csd/Train/Gt/5199.tif,train,snow,csd
train/52,../raw/snow/csd/Train/Snow/52.tif,../raw/snow/csd/Train/Gt/52.tif,val,snow,csd
train/520,../raw/snow/csd/Train/Snow/520.tif,../raw/snow/csd/Train/Gt/520.tif,train,snow,csd
train/5200,../raw/snow/csd/Train/Snow/5200.tif,../raw/snow/csd/Train/Gt/5200.tif,val,snow,csd
train/5201,../raw/snow/csd/Train/Snow/5201.tif,../raw/snow/csd/Train/Gt/5201.tif,train,snow,csd
train/5202,../raw/snow/csd/Train/Snow/5202.tif,../raw/snow/csd/Train/Gt/5202.tif,train,snow,csd
train/5203,../raw/snow/csd/Train/Snow/5203.tif,../raw/snow/csd/Train/Gt/5203.tif,train,snow,csd
train/5204,../raw/snow/csd/Train/Snow/5204.tif,../raw/snow/csd/Train/Gt/5204.tif,train,snow,csd
train/5205,../raw/snow/csd/Train/Snow/5205.tif,../raw/snow/csd/Train/Gt/5205.tif,train,snow,csd
train/5206,../raw/snow/csd/Train/Snow/5206.tif,../raw/snow/csd/Train/Gt/5206.tif,train,snow,csd
train/5207,../raw/snow/csd/Train/Snow/5207.tif,../raw/snow/csd/Train/Gt/5207.tif,val,snow,csd
train/5208,../raw/snow/csd/Train/Snow/5208.tif,../raw/snow/csd/Train/Gt/5208.tif,train,snow,csd
train/5209,../raw/snow/csd/Train/Snow/5209.tif,../raw/snow/csd/Train/Gt/5209.tif,train,snow,csd
train/521,../raw/snow/csd/Train/Snow/521.tif,../raw/snow/csd/Train/Gt/521.tif,train,snow,csd
train/5210,../raw/snow/csd/Train/Snow/5210.tif,../raw/snow/csd/Train/Gt/5210.tif,train,snow,csd
train/5211,../raw/snow/csd/Train/Snow/5211.tif,../raw/snow/csd/Train/Gt/5211.tif,train,snow,csd
train/5212,../raw/snow/csd/Train/Snow/5212.tif,../raw/snow/csd/Train/Gt/5212.tif,train,snow,csd
train/5213,../raw/snow/csd/Train/Snow/5213.tif,../raw/snow/csd/Train/Gt/5213.tif,train,snow,csd
train/5214,../raw/snow/csd/Train/Snow/5214.tif,../raw/snow/csd/Train/Gt/5214.tif,val,snow,csd
train/5215,../raw/snow/csd/Train/Snow/5215.tif,../raw/snow/csd/Train/Gt/5215.tif,train,snow,csd
train/5216,../raw/snow/csd/Train/Snow/5216.tif,../raw/snow/csd/Train/Gt/5216.tif,train,snow,csd
train/5217,../raw/snow/csd/Train/Snow/5217.tif,../raw/snow/csd/Train/Gt/5217.tif,train,snow,csd
train/5218,../raw/snow/csd/Train/Snow/5218.tif,../raw/snow/csd/Train/Gt/5218.tif,train,snow,csd
train/5219,../raw/snow/csd/Train/Snow/5219.tif,../raw/snow/csd/Train/Gt/5219.tif,train,snow,csd
train/522,../raw/snow/csd/Train/Snow/522.tif,../raw/snow/csd/Train/Gt/522.tif,train,snow,csd
train/5220,../raw/snow/csd/Train/Snow/5220.tif,../raw/snow/csd/Train/Gt/5220.tif,val,snow,csd
train/5221,../raw/snow/csd/Train/Snow/5221.tif,../raw/snow/csd/Train/Gt/5221.tif,train,snow,csd
train/5222,../raw/snow/csd/Train/Snow/5222.tif,../raw/snow/csd/Train/Gt/5222.tif,train,snow,csd
train/5223,../raw/snow/csd/Train/Snow/5223.tif,../raw/snow/csd/Train/Gt/5223.tif,train,snow,csd
train/5224,../raw/snow/csd/Train/Snow/5224.tif,../raw/snow/csd/Train/Gt/5224.tif,train,snow,csd
train/5225,../raw/snow/csd/Train/Snow/5225.tif,../raw/snow/csd/Train/Gt/5225.tif,train,snow,csd
train/5226,../raw/snow/csd/Train/Snow/5226.tif,../raw/snow/csd/Train/Gt/5226.tif,train,snow,csd
train/5227,../raw/snow/csd/Train/Snow/5227.tif,../raw/snow/csd/Train/Gt/5227.tif,train,snow,csd
train/5228,../raw/snow/csd/Train/Snow/5228.tif,../raw/snow/csd/Train/Gt/5228.tif,train,snow,csd
train/5229,../raw/snow/csd/Train/Snow/5229.tif,../raw/snow/csd/Train/Gt/5229.tif,train,snow,csd
train/523,../raw/snow/csd/Train/Snow/523.tif,../raw/snow/csd/Train/Gt/523.tif,train,snow,csd
train/5230,../raw/snow/csd/Train/Snow/5230.tif,../raw/snow/csd/Train/Gt/5230.tif,train,snow,csd
train/5231,../raw/snow/csd/Train/Snow/5231.tif,../raw/snow/csd/Train/Gt/5231.tif,train,snow,csd
train/5232,../raw/snow/csd/Train/Snow/5232.tif,../raw/snow/csd/Train/Gt/5232.tif,val,snow,csd
train/5233,../raw/snow/csd/Train/Snow/5233.tif,../raw/snow/csd/Train/Gt/5233.tif,train,snow,csd
train/5234,../raw/snow/csd/Train/Snow/5234.tif,../raw/snow/csd/Train/Gt/5234.tif,train,snow,csd
train/5235,../raw/snow/csd/Train/Snow/5235.tif,../raw/snow/csd/Train/Gt/5235.tif,train,snow,csd
train/5236,../raw/snow/csd/Train/Snow/5236.tif,../raw/snow/csd/Train/Gt/5236.tif,val,snow,csd
train/5237,../raw/snow/csd/Train/Snow/5237.tif,../raw/snow/csd/Train/Gt/5237.tif,train,snow,csd
train/5238,../raw/snow/csd/Train/Snow/5238.tif,../raw/snow/csd/Train/Gt/5238.tif,train,snow,csd
train/5239,../raw/snow/csd/Train/Snow/5239.tif,../raw/snow/csd/Train/Gt/5239.tif,train,snow,csd
train/524,../raw/snow/csd/Train/Snow/524.tif,../raw/snow/csd/Train/Gt/524.tif,train,snow,csd
train/5240,../raw/snow/csd/Train/Snow/5240.tif,../raw/snow/csd/Train/Gt/5240.tif,val,snow,csd
train/5241,../raw/snow/csd/Train/Snow/5241.tif,../raw/snow/csd/Train/Gt/5241.tif,train,snow,csd
train/5242,../raw/snow/csd/Train/Snow/5242.tif,../raw/snow/csd/Train/Gt/5242.tif,train,snow,csd
train/5243,../raw/snow/csd/Train/Snow/5243.tif,../raw/snow/csd/Train/Gt/5243.tif,train,snow,csd
train/5244,../raw/snow/csd/Train/Snow/5244.tif,../raw/snow/csd/Train/Gt/5244.tif,train,snow,csd
train/5245,../raw/snow/csd/Train/Snow/5245.tif,../raw/snow/csd/Train/Gt/5245.tif,train,snow,csd
train/5246,../raw/snow/csd/Train/Snow/5246.tif,../raw/snow/csd/Train/Gt/5246.tif,train,snow,csd
train/5247,../raw/snow/csd/Train/Snow/5247.tif,../raw/snow/csd/Train/Gt/5247.tif,val,snow,csd
train/5248,../raw/snow/csd/Train/Snow/5248.tif,../raw/snow/csd/Train/Gt/5248.tif,train,snow,csd
train/5249,../raw/snow/csd/Train/Snow/5249.tif,../raw/snow/csd/Train/Gt/5249.tif,train,snow,csd
train/525,../raw/snow/csd/Train/Snow/525.tif,../raw/snow/csd/Train/Gt/525.tif,train,snow,csd
train/5250,../raw/snow/csd/Train/Snow/5250.tif,../raw/snow/csd/Train/Gt/5250.tif,train,snow,csd
train/5251,../raw/snow/csd/Train/Snow/5251.tif,../raw/snow/csd/Train/Gt/5251.tif,train,snow,csd
train/5252,../raw/snow/csd/Train/Snow/5252.tif,../raw/snow/csd/Train/Gt/5252.tif,train,snow,csd
train/5253,../raw/snow/csd/Train/Snow/5253.tif,../raw/snow/csd/Train/Gt/5253.tif,train,snow,csd
train/5254,../raw/snow/csd/Train/Snow/5254.tif,../raw/snow/csd/Train/Gt/5254.tif,train,snow,csd
train/5255,../raw/snow/csd/Train/Snow/5255.tif,../raw/snow/csd/Train/Gt/5255.tif,train,snow,csd
train/5256,../raw/snow/csd/Train/Snow/5256.tif,../raw/snow/csd/Train/Gt/5256.tif,train,snow,csd
train/5257,../raw/snow/csd/Train/Snow/5257.tif,../raw/snow/csd/Train/Gt/5257.tif,val,snow,csd
train/5258,../raw/snow/csd/Train/Snow/5258.tif,../raw/snow/csd/Train/Gt/5258.tif,train,snow,csd
train/5259,../raw/snow/csd/Train/Snow/5259.tif,../raw/snow/csd/Train/Gt/5259.tif,train,snow,csd
train/526,../raw/snow/csd/Train/Snow/526.tif,../raw/snow/csd/Train/Gt/526.tif,train,snow,csd
train/5260,../raw/snow/csd/Train/Snow/5260.tif,../raw/snow/csd/Train/Gt/5260.tif,train,snow,csd
train/5261,../raw/snow/csd/Train/Snow/5261.tif,../raw/snow/csd/Train/Gt/5261.tif,val,snow,csd
train/5262,../raw/snow/csd/Train/Snow/5262.tif,../raw/snow/csd/Train/Gt/5262.tif,train,snow,csd
train/5263,../raw/snow/csd/Train/Snow/5263.tif,../raw/snow/csd/Train/Gt/5263.tif,train,snow,csd
train/5264,../raw/snow/csd/Train/Snow/5264.tif,../raw/snow/csd/Train/Gt/5264.tif,train,snow,csd
train/5265,../raw/snow/csd/Train/Snow/5265.tif,../raw/snow/csd/Train/Gt/5265.tif,train,snow,csd
train/5266,../raw/snow/csd/Train/Snow/5266.tif,../raw/snow/csd/Train/Gt/5266.tif,train,snow,csd
train/5267,../raw/snow/csd/Train/Snow/5267.tif,../raw/snow/csd/Train/Gt/5267.tif,val,snow,csd
train/5268,../raw/snow/csd/Train/Snow/5268.tif,../raw/snow/csd/Train/Gt/5268.tif,val,snow,csd
train/5269,../raw/snow/csd/Train/Snow/5269.tif,../raw/snow/csd/Train/Gt/5269.tif,val,snow,csd
train/527,../raw/snow/csd/Train/Snow/527.tif,../raw/snow/csd/Train/Gt/527.tif,train,snow,csd
train/5270,../raw/snow/csd/Train/Snow/5270.tif,../raw/snow/csd/Train/Gt/5270.tif,val,snow,csd
train/5271,../raw/snow/csd/Train/Snow/5271.tif,../raw/snow/csd/Train/Gt/5271.tif,train,snow,csd
train/5272,../raw/snow/csd/Train/Snow/5272.tif,../raw/snow/csd/Train/Gt/5272.tif,train,snow,csd
train/5273,../raw/snow/csd/Train/Snow/5273.tif,../raw/snow/csd/Train/Gt/5273.tif,train,snow,csd
train/5274,../raw/snow/csd/Train/Snow/5274.tif,../raw/snow/csd/Train/Gt/5274.tif,train,snow,csd
train/5275,../raw/snow/csd/Train/Snow/5275.tif,../raw/snow/csd/Train/Gt/5275.tif,val,snow,csd
train/5276,../raw/snow/csd/Train/Snow/5276.tif,../raw/snow/csd/Train/Gt/5276.tif,train,snow,csd
train/5277,../raw/snow/csd/Train/Snow/5277.tif,../raw/snow/csd/Train/Gt/5277.tif,train,snow,csd
train/5278,../raw/snow/csd/Train/Snow/5278.tif,../raw/snow/csd/Train/Gt/5278.tif,train,snow,csd
train/5279,../raw/snow/csd/Train/Snow/5279.tif,../raw/snow/csd/Train/Gt/5279.tif,train,snow,csd
train/528,../raw/snow/csd/Train/Snow/528.tif,../raw/snow/csd/Train/Gt/528.tif,train,snow,csd
train/5280,../raw/snow/csd/Train/Snow/5280.tif,../raw/snow/csd/Train/Gt/5280.tif,train,snow,csd
train/5281,../raw/snow/csd/Train/Snow/5281.tif,../raw/snow/csd/Train/Gt/5281.tif,train,snow,csd
train/5282,../raw/snow/csd/Train/Snow/5282.tif,../raw/snow/csd/Train/Gt/5282.tif,train,snow,csd
train/5283,../raw/snow/csd/Train/Snow/5283.tif,../raw/snow/csd/Train/Gt/5283.tif,train,snow,csd
train/5284,../raw/snow/csd/Train/Snow/5284.tif,../raw/snow/csd/Train/Gt/5284.tif,train,snow,csd
train/5285,../raw/snow/csd/Train/Snow/5285.tif,../raw/snow/csd/Train/Gt/5285.tif,train,snow,csd
train/5286,../raw/snow/csd/Train/Snow/5286.tif,../raw/snow/csd/Train/Gt/5286.tif,train,snow,csd
train/5287,../raw/snow/csd/Train/Snow/5287.tif,../raw/snow/csd/Train/Gt/5287.tif,train,snow,csd
train/5288,../raw/snow/csd/Train/Snow/5288.tif,../raw/snow/csd/Train/Gt/5288.tif,train,snow,csd
train/5289,../raw/snow/csd/Train/Snow/5289.tif,../raw/snow/csd/Train/Gt/5289.tif,train,snow,csd
train/529,../raw/snow/csd/Train/Snow/529.tif,../raw/snow/csd/Train/Gt/529.tif,train,snow,csd
train/5290,../raw/snow/csd/Train/Snow/5290.tif,../raw/snow/csd/Train/Gt/5290.tif,train,snow,csd
train/5291,../raw/snow/csd/Train/Snow/5291.tif,../raw/snow/csd/Train/Gt/5291.tif,train,snow,csd
train/5292,../raw/snow/csd/Train/Snow/5292.tif,../raw/snow/csd/Train/Gt/5292.tif,train,snow,csd
train/5293,../raw/snow/csd/Train/Snow/5293.tif,../raw/snow/csd/Train/Gt/5293.tif,train,snow,csd
train/5294,../raw/snow/csd/Train/Snow/5294.tif,../raw/snow/csd/Train/Gt/5294.tif,val,snow,csd
train/5295,../raw/snow/csd/Train/Snow/5295.tif,../raw/snow/csd/Train/Gt/5295.tif,train,snow,csd
train/5296,../raw/snow/csd/Train/Snow/5296.tif,../raw/snow/csd/Train/Gt/5296.tif,train,snow,csd
train/5297,../raw/snow/csd/Train/Snow/5297.tif,../raw/snow/csd/Train/Gt/5297.tif,train,snow,csd
train/5298,../raw/snow/csd/Train/Snow/5298.tif,../raw/snow/csd/Train/Gt/5298.tif,train,snow,csd
train/5299,../raw/snow/csd/Train/Snow/5299.tif,../raw/snow/csd/Train/Gt/5299.tif,train,snow,csd
train/53,../raw/snow/csd/Train/Snow/53.tif,../raw/snow/csd/Train/Gt/53.tif,train,snow,csd
train/530,../raw/snow/csd/Train/Snow/530.tif,../raw/snow/csd/Train/Gt/530.tif,train,snow,csd
train/5300,../raw/snow/csd/Train/Snow/5300.tif,../raw/snow/csd/Train/Gt/5300.tif,train,snow,csd
train/5301,../raw/snow/csd/Train/Snow/5301.tif,../raw/snow/csd/Train/Gt/5301.tif,train,snow,csd
train/5302,../raw/snow/csd/Train/Snow/5302.tif,../raw/snow/csd/Train/Gt/5302.tif,train,snow,csd
train/5303,../raw/snow/csd/Train/Snow/5303.tif,../raw/snow/csd/Train/Gt/5303.tif,train,snow,csd
train/5304,../raw/snow/csd/Train/Snow/5304.tif,../raw/snow/csd/Train/Gt/5304.tif,train,snow,csd
train/5305,../raw/snow/csd/Train/Snow/5305.tif,../raw/snow/csd/Train/Gt/5305.tif,train,snow,csd
train/5306,../raw/snow/csd/Train/Snow/5306.tif,../raw/snow/csd/Train/Gt/5306.tif,train,snow,csd
train/5307,../raw/snow/csd/Train/Snow/5307.tif,../raw/snow/csd/Train/Gt/5307.tif,train,snow,csd
train/5308,../raw/snow/csd/Train/Snow/5308.tif,../raw/snow/csd/Train/Gt/5308.tif,train,snow,csd
train/5309,../raw/snow/csd/Train/Snow/5309.tif,../raw/snow/csd/Train/Gt/5309.tif,train,snow,csd
train/531,../raw/snow/csd/Train/Snow/531.tif,../raw/snow/csd/Train/Gt/531.tif,train,snow,csd
train/5310,../raw/snow/csd/Train/Snow/5310.tif,../raw/snow/csd/Train/Gt/5310.tif,val,snow,csd
train/5311,../raw/snow/csd/Train/Snow/5311.tif,../raw/snow/csd/Train/Gt/5311.tif,train,snow,csd
train/5312,../raw/snow/csd/Train/Snow/5312.tif,../raw/snow/csd/Train/Gt/5312.tif,train,snow,csd
train/5313,../raw/snow/csd/Train/Snow/5313.tif,../raw/snow/csd/Train/Gt/5313.tif,train,snow,csd
train/5314,../raw/snow/csd/Train/Snow/5314.tif,../raw/snow/csd/Train/Gt/5314.tif,train,snow,csd
train/5315,../raw/snow/csd/Train/Snow/5315.tif,../raw/snow/csd/Train/Gt/5315.tif,train,snow,csd
train/5316,../raw/snow/csd/Train/Snow/5316.tif,../raw/snow/csd/Train/Gt/5316.tif,train,snow,csd
train/5317,../raw/snow/csd/Train/Snow/5317.tif,../raw/snow/csd/Train/Gt/5317.tif,train,snow,csd
train/5318,../raw/snow/csd/Train/Snow/5318.tif,../raw/snow/csd/Train/Gt/5318.tif,train,snow,csd
train/5319,../raw/snow/csd/Train/Snow/5319.tif,../raw/snow/csd/Train/Gt/5319.tif,train,snow,csd
train/532,../raw/snow/csd/Train/Snow/532.tif,../raw/snow/csd/Train/Gt/532.tif,train,snow,csd
train/5320,../raw/snow/csd/Train/Snow/5320.tif,../raw/snow/csd/Train/Gt/5320.tif,train,snow,csd
train/5321,../raw/snow/csd/Train/Snow/5321.tif,../raw/snow/csd/Train/Gt/5321.tif,train,snow,csd
train/5322,../raw/snow/csd/Train/Snow/5322.tif,../raw/snow/csd/Train/Gt/5322.tif,train,snow,csd
train/5323,../raw/snow/csd/Train/Snow/5323.tif,../raw/snow/csd/Train/Gt/5323.tif,train,snow,csd
train/5324,../raw/snow/csd/Train/Snow/5324.tif,../raw/snow/csd/Train/Gt/5324.tif,train,snow,csd
train/5325,../raw/snow/csd/Train/Snow/5325.tif,../raw/snow/csd/Train/Gt/5325.tif,train,snow,csd
train/5326,../raw/snow/csd/Train/Snow/5326.tif,../raw/snow/csd/Train/Gt/5326.tif,train,snow,csd
train/5327,../raw/snow/csd/Train/Snow/5327.tif,../raw/snow/csd/Train/Gt/5327.tif,train,snow,csd
train/5328,../raw/snow/csd/Train/Snow/5328.tif,../raw/snow/csd/Train/Gt/5328.tif,train,snow,csd
train/5329,../raw/snow/csd/Train/Snow/5329.tif,../raw/snow/csd/Train/Gt/5329.tif,train,snow,csd
train/533,../raw/snow/csd/Train/Snow/533.tif,../raw/snow/csd/Train/Gt/533.tif,train,snow,csd
train/5330,../raw/snow/csd/Train/Snow/5330.tif,../raw/snow/csd/Train/Gt/5330.tif,train,snow,csd
train/5331,../raw/snow/csd/Train/Snow/5331.tif,../raw/snow/csd/Train/Gt/5331.tif,train,snow,csd
train/5332,../raw/snow/csd/Train/Snow/5332.tif,../raw/snow/csd/Train/Gt/5332.tif,train,snow,csd
train/5333,../raw/snow/csd/Train/Snow/5333.tif,../raw/snow/csd/Train/Gt/5333.tif,train,snow,csd
train/5334,../raw/snow/csd/Train/Snow/5334.tif,../raw/snow/csd/Train/Gt/5334.tif,train,snow,csd
train/5335,../raw/snow/csd/Train/Snow/5335.tif,../raw/snow/csd/Train/Gt/5335.tif,train,snow,csd
train/5336,../raw/snow/csd/Train/Snow/5336.tif,../raw/snow/csd/Train/Gt/5336.tif,train,snow,csd
train/5337,../raw/snow/csd/Train/Snow/5337.tif,../raw/snow/csd/Train/Gt/5337.tif,train,snow,csd
train/5338,../raw/snow/csd/Train/Snow/5338.tif,../raw/snow/csd/Train/Gt/5338.tif,train,snow,csd
train/5339,../raw/snow/csd/Train/Snow/5339.tif,../raw/snow/csd/Train/Gt/5339.tif,train,snow,csd
train/534,../raw/snow/csd/Train/Snow/534.tif,../raw/snow/csd/Train/Gt/534.tif,train,snow,csd
train/5340,../raw/snow/csd/Train/Snow/5340.tif,../raw/snow/csd/Train/Gt/5340.tif,train,snow,csd
train/5341,../raw/snow/csd/Train/Snow/5341.tif,../raw/snow/csd/Train/Gt/5341.tif,train,snow,csd
train/5342,../raw/snow/csd/Train/Snow/5342.tif,../raw/snow/csd/Train/Gt/5342.tif,train,snow,csd
train/5343,../raw/snow/csd/Train/Snow/5343.tif,../raw/snow/csd/Train/Gt/5343.tif,train,snow,csd
train/5344,../raw/snow/csd/Train/Snow/5344.tif,../raw/snow/csd/Train/Gt/5344.tif,train,snow,csd
train/5345,../raw/snow/csd/Train/Snow/5345.tif,../raw/snow/csd/Train/Gt/5345.tif,train,snow,csd
train/5346,../raw/snow/csd/Train/Snow/5346.tif,../raw/snow/csd/Train/Gt/5346.tif,train,snow,csd
train/5347,../raw/snow/csd/Train/Snow/5347.tif,../raw/snow/csd/Train/Gt/5347.tif,train,snow,csd
train/5348,../raw/snow/csd/Train/Snow/5348.tif,../raw/snow/csd/Train/Gt/5348.tif,train,snow,csd
train/5349,../raw/snow/csd/Train/Snow/5349.tif,../raw/snow/csd/Train/Gt/5349.tif,train,snow,csd
train/535,../raw/snow/csd/Train/Snow/535.tif,../raw/snow/csd/Train/Gt/535.tif,train,snow,csd
train/5350,../raw/snow/csd/Train/Snow/5350.tif,../raw/snow/csd/Train/Gt/5350.tif,train,snow,csd
train/5351,../raw/snow/csd/Train/Snow/5351.tif,../raw/snow/csd/Train/Gt/5351.tif,train,snow,csd
train/5352,../raw/snow/csd/Train/Snow/5352.tif,../raw/snow/csd/Train/Gt/5352.tif,train,snow,csd
train/5353,../raw/snow/csd/Train/Snow/5353.tif,../raw/snow/csd/Train/Gt/5353.tif,train,snow,csd
train/5354,../raw/snow/csd/Train/Snow/5354.tif,../raw/snow/csd/Train/Gt/5354.tif,train,snow,csd
train/5355,../raw/snow/csd/Train/Snow/5355.tif,../raw/snow/csd/Train/Gt/5355.tif,train,snow,csd
train/5356,../raw/snow/csd/Train/Snow/5356.tif,../raw/snow/csd/Train/Gt/5356.tif,train,snow,csd
train/5357,../raw/snow/csd/Train/Snow/5357.tif,../raw/snow/csd/Train/Gt/5357.tif,train,snow,csd
train/5358,../raw/snow/csd/Train/Snow/5358.tif,../raw/snow/csd/Train/Gt/5358.tif,train,snow,csd
train/5359,../raw/snow/csd/Train/Snow/5359.tif,../raw/snow/csd/Train/Gt/5359.tif,train,snow,csd
train/536,../raw/snow/csd/Train/Snow/536.tif,../raw/snow/csd/Train/Gt/536.tif,train,snow,csd
train/5360,../raw/snow/csd/Train/Snow/5360.tif,../raw/snow/csd/Train/Gt/5360.tif,val,snow,csd
train/5361,../raw/snow/csd/Train/Snow/5361.tif,../raw/snow/csd/Train/Gt/5361.tif,train,snow,csd
train/5362,../raw/snow/csd/Train/Snow/5362.tif,../raw/snow/csd/Train/Gt/5362.tif,train,snow,csd
train/5363,../raw/snow/csd/Train/Snow/5363.tif,../raw/snow/csd/Train/Gt/5363.tif,train,snow,csd
train/5364,../raw/snow/csd/Train/Snow/5364.tif,../raw/snow/csd/Train/Gt/5364.tif,train,snow,csd
train/5365,../raw/snow/csd/Train/Snow/5365.tif,../raw/snow/csd/Train/Gt/5365.tif,train,snow,csd
train/5366,../raw/snow/csd/Train/Snow/5366.tif,../raw/snow/csd/Train/Gt/5366.tif,val,snow,csd
train/5367,../raw/snow/csd/Train/Snow/5367.tif,../raw/snow/csd/Train/Gt/5367.tif,val,snow,csd
train/5368,../raw/snow/csd/Train/Snow/5368.tif,../raw/snow/csd/Train/Gt/5368.tif,train,snow,csd
train/5369,../raw/snow/csd/Train/Snow/5369.tif,../raw/snow/csd/Train/Gt/5369.tif,train,snow,csd
train/537,../raw/snow/csd/Train/Snow/537.tif,../raw/snow/csd/Train/Gt/537.tif,train,snow,csd
train/5370,../raw/snow/csd/Train/Snow/5370.tif,../raw/snow/csd/Train/Gt/5370.tif,val,snow,csd
train/5371,../raw/snow/csd/Train/Snow/5371.tif,../raw/snow/csd/Train/Gt/5371.tif,train,snow,csd
train/5372,../raw/snow/csd/Train/Snow/5372.tif,../raw/snow/csd/Train/Gt/5372.tif,train,snow,csd
train/5373,../raw/snow/csd/Train/Snow/5373.tif,../raw/snow/csd/Train/Gt/5373.tif,val,snow,csd
train/5374,../raw/snow/csd/Train/Snow/5374.tif,../raw/snow/csd/Train/Gt/5374.tif,train,snow,csd
train/5375,../raw/snow/csd/Train/Snow/5375.tif,../raw/snow/csd/Train/Gt/5375.tif,train,snow,csd
train/5376,../raw/snow/csd/Train/Snow/5376.tif,../raw/snow/csd/Train/Gt/5376.tif,train,snow,csd
train/5377,../raw/snow/csd/Train/Snow/5377.tif,../raw/snow/csd/Train/Gt/5377.tif,train,snow,csd
train/5378,../raw/snow/csd/Train/Snow/5378.tif,../raw/snow/csd/Train/Gt/5378.tif,val,snow,csd
train/5379,../raw/snow/csd/Train/Snow/5379.tif,../raw/snow/csd/Train/Gt/5379.tif,train,snow,csd
train/538,../raw/snow/csd/Train/Snow/538.tif,../raw/snow/csd/Train/Gt/538.tif,train,snow,csd
train/5380,../raw/snow/csd/Train/Snow/5380.tif,../raw/snow/csd/Train/Gt/5380.tif,train,snow,csd
train/5381,../raw/snow/csd/Train/Snow/5381.tif,../raw/snow/csd/Train/Gt/5381.tif,train,snow,csd
train/5382,../raw/snow/csd/Train/Snow/5382.tif,../raw/snow/csd/Train/Gt/5382.tif,train,snow,csd
train/5383,../raw/snow/csd/Train/Snow/5383.tif,../raw/snow/csd/Train/Gt/5383.tif,val,snow,csd
train/5384,../raw/snow/csd/Train/Snow/5384.tif,../raw/snow/csd/Train/Gt/5384.tif,train,snow,csd
train/5385,../raw/snow/csd/Train/Snow/5385.tif,../raw/snow/csd/Train/Gt/5385.tif,train,snow,csd
train/5386,../raw/snow/csd/Train/Snow/5386.tif,../raw/snow/csd/Train/Gt/5386.tif,train,snow,csd
train/5387,../raw/snow/csd/Train/Snow/5387.tif,../raw/snow/csd/Train/Gt/5387.tif,train,snow,csd
train/5388,../raw/snow/csd/Train/Snow/5388.tif,../raw/snow/csd/Train/Gt/5388.tif,train,snow,csd
train/5389,../raw/snow/csd/Train/Snow/5389.tif,../raw/snow/csd/Train/Gt/5389.tif,train,snow,csd
train/539,../raw/snow/csd/Train/Snow/539.tif,../raw/snow/csd/Train/Gt/539.tif,train,snow,csd
train/5390,../raw/snow/csd/Train/Snow/5390.tif,../raw/snow/csd/Train/Gt/5390.tif,train,snow,csd
train/5391,../raw/snow/csd/Train/Snow/5391.tif,../raw/snow/csd/Train/Gt/5391.tif,train,snow,csd
train/5392,../raw/snow/csd/Train/Snow/5392.tif,../raw/snow/csd/Train/Gt/5392.tif,train,snow,csd
train/5393,../raw/snow/csd/Train/Snow/5393.tif,../raw/snow/csd/Train/Gt/5393.tif,train,snow,csd
train/5394,../raw/snow/csd/Train/Snow/5394.tif,../raw/snow/csd/Train/Gt/5394.tif,val,snow,csd
train/5395,../raw/snow/csd/Train/Snow/5395.tif,../raw/snow/csd/Train/Gt/5395.tif,train,snow,csd
train/5396,../raw/snow/csd/Train/Snow/5396.tif,../raw/snow/csd/Train/Gt/5396.tif,train,snow,csd
train/5397,../raw/snow/csd/Train/Snow/5397.tif,../raw/snow/csd/Train/Gt/5397.tif,train,snow,csd
train/5398,../raw/snow/csd/Train/Snow/5398.tif,../raw/snow/csd/Train/Gt/5398.tif,train,snow,csd
train/5399,../raw/snow/csd/Train/Snow/5399.tif,../raw/snow/csd/Train/Gt/5399.tif,train,snow,csd
train/54,../raw/snow/csd/Train/Snow/54.tif,../raw/snow/csd/Train/Gt/54.tif,train,snow,csd
train/540,../raw/snow/csd/Train/Snow/540.tif,../raw/snow/csd/Train/Gt/540.tif,train,snow,csd
train/5400,../raw/snow/csd/Train/Snow/5400.tif,../raw/snow/csd/Train/Gt/5400.tif,val,snow,csd
train/5401,../raw/snow/csd/Train/Snow/5401.tif,../raw/snow/csd/Train/Gt/5401.tif,train,snow,csd
train/5402,../raw/snow/csd/Train/Snow/5402.tif,../raw/snow/csd/Train/Gt/5402.tif,train,snow,csd
train/5403,../raw/snow/csd/Train/Snow/5403.tif,../raw/snow/csd/Train/Gt/5403.tif,train,snow,csd
train/5404,../raw/snow/csd/Train/Snow/5404.tif,../raw/snow/csd/Train/Gt/5404.tif,train,snow,csd
train/5405,../raw/snow/csd/Train/Snow/5405.tif,../raw/snow/csd/Train/Gt/5405.tif,train,snow,csd
train/5406,../raw/snow/csd/Train/Snow/5406.tif,../raw/snow/csd/Train/Gt/5406.tif,train,snow,csd
train/5407,../raw/snow/csd/Train/Snow/5407.tif,../raw/snow/csd/Train/Gt/5407.tif,train,snow,csd
train/5408,../raw/snow/csd/Train/Snow/5408.tif,../raw/snow/csd/Train/Gt/5408.tif,train,snow,csd
train/5409,../raw/snow/csd/Train/Snow/5409.tif,../raw/snow/csd/Train/Gt/5409.tif,train,snow,csd
train/541,../raw/snow/csd/Train/Snow/541.tif,../raw/snow/csd/Train/Gt/541.tif,train,snow,csd
train/5410,../raw/snow/csd/Train/Snow/5410.tif,../raw/snow/csd/Train/Gt/5410.tif,train,snow,csd
train/5411,../raw/snow/csd/Train/Snow/5411.tif,../raw/snow/csd/Train/Gt/5411.tif,train,snow,csd
train/5412,../raw/snow/csd/Train/Snow/5412.tif,../raw/snow/csd/Train/Gt/5412.tif,train,snow,csd
train/5413,../raw/snow/csd/Train/Snow/5413.tif,../raw/snow/csd/Train/Gt/5413.tif,train,snow,csd
train/5414,../raw/snow/csd/Train/Snow/5414.tif,../raw/snow/csd/Train/Gt/5414.tif,train,snow,csd
train/5415,../raw/snow/csd/Train/Snow/5415.tif,../raw/snow/csd/Train/Gt/5415.tif,train,snow,csd
train/5416,../raw/snow/csd/Train/Snow/5416.tif,../raw/snow/csd/Train/Gt/5416.tif,val,snow,csd
train/5417,../raw/snow/csd/Train/Snow/5417.tif,../raw/snow/csd/Train/Gt/5417.tif,train,snow,csd
train/5418,../raw/snow/csd/Train/Snow/5418.tif,../raw/snow/csd/Train/Gt/5418.tif,train,snow,csd
train/5419,../raw/snow/csd/Train/Snow/5419.tif,../raw/snow/csd/Train/Gt/5419.tif,train,snow,csd
train/542,../raw/snow/csd/Train/Snow/542.tif,../raw/snow/csd/Train/Gt/542.tif,train,snow,csd
train/5420,../raw/snow/csd/Train/Snow/5420.tif,../raw/snow/csd/Train/Gt/5420.tif,val,snow,csd
train/5421,../raw/snow/csd/Train/Snow/5421.tif,../raw/snow/csd/Train/Gt/5421.tif,train,snow,csd
train/5422,../raw/snow/csd/Train/Snow/5422.tif,../raw/snow/csd/Train/Gt/5422.tif,val,snow,csd
train/5423,../raw/snow/csd/Train/Snow/5423.tif,../raw/snow/csd/Train/Gt/5423.tif,train,snow,csd
train/5424,../raw/snow/csd/Train/Snow/5424.tif,../raw/snow/csd/Train/Gt/5424.tif,train,snow,csd
train/5425,../raw/snow/csd/Train/Snow/5425.tif,../raw/snow/csd/Train/Gt/5425.tif,train,snow,csd
train/5426,../raw/snow/csd/Train/Snow/5426.tif,../raw/snow/csd/Train/Gt/5426.tif,train,snow,csd
train/5427,../raw/snow/csd/Train/Snow/5427.tif,../raw/snow/csd/Train/Gt/5427.tif,train,snow,csd
train/5428,../raw/snow/csd/Train/Snow/5428.tif,../raw/snow/csd/Train/Gt/5428.tif,train,snow,csd
train/5429,../raw/snow/csd/Train/Snow/5429.tif,../raw/snow/csd/Train/Gt/5429.tif,train,snow,csd
train/543,../raw/snow/csd/Train/Snow/543.tif,../raw/snow/csd/Train/Gt/543.tif,val,snow,csd
train/5430,../raw/snow/csd/Train/Snow/5430.tif,../raw/snow/csd/Train/Gt/5430.tif,train,snow,csd
train/5431,../raw/snow/csd/Train/Snow/5431.tif,../raw/snow/csd/Train/Gt/5431.tif,train,snow,csd
train/5432,../raw/snow/csd/Train/Snow/5432.tif,../raw/snow/csd/Train/Gt/5432.tif,train,snow,csd
train/5433,../raw/snow/csd/Train/Snow/5433.tif,../raw/snow/csd/Train/Gt/5433.tif,train,snow,csd
train/5434,../raw/snow/csd/Train/Snow/5434.tif,../raw/snow/csd/Train/Gt/5434.tif,train,snow,csd
train/5435,../raw/snow/csd/Train/Snow/5435.tif,../raw/snow/csd/Train/Gt/5435.tif,train,snow,csd
train/5436,../raw/snow/csd/Train/Snow/5436.tif,../raw/snow/csd/Train/Gt/5436.tif,train,snow,csd
train/5437,../raw/snow/csd/Train/Snow/5437.tif,../raw/snow/csd/Train/Gt/5437.tif,train,snow,csd
train/5438,../raw/snow/csd/Train/Snow/5438.tif,../raw/snow/csd/Train/Gt/5438.tif,train,snow,csd
train/5439,../raw/snow/csd/Train/Snow/5439.tif,../raw/snow/csd/Train/Gt/5439.tif,train,snow,csd
train/544,../raw/snow/csd/Train/Snow/544.tif,../raw/snow/csd/Train/Gt/544.tif,train,snow,csd
train/5440,../raw/snow/csd/Train/Snow/5440.tif,../raw/snow/csd/Train/Gt/5440.tif,train,snow,csd
train/5441,../raw/snow/csd/Train/Snow/5441.tif,../raw/snow/csd/Train/Gt/5441.tif,val,snow,csd
train/5442,../raw/snow/csd/Train/Snow/5442.tif,../raw/snow/csd/Train/Gt/5442.tif,train,snow,csd
train/5443,../raw/snow/csd/Train/Snow/5443.tif,../raw/snow/csd/Train/Gt/5443.tif,train,snow,csd
train/5444,../raw/snow/csd/Train/Snow/5444.tif,../raw/snow/csd/Train/Gt/5444.tif,train,snow,csd
train/5445,../raw/snow/csd/Train/Snow/5445.tif,../raw/snow/csd/Train/Gt/5445.tif,train,snow,csd
train/5446,../raw/snow/csd/Train/Snow/5446.tif,../raw/snow/csd/Train/Gt/5446.tif,train,snow,csd
train/5447,../raw/snow/csd/Train/Snow/5447.tif,../raw/snow/csd/Train/Gt/5447.tif,val,snow,csd
train/5448,../raw/snow/csd/Train/Snow/5448.tif,../raw/snow/csd/Train/Gt/5448.tif,train,snow,csd
train/5449,../raw/snow/csd/Train/Snow/5449.tif,../raw/snow/csd/Train/Gt/5449.tif,train,snow,csd
train/545,../raw/snow/csd/Train/Snow/545.tif,../raw/snow/csd/Train/Gt/545.tif,train,snow,csd
train/5450,../raw/snow/csd/Train/Snow/5450.tif,../raw/snow/csd/Train/Gt/5450.tif,train,snow,csd
train/5451,../raw/snow/csd/Train/Snow/5451.tif,../raw/snow/csd/Train/Gt/5451.tif,train,snow,csd
train/5452,../raw/snow/csd/Train/Snow/5452.tif,../raw/snow/csd/Train/Gt/5452.tif,train,snow,csd
train/5453,../raw/snow/csd/Train/Snow/5453.tif,../raw/snow/csd/Train/Gt/5453.tif,val,snow,csd
train/5454,../raw/snow/csd/Train/Snow/5454.tif,../raw/snow/csd/Train/Gt/5454.tif,train,snow,csd
train/5455,../raw/snow/csd/Train/Snow/5455.tif,../raw/snow/csd/Train/Gt/5455.tif,train,snow,csd
train/5456,../raw/snow/csd/Train/Snow/5456.tif,../raw/snow/csd/Train/Gt/5456.tif,train,snow,csd
train/5457,../raw/snow/csd/Train/Snow/5457.tif,../raw/snow/csd/Train/Gt/5457.tif,train,snow,csd
train/5458,../raw/snow/csd/Train/Snow/5458.tif,../raw/snow/csd/Train/Gt/5458.tif,train,snow,csd
train/5459,../raw/snow/csd/Train/Snow/5459.tif,../raw/snow/csd/Train/Gt/5459.tif,train,snow,csd
train/546,../raw/snow/csd/Train/Snow/546.tif,../raw/snow/csd/Train/Gt/546.tif,train,snow,csd
train/5460,../raw/snow/csd/Train/Snow/5460.tif,../raw/snow/csd/Train/Gt/5460.tif,train,snow,csd
train/5461,../raw/snow/csd/Train/Snow/5461.tif,../raw/snow/csd/Train/Gt/5461.tif,train,snow,csd
train/5462,../raw/snow/csd/Train/Snow/5462.tif,../raw/snow/csd/Train/Gt/5462.tif,train,snow,csd
train/5463,../raw/snow/csd/Train/Snow/5463.tif,../raw/snow/csd/Train/Gt/5463.tif,train,snow,csd
train/5464,../raw/snow/csd/Train/Snow/5464.tif,../raw/snow/csd/Train/Gt/5464.tif,train,snow,csd
train/5465,../raw/snow/csd/Train/Snow/5465.tif,../raw/snow/csd/Train/Gt/5465.tif,train,snow,csd
train/5466,../raw/snow/csd/Train/Snow/5466.tif,../raw/snow/csd/Train/Gt/5466.tif,train,snow,csd
train/5467,../raw/snow/csd/Train/Snow/5467.tif,../raw/snow/csd/Train/Gt/5467.tif,train,snow,csd
train/5468,../raw/snow/csd/Train/Snow/5468.tif,../raw/snow/csd/Train/Gt/5468.tif,train,snow,csd
train/5469,../raw/snow/csd/Train/Snow/5469.tif,../raw/snow/csd/Train/Gt/5469.tif,train,snow,csd
train/547,../raw/snow/csd/Train/Snow/547.tif,../raw/snow/csd/Train/Gt/547.tif,train,snow,csd
train/5470,../raw/snow/csd/Train/Snow/5470.tif,../raw/snow/csd/Train/Gt/5470.tif,train,snow,csd
train/5471,../raw/snow/csd/Train/Snow/5471.tif,../raw/snow/csd/Train/Gt/5471.tif,train,snow,csd
train/5472,../raw/snow/csd/Train/Snow/5472.tif,../raw/snow/csd/Train/Gt/5472.tif,train,snow,csd
train/5473,../raw/snow/csd/Train/Snow/5473.tif,../raw/snow/csd/Train/Gt/5473.tif,train,snow,csd
train/5474,../raw/snow/csd/Train/Snow/5474.tif,../raw/snow/csd/Train/Gt/5474.tif,train,snow,csd
train/5475,../raw/snow/csd/Train/Snow/5475.tif,../raw/snow/csd/Train/Gt/5475.tif,train,snow,csd
train/5476,../raw/snow/csd/Train/Snow/5476.tif,../raw/snow/csd/Train/Gt/5476.tif,train,snow,csd
train/5477,../raw/snow/csd/Train/Snow/5477.tif,../raw/snow/csd/Train/Gt/5477.tif,train,snow,csd
train/5478,../raw/snow/csd/Train/Snow/5478.tif,../raw/snow/csd/Train/Gt/5478.tif,val,snow,csd
train/5479,../raw/snow/csd/Train/Snow/5479.tif,../raw/snow/csd/Train/Gt/5479.tif,train,snow,csd
train/548,../raw/snow/csd/Train/Snow/548.tif,../raw/snow/csd/Train/Gt/548.tif,train,snow,csd
train/5480,../raw/snow/csd/Train/Snow/5480.tif,../raw/snow/csd/Train/Gt/5480.tif,train,snow,csd
train/5481,../raw/snow/csd/Train/Snow/5481.tif,../raw/snow/csd/Train/Gt/5481.tif,train,snow,csd
train/5482,../raw/snow/csd/Train/Snow/5482.tif,../raw/snow/csd/Train/Gt/5482.tif,train,snow,csd
train/5483,../raw/snow/csd/Train/Snow/5483.tif,../raw/snow/csd/Train/Gt/5483.tif,train,snow,csd
train/5484,../raw/snow/csd/Train/Snow/5484.tif,../raw/snow/csd/Train/Gt/5484.tif,train,snow,csd
train/5485,../raw/snow/csd/Train/Snow/5485.tif,../raw/snow/csd/Train/Gt/5485.tif,train,snow,csd
train/5486,../raw/snow/csd/Train/Snow/5486.tif,../raw/snow/csd/Train/Gt/5486.tif,train,snow,csd
train/5487,../raw/snow/csd/Train/Snow/5487.tif,../raw/snow/csd/Train/Gt/5487.tif,val,snow,csd
train/5488,../raw/snow/csd/Train/Snow/5488.tif,../raw/snow/csd/Train/Gt/5488.tif,train,snow,csd
train/5489,../raw/snow/csd/Train/Snow/5489.tif,../raw/snow/csd/Train/Gt/5489.tif,train,snow,csd
train/549,../raw/snow/csd/Train/Snow/549.tif,../raw/snow/csd/Train/Gt/549.tif,val,snow,csd
train/5490,../raw/snow/csd/Train/Snow/5490.tif,../raw/snow/csd/Train/Gt/5490.tif,train,snow,csd
train/5491,../raw/snow/csd/Train/Snow/5491.tif,../raw/snow/csd/Train/Gt/5491.tif,train,snow,csd
train/5492,../raw/snow/csd/Train/Snow/5492.tif,../raw/snow/csd/Train/Gt/5492.tif,train,snow,csd
train/5493,../raw/snow/csd/Train/Snow/5493.tif,../raw/snow/csd/Train/Gt/5493.tif,val,snow,csd
train/5494,../raw/snow/csd/Train/Snow/5494.tif,../raw/snow/csd/Train/Gt/5494.tif,val,snow,csd
train/5495,../raw/snow/csd/Train/Snow/5495.tif,../raw/snow/csd/Train/Gt/5495.tif,train,snow,csd
train/5496,../raw/snow/csd/Train/Snow/5496.tif,../raw/snow/csd/Train/Gt/5496.tif,train,snow,csd
train/5497,../raw/snow/csd/Train/Snow/5497.tif,../raw/snow/csd/Train/Gt/5497.tif,val,snow,csd
train/5498,../raw/snow/csd/Train/Snow/5498.tif,../raw/snow/csd/Train/Gt/5498.tif,train,snow,csd
train/5499,../raw/snow/csd/Train/Snow/5499.tif,../raw/snow/csd/Train/Gt/5499.tif,train,snow,csd
train/55,../raw/snow/csd/Train/Snow/55.tif,../raw/snow/csd/Train/Gt/55.tif,train,snow,csd
train/550,../raw/snow/csd/Train/Snow/550.tif,../raw/snow/csd/Train/Gt/550.tif,train,snow,csd
train/5500,../raw/snow/csd/Train/Snow/5500.tif,../raw/snow/csd/Train/Gt/5500.tif,val,snow,csd
train/5501,../raw/snow/csd/Train/Snow/5501.tif,../raw/snow/csd/Train/Gt/5501.tif,train,snow,csd
train/5502,../raw/snow/csd/Train/Snow/5502.tif,../raw/snow/csd/Train/Gt/5502.tif,train,snow,csd
train/5503,../raw/snow/csd/Train/Snow/5503.tif,../raw/snow/csd/Train/Gt/5503.tif,train,snow,csd
train/5504,../raw/snow/csd/Train/Snow/5504.tif,../raw/snow/csd/Train/Gt/5504.tif,train,snow,csd
train/5505,../raw/snow/csd/Train/Snow/5505.tif,../raw/snow/csd/Train/Gt/5505.tif,train,snow,csd
train/5506,../raw/snow/csd/Train/Snow/5506.tif,../raw/snow/csd/Train/Gt/5506.tif,train,snow,csd
train/5507,../raw/snow/csd/Train/Snow/5507.tif,../raw/snow/csd/Train/Gt/5507.tif,train,snow,csd
train/5508,../raw/snow/csd/Train/Snow/5508.tif,../raw/snow/csd/Train/Gt/5508.tif,train,snow,csd
train/5509,../raw/snow/csd/Train/Snow/5509.tif,../raw/snow/csd/Train/Gt/5509.tif,train,snow,csd
train/551,../raw/snow/csd/Train/Snow/551.tif,../raw/snow/csd/Train/Gt/551.tif,train,snow,csd
train/5510,../raw/snow/csd/Train/Snow/5510.tif,../raw/snow/csd/Train/Gt/5510.tif,train,snow,csd
train/5511,../raw/snow/csd/Train/Snow/5511.tif,../raw/snow/csd/Train/Gt/5511.tif,train,snow,csd
train/5512,../raw/snow/csd/Train/Snow/5512.tif,../raw/snow/csd/Train/Gt/5512.tif,train,snow,csd
train/5513,../raw/snow/csd/Train/Snow/5513.tif,../raw/snow/csd/Train/Gt/5513.tif,train,snow,csd
train/5514,../raw/snow/csd/Train/Snow/5514.tif,../raw/snow/csd/Train/Gt/5514.tif,train,snow,csd
train/5515,../raw/snow/csd/Train/Snow/5515.tif,../raw/snow/csd/Train/Gt/5515.tif,train,snow,csd
train/5516,../raw/snow/csd/Train/Snow/5516.tif,../raw/snow/csd/Train/Gt/5516.tif,train,snow,csd
train/5517,../raw/snow/csd/Train/Snow/5517.tif,../raw/snow/csd/Train/Gt/5517.tif,val,snow,csd
train/5518,../raw/snow/csd/Train/Snow/5518.tif,../raw/snow/csd/Train/Gt/5518.tif,train,snow,csd
train/5519,../raw/snow/csd/Train/Snow/5519.tif,../raw/snow/csd/Train/Gt/5519.tif,train,snow,csd
train/552,../raw/snow/csd/Train/Snow/552.tif,../raw/snow/csd/Train/Gt/552.tif,train,snow,csd
train/5520,../raw/snow/csd/Train/Snow/5520.tif,../raw/snow/csd/Train/Gt/5520.tif,train,snow,csd
train/5521,../raw/snow/csd/Train/Snow/5521.tif,../raw/snow/csd/Train/Gt/5521.tif,train,snow,csd
train/5522,../raw/snow/csd/Train/Snow/5522.tif,../raw/snow/csd/Train/Gt/5522.tif,train,snow,csd
train/5523,../raw/snow/csd/Train/Snow/5523.tif,../raw/snow/csd/Train/Gt/5523.tif,val,snow,csd
train/5524,../raw/snow/csd/Train/Snow/5524.tif,../raw/snow/csd/Train/Gt/5524.tif,train,snow,csd
train/5525,../raw/snow/csd/Train/Snow/5525.tif,../raw/snow/csd/Train/Gt/5525.tif,val,snow,csd
train/5526,../raw/snow/csd/Train/Snow/5526.tif,../raw/snow/csd/Train/Gt/5526.tif,train,snow,csd
train/5527,../raw/snow/csd/Train/Snow/5527.tif,../raw/snow/csd/Train/Gt/5527.tif,train,snow,csd
train/5528,../raw/snow/csd/Train/Snow/5528.tif,../raw/snow/csd/Train/Gt/5528.tif,train,snow,csd
train/5529,../raw/snow/csd/Train/Snow/5529.tif,../raw/snow/csd/Train/Gt/5529.tif,train,snow,csd
train/553,../raw/snow/csd/Train/Snow/553.tif,../raw/snow/csd/Train/Gt/553.tif,train,snow,csd
train/5530,../raw/snow/csd/Train/Snow/5530.tif,../raw/snow/csd/Train/Gt/5530.tif,val,snow,csd
train/5531,../raw/snow/csd/Train/Snow/5531.tif,../raw/snow/csd/Train/Gt/5531.tif,train,snow,csd
train/5532,../raw/snow/csd/Train/Snow/5532.tif,../raw/snow/csd/Train/Gt/5532.tif,train,snow,csd
train/5533,../raw/snow/csd/Train/Snow/5533.tif,../raw/snow/csd/Train/Gt/5533.tif,train,snow,csd
train/5534,../raw/snow/csd/Train/Snow/5534.tif,../raw/snow/csd/Train/Gt/5534.tif,train,snow,csd
train/5535,../raw/snow/csd/Train/Snow/5535.tif,../raw/snow/csd/Train/Gt/5535.tif,train,snow,csd
train/5536,../raw/snow/csd/Train/Snow/5536.tif,../raw/snow/csd/Train/Gt/5536.tif,train,snow,csd
train/5537,../raw/snow/csd/Train/Snow/5537.tif,../raw/snow/csd/Train/Gt/5537.tif,val,snow,csd
train/5538,../raw/snow/csd/Train/Snow/5538.tif,../raw/snow/csd/Train/Gt/5538.tif,train,snow,csd
train/5539,../raw/snow/csd/Train/Snow/5539.tif,../raw/snow/csd/Train/Gt/5539.tif,train,snow,csd
train/554,../raw/snow/csd/Train/Snow/554.tif,../raw/snow/csd/Train/Gt/554.tif,train,snow,csd
train/5540,../raw/snow/csd/Train/Snow/5540.tif,../raw/snow/csd/Train/Gt/5540.tif,train,snow,csd
train/5541,../raw/snow/csd/Train/Snow/5541.tif,../raw/snow/csd/Train/Gt/5541.tif,train,snow,csd
train/5542,../raw/snow/csd/Train/Snow/5542.tif,../raw/snow/csd/Train/Gt/5542.tif,val,snow,csd
train/5543,../raw/snow/csd/Train/Snow/5543.tif,../raw/snow/csd/Train/Gt/5543.tif,train,snow,csd
train/5544,../raw/snow/csd/Train/Snow/5544.tif,../raw/snow/csd/Train/Gt/5544.tif,train,snow,csd
train/5545,../raw/snow/csd/Train/Snow/5545.tif,../raw/snow/csd/Train/Gt/5545.tif,train,snow,csd
train/5546,../raw/snow/csd/Train/Snow/5546.tif,../raw/snow/csd/Train/Gt/5546.tif,train,snow,csd
train/5547,../raw/snow/csd/Train/Snow/5547.tif,../raw/snow/csd/Train/Gt/5547.tif,train,snow,csd
train/5548,../raw/snow/csd/Train/Snow/5548.tif,../raw/snow/csd/Train/Gt/5548.tif,train,snow,csd
train/5549,../raw/snow/csd/Train/Snow/5549.tif,../raw/snow/csd/Train/Gt/5549.tif,train,snow,csd
train/555,../raw/snow/csd/Train/Snow/555.tif,../raw/snow/csd/Train/Gt/555.tif,train,snow,csd
train/5550,../raw/snow/csd/Train/Snow/5550.tif,../raw/snow/csd/Train/Gt/5550.tif,train,snow,csd
train/5551,../raw/snow/csd/Train/Snow/5551.tif,../raw/snow/csd/Train/Gt/5551.tif,train,snow,csd
train/5552,../raw/snow/csd/Train/Snow/5552.tif,../raw/snow/csd/Train/Gt/5552.tif,train,snow,csd
train/5553,../raw/snow/csd/Train/Snow/5553.tif,../raw/snow/csd/Train/Gt/5553.tif,train,snow,csd
train/5554,../raw/snow/csd/Train/Snow/5554.tif,../raw/snow/csd/Train/Gt/5554.tif,train,snow,csd
train/5555,../raw/snow/csd/Train/Snow/5555.tif,../raw/snow/csd/Train/Gt/5555.tif,train,snow,csd
train/5556,../raw/snow/csd/Train/Snow/5556.tif,../raw/snow/csd/Train/Gt/5556.tif,train,snow,csd
train/5557,../raw/snow/csd/Train/Snow/5557.tif,../raw/snow/csd/Train/Gt/5557.tif,train,snow,csd
train/5558,../raw/snow/csd/Train/Snow/5558.tif,../raw/snow/csd/Train/Gt/5558.tif,train,snow,csd
train/5559,../raw/snow/csd/Train/Snow/5559.tif,../raw/snow/csd/Train/Gt/5559.tif,train,snow,csd
train/556,../raw/snow/csd/Train/Snow/556.tif,../raw/snow/csd/Train/Gt/556.tif,train,snow,csd
train/5560,../raw/snow/csd/Train/Snow/5560.tif,../raw/snow/csd/Train/Gt/5560.tif,train,snow,csd
train/5561,../raw/snow/csd/Train/Snow/5561.tif,../raw/snow/csd/Train/Gt/5561.tif,train,snow,csd
train/5562,../raw/snow/csd/Train/Snow/5562.tif,../raw/snow/csd/Train/Gt/5562.tif,train,snow,csd
train/5563,../raw/snow/csd/Train/Snow/5563.tif,../raw/snow/csd/Train/Gt/5563.tif,train,snow,csd
train/5564,../raw/snow/csd/Train/Snow/5564.tif,../raw/snow/csd/Train/Gt/5564.tif,train,snow,csd
train/5565,../raw/snow/csd/Train/Snow/5565.tif,../raw/snow/csd/Train/Gt/5565.tif,train,snow,csd
train/5566,../raw/snow/csd/Train/Snow/5566.tif,../raw/snow/csd/Train/Gt/5566.tif,train,snow,csd
train/5567,../raw/snow/csd/Train/Snow/5567.tif,../raw/snow/csd/Train/Gt/5567.tif,train,snow,csd
train/5568,../raw/snow/csd/Train/Snow/5568.tif,../raw/snow/csd/Train/Gt/5568.tif,train,snow,csd
train/5569,../raw/snow/csd/Train/Snow/5569.tif,../raw/snow/csd/Train/Gt/5569.tif,train,snow,csd
train/557,../raw/snow/csd/Train/Snow/557.tif,../raw/snow/csd/Train/Gt/557.tif,train,snow,csd
train/5570,../raw/snow/csd/Train/Snow/5570.tif,../raw/snow/csd/Train/Gt/5570.tif,train,snow,csd
train/5571,../raw/snow/csd/Train/Snow/5571.tif,../raw/snow/csd/Train/Gt/5571.tif,train,snow,csd
train/5572,../raw/snow/csd/Train/Snow/5572.tif,../raw/snow/csd/Train/Gt/5572.tif,train,snow,csd
train/5573,../raw/snow/csd/Train/Snow/5573.tif,../raw/snow/csd/Train/Gt/5573.tif,train,snow,csd
train/5574,../raw/snow/csd/Train/Snow/5574.tif,../raw/snow/csd/Train/Gt/5574.tif,train,snow,csd
train/5575,../raw/snow/csd/Train/Snow/5575.tif,../raw/snow/csd/Train/Gt/5575.tif,train,snow,csd
train/5576,../raw/snow/csd/Train/Snow/5576.tif,../raw/snow/csd/Train/Gt/5576.tif,train,snow,csd
train/5577,../raw/snow/csd/Train/Snow/5577.tif,../raw/snow/csd/Train/Gt/5577.tif,train,snow,csd
train/5578,../raw/snow/csd/Train/Snow/5578.tif,../raw/snow/csd/Train/Gt/5578.tif,train,snow,csd
train/5579,../raw/snow/csd/Train/Snow/5579.tif,../raw/snow/csd/Train/Gt/5579.tif,train,snow,csd
train/558,../raw/snow/csd/Train/Snow/558.tif,../raw/snow/csd/Train/Gt/558.tif,train,snow,csd
train/5580,../raw/snow/csd/Train/Snow/5580.tif,../raw/snow/csd/Train/Gt/5580.tif,train,snow,csd
train/5581,../raw/snow/csd/Train/Snow/5581.tif,../raw/snow/csd/Train/Gt/5581.tif,train,snow,csd
train/5582,../raw/snow/csd/Train/Snow/5582.tif,../raw/snow/csd/Train/Gt/5582.tif,train,snow,csd
train/5583,../raw/snow/csd/Train/Snow/5583.tif,../raw/snow/csd/Train/Gt/5583.tif,train,snow,csd
train/5584,../raw/snow/csd/Train/Snow/5584.tif,../raw/snow/csd/Train/Gt/5584.tif,train,snow,csd
train/5585,../raw/snow/csd/Train/Snow/5585.tif,../raw/snow/csd/Train/Gt/5585.tif,train,snow,csd
train/5586,../raw/snow/csd/Train/Snow/5586.tif,../raw/snow/csd/Train/Gt/5586.tif,train,snow,csd
train/5587,../raw/snow/csd/Train/Snow/5587.tif,../raw/snow/csd/Train/Gt/5587.tif,train,snow,csd
train/5588,../raw/snow/csd/Train/Snow/5588.tif,../raw/snow/csd/Train/Gt/5588.tif,train,snow,csd
train/5589,../raw/snow/csd/Train/Snow/5589.tif,../raw/snow/csd/Train/Gt/5589.tif,train,snow,csd
train/559,../raw/snow/csd/Train/Snow/559.tif,../raw/snow/csd/Train/Gt/559.tif,train,snow,csd
train/5590,../raw/snow/csd/Train/Snow/5590.tif,../raw/snow/csd/Train/Gt/5590.tif,train,snow,csd
train/5591,../raw/snow/csd/Train/Snow/5591.tif,../raw/snow/csd/Train/Gt/5591.tif,train,snow,csd
train/5592,../raw/snow/csd/Train/Snow/5592.tif,../raw/snow/csd/Train/Gt/5592.tif,train,snow,csd
train/5593,../raw/snow/csd/Train/Snow/5593.tif,../raw/snow/csd/Train/Gt/5593.tif,val,snow,csd
train/5594,../raw/snow/csd/Train/Snow/5594.tif,../raw/snow/csd/Train/Gt/5594.tif,train,snow,csd
train/5595,../raw/snow/csd/Train/Snow/5595.tif,../raw/snow/csd/Train/Gt/5595.tif,train,snow,csd
train/5596,../raw/snow/csd/Train/Snow/5596.tif,../raw/snow/csd/Train/Gt/5596.tif,train,snow,csd
train/5597,../raw/snow/csd/Train/Snow/5597.tif,../raw/snow/csd/Train/Gt/5597.tif,train,snow,csd
train/5598,../raw/snow/csd/Train/Snow/5598.tif,../raw/snow/csd/Train/Gt/5598.tif,train,snow,csd
train/5599,../raw/snow/csd/Train/Snow/5599.tif,../raw/snow/csd/Train/Gt/5599.tif,train,snow,csd
train/56,../raw/snow/csd/Train/Snow/56.tif,../raw/snow/csd/Train/Gt/56.tif,train,snow,csd
train/560,../raw/snow/csd/Train/Snow/560.tif,../raw/snow/csd/Train/Gt/560.tif,train,snow,csd
train/5600,../raw/snow/csd/Train/Snow/5600.tif,../raw/snow/csd/Train/Gt/5600.tif,train,snow,csd
train/5601,../raw/snow/csd/Train/Snow/5601.tif,../raw/snow/csd/Train/Gt/5601.tif,train,snow,csd
train/5602,../raw/snow/csd/Train/Snow/5602.tif,../raw/snow/csd/Train/Gt/5602.tif,train,snow,csd
train/5603,../raw/snow/csd/Train/Snow/5603.tif,../raw/snow/csd/Train/Gt/5603.tif,train,snow,csd
train/5604,../raw/snow/csd/Train/Snow/5604.tif,../raw/snow/csd/Train/Gt/5604.tif,train,snow,csd
train/5605,../raw/snow/csd/Train/Snow/5605.tif,../raw/snow/csd/Train/Gt/5605.tif,train,snow,csd
train/5606,../raw/snow/csd/Train/Snow/5606.tif,../raw/snow/csd/Train/Gt/5606.tif,train,snow,csd
train/5607,../raw/snow/csd/Train/Snow/5607.tif,../raw/snow/csd/Train/Gt/5607.tif,train,snow,csd
train/5608,../raw/snow/csd/Train/Snow/5608.tif,../raw/snow/csd/Train/Gt/5608.tif,train,snow,csd
train/5609,../raw/snow/csd/Train/Snow/5609.tif,../raw/snow/csd/Train/Gt/5609.tif,train,snow,csd
train/561,../raw/snow/csd/Train/Snow/561.tif,../raw/snow/csd/Train/Gt/561.tif,train,snow,csd
train/5610,../raw/snow/csd/Train/Snow/5610.tif,../raw/snow/csd/Train/Gt/5610.tif,train,snow,csd
train/5611,../raw/snow/csd/Train/Snow/5611.tif,../raw/snow/csd/Train/Gt/5611.tif,val,snow,csd
train/5612,../raw/snow/csd/Train/Snow/5612.tif,../raw/snow/csd/Train/Gt/5612.tif,train,snow,csd
train/5613,../raw/snow/csd/Train/Snow/5613.tif,../raw/snow/csd/Train/Gt/5613.tif,train,snow,csd
train/5614,../raw/snow/csd/Train/Snow/5614.tif,../raw/snow/csd/Train/Gt/5614.tif,train,snow,csd
train/5615,../raw/snow/csd/Train/Snow/5615.tif,../raw/snow/csd/Train/Gt/5615.tif,train,snow,csd
train/5616,../raw/snow/csd/Train/Snow/5616.tif,../raw/snow/csd/Train/Gt/5616.tif,train,snow,csd
train/5617,../raw/snow/csd/Train/Snow/5617.tif,../raw/snow/csd/Train/Gt/5617.tif,train,snow,csd
train/5618,../raw/snow/csd/Train/Snow/5618.tif,../raw/snow/csd/Train/Gt/5618.tif,train,snow,csd
train/5619,../raw/snow/csd/Train/Snow/5619.tif,../raw/snow/csd/Train/Gt/5619.tif,train,snow,csd
train/562,../raw/snow/csd/Train/Snow/562.tif,../raw/snow/csd/Train/Gt/562.tif,train,snow,csd
train/5620,../raw/snow/csd/Train/Snow/5620.tif,../raw/snow/csd/Train/Gt/5620.tif,train,snow,csd
train/5621,../raw/snow/csd/Train/Snow/5621.tif,../raw/snow/csd/Train/Gt/5621.tif,train,snow,csd
train/5622,../raw/snow/csd/Train/Snow/5622.tif,../raw/snow/csd/Train/Gt/5622.tif,val,snow,csd
train/5623,../raw/snow/csd/Train/Snow/5623.tif,../raw/snow/csd/Train/Gt/5623.tif,train,snow,csd
train/5624,../raw/snow/csd/Train/Snow/5624.tif,../raw/snow/csd/Train/Gt/5624.tif,train,snow,csd
train/5625,../raw/snow/csd/Train/Snow/5625.tif,../raw/snow/csd/Train/Gt/5625.tif,train,snow,csd
train/5626,../raw/snow/csd/Train/Snow/5626.tif,../raw/snow/csd/Train/Gt/5626.tif,train,snow,csd
train/5627,../raw/snow/csd/Train/Snow/5627.tif,../raw/snow/csd/Train/Gt/5627.tif,train,snow,csd
train/5628,../raw/snow/csd/Train/Snow/5628.tif,../raw/snow/csd/Train/Gt/5628.tif,train,snow,csd
train/5629,../raw/snow/csd/Train/Snow/5629.tif,../raw/snow/csd/Train/Gt/5629.tif,train,snow,csd
train/563,../raw/snow/csd/Train/Snow/563.tif,../raw/snow/csd/Train/Gt/563.tif,train,snow,csd
train/5630,../raw/snow/csd/Train/Snow/5630.tif,../raw/snow/csd/Train/Gt/5630.tif,train,snow,csd
train/5631,../raw/snow/csd/Train/Snow/5631.tif,../raw/snow/csd/Train/Gt/5631.tif,train,snow,csd
train/5632,../raw/snow/csd/Train/Snow/5632.tif,../raw/snow/csd/Train/Gt/5632.tif,val,snow,csd
train/5633,../raw/snow/csd/Train/Snow/5633.tif,../raw/snow/csd/Train/Gt/5633.tif,train,snow,csd
train/5634,../raw/snow/csd/Train/Snow/5634.tif,../raw/snow/csd/Train/Gt/5634.tif,train,snow,csd
train/5635,../raw/snow/csd/Train/Snow/5635.tif,../raw/snow/csd/Train/Gt/5635.tif,train,snow,csd
train/5636,../raw/snow/csd/Train/Snow/5636.tif,../raw/snow/csd/Train/Gt/5636.tif,train,snow,csd
train/5637,../raw/snow/csd/Train/Snow/5637.tif,../raw/snow/csd/Train/Gt/5637.tif,train,snow,csd
train/5638,../raw/snow/csd/Train/Snow/5638.tif,../raw/snow/csd/Train/Gt/5638.tif,train,snow,csd
train/5639,../raw/snow/csd/Train/Snow/5639.tif,../raw/snow/csd/Train/Gt/5639.tif,train,snow,csd
train/564,../raw/snow/csd/Train/Snow/564.tif,../raw/snow/csd/Train/Gt/564.tif,train,snow,csd
train/5640,../raw/snow/csd/Train/Snow/5640.tif,../raw/snow/csd/Train/Gt/5640.tif,train,snow,csd
train/5641,../raw/snow/csd/Train/Snow/5641.tif,../raw/snow/csd/Train/Gt/5641.tif,val,snow,csd
train/5642,../raw/snow/csd/Train/Snow/5642.tif,../raw/snow/csd/Train/Gt/5642.tif,train,snow,csd
train/5643,../raw/snow/csd/Train/Snow/5643.tif,../raw/snow/csd/Train/Gt/5643.tif,val,snow,csd
train/5644,../raw/snow/csd/Train/Snow/5644.tif,../raw/snow/csd/Train/Gt/5644.tif,train,snow,csd
train/5645,../raw/snow/csd/Train/Snow/5645.tif,../raw/snow/csd/Train/Gt/5645.tif,val,snow,csd
train/5646,../raw/snow/csd/Train/Snow/5646.tif,../raw/snow/csd/Train/Gt/5646.tif,train,snow,csd
train/5647,../raw/snow/csd/Train/Snow/5647.tif,../raw/snow/csd/Train/Gt/5647.tif,train,snow,csd
train/5648,../raw/snow/csd/Train/Snow/5648.tif,../raw/snow/csd/Train/Gt/5648.tif,train,snow,csd
train/5649,../raw/snow/csd/Train/Snow/5649.tif,../raw/snow/csd/Train/Gt/5649.tif,val,snow,csd
train/565,../raw/snow/csd/Train/Snow/565.tif,../raw/snow/csd/Train/Gt/565.tif,train,snow,csd
train/5650,../raw/snow/csd/Train/Snow/5650.tif,../raw/snow/csd/Train/Gt/5650.tif,train,snow,csd
train/5651,../raw/snow/csd/Train/Snow/5651.tif,../raw/snow/csd/Train/Gt/5651.tif,train,snow,csd
train/5652,../raw/snow/csd/Train/Snow/5652.tif,../raw/snow/csd/Train/Gt/5652.tif,train,snow,csd
train/5653,../raw/snow/csd/Train/Snow/5653.tif,../raw/snow/csd/Train/Gt/5653.tif,train,snow,csd
train/5654,../raw/snow/csd/Train/Snow/5654.tif,../raw/snow/csd/Train/Gt/5654.tif,train,snow,csd
train/5655,../raw/snow/csd/Train/Snow/5655.tif,../raw/snow/csd/Train/Gt/5655.tif,train,snow,csd
train/5656,../raw/snow/csd/Train/Snow/5656.tif,../raw/snow/csd/Train/Gt/5656.tif,train,snow,csd
train/5657,../raw/snow/csd/Train/Snow/5657.tif,../raw/snow/csd/Train/Gt/5657.tif,val,snow,csd
train/5658,../raw/snow/csd/Train/Snow/5658.tif,../raw/snow/csd/Train/Gt/5658.tif,train,snow,csd
train/5659,../raw/snow/csd/Train/Snow/5659.tif,../raw/snow/csd/Train/Gt/5659.tif,train,snow,csd
train/566,../raw/snow/csd/Train/Snow/566.tif,../raw/snow/csd/Train/Gt/566.tif,train,snow,csd
train/5660,../raw/snow/csd/Train/Snow/5660.tif,../raw/snow/csd/Train/Gt/5660.tif,train,snow,csd
train/5661,../raw/snow/csd/Train/Snow/5661.tif,../raw/snow/csd/Train/Gt/5661.tif,train,snow,csd
train/5662,../raw/snow/csd/Train/Snow/5662.tif,../raw/snow/csd/Train/Gt/5662.tif,train,snow,csd
train/5663,../raw/snow/csd/Train/Snow/5663.tif,../raw/snow/csd/Train/Gt/5663.tif,train,snow,csd
train/5664,../raw/snow/csd/Train/Snow/5664.tif,../raw/snow/csd/Train/Gt/5664.tif,train,snow,csd
train/5665,../raw/snow/csd/Train/Snow/5665.tif,../raw/snow/csd/Train/Gt/5665.tif,train,snow,csd
train/5666,../raw/snow/csd/Train/Snow/5666.tif,../raw/snow/csd/Train/Gt/5666.tif,train,snow,csd
train/5667,../raw/snow/csd/Train/Snow/5667.tif,../raw/snow/csd/Train/Gt/5667.tif,val,snow,csd
train/5668,../raw/snow/csd/Train/Snow/5668.tif,../raw/snow/csd/Train/Gt/5668.tif,train,snow,csd
train/5669,../raw/snow/csd/Train/Snow/5669.tif,../raw/snow/csd/Train/Gt/5669.tif,train,snow,csd
train/567,../raw/snow/csd/Train/Snow/567.tif,../raw/snow/csd/Train/Gt/567.tif,train,snow,csd
train/5670,../raw/snow/csd/Train/Snow/5670.tif,../raw/snow/csd/Train/Gt/5670.tif,train,snow,csd
train/5671,../raw/snow/csd/Train/Snow/5671.tif,../raw/snow/csd/Train/Gt/5671.tif,train,snow,csd
train/5672,../raw/snow/csd/Train/Snow/5672.tif,../raw/snow/csd/Train/Gt/5672.tif,train,snow,csd
train/5673,../raw/snow/csd/Train/Snow/5673.tif,../raw/snow/csd/Train/Gt/5673.tif,train,snow,csd
train/5674,../raw/snow/csd/Train/Snow/5674.tif,../raw/snow/csd/Train/Gt/5674.tif,train,snow,csd
train/5675,../raw/snow/csd/Train/Snow/5675.tif,../raw/snow/csd/Train/Gt/5675.tif,train,snow,csd
train/5676,../raw/snow/csd/Train/Snow/5676.tif,../raw/snow/csd/Train/Gt/5676.tif,train,snow,csd
train/5677,../raw/snow/csd/Train/Snow/5677.tif,../raw/snow/csd/Train/Gt/5677.tif,train,snow,csd
train/5678,../raw/snow/csd/Train/Snow/5678.tif,../raw/snow/csd/Train/Gt/5678.tif,train,snow,csd
train/5679,../raw/snow/csd/Train/Snow/5679.tif,../raw/snow/csd/Train/Gt/5679.tif,train,snow,csd
train/568,../raw/snow/csd/Train/Snow/568.tif,../raw/snow/csd/Train/Gt/568.tif,train,snow,csd
train/5680,../raw/snow/csd/Train/Snow/5680.tif,../raw/snow/csd/Train/Gt/5680.tif,train,snow,csd
train/5681,../raw/snow/csd/Train/Snow/5681.tif,../raw/snow/csd/Train/Gt/5681.tif,train,snow,csd
train/5682,../raw/snow/csd/Train/Snow/5682.tif,../raw/snow/csd/Train/Gt/5682.tif,train,snow,csd
train/5683,../raw/snow/csd/Train/Snow/5683.tif,../raw/snow/csd/Train/Gt/5683.tif,train,snow,csd
train/5684,../raw/snow/csd/Train/Snow/5684.tif,../raw/snow/csd/Train/Gt/5684.tif,train,snow,csd
train/5685,../raw/snow/csd/Train/Snow/5685.tif,../raw/snow/csd/Train/Gt/5685.tif,train,snow,csd
train/5686,../raw/snow/csd/Train/Snow/5686.tif,../raw/snow/csd/Train/Gt/5686.tif,train,snow,csd
train/5687,../raw/snow/csd/Train/Snow/5687.tif,../raw/snow/csd/Train/Gt/5687.tif,train,snow,csd
train/5688,../raw/snow/csd/Train/Snow/5688.tif,../raw/snow/csd/Train/Gt/5688.tif,train,snow,csd
train/5689,../raw/snow/csd/Train/Snow/5689.tif,../raw/snow/csd/Train/Gt/5689.tif,train,snow,csd
train/569,../raw/snow/csd/Train/Snow/569.tif,../raw/snow/csd/Train/Gt/569.tif,train,snow,csd
train/5690,../raw/snow/csd/Train/Snow/5690.tif,../raw/snow/csd/Train/Gt/5690.tif,train,snow,csd
train/5691,../raw/snow/csd/Train/Snow/5691.tif,../raw/snow/csd/Train/Gt/5691.tif,val,snow,csd
train/5692,../raw/snow/csd/Train/Snow/5692.tif,../raw/snow/csd/Train/Gt/5692.tif,val,snow,csd
train/5693,../raw/snow/csd/Train/Snow/5693.tif,../raw/snow/csd/Train/Gt/5693.tif,train,snow,csd
train/5694,../raw/snow/csd/Train/Snow/5694.tif,../raw/snow/csd/Train/Gt/5694.tif,val,snow,csd
train/5695,../raw/snow/csd/Train/Snow/5695.tif,../raw/snow/csd/Train/Gt/5695.tif,train,snow,csd
train/5696,../raw/snow/csd/Train/Snow/5696.tif,../raw/snow/csd/Train/Gt/5696.tif,train,snow,csd
train/5697,../raw/snow/csd/Train/Snow/5697.tif,../raw/snow/csd/Train/Gt/5697.tif,train,snow,csd
train/5698,../raw/snow/csd/Train/Snow/5698.tif,../raw/snow/csd/Train/Gt/5698.tif,train,snow,csd
train/5699,../raw/snow/csd/Train/Snow/5699.tif,../raw/snow/csd/Train/Gt/5699.tif,train,snow,csd
train/57,../raw/snow/csd/Train/Snow/57.tif,../raw/snow/csd/Train/Gt/57.tif,train,snow,csd
train/570,../raw/snow/csd/Train/Snow/570.tif,../raw/snow/csd/Train/Gt/570.tif,train,snow,csd
train/5700,../raw/snow/csd/Train/Snow/5700.tif,../raw/snow/csd/Train/Gt/5700.tif,train,snow,csd
train/5701,../raw/snow/csd/Train/Snow/5701.tif,../raw/snow/csd/Train/Gt/5701.tif,val,snow,csd
train/5702,../raw/snow/csd/Train/Snow/5702.tif,../raw/snow/csd/Train/Gt/5702.tif,train,snow,csd
train/5703,../raw/snow/csd/Train/Snow/5703.tif,../raw/snow/csd/Train/Gt/5703.tif,train,snow,csd
train/5704,../raw/snow/csd/Train/Snow/5704.tif,../raw/snow/csd/Train/Gt/5704.tif,train,snow,csd
train/5705,../raw/snow/csd/Train/Snow/5705.tif,../raw/snow/csd/Train/Gt/5705.tif,train,snow,csd
train/5706,../raw/snow/csd/Train/Snow/5706.tif,../raw/snow/csd/Train/Gt/5706.tif,train,snow,csd
train/5707,../raw/snow/csd/Train/Snow/5707.tif,../raw/snow/csd/Train/Gt/5707.tif,train,snow,csd
train/5708,../raw/snow/csd/Train/Snow/5708.tif,../raw/snow/csd/Train/Gt/5708.tif,train,snow,csd
train/5709,../raw/snow/csd/Train/Snow/5709.tif,../raw/snow/csd/Train/Gt/5709.tif,val,snow,csd
train/571,../raw/snow/csd/Train/Snow/571.tif,../raw/snow/csd/Train/Gt/571.tif,train,snow,csd
train/5710,../raw/snow/csd/Train/Snow/5710.tif,../raw/snow/csd/Train/Gt/5710.tif,train,snow,csd
train/5711,../raw/snow/csd/Train/Snow/5711.tif,../raw/snow/csd/Train/Gt/5711.tif,train,snow,csd
train/5712,../raw/snow/csd/Train/Snow/5712.tif,../raw/snow/csd/Train/Gt/5712.tif,train,snow,csd
train/5713,../raw/snow/csd/Train/Snow/5713.tif,../raw/snow/csd/Train/Gt/5713.tif,train,snow,csd
train/5714,../raw/snow/csd/Train/Snow/5714.tif,../raw/snow/csd/Train/Gt/5714.tif,train,snow,csd
train/5715,../raw/snow/csd/Train/Snow/5715.tif,../raw/snow/csd/Train/Gt/5715.tif,val,snow,csd
train/5716,../raw/snow/csd/Train/Snow/5716.tif,../raw/snow/csd/Train/Gt/5716.tif,train,snow,csd
train/5717,../raw/snow/csd/Train/Snow/5717.tif,../raw/snow/csd/Train/Gt/5717.tif,train,snow,csd
train/5718,../raw/snow/csd/Train/Snow/5718.tif,../raw/snow/csd/Train/Gt/5718.tif,train,snow,csd
train/5719,../raw/snow/csd/Train/Snow/5719.tif,../raw/snow/csd/Train/Gt/5719.tif,train,snow,csd
train/572,../raw/snow/csd/Train/Snow/572.tif,../raw/snow/csd/Train/Gt/572.tif,train,snow,csd
train/5720,../raw/snow/csd/Train/Snow/5720.tif,../raw/snow/csd/Train/Gt/5720.tif,train,snow,csd
train/5721,../raw/snow/csd/Train/Snow/5721.tif,../raw/snow/csd/Train/Gt/5721.tif,train,snow,csd
train/5722,../raw/snow/csd/Train/Snow/5722.tif,../raw/snow/csd/Train/Gt/5722.tif,train,snow,csd
train/5723,../raw/snow/csd/Train/Snow/5723.tif,../raw/snow/csd/Train/Gt/5723.tif,train,snow,csd
train/5724,../raw/snow/csd/Train/Snow/5724.tif,../raw/snow/csd/Train/Gt/5724.tif,train,snow,csd
train/5725,../raw/snow/csd/Train/Snow/5725.tif,../raw/snow/csd/Train/Gt/5725.tif,train,snow,csd
train/5726,../raw/snow/csd/Train/Snow/5726.tif,../raw/snow/csd/Train/Gt/5726.tif,val,snow,csd
train/5727,../raw/snow/csd/Train/Snow/5727.tif,../raw/snow/csd/Train/Gt/5727.tif,train,snow,csd
train/5728,../raw/snow/csd/Train/Snow/5728.tif,../raw/snow/csd/Train/Gt/5728.tif,train,snow,csd
train/5729,../raw/snow/csd/Train/Snow/5729.tif,../raw/snow/csd/Train/Gt/5729.tif,train,snow,csd
train/573,../raw/snow/csd/Train/Snow/573.tif,../raw/snow/csd/Train/Gt/573.tif,train,snow,csd
train/5730,../raw/snow/csd/Train/Snow/5730.tif,../raw/snow/csd/Train/Gt/5730.tif,val,snow,csd
train/5731,../raw/snow/csd/Train/Snow/5731.tif,../raw/snow/csd/Train/Gt/5731.tif,train,snow,csd
train/5732,../raw/snow/csd/Train/Snow/5732.tif,../raw/snow/csd/Train/Gt/5732.tif,train,snow,csd
train/5733,../raw/snow/csd/Train/Snow/5733.tif,../raw/snow/csd/Train/Gt/5733.tif,train,snow,csd
train/5734,../raw/snow/csd/Train/Snow/5734.tif,../raw/snow/csd/Train/Gt/5734.tif,train,snow,csd
train/5735,../raw/snow/csd/Train/Snow/5735.tif,../raw/snow/csd/Train/Gt/5735.tif,train,snow,csd
train/5736,../raw/snow/csd/Train/Snow/5736.tif,../raw/snow/csd/Train/Gt/5736.tif,train,snow,csd
train/5737,../raw/snow/csd/Train/Snow/5737.tif,../raw/snow/csd/Train/Gt/5737.tif,val,snow,csd
train/5738,../raw/snow/csd/Train/Snow/5738.tif,../raw/snow/csd/Train/Gt/5738.tif,train,snow,csd
train/5739,../raw/snow/csd/Train/Snow/5739.tif,../raw/snow/csd/Train/Gt/5739.tif,val,snow,csd
train/574,../raw/snow/csd/Train/Snow/574.tif,../raw/snow/csd/Train/Gt/574.tif,train,snow,csd
train/5740,../raw/snow/csd/Train/Snow/5740.tif,../raw/snow/csd/Train/Gt/5740.tif,train,snow,csd
train/5741,../raw/snow/csd/Train/Snow/5741.tif,../raw/snow/csd/Train/Gt/5741.tif,train,snow,csd
train/5742,../raw/snow/csd/Train/Snow/5742.tif,../raw/snow/csd/Train/Gt/5742.tif,train,snow,csd
train/5743,../raw/snow/csd/Train/Snow/5743.tif,../raw/snow/csd/Train/Gt/5743.tif,train,snow,csd
train/5744,../raw/snow/csd/Train/Snow/5744.tif,../raw/snow/csd/Train/Gt/5744.tif,train,snow,csd
train/5745,../raw/snow/csd/Train/Snow/5745.tif,../raw/snow/csd/Train/Gt/5745.tif,train,snow,csd
train/5746,../raw/snow/csd/Train/Snow/5746.tif,../raw/snow/csd/Train/Gt/5746.tif,train,snow,csd
train/5747,../raw/snow/csd/Train/Snow/5747.tif,../raw/snow/csd/Train/Gt/5747.tif,train,snow,csd
train/5748,../raw/snow/csd/Train/Snow/5748.tif,../raw/snow/csd/Train/Gt/5748.tif,train,snow,csd
train/5749,../raw/snow/csd/Train/Snow/5749.tif,../raw/snow/csd/Train/Gt/5749.tif,train,snow,csd
train/575,../raw/snow/csd/Train/Snow/575.tif,../raw/snow/csd/Train/Gt/575.tif,train,snow,csd
train/5750,../raw/snow/csd/Train/Snow/5750.tif,../raw/snow/csd/Train/Gt/5750.tif,train,snow,csd
train/5751,../raw/snow/csd/Train/Snow/5751.tif,../raw/snow/csd/Train/Gt/5751.tif,train,snow,csd
train/5752,../raw/snow/csd/Train/Snow/5752.tif,../raw/snow/csd/Train/Gt/5752.tif,train,snow,csd
train/5753,../raw/snow/csd/Train/Snow/5753.tif,../raw/snow/csd/Train/Gt/5753.tif,train,snow,csd
train/5754,../raw/snow/csd/Train/Snow/5754.tif,../raw/snow/csd/Train/Gt/5754.tif,train,snow,csd
train/5755,../raw/snow/csd/Train/Snow/5755.tif,../raw/snow/csd/Train/Gt/5755.tif,train,snow,csd
train/5756,../raw/snow/csd/Train/Snow/5756.tif,../raw/snow/csd/Train/Gt/5756.tif,train,snow,csd
train/5757,../raw/snow/csd/Train/Snow/5757.tif,../raw/snow/csd/Train/Gt/5757.tif,train,snow,csd
train/5758,../raw/snow/csd/Train/Snow/5758.tif,../raw/snow/csd/Train/Gt/5758.tif,train,snow,csd
train/5759,../raw/snow/csd/Train/Snow/5759.tif,../raw/snow/csd/Train/Gt/5759.tif,train,snow,csd
train/576,../raw/snow/csd/Train/Snow/576.tif,../raw/snow/csd/Train/Gt/576.tif,train,snow,csd
train/5760,../raw/snow/csd/Train/Snow/5760.tif,../raw/snow/csd/Train/Gt/5760.tif,train,snow,csd
train/5761,../raw/snow/csd/Train/Snow/5761.tif,../raw/snow/csd/Train/Gt/5761.tif,train,snow,csd
train/5762,../raw/snow/csd/Train/Snow/5762.tif,../raw/snow/csd/Train/Gt/5762.tif,train,snow,csd
train/5763,../raw/snow/csd/Train/Snow/5763.tif,../raw/snow/csd/Train/Gt/5763.tif,val,snow,csd
train/5764,../raw/snow/csd/Train/Snow/5764.tif,../raw/snow/csd/Train/Gt/5764.tif,train,snow,csd
train/5765,../raw/snow/csd/Train/Snow/5765.tif,../raw/snow/csd/Train/Gt/5765.tif,train,snow,csd
train/5766,../raw/snow/csd/Train/Snow/5766.tif,../raw/snow/csd/Train/Gt/5766.tif,train,snow,csd
train/5767,../raw/snow/csd/Train/Snow/5767.tif,../raw/snow/csd/Train/Gt/5767.tif,val,snow,csd
train/5768,../raw/snow/csd/Train/Snow/5768.tif,../raw/snow/csd/Train/Gt/5768.tif,train,snow,csd
train/5769,../raw/snow/csd/Train/Snow/5769.tif,../raw/snow/csd/Train/Gt/5769.tif,train,snow,csd
train/577,../raw/snow/csd/Train/Snow/577.tif,../raw/snow/csd/Train/Gt/577.tif,val,snow,csd
train/5770,../raw/snow/csd/Train/Snow/5770.tif,../raw/snow/csd/Train/Gt/5770.tif,val,snow,csd
train/5771,../raw/snow/csd/Train/Snow/5771.tif,../raw/snow/csd/Train/Gt/5771.tif,train,snow,csd
train/5772,../raw/snow/csd/Train/Snow/5772.tif,../raw/snow/csd/Train/Gt/5772.tif,train,snow,csd
train/5773,../raw/snow/csd/Train/Snow/5773.tif,../raw/snow/csd/Train/Gt/5773.tif,train,snow,csd
train/5774,../raw/snow/csd/Train/Snow/5774.tif,../raw/snow/csd/Train/Gt/5774.tif,val,snow,csd
train/5775,../raw/snow/csd/Train/Snow/5775.tif,../raw/snow/csd/Train/Gt/5775.tif,train,snow,csd
train/5776,../raw/snow/csd/Train/Snow/5776.tif,../raw/snow/csd/Train/Gt/5776.tif,train,snow,csd
train/5777,../raw/snow/csd/Train/Snow/5777.tif,../raw/snow/csd/Train/Gt/5777.tif,train,snow,csd
train/5778,../raw/snow/csd/Train/Snow/5778.tif,../raw/snow/csd/Train/Gt/5778.tif,train,snow,csd
train/5779,../raw/snow/csd/Train/Snow/5779.tif,../raw/snow/csd/Train/Gt/5779.tif,train,snow,csd
train/578,../raw/snow/csd/Train/Snow/578.tif,../raw/snow/csd/Train/Gt/578.tif,train,snow,csd
train/5780,../raw/snow/csd/Train/Snow/5780.tif,../raw/snow/csd/Train/Gt/5780.tif,train,snow,csd
train/5781,../raw/snow/csd/Train/Snow/5781.tif,../raw/snow/csd/Train/Gt/5781.tif,train,snow,csd
train/5782,../raw/snow/csd/Train/Snow/5782.tif,../raw/snow/csd/Train/Gt/5782.tif,train,snow,csd
train/5783,../raw/snow/csd/Train/Snow/5783.tif,../raw/snow/csd/Train/Gt/5783.tif,train,snow,csd
train/5784,../raw/snow/csd/Train/Snow/5784.tif,../raw/snow/csd/Train/Gt/5784.tif,train,snow,csd
train/5785,../raw/snow/csd/Train/Snow/5785.tif,../raw/snow/csd/Train/Gt/5785.tif,train,snow,csd
train/5786,../raw/snow/csd/Train/Snow/5786.tif,../raw/snow/csd/Train/Gt/5786.tif,train,snow,csd
train/5787,../raw/snow/csd/Train/Snow/5787.tif,../raw/snow/csd/Train/Gt/5787.tif,train,snow,csd
train/5788,../raw/snow/csd/Train/Snow/5788.tif,../raw/snow/csd/Train/Gt/5788.tif,train,snow,csd
train/5789,../raw/snow/csd/Train/Snow/5789.tif,../raw/snow/csd/Train/Gt/5789.tif,train,snow,csd
train/579,../raw/snow/csd/Train/Snow/579.tif,../raw/snow/csd/Train/Gt/579.tif,train,snow,csd
train/5790,../raw/snow/csd/Train/Snow/5790.tif,../raw/snow/csd/Train/Gt/5790.tif,train,snow,csd
train/5791,../raw/snow/csd/Train/Snow/5791.tif,../raw/snow/csd/Train/Gt/5791.tif,train,snow,csd
train/5792,../raw/snow/csd/Train/Snow/5792.tif,../raw/snow/csd/Train/Gt/5792.tif,val,snow,csd
train/5793,../raw/snow/csd/Train/Snow/5793.tif,../raw/snow/csd/Train/Gt/5793.tif,train,snow,csd
train/5794,../raw/snow/csd/Train/Snow/5794.tif,../raw/snow/csd/Train/Gt/5794.tif,train,snow,csd
train/5795,../raw/snow/csd/Train/Snow/5795.tif,../raw/snow/csd/Train/Gt/5795.tif,train,snow,csd
train/5796,../raw/snow/csd/Train/Snow/5796.tif,../raw/snow/csd/Train/Gt/5796.tif,train,snow,csd
train/5797,../raw/snow/csd/Train/Snow/5797.tif,../raw/snow/csd/Train/Gt/5797.tif,train,snow,csd
train/5798,../raw/snow/csd/Train/Snow/5798.tif,../raw/snow/csd/Train/Gt/5798.tif,val,snow,csd
train/5799,../raw/snow/csd/Train/Snow/5799.tif,../raw/snow/csd/Train/Gt/5799.tif,train,snow,csd
train/58,../raw/snow/csd/Train/Snow/58.tif,../raw/snow/csd/Train/Gt/58.tif,train,snow,csd
train/580,../raw/snow/csd/Train/Snow/580.tif,../raw/snow/csd/Train/Gt/580.tif,train,snow,csd
train/5800,../raw/snow/csd/Train/Snow/5800.tif,../raw/snow/csd/Train/Gt/5800.tif,train,snow,csd
train/5801,../raw/snow/csd/Train/Snow/5801.tif,../raw/snow/csd/Train/Gt/5801.tif,train,snow,csd
train/5802,../raw/snow/csd/Train/Snow/5802.tif,../raw/snow/csd/Train/Gt/5802.tif,train,snow,csd
train/5803,../raw/snow/csd/Train/Snow/5803.tif,../raw/snow/csd/Train/Gt/5803.tif,train,snow,csd
train/5804,../raw/snow/csd/Train/Snow/5804.tif,../raw/snow/csd/Train/Gt/5804.tif,train,snow,csd
train/5805,../raw/snow/csd/Train/Snow/5805.tif,../raw/snow/csd/Train/Gt/5805.tif,val,snow,csd
train/5806,../raw/snow/csd/Train/Snow/5806.tif,../raw/snow/csd/Train/Gt/5806.tif,train,snow,csd
train/5807,../raw/snow/csd/Train/Snow/5807.tif,../raw/snow/csd/Train/Gt/5807.tif,train,snow,csd
train/5808,../raw/snow/csd/Train/Snow/5808.tif,../raw/snow/csd/Train/Gt/5808.tif,train,snow,csd
train/5809,../raw/snow/csd/Train/Snow/5809.tif,../raw/snow/csd/Train/Gt/5809.tif,val,snow,csd
train/581,../raw/snow/csd/Train/Snow/581.tif,../raw/snow/csd/Train/Gt/581.tif,val,snow,csd
train/5810,../raw/snow/csd/Train/Snow/5810.tif,../raw/snow/csd/Train/Gt/5810.tif,val,snow,csd
train/5811,../raw/snow/csd/Train/Snow/5811.tif,../raw/snow/csd/Train/Gt/5811.tif,val,snow,csd
train/5812,../raw/snow/csd/Train/Snow/5812.tif,../raw/snow/csd/Train/Gt/5812.tif,train,snow,csd
train/5813,../raw/snow/csd/Train/Snow/5813.tif,../raw/snow/csd/Train/Gt/5813.tif,train,snow,csd
train/5814,../raw/snow/csd/Train/Snow/5814.tif,../raw/snow/csd/Train/Gt/5814.tif,train,snow,csd
train/5815,../raw/snow/csd/Train/Snow/5815.tif,../raw/snow/csd/Train/Gt/5815.tif,train,snow,csd
train/5816,../raw/snow/csd/Train/Snow/5816.tif,../raw/snow/csd/Train/Gt/5816.tif,val,snow,csd
train/5817,../raw/snow/csd/Train/Snow/5817.tif,../raw/snow/csd/Train/Gt/5817.tif,train,snow,csd
train/5818,../raw/snow/csd/Train/Snow/5818.tif,../raw/snow/csd/Train/Gt/5818.tif,train,snow,csd
train/5819,../raw/snow/csd/Train/Snow/5819.tif,../raw/snow/csd/Train/Gt/5819.tif,train,snow,csd
train/582,../raw/snow/csd/Train/Snow/582.tif,../raw/snow/csd/Train/Gt/582.tif,train,snow,csd
train/5820,../raw/snow/csd/Train/Snow/5820.tif,../raw/snow/csd/Train/Gt/5820.tif,train,snow,csd
train/5821,../raw/snow/csd/Train/Snow/5821.tif,../raw/snow/csd/Train/Gt/5821.tif,train,snow,csd
train/5822,../raw/snow/csd/Train/Snow/5822.tif,../raw/snow/csd/Train/Gt/5822.tif,train,snow,csd
train/5823,../raw/snow/csd/Train/Snow/5823.tif,../raw/snow/csd/Train/Gt/5823.tif,train,snow,csd
train/5824,../raw/snow/csd/Train/Snow/5824.tif,../raw/snow/csd/Train/Gt/5824.tif,train,snow,csd
train/5825,../raw/snow/csd/Train/Snow/5825.tif,../raw/snow/csd/Train/Gt/5825.tif,train,snow,csd
train/5826,../raw/snow/csd/Train/Snow/5826.tif,../raw/snow/csd/Train/Gt/5826.tif,val,snow,csd
train/5827,../raw/snow/csd/Train/Snow/5827.tif,../raw/snow/csd/Train/Gt/5827.tif,train,snow,csd
train/5828,../raw/snow/csd/Train/Snow/5828.tif,../raw/snow/csd/Train/Gt/5828.tif,train,snow,csd
train/5829,../raw/snow/csd/Train/Snow/5829.tif,../raw/snow/csd/Train/Gt/5829.tif,train,snow,csd
train/583,../raw/snow/csd/Train/Snow/583.tif,../raw/snow/csd/Train/Gt/583.tif,train,snow,csd
train/5830,../raw/snow/csd/Train/Snow/5830.tif,../raw/snow/csd/Train/Gt/5830.tif,train,snow,csd
train/5831,../raw/snow/csd/Train/Snow/5831.tif,../raw/snow/csd/Train/Gt/5831.tif,train,snow,csd
train/5832,../raw/snow/csd/Train/Snow/5832.tif,../raw/snow/csd/Train/Gt/5832.tif,train,snow,csd
train/5833,../raw/snow/csd/Train/Snow/5833.tif,../raw/snow/csd/Train/Gt/5833.tif,train,snow,csd
train/5834,../raw/snow/csd/Train/Snow/5834.tif,../raw/snow/csd/Train/Gt/5834.tif,train,snow,csd
train/5835,../raw/snow/csd/Train/Snow/5835.tif,../raw/snow/csd/Train/Gt/5835.tif,train,snow,csd
train/5836,../raw/snow/csd/Train/Snow/5836.tif,../raw/snow/csd/Train/Gt/5836.tif,train,snow,csd
train/5837,../raw/snow/csd/Train/Snow/5837.tif,../raw/snow/csd/Train/Gt/5837.tif,train,snow,csd
train/5838,../raw/snow/csd/Train/Snow/5838.tif,../raw/snow/csd/Train/Gt/5838.tif,train,snow,csd
train/5839,../raw/snow/csd/Train/Snow/5839.tif,../raw/snow/csd/Train/Gt/5839.tif,train,snow,csd
train/584,../raw/snow/csd/Train/Snow/584.tif,../raw/snow/csd/Train/Gt/584.tif,train,snow,csd
train/5840,../raw/snow/csd/Train/Snow/5840.tif,../raw/snow/csd/Train/Gt/5840.tif,train,snow,csd
train/5841,../raw/snow/csd/Train/Snow/5841.tif,../raw/snow/csd/Train/Gt/5841.tif,val,snow,csd
train/5842,../raw/snow/csd/Train/Snow/5842.tif,../raw/snow/csd/Train/Gt/5842.tif,train,snow,csd
train/5843,../raw/snow/csd/Train/Snow/5843.tif,../raw/snow/csd/Train/Gt/5843.tif,train,snow,csd
train/5844,../raw/snow/csd/Train/Snow/5844.tif,../raw/snow/csd/Train/Gt/5844.tif,train,snow,csd
train/5845,../raw/snow/csd/Train/Snow/5845.tif,../raw/snow/csd/Train/Gt/5845.tif,train,snow,csd
train/5846,../raw/snow/csd/Train/Snow/5846.tif,../raw/snow/csd/Train/Gt/5846.tif,train,snow,csd
train/5847,../raw/snow/csd/Train/Snow/5847.tif,../raw/snow/csd/Train/Gt/5847.tif,train,snow,csd
train/5848,../raw/snow/csd/Train/Snow/5848.tif,../raw/snow/csd/Train/Gt/5848.tif,train,snow,csd
train/5849,../raw/snow/csd/Train/Snow/5849.tif,../raw/snow/csd/Train/Gt/5849.tif,train,snow,csd
train/585,../raw/snow/csd/Train/Snow/585.tif,../raw/snow/csd/Train/Gt/585.tif,train,snow,csd
train/5850,../raw/snow/csd/Train/Snow/5850.tif,../raw/snow/csd/Train/Gt/5850.tif,train,snow,csd
train/5851,../raw/snow/csd/Train/Snow/5851.tif,../raw/snow/csd/Train/Gt/5851.tif,train,snow,csd
train/5852,../raw/snow/csd/Train/Snow/5852.tif,../raw/snow/csd/Train/Gt/5852.tif,train,snow,csd
train/5853,../raw/snow/csd/Train/Snow/5853.tif,../raw/snow/csd/Train/Gt/5853.tif,train,snow,csd
train/5854,../raw/snow/csd/Train/Snow/5854.tif,../raw/snow/csd/Train/Gt/5854.tif,train,snow,csd
train/5855,../raw/snow/csd/Train/Snow/5855.tif,../raw/snow/csd/Train/Gt/5855.tif,train,snow,csd
train/5856,../raw/snow/csd/Train/Snow/5856.tif,../raw/snow/csd/Train/Gt/5856.tif,train,snow,csd
train/5857,../raw/snow/csd/Train/Snow/5857.tif,../raw/snow/csd/Train/Gt/5857.tif,train,snow,csd
train/5858,../raw/snow/csd/Train/Snow/5858.tif,../raw/snow/csd/Train/Gt/5858.tif,train,snow,csd
train/5859,../raw/snow/csd/Train/Snow/5859.tif,../raw/snow/csd/Train/Gt/5859.tif,train,snow,csd
train/586,../raw/snow/csd/Train/Snow/586.tif,../raw/snow/csd/Train/Gt/586.tif,train,snow,csd
train/5860,../raw/snow/csd/Train/Snow/5860.tif,../raw/snow/csd/Train/Gt/5860.tif,train,snow,csd
train/5861,../raw/snow/csd/Train/Snow/5861.tif,../raw/snow/csd/Train/Gt/5861.tif,train,snow,csd
train/5862,../raw/snow/csd/Train/Snow/5862.tif,../raw/snow/csd/Train/Gt/5862.tif,train,snow,csd
train/5863,../raw/snow/csd/Train/Snow/5863.tif,../raw/snow/csd/Train/Gt/5863.tif,train,snow,csd
train/5864,../raw/snow/csd/Train/Snow/5864.tif,../raw/snow/csd/Train/Gt/5864.tif,train,snow,csd
train/5865,../raw/snow/csd/Train/Snow/5865.tif,../raw/snow/csd/Train/Gt/5865.tif,train,snow,csd
train/5866,../raw/snow/csd/Train/Snow/5866.tif,../raw/snow/csd/Train/Gt/5866.tif,train,snow,csd
train/5867,../raw/snow/csd/Train/Snow/5867.tif,../raw/snow/csd/Train/Gt/5867.tif,train,snow,csd
train/5868,../raw/snow/csd/Train/Snow/5868.tif,../raw/snow/csd/Train/Gt/5868.tif,train,snow,csd
train/5869,../raw/snow/csd/Train/Snow/5869.tif,../raw/snow/csd/Train/Gt/5869.tif,train,snow,csd
train/587,../raw/snow/csd/Train/Snow/587.tif,../raw/snow/csd/Train/Gt/587.tif,train,snow,csd
train/5870,../raw/snow/csd/Train/Snow/5870.tif,../raw/snow/csd/Train/Gt/5870.tif,train,snow,csd
train/5871,../raw/snow/csd/Train/Snow/5871.tif,../raw/snow/csd/Train/Gt/5871.tif,train,snow,csd
train/5872,../raw/snow/csd/Train/Snow/5872.tif,../raw/snow/csd/Train/Gt/5872.tif,train,snow,csd
train/5873,../raw/snow/csd/Train/Snow/5873.tif,../raw/snow/csd/Train/Gt/5873.tif,train,snow,csd
train/5874,../raw/snow/csd/Train/Snow/5874.tif,../raw/snow/csd/Train/Gt/5874.tif,train,snow,csd
train/5875,../raw/snow/csd/Train/Snow/5875.tif,../raw/snow/csd/Train/Gt/5875.tif,val,snow,csd
train/5876,../raw/snow/csd/Train/Snow/5876.tif,../raw/snow/csd/Train/Gt/5876.tif,train,snow,csd
train/5877,../raw/snow/csd/Train/Snow/5877.tif,../raw/snow/csd/Train/Gt/5877.tif,train,snow,csd
train/5878,../raw/snow/csd/Train/Snow/5878.tif,../raw/snow/csd/Train/Gt/5878.tif,train,snow,csd
train/5879,../raw/snow/csd/Train/Snow/5879.tif,../raw/snow/csd/Train/Gt/5879.tif,train,snow,csd
train/588,../raw/snow/csd/Train/Snow/588.tif,../raw/snow/csd/Train/Gt/588.tif,train,snow,csd
train/5880,../raw/snow/csd/Train/Snow/5880.tif,../raw/snow/csd/Train/Gt/5880.tif,train,snow,csd
train/5881,../raw/snow/csd/Train/Snow/5881.tif,../raw/snow/csd/Train/Gt/5881.tif,train,snow,csd
train/5882,../raw/snow/csd/Train/Snow/5882.tif,../raw/snow/csd/Train/Gt/5882.tif,val,snow,csd
train/5883,../raw/snow/csd/Train/Snow/5883.tif,../raw/snow/csd/Train/Gt/5883.tif,train,snow,csd
train/5884,../raw/snow/csd/Train/Snow/5884.tif,../raw/snow/csd/Train/Gt/5884.tif,train,snow,csd
train/5885,../raw/snow/csd/Train/Snow/5885.tif,../raw/snow/csd/Train/Gt/5885.tif,train,snow,csd
train/5886,../raw/snow/csd/Train/Snow/5886.tif,../raw/snow/csd/Train/Gt/5886.tif,train,snow,csd
train/5887,../raw/snow/csd/Train/Snow/5887.tif,../raw/snow/csd/Train/Gt/5887.tif,val,snow,csd
train/5888,../raw/snow/csd/Train/Snow/5888.tif,../raw/snow/csd/Train/Gt/5888.tif,train,snow,csd
train/5889,../raw/snow/csd/Train/Snow/5889.tif,../raw/snow/csd/Train/Gt/5889.tif,train,snow,csd
train/589,../raw/snow/csd/Train/Snow/589.tif,../raw/snow/csd/Train/Gt/589.tif,train,snow,csd
train/5890,../raw/snow/csd/Train/Snow/5890.tif,../raw/snow/csd/Train/Gt/5890.tif,val,snow,csd
train/5891,../raw/snow/csd/Train/Snow/5891.tif,../raw/snow/csd/Train/Gt/5891.tif,train,snow,csd
train/5892,../raw/snow/csd/Train/Snow/5892.tif,../raw/snow/csd/Train/Gt/5892.tif,train,snow,csd
train/5893,../raw/snow/csd/Train/Snow/5893.tif,../raw/snow/csd/Train/Gt/5893.tif,train,snow,csd
train/5894,../raw/snow/csd/Train/Snow/5894.tif,../raw/snow/csd/Train/Gt/5894.tif,train,snow,csd
train/5895,../raw/snow/csd/Train/Snow/5895.tif,../raw/snow/csd/Train/Gt/5895.tif,train,snow,csd
train/5896,../raw/snow/csd/Train/Snow/5896.tif,../raw/snow/csd/Train/Gt/5896.tif,train,snow,csd
train/5897,../raw/snow/csd/Train/Snow/5897.tif,../raw/snow/csd/Train/Gt/5897.tif,train,snow,csd
train/5898,../raw/snow/csd/Train/Snow/5898.tif,../raw/snow/csd/Train/Gt/5898.tif,train,snow,csd
train/5899,../raw/snow/csd/Train/Snow/5899.tif,../raw/snow/csd/Train/Gt/5899.tif,train,snow,csd
train/59,../raw/snow/csd/Train/Snow/59.tif,../raw/snow/csd/Train/Gt/59.tif,train,snow,csd
train/590,../raw/snow/csd/Train/Snow/590.tif,../raw/snow/csd/Train/Gt/590.tif,val,snow,csd
train/5900,../raw/snow/csd/Train/Snow/5900.tif,../raw/snow/csd/Train/Gt/5900.tif,train,snow,csd
train/5901,../raw/snow/csd/Train/Snow/5901.tif,../raw/snow/csd/Train/Gt/5901.tif,train,snow,csd
train/5902,../raw/snow/csd/Train/Snow/5902.tif,../raw/snow/csd/Train/Gt/5902.tif,train,snow,csd
train/5903,../raw/snow/csd/Train/Snow/5903.tif,../raw/snow/csd/Train/Gt/5903.tif,train,snow,csd
train/5904,../raw/snow/csd/Train/Snow/5904.tif,../raw/snow/csd/Train/Gt/5904.tif,train,snow,csd
train/5905,../raw/snow/csd/Train/Snow/5905.tif,../raw/snow/csd/Train/Gt/5905.tif,train,snow,csd
train/5906,../raw/snow/csd/Train/Snow/5906.tif,../raw/snow/csd/Train/Gt/5906.tif,train,snow,csd
train/5907,../raw/snow/csd/Train/Snow/5907.tif,../raw/snow/csd/Train/Gt/5907.tif,train,snow,csd
train/5908,../raw/snow/csd/Train/Snow/5908.tif,../raw/snow/csd/Train/Gt/5908.tif,train,snow,csd
train/5909,../raw/snow/csd/Train/Snow/5909.tif,../raw/snow/csd/Train/Gt/5909.tif,train,snow,csd
train/591,../raw/snow/csd/Train/Snow/591.tif,../raw/snow/csd/Train/Gt/591.tif,train,snow,csd
train/5910,../raw/snow/csd/Train/Snow/5910.tif,../raw/snow/csd/Train/Gt/5910.tif,train,snow,csd
train/5911,../raw/snow/csd/Train/Snow/5911.tif,../raw/snow/csd/Train/Gt/5911.tif,train,snow,csd
train/5912,../raw/snow/csd/Train/Snow/5912.tif,../raw/snow/csd/Train/Gt/5912.tif,train,snow,csd
train/5913,../raw/snow/csd/Train/Snow/5913.tif,../raw/snow/csd/Train/Gt/5913.tif,train,snow,csd
train/5914,../raw/snow/csd/Train/Snow/5914.tif,../raw/snow/csd/Train/Gt/5914.tif,train,snow,csd
train/5915,../raw/snow/csd/Train/Snow/5915.tif,../raw/snow/csd/Train/Gt/5915.tif,train,snow,csd
train/5916,../raw/snow/csd/Train/Snow/5916.tif,../raw/snow/csd/Train/Gt/5916.tif,train,snow,csd
train/5917,../raw/snow/csd/Train/Snow/5917.tif,../raw/snow/csd/Train/Gt/5917.tif,train,snow,csd
train/5918,../raw/snow/csd/Train/Snow/5918.tif,../raw/snow/csd/Train/Gt/5918.tif,train,snow,csd
train/5919,../raw/snow/csd/Train/Snow/5919.tif,../raw/snow/csd/Train/Gt/5919.tif,train,snow,csd
train/592,../raw/snow/csd/Train/Snow/592.tif,../raw/snow/csd/Train/Gt/592.tif,train,snow,csd
train/5920,../raw/snow/csd/Train/Snow/5920.tif,../raw/snow/csd/Train/Gt/5920.tif,train,snow,csd
train/5921,../raw/snow/csd/Train/Snow/5921.tif,../raw/snow/csd/Train/Gt/5921.tif,train,snow,csd
train/5922,../raw/snow/csd/Train/Snow/5922.tif,../raw/snow/csd/Train/Gt/5922.tif,train,snow,csd
train/5923,../raw/snow/csd/Train/Snow/5923.tif,../raw/snow/csd/Train/Gt/5923.tif,train,snow,csd
train/5924,../raw/snow/csd/Train/Snow/5924.tif,../raw/snow/csd/Train/Gt/5924.tif,train,snow,csd
train/5925,../raw/snow/csd/Train/Snow/5925.tif,../raw/snow/csd/Train/Gt/5925.tif,train,snow,csd
train/5926,../raw/snow/csd/Train/Snow/5926.tif,../raw/snow/csd/Train/Gt/5926.tif,train,snow,csd
train/5927,../raw/snow/csd/Train/Snow/5927.tif,../raw/snow/csd/Train/Gt/5927.tif,train,snow,csd
train/5928,../raw/snow/csd/Train/Snow/5928.tif,../raw/snow/csd/Train/Gt/5928.tif,train,snow,csd
train/5929,../raw/snow/csd/Train/Snow/5929.tif,../raw/snow/csd/Train/Gt/5929.tif,train,snow,csd
train/593,../raw/snow/csd/Train/Snow/593.tif,../raw/snow/csd/Train/Gt/593.tif,train,snow,csd
train/5930,../raw/snow/csd/Train/Snow/5930.tif,../raw/snow/csd/Train/Gt/5930.tif,train,snow,csd
train/5931,../raw/snow/csd/Train/Snow/5931.tif,../raw/snow/csd/Train/Gt/5931.tif,val,snow,csd
train/5932,../raw/snow/csd/Train/Snow/5932.tif,../raw/snow/csd/Train/Gt/5932.tif,val,snow,csd
train/5933,../raw/snow/csd/Train/Snow/5933.tif,../raw/snow/csd/Train/Gt/5933.tif,train,snow,csd
train/5934,../raw/snow/csd/Train/Snow/5934.tif,../raw/snow/csd/Train/Gt/5934.tif,train,snow,csd
train/5935,../raw/snow/csd/Train/Snow/5935.tif,../raw/snow/csd/Train/Gt/5935.tif,train,snow,csd
train/5936,../raw/snow/csd/Train/Snow/5936.tif,../raw/snow/csd/Train/Gt/5936.tif,val,snow,csd
train/5937,../raw/snow/csd/Train/Snow/5937.tif,../raw/snow/csd/Train/Gt/5937.tif,train,snow,csd
train/5938,../raw/snow/csd/Train/Snow/5938.tif,../raw/snow/csd/Train/Gt/5938.tif,train,snow,csd
train/5939,../raw/snow/csd/Train/Snow/5939.tif,../raw/snow/csd/Train/Gt/5939.tif,train,snow,csd
train/594,../raw/snow/csd/Train/Snow/594.tif,../raw/snow/csd/Train/Gt/594.tif,train,snow,csd
train/5940,../raw/snow/csd/Train/Snow/5940.tif,../raw/snow/csd/Train/Gt/5940.tif,train,snow,csd
train/5941,../raw/snow/csd/Train/Snow/5941.tif,../raw/snow/csd/Train/Gt/5941.tif,train,snow,csd
train/5942,../raw/snow/csd/Train/Snow/5942.tif,../raw/snow/csd/Train/Gt/5942.tif,train,snow,csd
train/5943,../raw/snow/csd/Train/Snow/5943.tif,../raw/snow/csd/Train/Gt/5943.tif,train,snow,csd
train/5944,../raw/snow/csd/Train/Snow/5944.tif,../raw/snow/csd/Train/Gt/5944.tif,train,snow,csd
train/5945,../raw/snow/csd/Train/Snow/5945.tif,../raw/snow/csd/Train/Gt/5945.tif,train,snow,csd
train/5946,../raw/snow/csd/Train/Snow/5946.tif,../raw/snow/csd/Train/Gt/5946.tif,train,snow,csd
train/5947,../raw/snow/csd/Train/Snow/5947.tif,../raw/snow/csd/Train/Gt/5947.tif,train,snow,csd
train/5948,../raw/snow/csd/Train/Snow/5948.tif,../raw/snow/csd/Train/Gt/5948.tif,train,snow,csd
train/5949,../raw/snow/csd/Train/Snow/5949.tif,../raw/snow/csd/Train/Gt/5949.tif,train,snow,csd
train/595,../raw/snow/csd/Train/Snow/595.tif,../raw/snow/csd/Train/Gt/595.tif,train,snow,csd
train/5950,../raw/snow/csd/Train/Snow/5950.tif,../raw/snow/csd/Train/Gt/5950.tif,train,snow,csd
train/5951,../raw/snow/csd/Train/Snow/5951.tif,../raw/snow/csd/Train/Gt/5951.tif,train,snow,csd
train/5952,../raw/snow/csd/Train/Snow/5952.tif,../raw/snow/csd/Train/Gt/5952.tif,train,snow,csd
train/5953,../raw/snow/csd/Train/Snow/5953.tif,../raw/snow/csd/Train/Gt/5953.tif,train,snow,csd
train/5954,../raw/snow/csd/Train/Snow/5954.tif,../raw/snow/csd/Train/Gt/5954.tif,train,snow,csd
train/5955,../raw/snow/csd/Train/Snow/5955.tif,../raw/snow/csd/Train/Gt/5955.tif,train,snow,csd
train/5956,../raw/snow/csd/Train/Snow/5956.tif,../raw/snow/csd/Train/Gt/5956.tif,train,snow,csd
train/5957,../raw/snow/csd/Train/Snow/5957.tif,../raw/snow/csd/Train/Gt/5957.tif,train,snow,csd
train/5958,../raw/snow/csd/Train/Snow/5958.tif,../raw/snow/csd/Train/Gt/5958.tif,train,snow,csd
train/5959,../raw/snow/csd/Train/Snow/5959.tif,../raw/snow/csd/Train/Gt/5959.tif,train,snow,csd
train/596,../raw/snow/csd/Train/Snow/596.tif,../raw/snow/csd/Train/Gt/596.tif,train,snow,csd
train/5960,../raw/snow/csd/Train/Snow/5960.tif,../raw/snow/csd/Train/Gt/5960.tif,train,snow,csd
train/5961,../raw/snow/csd/Train/Snow/5961.tif,../raw/snow/csd/Train/Gt/5961.tif,train,snow,csd
train/5962,../raw/snow/csd/Train/Snow/5962.tif,../raw/snow/csd/Train/Gt/5962.tif,train,snow,csd
train/5963,../raw/snow/csd/Train/Snow/5963.tif,../raw/snow/csd/Train/Gt/5963.tif,train,snow,csd
train/5964,../raw/snow/csd/Train/Snow/5964.tif,../raw/snow/csd/Train/Gt/5964.tif,train,snow,csd
train/5965,../raw/snow/csd/Train/Snow/5965.tif,../raw/snow/csd/Train/Gt/5965.tif,train,snow,csd
train/5966,../raw/snow/csd/Train/Snow/5966.tif,../raw/snow/csd/Train/Gt/5966.tif,train,snow,csd
train/5967,../raw/snow/csd/Train/Snow/5967.tif,../raw/snow/csd/Train/Gt/5967.tif,train,snow,csd
train/5968,../raw/snow/csd/Train/Snow/5968.tif,../raw/snow/csd/Train/Gt/5968.tif,train,snow,csd
train/5969,../raw/snow/csd/Train/Snow/5969.tif,../raw/snow/csd/Train/Gt/5969.tif,val,snow,csd
train/597,../raw/snow/csd/Train/Snow/597.tif,../raw/snow/csd/Train/Gt/597.tif,train,snow,csd
train/5970,../raw/snow/csd/Train/Snow/5970.tif,../raw/snow/csd/Train/Gt/5970.tif,train,snow,csd
train/5971,../raw/snow/csd/Train/Snow/5971.tif,../raw/snow/csd/Train/Gt/5971.tif,train,snow,csd
train/5972,../raw/snow/csd/Train/Snow/5972.tif,../raw/snow/csd/Train/Gt/5972.tif,train,snow,csd
train/5973,../raw/snow/csd/Train/Snow/5973.tif,../raw/snow/csd/Train/Gt/5973.tif,train,snow,csd
train/5974,../raw/snow/csd/Train/Snow/5974.tif,../raw/snow/csd/Train/Gt/5974.tif,train,snow,csd
train/5975,../raw/snow/csd/Train/Snow/5975.tif,../raw/snow/csd/Train/Gt/5975.tif,train,snow,csd
train/5976,../raw/snow/csd/Train/Snow/5976.tif,../raw/snow/csd/Train/Gt/5976.tif,train,snow,csd
train/5977,../raw/snow/csd/Train/Snow/5977.tif,../raw/snow/csd/Train/Gt/5977.tif,train,snow,csd
train/5978,../raw/snow/csd/Train/Snow/5978.tif,../raw/snow/csd/Train/Gt/5978.tif,train,snow,csd
train/5979,../raw/snow/csd/Train/Snow/5979.tif,../raw/snow/csd/Train/Gt/5979.tif,val,snow,csd
train/598,../raw/snow/csd/Train/Snow/598.tif,../raw/snow/csd/Train/Gt/598.tif,train,snow,csd
train/5980,../raw/snow/csd/Train/Snow/5980.tif,../raw/snow/csd/Train/Gt/5980.tif,train,snow,csd
train/5981,../raw/snow/csd/Train/Snow/5981.tif,../raw/snow/csd/Train/Gt/5981.tif,train,snow,csd
train/5982,../raw/snow/csd/Train/Snow/5982.tif,../raw/snow/csd/Train/Gt/5982.tif,train,snow,csd
train/5983,../raw/snow/csd/Train/Snow/5983.tif,../raw/snow/csd/Train/Gt/5983.tif,train,snow,csd
train/5984,../raw/snow/csd/Train/Snow/5984.tif,../raw/snow/csd/Train/Gt/5984.tif,train,snow,csd
train/5985,../raw/snow/csd/Train/Snow/5985.tif,../raw/snow/csd/Train/Gt/5985.tif,train,snow,csd
train/5986,../raw/snow/csd/Train/Snow/5986.tif,../raw/snow/csd/Train/Gt/5986.tif,train,snow,csd
train/5987,../raw/snow/csd/Train/Snow/5987.tif,../raw/snow/csd/Train/Gt/5987.tif,val,snow,csd
train/5988,../raw/snow/csd/Train/Snow/5988.tif,../raw/snow/csd/Train/Gt/5988.tif,train,snow,csd
train/5989,../raw/snow/csd/Train/Snow/5989.tif,../raw/snow/csd/Train/Gt/5989.tif,train,snow,csd
train/599,../raw/snow/csd/Train/Snow/599.tif,../raw/snow/csd/Train/Gt/599.tif,train,snow,csd
train/5990,../raw/snow/csd/Train/Snow/5990.tif,../raw/snow/csd/Train/Gt/5990.tif,train,snow,csd
train/5991,../raw/snow/csd/Train/Snow/5991.tif,../raw/snow/csd/Train/Gt/5991.tif,train,snow,csd
train/5992,../raw/snow/csd/Train/Snow/5992.tif,../raw/snow/csd/Train/Gt/5992.tif,train,snow,csd
train/5993,../raw/snow/csd/Train/Snow/5993.tif,../raw/snow/csd/Train/Gt/5993.tif,train,snow,csd
train/5994,../raw/snow/csd/Train/Snow/5994.tif,../raw/snow/csd/Train/Gt/5994.tif,train,snow,csd
train/5995,../raw/snow/csd/Train/Snow/5995.tif,../raw/snow/csd/Train/Gt/5995.tif,train,snow,csd
train/5996,../raw/snow/csd/Train/Snow/5996.tif,../raw/snow/csd/Train/Gt/5996.tif,train,snow,csd
train/5997,../raw/snow/csd/Train/Snow/5997.tif,../raw/snow/csd/Train/Gt/5997.tif,val,snow,csd
train/5998,../raw/snow/csd/Train/Snow/5998.tif,../raw/snow/csd/Train/Gt/5998.tif,train,snow,csd
train/5999,../raw/snow/csd/Train/Snow/5999.tif,../raw/snow/csd/Train/Gt/5999.tif,train,snow,csd
train/6,../raw/snow/csd/Train/Snow/6.tif,../raw/snow/csd/Train/Gt/6.tif,train,snow,csd
train/60,../raw/snow/csd/Train/Snow/60.tif,../raw/snow/csd/Train/Gt/60.tif,train,snow,csd
train/600,../raw/snow/csd/Train/Snow/600.tif,../raw/snow/csd/Train/Gt/600.tif,train,snow,csd
train/6000,../raw/snow/csd/Train/Snow/6000.tif,../raw/snow/csd/Train/Gt/6000.tif,train,snow,csd
train/6001,../raw/snow/csd/Train/Snow/6001.tif,../raw/snow/csd/Train/Gt/6001.tif,train,snow,csd
train/6002,../raw/snow/csd/Train/Snow/6002.tif,../raw/snow/csd/Train/Gt/6002.tif,train,snow,csd
train/6003,../raw/snow/csd/Train/Snow/6003.tif,../raw/snow/csd/Train/Gt/6003.tif,val,snow,csd
train/6004,../raw/snow/csd/Train/Snow/6004.tif,../raw/snow/csd/Train/Gt/6004.tif,train,snow,csd
train/6005,../raw/snow/csd/Train/Snow/6005.tif,../raw/snow/csd/Train/Gt/6005.tif,train,snow,csd
train/6006,../raw/snow/csd/Train/Snow/6006.tif,../raw/snow/csd/Train/Gt/6006.tif,train,snow,csd
train/6007,../raw/snow/csd/Train/Snow/6007.tif,../raw/snow/csd/Train/Gt/6007.tif,train,snow,csd
train/6008,../raw/snow/csd/Train/Snow/6008.tif,../raw/snow/csd/Train/Gt/6008.tif,train,snow,csd
train/6009,../raw/snow/csd/Train/Snow/6009.tif,../raw/snow/csd/Train/Gt/6009.tif,val,snow,csd
train/601,../raw/snow/csd/Train/Snow/601.tif,../raw/snow/csd/Train/Gt/601.tif,train,snow,csd
train/6010,../raw/snow/csd/Train/Snow/6010.tif,../raw/snow/csd/Train/Gt/6010.tif,train,snow,csd
train/6011,../raw/snow/csd/Train/Snow/6011.tif,../raw/snow/csd/Train/Gt/6011.tif,train,snow,csd
train/6012,../raw/snow/csd/Train/Snow/6012.tif,../raw/snow/csd/Train/Gt/6012.tif,val,snow,csd
train/6013,../raw/snow/csd/Train/Snow/6013.tif,../raw/snow/csd/Train/Gt/6013.tif,train,snow,csd
train/6014,../raw/snow/csd/Train/Snow/6014.tif,../raw/snow/csd/Train/Gt/6014.tif,train,snow,csd
train/6015,../raw/snow/csd/Train/Snow/6015.tif,../raw/snow/csd/Train/Gt/6015.tif,train,snow,csd
train/6016,../raw/snow/csd/Train/Snow/6016.tif,../raw/snow/csd/Train/Gt/6016.tif,train,snow,csd
train/6017,../raw/snow/csd/Train/Snow/6017.tif,../raw/snow/csd/Train/Gt/6017.tif,train,snow,csd
train/6018,../raw/snow/csd/Train/Snow/6018.tif,../raw/snow/csd/Train/Gt/6018.tif,train,snow,csd
train/6019,../raw/snow/csd/Train/Snow/6019.tif,../raw/snow/csd/Train/Gt/6019.tif,val,snow,csd
train/602,../raw/snow/csd/Train/Snow/602.tif,../raw/snow/csd/Train/Gt/602.tif,train,snow,csd
train/6020,../raw/snow/csd/Train/Snow/6020.tif,../raw/snow/csd/Train/Gt/6020.tif,train,snow,csd
train/6021,../raw/snow/csd/Train/Snow/6021.tif,../raw/snow/csd/Train/Gt/6021.tif,train,snow,csd
train/6022,../raw/snow/csd/Train/Snow/6022.tif,../raw/snow/csd/Train/Gt/6022.tif,train,snow,csd
train/6023,../raw/snow/csd/Train/Snow/6023.tif,../raw/snow/csd/Train/Gt/6023.tif,val,snow,csd
train/6024,../raw/snow/csd/Train/Snow/6024.tif,../raw/snow/csd/Train/Gt/6024.tif,train,snow,csd
train/6025,../raw/snow/csd/Train/Snow/6025.tif,../raw/snow/csd/Train/Gt/6025.tif,train,snow,csd
train/6026,../raw/snow/csd/Train/Snow/6026.tif,../raw/snow/csd/Train/Gt/6026.tif,train,snow,csd
train/6027,../raw/snow/csd/Train/Snow/6027.tif,../raw/snow/csd/Train/Gt/6027.tif,train,snow,csd
train/6028,../raw/snow/csd/Train/Snow/6028.tif,../raw/snow/csd/Train/Gt/6028.tif,train,snow,csd
train/6029,../raw/snow/csd/Train/Snow/6029.tif,../raw/snow/csd/Train/Gt/6029.tif,train,snow,csd
train/603,../raw/snow/csd/Train/Snow/603.tif,../raw/snow/csd/Train/Gt/603.tif,train,snow,csd
train/6030,../raw/snow/csd/Train/Snow/6030.tif,../raw/snow/csd/Train/Gt/6030.tif,train,snow,csd
train/6031,../raw/snow/csd/Train/Snow/6031.tif,../raw/snow/csd/Train/Gt/6031.tif,train,snow,csd
train/6032,../raw/snow/csd/Train/Snow/6032.tif,../raw/snow/csd/Train/Gt/6032.tif,train,snow,csd
train/6033,../raw/snow/csd/Train/Snow/6033.tif,../raw/snow/csd/Train/Gt/6033.tif,train,snow,csd
train/6034,../raw/snow/csd/Train/Snow/6034.tif,../raw/snow/csd/Train/Gt/6034.tif,train,snow,csd
train/6035,../raw/snow/csd/Train/Snow/6035.tif,../raw/snow/csd/Train/Gt/6035.tif,train,snow,csd
train/6036,../raw/snow/csd/Train/Snow/6036.tif,../raw/snow/csd/Train/Gt/6036.tif,train,snow,csd
train/6037,../raw/snow/csd/Train/Snow/6037.tif,../raw/snow/csd/Train/Gt/6037.tif,train,snow,csd
train/6038,../raw/snow/csd/Train/Snow/6038.tif,../raw/snow/csd/Train/Gt/6038.tif,train,snow,csd
train/6039,../raw/snow/csd/Train/Snow/6039.tif,../raw/snow/csd/Train/Gt/6039.tif,train,snow,csd
train/604,../raw/snow/csd/Train/Snow/604.tif,../raw/snow/csd/Train/Gt/604.tif,train,snow,csd
train/6040,../raw/snow/csd/Train/Snow/6040.tif,../raw/snow/csd/Train/Gt/6040.tif,train,snow,csd
train/6041,../raw/snow/csd/Train/Snow/6041.tif,../raw/snow/csd/Train/Gt/6041.tif,train,snow,csd
train/6042,../raw/snow/csd/Train/Snow/6042.tif,../raw/snow/csd/Train/Gt/6042.tif,train,snow,csd
train/6043,../raw/snow/csd/Train/Snow/6043.tif,../raw/snow/csd/Train/Gt/6043.tif,train,snow,csd
train/6044,../raw/snow/csd/Train/Snow/6044.tif,../raw/snow/csd/Train/Gt/6044.tif,train,snow,csd
train/6045,../raw/snow/csd/Train/Snow/6045.tif,../raw/snow/csd/Train/Gt/6045.tif,train,snow,csd
train/6046,../raw/snow/csd/Train/Snow/6046.tif,../raw/snow/csd/Train/Gt/6046.tif,train,snow,csd
train/6047,../raw/snow/csd/Train/Snow/6047.tif,../raw/snow/csd/Train/Gt/6047.tif,train,snow,csd
train/6048,../raw/snow/csd/Train/Snow/6048.tif,../raw/snow/csd/Train/Gt/6048.tif,train,snow,csd
train/6049,../raw/snow/csd/Train/Snow/6049.tif,../raw/snow/csd/Train/Gt/6049.tif,train,snow,csd
train/605,../raw/snow/csd/Train/Snow/605.tif,../raw/snow/csd/Train/Gt/605.tif,train,snow,csd
train/6050,../raw/snow/csd/Train/Snow/6050.tif,../raw/snow/csd/Train/Gt/6050.tif,train,snow,csd
train/6051,../raw/snow/csd/Train/Snow/6051.tif,../raw/snow/csd/Train/Gt/6051.tif,train,snow,csd
train/6052,../raw/snow/csd/Train/Snow/6052.tif,../raw/snow/csd/Train/Gt/6052.tif,train,snow,csd
train/6053,../raw/snow/csd/Train/Snow/6053.tif,../raw/snow/csd/Train/Gt/6053.tif,train,snow,csd
train/6054,../raw/snow/csd/Train/Snow/6054.tif,../raw/snow/csd/Train/Gt/6054.tif,train,snow,csd
train/6055,../raw/snow/csd/Train/Snow/6055.tif,../raw/snow/csd/Train/Gt/6055.tif,train,snow,csd
train/6056,../raw/snow/csd/Train/Snow/6056.tif,../raw/snow/csd/Train/Gt/6056.tif,train,snow,csd
train/6057,../raw/snow/csd/Train/Snow/6057.tif,../raw/snow/csd/Train/Gt/6057.tif,val,snow,csd
train/6058,../raw/snow/csd/Train/Snow/6058.tif,../raw/snow/csd/Train/Gt/6058.tif,train,snow,csd
train/6059,../raw/snow/csd/Train/Snow/6059.tif,../raw/snow/csd/Train/Gt/6059.tif,train,snow,csd
train/606,../raw/snow/csd/Train/Snow/606.tif,../raw/snow/csd/Train/Gt/606.tif,train,snow,csd
train/6060,../raw/snow/csd/Train/Snow/6060.tif,../raw/snow/csd/Train/Gt/6060.tif,train,snow,csd
train/6061,../raw/snow/csd/Train/Snow/6061.tif,../raw/snow/csd/Train/Gt/6061.tif,train,snow,csd
train/6062,../raw/snow/csd/Train/Snow/6062.tif,../raw/snow/csd/Train/Gt/6062.tif,train,snow,csd
train/6063,../raw/snow/csd/Train/Snow/6063.tif,../raw/snow/csd/Train/Gt/6063.tif,train,snow,csd
train/6064,../raw/snow/csd/Train/Snow/6064.tif,../raw/snow/csd/Train/Gt/6064.tif,train,snow,csd
train/6065,../raw/snow/csd/Train/Snow/6065.tif,../raw/snow/csd/Train/Gt/6065.tif,train,snow,csd
train/6066,../raw/snow/csd/Train/Snow/6066.tif,../raw/snow/csd/Train/Gt/6066.tif,train,snow,csd
train/6067,../raw/snow/csd/Train/Snow/6067.tif,../raw/snow/csd/Train/Gt/6067.tif,train,snow,csd
train/6068,../raw/snow/csd/Train/Snow/6068.tif,../raw/snow/csd/Train/Gt/6068.tif,train,snow,csd
train/6069,../raw/snow/csd/Train/Snow/6069.tif,../raw/snow/csd/Train/Gt/6069.tif,train,snow,csd
train/607,../raw/snow/csd/Train/Snow/607.tif,../raw/snow/csd/Train/Gt/607.tif,train,snow,csd
train/6070,../raw/snow/csd/Train/Snow/6070.tif,../raw/snow/csd/Train/Gt/6070.tif,train,snow,csd
train/6071,../raw/snow/csd/Train/Snow/6071.tif,../raw/snow/csd/Train/Gt/6071.tif,train,snow,csd
train/6072,../raw/snow/csd/Train/Snow/6072.tif,../raw/snow/csd/Train/Gt/6072.tif,train,snow,csd
train/6073,../raw/snow/csd/Train/Snow/6073.tif,../raw/snow/csd/Train/Gt/6073.tif,val,snow,csd
train/6074,../raw/snow/csd/Train/Snow/6074.tif,../raw/snow/csd/Train/Gt/6074.tif,train,snow,csd
train/6075,../raw/snow/csd/Train/Snow/6075.tif,../raw/snow/csd/Train/Gt/6075.tif,train,snow,csd
train/6076,../raw/snow/csd/Train/Snow/6076.tif,../raw/snow/csd/Train/Gt/6076.tif,train,snow,csd
train/6077,../raw/snow/csd/Train/Snow/6077.tif,../raw/snow/csd/Train/Gt/6077.tif,train,snow,csd
train/6078,../raw/snow/csd/Train/Snow/6078.tif,../raw/snow/csd/Train/Gt/6078.tif,train,snow,csd
train/6079,../raw/snow/csd/Train/Snow/6079.tif,../raw/snow/csd/Train/Gt/6079.tif,train,snow,csd
train/608,../raw/snow/csd/Train/Snow/608.tif,../raw/snow/csd/Train/Gt/608.tif,train,snow,csd
train/6080,../raw/snow/csd/Train/Snow/6080.tif,../raw/snow/csd/Train/Gt/6080.tif,train,snow,csd
train/6081,../raw/snow/csd/Train/Snow/6081.tif,../raw/snow/csd/Train/Gt/6081.tif,train,snow,csd
train/6082,../raw/snow/csd/Train/Snow/6082.tif,../raw/snow/csd/Train/Gt/6082.tif,train,snow,csd
train/6083,../raw/snow/csd/Train/Snow/6083.tif,../raw/snow/csd/Train/Gt/6083.tif,train,snow,csd
train/6084,../raw/snow/csd/Train/Snow/6084.tif,../raw/snow/csd/Train/Gt/6084.tif,train,snow,csd
train/6085,../raw/snow/csd/Train/Snow/6085.tif,../raw/snow/csd/Train/Gt/6085.tif,train,snow,csd
train/6086,../raw/snow/csd/Train/Snow/6086.tif,../raw/snow/csd/Train/Gt/6086.tif,train,snow,csd
train/6087,../raw/snow/csd/Train/Snow/6087.tif,../raw/snow/csd/Train/Gt/6087.tif,train,snow,csd
train/6088,../raw/snow/csd/Train/Snow/6088.tif,../raw/snow/csd/Train/Gt/6088.tif,train,snow,csd
train/6089,../raw/snow/csd/Train/Snow/6089.tif,../raw/snow/csd/Train/Gt/6089.tif,train,snow,csd
train/609,../raw/snow/csd/Train/Snow/609.tif,../raw/snow/csd/Train/Gt/609.tif,val,snow,csd
train/6090,../raw/snow/csd/Train/Snow/6090.tif,../raw/snow/csd/Train/Gt/6090.tif,train,snow,csd
train/6091,../raw/snow/csd/Train/Snow/6091.tif,../raw/snow/csd/Train/Gt/6091.tif,train,snow,csd
train/6092,../raw/snow/csd/Train/Snow/6092.tif,../raw/snow/csd/Train/Gt/6092.tif,train,snow,csd
train/6093,../raw/snow/csd/Train/Snow/6093.tif,../raw/snow/csd/Train/Gt/6093.tif,train,snow,csd
train/6094,../raw/snow/csd/Train/Snow/6094.tif,../raw/snow/csd/Train/Gt/6094.tif,train,snow,csd
train/6095,../raw/snow/csd/Train/Snow/6095.tif,../raw/snow/csd/Train/Gt/6095.tif,train,snow,csd
train/6096,../raw/snow/csd/Train/Snow/6096.tif,../raw/snow/csd/Train/Gt/6096.tif,train,snow,csd
train/6097,../raw/snow/csd/Train/Snow/6097.tif,../raw/snow/csd/Train/Gt/6097.tif,train,snow,csd
train/6098,../raw/snow/csd/Train/Snow/6098.tif,../raw/snow/csd/Train/Gt/6098.tif,train,snow,csd
train/6099,../raw/snow/csd/Train/Snow/6099.tif,../raw/snow/csd/Train/Gt/6099.tif,train,snow,csd
train/61,../raw/snow/csd/Train/Snow/61.tif,../raw/snow/csd/Train/Gt/61.tif,train,snow,csd
train/610,../raw/snow/csd/Train/Snow/610.tif,../raw/snow/csd/Train/Gt/610.tif,train,snow,csd
train/6100,../raw/snow/csd/Train/Snow/6100.tif,../raw/snow/csd/Train/Gt/6100.tif,train,snow,csd
train/6101,../raw/snow/csd/Train/Snow/6101.tif,../raw/snow/csd/Train/Gt/6101.tif,train,snow,csd
train/6102,../raw/snow/csd/Train/Snow/6102.tif,../raw/snow/csd/Train/Gt/6102.tif,train,snow,csd
train/6103,../raw/snow/csd/Train/Snow/6103.tif,../raw/snow/csd/Train/Gt/6103.tif,train,snow,csd
train/6104,../raw/snow/csd/Train/Snow/6104.tif,../raw/snow/csd/Train/Gt/6104.tif,train,snow,csd
train/6105,../raw/snow/csd/Train/Snow/6105.tif,../raw/snow/csd/Train/Gt/6105.tif,train,snow,csd
train/6106,../raw/snow/csd/Train/Snow/6106.tif,../raw/snow/csd/Train/Gt/6106.tif,train,snow,csd
train/6107,../raw/snow/csd/Train/Snow/6107.tif,../raw/snow/csd/Train/Gt/6107.tif,train,snow,csd
train/6108,../raw/snow/csd/Train/Snow/6108.tif,../raw/snow/csd/Train/Gt/6108.tif,train,snow,csd
train/6109,../raw/snow/csd/Train/Snow/6109.tif,../raw/snow/csd/Train/Gt/6109.tif,train,snow,csd
train/611,../raw/snow/csd/Train/Snow/611.tif,../raw/snow/csd/Train/Gt/611.tif,train,snow,csd
train/6110,../raw/snow/csd/Train/Snow/6110.tif,../raw/snow/csd/Train/Gt/6110.tif,train,snow,csd
train/6111,../raw/snow/csd/Train/Snow/6111.tif,../raw/snow/csd/Train/Gt/6111.tif,train,snow,csd
train/6112,../raw/snow/csd/Train/Snow/6112.tif,../raw/snow/csd/Train/Gt/6112.tif,train,snow,csd
train/6113,../raw/snow/csd/Train/Snow/6113.tif,../raw/snow/csd/Train/Gt/6113.tif,val,snow,csd
train/6114,../raw/snow/csd/Train/Snow/6114.tif,../raw/snow/csd/Train/Gt/6114.tif,val,snow,csd
train/6115,../raw/snow/csd/Train/Snow/6115.tif,../raw/snow/csd/Train/Gt/6115.tif,train,snow,csd
train/6116,../raw/snow/csd/Train/Snow/6116.tif,../raw/snow/csd/Train/Gt/6116.tif,train,snow,csd
train/6117,../raw/snow/csd/Train/Snow/6117.tif,../raw/snow/csd/Train/Gt/6117.tif,train,snow,csd
train/6118,../raw/snow/csd/Train/Snow/6118.tif,../raw/snow/csd/Train/Gt/6118.tif,train,snow,csd
train/6119,../raw/snow/csd/Train/Snow/6119.tif,../raw/snow/csd/Train/Gt/6119.tif,train,snow,csd
train/612,../raw/snow/csd/Train/Snow/612.tif,../raw/snow/csd/Train/Gt/612.tif,train,snow,csd
train/6120,../raw/snow/csd/Train/Snow/6120.tif,../raw/snow/csd/Train/Gt/6120.tif,train,snow,csd
train/6121,../raw/snow/csd/Train/Snow/6121.tif,../raw/snow/csd/Train/Gt/6121.tif,train,snow,csd
train/6122,../raw/snow/csd/Train/Snow/6122.tif,../raw/snow/csd/Train/Gt/6122.tif,train,snow,csd
train/6123,../raw/snow/csd/Train/Snow/6123.tif,../raw/snow/csd/Train/Gt/6123.tif,train,snow,csd
train/6124,../raw/snow/csd/Train/Snow/6124.tif,../raw/snow/csd/Train/Gt/6124.tif,train,snow,csd
train/6125,../raw/snow/csd/Train/Snow/6125.tif,../raw/snow/csd/Train/Gt/6125.tif,train,snow,csd
train/6126,../raw/snow/csd/Train/Snow/6126.tif,../raw/snow/csd/Train/Gt/6126.tif,train,snow,csd
train/6127,../raw/snow/csd/Train/Snow/6127.tif,../raw/snow/csd/Train/Gt/6127.tif,train,snow,csd
train/6128,../raw/snow/csd/Train/Snow/6128.tif,../raw/snow/csd/Train/Gt/6128.tif,train,snow,csd
train/6129,../raw/snow/csd/Train/Snow/6129.tif,../raw/snow/csd/Train/Gt/6129.tif,train,snow,csd
train/613,../raw/snow/csd/Train/Snow/613.tif,../raw/snow/csd/Train/Gt/613.tif,train,snow,csd
train/6130,../raw/snow/csd/Train/Snow/6130.tif,../raw/snow/csd/Train/Gt/6130.tif,train,snow,csd
train/6131,../raw/snow/csd/Train/Snow/6131.tif,../raw/snow/csd/Train/Gt/6131.tif,train,snow,csd
train/6132,../raw/snow/csd/Train/Snow/6132.tif,../raw/snow/csd/Train/Gt/6132.tif,train,snow,csd
train/6133,../raw/snow/csd/Train/Snow/6133.tif,../raw/snow/csd/Train/Gt/6133.tif,train,snow,csd
train/6134,../raw/snow/csd/Train/Snow/6134.tif,../raw/snow/csd/Train/Gt/6134.tif,train,snow,csd
train/6135,../raw/snow/csd/Train/Snow/6135.tif,../raw/snow/csd/Train/Gt/6135.tif,train,snow,csd
train/6136,../raw/snow/csd/Train/Snow/6136.tif,../raw/snow/csd/Train/Gt/6136.tif,train,snow,csd
train/6137,../raw/snow/csd/Train/Snow/6137.tif,../raw/snow/csd/Train/Gt/6137.tif,train,snow,csd
train/6138,../raw/snow/csd/Train/Snow/6138.tif,../raw/snow/csd/Train/Gt/6138.tif,train,snow,csd
train/6139,../raw/snow/csd/Train/Snow/6139.tif,../raw/snow/csd/Train/Gt/6139.tif,train,snow,csd
train/614,../raw/snow/csd/Train/Snow/614.tif,../raw/snow/csd/Train/Gt/614.tif,train,snow,csd
train/6140,../raw/snow/csd/Train/Snow/6140.tif,../raw/snow/csd/Train/Gt/6140.tif,train,snow,csd
train/6141,../raw/snow/csd/Train/Snow/6141.tif,../raw/snow/csd/Train/Gt/6141.tif,train,snow,csd
train/6142,../raw/snow/csd/Train/Snow/6142.tif,../raw/snow/csd/Train/Gt/6142.tif,train,snow,csd
train/6143,../raw/snow/csd/Train/Snow/6143.tif,../raw/snow/csd/Train/Gt/6143.tif,train,snow,csd
train/6144,../raw/snow/csd/Train/Snow/6144.tif,../raw/snow/csd/Train/Gt/6144.tif,train,snow,csd
train/6145,../raw/snow/csd/Train/Snow/6145.tif,../raw/snow/csd/Train/Gt/6145.tif,train,snow,csd
train/6146,../raw/snow/csd/Train/Snow/6146.tif,../raw/snow/csd/Train/Gt/6146.tif,val,snow,csd
train/6147,../raw/snow/csd/Train/Snow/6147.tif,../raw/snow/csd/Train/Gt/6147.tif,train,snow,csd
train/6148,../raw/snow/csd/Train/Snow/6148.tif,../raw/snow/csd/Train/Gt/6148.tif,train,snow,csd
train/6149,../raw/snow/csd/Train/Snow/6149.tif,../raw/snow/csd/Train/Gt/6149.tif,train,snow,csd
train/615,../raw/snow/csd/Train/Snow/615.tif,../raw/snow/csd/Train/Gt/615.tif,train,snow,csd
train/6150,../raw/snow/csd/Train/Snow/6150.tif,../raw/snow/csd/Train/Gt/6150.tif,train,snow,csd
train/6151,../raw/snow/csd/Train/Snow/6151.tif,../raw/snow/csd/Train/Gt/6151.tif,train,snow,csd
train/6152,../raw/snow/csd/Train/Snow/6152.tif,../raw/snow/csd/Train/Gt/6152.tif,train,snow,csd
train/6153,../raw/snow/csd/Train/Snow/6153.tif,../raw/snow/csd/Train/Gt/6153.tif,val,snow,csd
train/6154,../raw/snow/csd/Train/Snow/6154.tif,../raw/snow/csd/Train/Gt/6154.tif,train,snow,csd
train/6155,../raw/snow/csd/Train/Snow/6155.tif,../raw/snow/csd/Train/Gt/6155.tif,val,snow,csd
train/6156,../raw/snow/csd/Train/Snow/6156.tif,../raw/snow/csd/Train/Gt/6156.tif,train,snow,csd
train/6157,../raw/snow/csd/Train/Snow/6157.tif,../raw/snow/csd/Train/Gt/6157.tif,train,snow,csd
train/6158,../raw/snow/csd/Train/Snow/6158.tif,../raw/snow/csd/Train/Gt/6158.tif,train,snow,csd
train/6159,../raw/snow/csd/Train/Snow/6159.tif,../raw/snow/csd/Train/Gt/6159.tif,train,snow,csd
train/616,../raw/snow/csd/Train/Snow/616.tif,../raw/snow/csd/Train/Gt/616.tif,train,snow,csd
train/6160,../raw/snow/csd/Train/Snow/6160.tif,../raw/snow/csd/Train/Gt/6160.tif,train,snow,csd
train/6161,../raw/snow/csd/Train/Snow/6161.tif,../raw/snow/csd/Train/Gt/6161.tif,train,snow,csd
train/6162,../raw/snow/csd/Train/Snow/6162.tif,../raw/snow/csd/Train/Gt/6162.tif,val,snow,csd
train/6163,../raw/snow/csd/Train/Snow/6163.tif,../raw/snow/csd/Train/Gt/6163.tif,train,snow,csd
train/6164,../raw/snow/csd/Train/Snow/6164.tif,../raw/snow/csd/Train/Gt/6164.tif,train,snow,csd
train/6165,../raw/snow/csd/Train/Snow/6165.tif,../raw/snow/csd/Train/Gt/6165.tif,train,snow,csd
train/6166,../raw/snow/csd/Train/Snow/6166.tif,../raw/snow/csd/Train/Gt/6166.tif,train,snow,csd
train/6167,../raw/snow/csd/Train/Snow/6167.tif,../raw/snow/csd/Train/Gt/6167.tif,train,snow,csd
train/6168,../raw/snow/csd/Train/Snow/6168.tif,../raw/snow/csd/Train/Gt/6168.tif,train,snow,csd
train/6169,../raw/snow/csd/Train/Snow/6169.tif,../raw/snow/csd/Train/Gt/6169.tif,train,snow,csd
train/617,../raw/snow/csd/Train/Snow/617.tif,../raw/snow/csd/Train/Gt/617.tif,train,snow,csd
train/6170,../raw/snow/csd/Train/Snow/6170.tif,../raw/snow/csd/Train/Gt/6170.tif,train,snow,csd
train/6171,../raw/snow/csd/Train/Snow/6171.tif,../raw/snow/csd/Train/Gt/6171.tif,train,snow,csd
train/6172,../raw/snow/csd/Train/Snow/6172.tif,../raw/snow/csd/Train/Gt/6172.tif,train,snow,csd
train/6173,../raw/snow/csd/Train/Snow/6173.tif,../raw/snow/csd/Train/Gt/6173.tif,val,snow,csd
train/6174,../raw/snow/csd/Train/Snow/6174.tif,../raw/snow/csd/Train/Gt/6174.tif,train,snow,csd
train/6175,../raw/snow/csd/Train/Snow/6175.tif,../raw/snow/csd/Train/Gt/6175.tif,train,snow,csd
train/6176,../raw/snow/csd/Train/Snow/6176.tif,../raw/snow/csd/Train/Gt/6176.tif,train,snow,csd
train/6177,../raw/snow/csd/Train/Snow/6177.tif,../raw/snow/csd/Train/Gt/6177.tif,train,snow,csd
train/6178,../raw/snow/csd/Train/Snow/6178.tif,../raw/snow/csd/Train/Gt/6178.tif,train,snow,csd
train/6179,../raw/snow/csd/Train/Snow/6179.tif,../raw/snow/csd/Train/Gt/6179.tif,train,snow,csd
train/618,../raw/snow/csd/Train/Snow/618.tif,../raw/snow/csd/Train/Gt/618.tif,train,snow,csd
train/6180,../raw/snow/csd/Train/Snow/6180.tif,../raw/snow/csd/Train/Gt/6180.tif,train,snow,csd
train/6181,../raw/snow/csd/Train/Snow/6181.tif,../raw/snow/csd/Train/Gt/6181.tif,train,snow,csd
train/6182,../raw/snow/csd/Train/Snow/6182.tif,../raw/snow/csd/Train/Gt/6182.tif,train,snow,csd
train/6183,../raw/snow/csd/Train/Snow/6183.tif,../raw/snow/csd/Train/Gt/6183.tif,train,snow,csd
train/6184,../raw/snow/csd/Train/Snow/6184.tif,../raw/snow/csd/Train/Gt/6184.tif,train,snow,csd
train/6185,../raw/snow/csd/Train/Snow/6185.tif,../raw/snow/csd/Train/Gt/6185.tif,val,snow,csd
train/6186,../raw/snow/csd/Train/Snow/6186.tif,../raw/snow/csd/Train/Gt/6186.tif,train,snow,csd
train/6187,../raw/snow/csd/Train/Snow/6187.tif,../raw/snow/csd/Train/Gt/6187.tif,train,snow,csd
train/6188,../raw/snow/csd/Train/Snow/6188.tif,../raw/snow/csd/Train/Gt/6188.tif,train,snow,csd
train/6189,../raw/snow/csd/Train/Snow/6189.tif,../raw/snow/csd/Train/Gt/6189.tif,train,snow,csd
train/619,../raw/snow/csd/Train/Snow/619.tif,../raw/snow/csd/Train/Gt/619.tif,val,snow,csd
train/6190,../raw/snow/csd/Train/Snow/6190.tif,../raw/snow/csd/Train/Gt/6190.tif,train,snow,csd
train/6191,../raw/snow/csd/Train/Snow/6191.tif,../raw/snow/csd/Train/Gt/6191.tif,train,snow,csd
train/6192,../raw/snow/csd/Train/Snow/6192.tif,../raw/snow/csd/Train/Gt/6192.tif,train,snow,csd
train/6193,../raw/snow/csd/Train/Snow/6193.tif,../raw/snow/csd/Train/Gt/6193.tif,train,snow,csd
train/6194,../raw/snow/csd/Train/Snow/6194.tif,../raw/snow/csd/Train/Gt/6194.tif,val,snow,csd
train/6195,../raw/snow/csd/Train/Snow/6195.tif,../raw/snow/csd/Train/Gt/6195.tif,train,snow,csd
train/6196,../raw/snow/csd/Train/Snow/6196.tif,../raw/snow/csd/Train/Gt/6196.tif,train,snow,csd
train/6197,../raw/snow/csd/Train/Snow/6197.tif,../raw/snow/csd/Train/Gt/6197.tif,train,snow,csd
train/6198,../raw/snow/csd/Train/Snow/6198.tif,../raw/snow/csd/Train/Gt/6198.tif,val,snow,csd
train/6199,../raw/snow/csd/Train/Snow/6199.tif,../raw/snow/csd/Train/Gt/6199.tif,train,snow,csd
train/62,../raw/snow/csd/Train/Snow/62.tif,../raw/snow/csd/Train/Gt/62.tif,train,snow,csd
train/620,../raw/snow/csd/Train/Snow/620.tif,../raw/snow/csd/Train/Gt/620.tif,train,snow,csd
train/6200,../raw/snow/csd/Train/Snow/6200.tif,../raw/snow/csd/Train/Gt/6200.tif,train,snow,csd
train/6201,../raw/snow/csd/Train/Snow/6201.tif,../raw/snow/csd/Train/Gt/6201.tif,train,snow,csd
train/6202,../raw/snow/csd/Train/Snow/6202.tif,../raw/snow/csd/Train/Gt/6202.tif,train,snow,csd
train/6203,../raw/snow/csd/Train/Snow/6203.tif,../raw/snow/csd/Train/Gt/6203.tif,train,snow,csd
train/6204,../raw/snow/csd/Train/Snow/6204.tif,../raw/snow/csd/Train/Gt/6204.tif,train,snow,csd
train/6205,../raw/snow/csd/Train/Snow/6205.tif,../raw/snow/csd/Train/Gt/6205.tif,train,snow,csd
train/6206,../raw/snow/csd/Train/Snow/6206.tif,../raw/snow/csd/Train/Gt/6206.tif,train,snow,csd
train/6207,../raw/snow/csd/Train/Snow/6207.tif,../raw/snow/csd/Train/Gt/6207.tif,train,snow,csd
train/6208,../raw/snow/csd/Train/Snow/6208.tif,../raw/snow/csd/Train/Gt/6208.tif,train,snow,csd
train/6209,../raw/snow/csd/Train/Snow/6209.tif,../raw/snow/csd/Train/Gt/6209.tif,train,snow,csd
train/621,../raw/snow/csd/Train/Snow/621.tif,../raw/snow/csd/Train/Gt/621.tif,train,snow,csd
train/6210,../raw/snow/csd/Train/Snow/6210.tif,../raw/snow/csd/Train/Gt/6210.tif,train,snow,csd
train/6211,../raw/snow/csd/Train/Snow/6211.tif,../raw/snow/csd/Train/Gt/6211.tif,train,snow,csd
train/6212,../raw/snow/csd/Train/Snow/6212.tif,../raw/snow/csd/Train/Gt/6212.tif,train,snow,csd
train/6213,../raw/snow/csd/Train/Snow/6213.tif,../raw/snow/csd/Train/Gt/6213.tif,train,snow,csd
train/6214,../raw/snow/csd/Train/Snow/6214.tif,../raw/snow/csd/Train/Gt/6214.tif,train,snow,csd
train/6215,../raw/snow/csd/Train/Snow/6215.tif,../raw/snow/csd/Train/Gt/6215.tif,train,snow,csd
train/6216,../raw/snow/csd/Train/Snow/6216.tif,../raw/snow/csd/Train/Gt/6216.tif,train,snow,csd
train/6217,../raw/snow/csd/Train/Snow/6217.tif,../raw/snow/csd/Train/Gt/6217.tif,train,snow,csd
train/6218,../raw/snow/csd/Train/Snow/6218.tif,../raw/snow/csd/Train/Gt/6218.tif,train,snow,csd
train/6219,../raw/snow/csd/Train/Snow/6219.tif,../raw/snow/csd/Train/Gt/6219.tif,train,snow,csd
train/622,../raw/snow/csd/Train/Snow/622.tif,../raw/snow/csd/Train/Gt/622.tif,train,snow,csd
train/6220,../raw/snow/csd/Train/Snow/6220.tif,../raw/snow/csd/Train/Gt/6220.tif,train,snow,csd
train/6221,../raw/snow/csd/Train/Snow/6221.tif,../raw/snow/csd/Train/Gt/6221.tif,train,snow,csd
train/6222,../raw/snow/csd/Train/Snow/6222.tif,../raw/snow/csd/Train/Gt/6222.tif,train,snow,csd
train/6223,../raw/snow/csd/Train/Snow/6223.tif,../raw/snow/csd/Train/Gt/6223.tif,train,snow,csd
train/6224,../raw/snow/csd/Train/Snow/6224.tif,../raw/snow/csd/Train/Gt/6224.tif,train,snow,csd
train/6225,../raw/snow/csd/Train/Snow/6225.tif,../raw/snow/csd/Train/Gt/6225.tif,train,snow,csd
train/6226,../raw/snow/csd/Train/Snow/6226.tif,../raw/snow/csd/Train/Gt/6226.tif,train,snow,csd
train/6227,../raw/snow/csd/Train/Snow/6227.tif,../raw/snow/csd/Train/Gt/6227.tif,train,snow,csd
train/6228,../raw/snow/csd/Train/Snow/6228.tif,../raw/snow/csd/Train/Gt/6228.tif,train,snow,csd
train/6229,../raw/snow/csd/Train/Snow/6229.tif,../raw/snow/csd/Train/Gt/6229.tif,train,snow,csd
train/623,../raw/snow/csd/Train/Snow/623.tif,../raw/snow/csd/Train/Gt/623.tif,train,snow,csd
train/6230,../raw/snow/csd/Train/Snow/6230.tif,../raw/snow/csd/Train/Gt/6230.tif,train,snow,csd
train/6231,../raw/snow/csd/Train/Snow/6231.tif,../raw/snow/csd/Train/Gt/6231.tif,train,snow,csd
train/6232,../raw/snow/csd/Train/Snow/6232.tif,../raw/snow/csd/Train/Gt/6232.tif,train,snow,csd
train/6233,../raw/snow/csd/Train/Snow/6233.tif,../raw/snow/csd/Train/Gt/6233.tif,train,snow,csd
train/6234,../raw/snow/csd/Train/Snow/6234.tif,../raw/snow/csd/Train/Gt/6234.tif,train,snow,csd
train/6235,../raw/snow/csd/Train/Snow/6235.tif,../raw/snow/csd/Train/Gt/6235.tif,train,snow,csd
train/6236,../raw/snow/csd/Train/Snow/6236.tif,../raw/snow/csd/Train/Gt/6236.tif,train,snow,csd
train/6237,../raw/snow/csd/Train/Snow/6237.tif,../raw/snow/csd/Train/Gt/6237.tif,train,snow,csd
train/6238,../raw/snow/csd/Train/Snow/6238.tif,../raw/snow/csd/Train/Gt/6238.tif,train,snow,csd
train/6239,../raw/snow/csd/Train/Snow/6239.tif,../raw/snow/csd/Train/Gt/6239.tif,train,snow,csd
train/624,../raw/snow/csd/Train/Snow/624.tif,../raw/snow/csd/Train/Gt/624.tif,train,snow,csd
train/6240,../raw/snow/csd/Train/Snow/6240.tif,../raw/snow/csd/Train/Gt/6240.tif,train,snow,csd
train/6241,../raw/snow/csd/Train/Snow/6241.tif,../raw/snow/csd/Train/Gt/6241.tif,train,snow,csd
train/6242,../raw/snow/csd/Train/Snow/6242.tif,../raw/snow/csd/Train/Gt/6242.tif,train,snow,csd
train/6243,../raw/snow/csd/Train/Snow/6243.tif,../raw/snow/csd/Train/Gt/6243.tif,train,snow,csd
train/6244,../raw/snow/csd/Train/Snow/6244.tif,../raw/snow/csd/Train/Gt/6244.tif,val,snow,csd
train/6245,../raw/snow/csd/Train/Snow/6245.tif,../raw/snow/csd/Train/Gt/6245.tif,train,snow,csd
train/6246,../raw/snow/csd/Train/Snow/6246.tif,../raw/snow/csd/Train/Gt/6246.tif,train,snow,csd
train/6247,../raw/snow/csd/Train/Snow/6247.tif,../raw/snow/csd/Train/Gt/6247.tif,train,snow,csd
train/6248,../raw/snow/csd/Train/Snow/6248.tif,../raw/snow/csd/Train/Gt/6248.tif,train,snow,csd
train/6249,../raw/snow/csd/Train/Snow/6249.tif,../raw/snow/csd/Train/Gt/6249.tif,train,snow,csd
train/625,../raw/snow/csd/Train/Snow/625.tif,../raw/snow/csd/Train/Gt/625.tif,val,snow,csd
train/6250,../raw/snow/csd/Train/Snow/6250.tif,../raw/snow/csd/Train/Gt/6250.tif,train,snow,csd
train/6251,../raw/snow/csd/Train/Snow/6251.tif,../raw/snow/csd/Train/Gt/6251.tif,train,snow,csd
train/6252,../raw/snow/csd/Train/Snow/6252.tif,../raw/snow/csd/Train/Gt/6252.tif,train,snow,csd
train/6253,../raw/snow/csd/Train/Snow/6253.tif,../raw/snow/csd/Train/Gt/6253.tif,train,snow,csd
train/6254,../raw/snow/csd/Train/Snow/6254.tif,../raw/snow/csd/Train/Gt/6254.tif,val,snow,csd
train/6255,../raw/snow/csd/Train/Snow/6255.tif,../raw/snow/csd/Train/Gt/6255.tif,train,snow,csd
train/6256,../raw/snow/csd/Train/Snow/6256.tif,../raw/snow/csd/Train/Gt/6256.tif,train,snow,csd
train/6257,../raw/snow/csd/Train/Snow/6257.tif,../raw/snow/csd/Train/Gt/6257.tif,train,snow,csd
train/6258,../raw/snow/csd/Train/Snow/6258.tif,../raw/snow/csd/Train/Gt/6258.tif,train,snow,csd
train/6259,../raw/snow/csd/Train/Snow/6259.tif,../raw/snow/csd/Train/Gt/6259.tif,train,snow,csd
train/626,../raw/snow/csd/Train/Snow/626.tif,../raw/snow/csd/Train/Gt/626.tif,train,snow,csd
train/6260,../raw/snow/csd/Train/Snow/6260.tif,../raw/snow/csd/Train/Gt/6260.tif,train,snow,csd
train/6261,../raw/snow/csd/Train/Snow/6261.tif,../raw/snow/csd/Train/Gt/6261.tif,val,snow,csd
train/6262,../raw/snow/csd/Train/Snow/6262.tif,../raw/snow/csd/Train/Gt/6262.tif,train,snow,csd
train/6263,../raw/snow/csd/Train/Snow/6263.tif,../raw/snow/csd/Train/Gt/6263.tif,train,snow,csd
train/6264,../raw/snow/csd/Train/Snow/6264.tif,../raw/snow/csd/Train/Gt/6264.tif,train,snow,csd
train/6265,../raw/snow/csd/Train/Snow/6265.tif,../raw/snow/csd/Train/Gt/6265.tif,train,snow,csd
train/6266,../raw/snow/csd/Train/Snow/6266.tif,../raw/snow/csd/Train/Gt/6266.tif,train,snow,csd
train/6267,../raw/snow/csd/Train/Snow/6267.tif,../raw/snow/csd/Train/Gt/6267.tif,train,snow,csd
train/6268,../raw/snow/csd/Train/Snow/6268.tif,../raw/snow/csd/Train/Gt/6268.tif,train,snow,csd
train/6269,../raw/snow/csd/Train/Snow/6269.tif,../raw/snow/csd/Train/Gt/6269.tif,train,snow,csd
train/627,../raw/snow/csd/Train/Snow/627.tif,../raw/snow/csd/Train/Gt/627.tif,train,snow,csd
train/6270,../raw/snow/csd/Train/Snow/6270.tif,../raw/snow/csd/Train/Gt/6270.tif,train,snow,csd
train/6271,../raw/snow/csd/Train/Snow/6271.tif,../raw/snow/csd/Train/Gt/6271.tif,train,snow,csd
train/6272,../raw/snow/csd/Train/Snow/6272.tif,../raw/snow/csd/Train/Gt/6272.tif,train,snow,csd
train/6273,../raw/snow/csd/Train/Snow/6273.tif,../raw/snow/csd/Train/Gt/6273.tif,train,snow,csd
train/6274,../raw/snow/csd/Train/Snow/6274.tif,../raw/snow/csd/Train/Gt/6274.tif,train,snow,csd
train/6275,../raw/snow/csd/Train/Snow/6275.tif,../raw/snow/csd/Train/Gt/6275.tif,train,snow,csd
train/6276,../raw/snow/csd/Train/Snow/6276.tif,../raw/snow/csd/Train/Gt/6276.tif,train,snow,csd
train/6277,../raw/snow/csd/Train/Snow/6277.tif,../raw/snow/csd/Train/Gt/6277.tif,val,snow,csd
train/6278,../raw/snow/csd/Train/Snow/6278.tif,../raw/snow/csd/Train/Gt/6278.tif,train,snow,csd
train/6279,../raw/snow/csd/Train/Snow/6279.tif,../raw/snow/csd/Train/Gt/6279.tif,train,snow,csd
train/628,../raw/snow/csd/Train/Snow/628.tif,../raw/snow/csd/Train/Gt/628.tif,train,snow,csd
train/6280,../raw/snow/csd/Train/Snow/6280.tif,../raw/snow/csd/Train/Gt/6280.tif,train,snow,csd
train/6281,../raw/snow/csd/Train/Snow/6281.tif,../raw/snow/csd/Train/Gt/6281.tif,train,snow,csd
train/6282,../raw/snow/csd/Train/Snow/6282.tif,../raw/snow/csd/Train/Gt/6282.tif,val,snow,csd
train/6283,../raw/snow/csd/Train/Snow/6283.tif,../raw/snow/csd/Train/Gt/6283.tif,train,snow,csd
train/6284,../raw/snow/csd/Train/Snow/6284.tif,../raw/snow/csd/Train/Gt/6284.tif,train,snow,csd
train/6285,../raw/snow/csd/Train/Snow/6285.tif,../raw/snow/csd/Train/Gt/6285.tif,train,snow,csd
train/6286,../raw/snow/csd/Train/Snow/6286.tif,../raw/snow/csd/Train/Gt/6286.tif,train,snow,csd
train/6287,../raw/snow/csd/Train/Snow/6287.tif,../raw/snow/csd/Train/Gt/6287.tif,train,snow,csd
train/6288,../raw/snow/csd/Train/Snow/6288.tif,../raw/snow/csd/Train/Gt/6288.tif,train,snow,csd
train/6289,../raw/snow/csd/Train/Snow/6289.tif,../raw/snow/csd/Train/Gt/6289.tif,train,snow,csd
train/629,../raw/snow/csd/Train/Snow/629.tif,../raw/snow/csd/Train/Gt/629.tif,train,snow,csd
train/6290,../raw/snow/csd/Train/Snow/6290.tif,../raw/snow/csd/Train/Gt/6290.tif,train,snow,csd
train/6291,../raw/snow/csd/Train/Snow/6291.tif,../raw/snow/csd/Train/Gt/6291.tif,train,snow,csd
train/6292,../raw/snow/csd/Train/Snow/6292.tif,../raw/snow/csd/Train/Gt/6292.tif,train,snow,csd
train/6293,../raw/snow/csd/Train/Snow/6293.tif,../raw/snow/csd/Train/Gt/6293.tif,train,snow,csd
train/6294,../raw/snow/csd/Train/Snow/6294.tif,../raw/snow/csd/Train/Gt/6294.tif,train,snow,csd
train/6295,../raw/snow/csd/Train/Snow/6295.tif,../raw/snow/csd/Train/Gt/6295.tif,train,snow,csd
train/6296,../raw/snow/csd/Train/Snow/6296.tif,../raw/snow/csd/Train/Gt/6296.tif,train,snow,csd
train/6297,../raw/snow/csd/Train/Snow/6297.tif,../raw/snow/csd/Train/Gt/6297.tif,val,snow,csd
train/6298,../raw/snow/csd/Train/Snow/6298.tif,../raw/snow/csd/Train/Gt/6298.tif,train,snow,csd
train/6299,../raw/snow/csd/Train/Snow/6299.tif,../raw/snow/csd/Train/Gt/6299.tif,train,snow,csd
train/63,../raw/snow/csd/Train/Snow/63.tif,../raw/snow/csd/Train/Gt/63.tif,train,snow,csd
train/630,../raw/snow/csd/Train/Snow/630.tif,../raw/snow/csd/Train/Gt/630.tif,train,snow,csd
train/6300,../raw/snow/csd/Train/Snow/6300.tif,../raw/snow/csd/Train/Gt/6300.tif,train,snow,csd
train/6301,../raw/snow/csd/Train/Snow/6301.tif,../raw/snow/csd/Train/Gt/6301.tif,train,snow,csd
train/6302,../raw/snow/csd/Train/Snow/6302.tif,../raw/snow/csd/Train/Gt/6302.tif,train,snow,csd
train/6303,../raw/snow/csd/Train/Snow/6303.tif,../raw/snow/csd/Train/Gt/6303.tif,train,snow,csd
train/6304,../raw/snow/csd/Train/Snow/6304.tif,../raw/snow/csd/Train/Gt/6304.tif,train,snow,csd
train/6305,../raw/snow/csd/Train/Snow/6305.tif,../raw/snow/csd/Train/Gt/6305.tif,train,snow,csd
train/6306,../raw/snow/csd/Train/Snow/6306.tif,../raw/snow/csd/Train/Gt/6306.tif,train,snow,csd
train/6307,../raw/snow/csd/Train/Snow/6307.tif,../raw/snow/csd/Train/Gt/6307.tif,train,snow,csd
train/6308,../raw/snow/csd/Train/Snow/6308.tif,../raw/snow/csd/Train/Gt/6308.tif,train,snow,csd
train/6309,../raw/snow/csd/Train/Snow/6309.tif,../raw/snow/csd/Train/Gt/6309.tif,train,snow,csd
train/631,../raw/snow/csd/Train/Snow/631.tif,../raw/snow/csd/Train/Gt/631.tif,train,snow,csd
train/6310,../raw/snow/csd/Train/Snow/6310.tif,../raw/snow/csd/Train/Gt/6310.tif,train,snow,csd
train/6311,../raw/snow/csd/Train/Snow/6311.tif,../raw/snow/csd/Train/Gt/6311.tif,train,snow,csd
train/6312,../raw/snow/csd/Train/Snow/6312.tif,../raw/snow/csd/Train/Gt/6312.tif,train,snow,csd
train/6313,../raw/snow/csd/Train/Snow/6313.tif,../raw/snow/csd/Train/Gt/6313.tif,train,snow,csd
train/6314,../raw/snow/csd/Train/Snow/6314.tif,../raw/snow/csd/Train/Gt/6314.tif,train,snow,csd
train/6315,../raw/snow/csd/Train/Snow/6315.tif,../raw/snow/csd/Train/Gt/6315.tif,train,snow,csd
train/6316,../raw/snow/csd/Train/Snow/6316.tif,../raw/snow/csd/Train/Gt/6316.tif,train,snow,csd
train/6317,../raw/snow/csd/Train/Snow/6317.tif,../raw/snow/csd/Train/Gt/6317.tif,train,snow,csd
train/6318,../raw/snow/csd/Train/Snow/6318.tif,../raw/snow/csd/Train/Gt/6318.tif,train,snow,csd
train/6319,../raw/snow/csd/Train/Snow/6319.tif,../raw/snow/csd/Train/Gt/6319.tif,train,snow,csd
train/632,../raw/snow/csd/Train/Snow/632.tif,../raw/snow/csd/Train/Gt/632.tif,train,snow,csd
train/6320,../raw/snow/csd/Train/Snow/6320.tif,../raw/snow/csd/Train/Gt/6320.tif,train,snow,csd
train/6321,../raw/snow/csd/Train/Snow/6321.tif,../raw/snow/csd/Train/Gt/6321.tif,train,snow,csd
train/6322,../raw/snow/csd/Train/Snow/6322.tif,../raw/snow/csd/Train/Gt/6322.tif,train,snow,csd
train/6323,../raw/snow/csd/Train/Snow/6323.tif,../raw/snow/csd/Train/Gt/6323.tif,train,snow,csd
train/6324,../raw/snow/csd/Train/Snow/6324.tif,../raw/snow/csd/Train/Gt/6324.tif,train,snow,csd
train/6325,../raw/snow/csd/Train/Snow/6325.tif,../raw/snow/csd/Train/Gt/6325.tif,val,snow,csd
train/6326,../raw/snow/csd/Train/Snow/6326.tif,../raw/snow/csd/Train/Gt/6326.tif,train,snow,csd
train/6327,../raw/snow/csd/Train/Snow/6327.tif,../raw/snow/csd/Train/Gt/6327.tif,val,snow,csd
train/6328,../raw/snow/csd/Train/Snow/6328.tif,../raw/snow/csd/Train/Gt/6328.tif,train,snow,csd
train/6329,../raw/snow/csd/Train/Snow/6329.tif,../raw/snow/csd/Train/Gt/6329.tif,train,snow,csd
train/633,../raw/snow/csd/Train/Snow/633.tif,../raw/snow/csd/Train/Gt/633.tif,train,snow,csd
train/6330,../raw/snow/csd/Train/Snow/6330.tif,../raw/snow/csd/Train/Gt/6330.tif,train,snow,csd
train/6331,../raw/snow/csd/Train/Snow/6331.tif,../raw/snow/csd/Train/Gt/6331.tif,train,snow,csd
train/6332,../raw/snow/csd/Train/Snow/6332.tif,../raw/snow/csd/Train/Gt/6332.tif,train,snow,csd
train/6333,../raw/snow/csd/Train/Snow/6333.tif,../raw/snow/csd/Train/Gt/6333.tif,train,snow,csd
train/6334,../raw/snow/csd/Train/Snow/6334.tif,../raw/snow/csd/Train/Gt/6334.tif,train,snow,csd
train/6335,../raw/snow/csd/Train/Snow/6335.tif,../raw/snow/csd/Train/Gt/6335.tif,val,snow,csd
train/6336,../raw/snow/csd/Train/Snow/6336.tif,../raw/snow/csd/Train/Gt/6336.tif,train,snow,csd
train/6337,../raw/snow/csd/Train/Snow/6337.tif,../raw/snow/csd/Train/Gt/6337.tif,train,snow,csd
train/6338,../raw/snow/csd/Train/Snow/6338.tif,../raw/snow/csd/Train/Gt/6338.tif,train,snow,csd
train/6339,../raw/snow/csd/Train/Snow/6339.tif,../raw/snow/csd/Train/Gt/6339.tif,train,snow,csd
train/634,../raw/snow/csd/Train/Snow/634.tif,../raw/snow/csd/Train/Gt/634.tif,val,snow,csd
train/6340,../raw/snow/csd/Train/Snow/6340.tif,../raw/snow/csd/Train/Gt/6340.tif,train,snow,csd
train/6341,../raw/snow/csd/Train/Snow/6341.tif,../raw/snow/csd/Train/Gt/6341.tif,train,snow,csd
train/6342,../raw/snow/csd/Train/Snow/6342.tif,../raw/snow/csd/Train/Gt/6342.tif,train,snow,csd
train/6343,../raw/snow/csd/Train/Snow/6343.tif,../raw/snow/csd/Train/Gt/6343.tif,train,snow,csd
train/6344,../raw/snow/csd/Train/Snow/6344.tif,../raw/snow/csd/Train/Gt/6344.tif,train,snow,csd
train/6345,../raw/snow/csd/Train/Snow/6345.tif,../raw/snow/csd/Train/Gt/6345.tif,val,snow,csd
train/6346,../raw/snow/csd/Train/Snow/6346.tif,../raw/snow/csd/Train/Gt/6346.tif,train,snow,csd
train/6347,../raw/snow/csd/Train/Snow/6347.tif,../raw/snow/csd/Train/Gt/6347.tif,train,snow,csd
train/6348,../raw/snow/csd/Train/Snow/6348.tif,../raw/snow/csd/Train/Gt/6348.tif,train,snow,csd
train/6349,../raw/snow/csd/Train/Snow/6349.tif,../raw/snow/csd/Train/Gt/6349.tif,train,snow,csd
train/635,../raw/snow/csd/Train/Snow/635.tif,../raw/snow/csd/Train/Gt/635.tif,train,snow,csd
train/6350,../raw/snow/csd/Train/Snow/6350.tif,../raw/snow/csd/Train/Gt/6350.tif,train,snow,csd
train/6351,../raw/snow/csd/Train/Snow/6351.tif,../raw/snow/csd/Train/Gt/6351.tif,train,snow,csd
train/6352,../raw/snow/csd/Train/Snow/6352.tif,../raw/snow/csd/Train/Gt/6352.tif,train,snow,csd
train/6353,../raw/snow/csd/Train/Snow/6353.tif,../raw/snow/csd/Train/Gt/6353.tif,train,snow,csd
train/6354,../raw/snow/csd/Train/Snow/6354.tif,../raw/snow/csd/Train/Gt/6354.tif,train,snow,csd
train/6355,../raw/snow/csd/Train/Snow/6355.tif,../raw/snow/csd/Train/Gt/6355.tif,train,snow,csd
train/6356,../raw/snow/csd/Train/Snow/6356.tif,../raw/snow/csd/Train/Gt/6356.tif,train,snow,csd
train/6357,../raw/snow/csd/Train/Snow/6357.tif,../raw/snow/csd/Train/Gt/6357.tif,train,snow,csd
train/6358,../raw/snow/csd/Train/Snow/6358.tif,../raw/snow/csd/Train/Gt/6358.tif,train,snow,csd
train/6359,../raw/snow/csd/Train/Snow/6359.tif,../raw/snow/csd/Train/Gt/6359.tif,val,snow,csd
train/636,../raw/snow/csd/Train/Snow/636.tif,../raw/snow/csd/Train/Gt/636.tif,train,snow,csd
train/6360,../raw/snow/csd/Train/Snow/6360.tif,../raw/snow/csd/Train/Gt/6360.tif,train,snow,csd
train/6361,../raw/snow/csd/Train/Snow/6361.tif,../raw/snow/csd/Train/Gt/6361.tif,train,snow,csd
train/6362,../raw/snow/csd/Train/Snow/6362.tif,../raw/snow/csd/Train/Gt/6362.tif,train,snow,csd
train/6363,../raw/snow/csd/Train/Snow/6363.tif,../raw/snow/csd/Train/Gt/6363.tif,train,snow,csd
train/6364,../raw/snow/csd/Train/Snow/6364.tif,../raw/snow/csd/Train/Gt/6364.tif,train,snow,csd
train/6365,../raw/snow/csd/Train/Snow/6365.tif,../raw/snow/csd/Train/Gt/6365.tif,train,snow,csd
train/6366,../raw/snow/csd/Train/Snow/6366.tif,../raw/snow/csd/Train/Gt/6366.tif,train,snow,csd
train/6367,../raw/snow/csd/Train/Snow/6367.tif,../raw/snow/csd/Train/Gt/6367.tif,train,snow,csd
train/6368,../raw/snow/csd/Train/Snow/6368.tif,../raw/snow/csd/Train/Gt/6368.tif,train,snow,csd
train/6369,../raw/snow/csd/Train/Snow/6369.tif,../raw/snow/csd/Train/Gt/6369.tif,train,snow,csd
train/637,../raw/snow/csd/Train/Snow/637.tif,../raw/snow/csd/Train/Gt/637.tif,train,snow,csd
train/6370,../raw/snow/csd/Train/Snow/6370.tif,../raw/snow/csd/Train/Gt/6370.tif,train,snow,csd
train/6371,../raw/snow/csd/Train/Snow/6371.tif,../raw/snow/csd/Train/Gt/6371.tif,train,snow,csd
train/6372,../raw/snow/csd/Train/Snow/6372.tif,../raw/snow/csd/Train/Gt/6372.tif,train,snow,csd
train/6373,../raw/snow/csd/Train/Snow/6373.tif,../raw/snow/csd/Train/Gt/6373.tif,train,snow,csd
train/6374,../raw/snow/csd/Train/Snow/6374.tif,../raw/snow/csd/Train/Gt/6374.tif,train,snow,csd
train/6375,../raw/snow/csd/Train/Snow/6375.tif,../raw/snow/csd/Train/Gt/6375.tif,train,snow,csd
train/6376,../raw/snow/csd/Train/Snow/6376.tif,../raw/snow/csd/Train/Gt/6376.tif,train,snow,csd
train/6377,../raw/snow/csd/Train/Snow/6377.tif,../raw/snow/csd/Train/Gt/6377.tif,train,snow,csd
train/6378,../raw/snow/csd/Train/Snow/6378.tif,../raw/snow/csd/Train/Gt/6378.tif,train,snow,csd
train/6379,../raw/snow/csd/Train/Snow/6379.tif,../raw/snow/csd/Train/Gt/6379.tif,val,snow,csd
train/638,../raw/snow/csd/Train/Snow/638.tif,../raw/snow/csd/Train/Gt/638.tif,train,snow,csd
train/6380,../raw/snow/csd/Train/Snow/6380.tif,../raw/snow/csd/Train/Gt/6380.tif,train,snow,csd
train/6381,../raw/snow/csd/Train/Snow/6381.tif,../raw/snow/csd/Train/Gt/6381.tif,train,snow,csd
train/6382,../raw/snow/csd/Train/Snow/6382.tif,../raw/snow/csd/Train/Gt/6382.tif,train,snow,csd
train/6383,../raw/snow/csd/Train/Snow/6383.tif,../raw/snow/csd/Train/Gt/6383.tif,train,snow,csd
train/6384,../raw/snow/csd/Train/Snow/6384.tif,../raw/snow/csd/Train/Gt/6384.tif,val,snow,csd
train/6385,../raw/snow/csd/Train/Snow/6385.tif,../raw/snow/csd/Train/Gt/6385.tif,train,snow,csd
train/6386,../raw/snow/csd/Train/Snow/6386.tif,../raw/snow/csd/Train/Gt/6386.tif,train,snow,csd
train/6387,../raw/snow/csd/Train/Snow/6387.tif,../raw/snow/csd/Train/Gt/6387.tif,train,snow,csd
train/6388,../raw/snow/csd/Train/Snow/6388.tif,../raw/snow/csd/Train/Gt/6388.tif,train,snow,csd
train/6389,../raw/snow/csd/Train/Snow/6389.tif,../raw/snow/csd/Train/Gt/6389.tif,train,snow,csd
train/639,../raw/snow/csd/Train/Snow/639.tif,../raw/snow/csd/Train/Gt/639.tif,val,snow,csd
train/6390,../raw/snow/csd/Train/Snow/6390.tif,../raw/snow/csd/Train/Gt/6390.tif,train,snow,csd
train/6391,../raw/snow/csd/Train/Snow/6391.tif,../raw/snow/csd/Train/Gt/6391.tif,train,snow,csd
train/6392,../raw/snow/csd/Train/Snow/6392.tif,../raw/snow/csd/Train/Gt/6392.tif,train,snow,csd
train/6393,../raw/snow/csd/Train/Snow/6393.tif,../raw/snow/csd/Train/Gt/6393.tif,train,snow,csd
train/6394,../raw/snow/csd/Train/Snow/6394.tif,../raw/snow/csd/Train/Gt/6394.tif,train,snow,csd
train/6395,../raw/snow/csd/Train/Snow/6395.tif,../raw/snow/csd/Train/Gt/6395.tif,train,snow,csd
train/6396,../raw/snow/csd/Train/Snow/6396.tif,../raw/snow/csd/Train/Gt/6396.tif,train,snow,csd
train/6397,../raw/snow/csd/Train/Snow/6397.tif,../raw/snow/csd/Train/Gt/6397.tif,train,snow,csd
train/6398,../raw/snow/csd/Train/Snow/6398.tif,../raw/snow/csd/Train/Gt/6398.tif,train,snow,csd
train/6399,../raw/snow/csd/Train/Snow/6399.tif,../raw/snow/csd/Train/Gt/6399.tif,train,snow,csd
train/64,../raw/snow/csd/Train/Snow/64.tif,../raw/snow/csd/Train/Gt/64.tif,val,snow,csd
train/640,../raw/snow/csd/Train/Snow/640.tif,../raw/snow/csd/Train/Gt/640.tif,train,snow,csd
train/6400,../raw/snow/csd/Train/Snow/6400.tif,../raw/snow/csd/Train/Gt/6400.tif,train,snow,csd
train/6401,../raw/snow/csd/Train/Snow/6401.tif,../raw/snow/csd/Train/Gt/6401.tif,train,snow,csd
train/6402,../raw/snow/csd/Train/Snow/6402.tif,../raw/snow/csd/Train/Gt/6402.tif,train,snow,csd
train/6403,../raw/snow/csd/Train/Snow/6403.tif,../raw/snow/csd/Train/Gt/6403.tif,train,snow,csd
train/6404,../raw/snow/csd/Train/Snow/6404.tif,../raw/snow/csd/Train/Gt/6404.tif,train,snow,csd
train/6405,../raw/snow/csd/Train/Snow/6405.tif,../raw/snow/csd/Train/Gt/6405.tif,train,snow,csd
train/6406,../raw/snow/csd/Train/Snow/6406.tif,../raw/snow/csd/Train/Gt/6406.tif,val,snow,csd
train/6407,../raw/snow/csd/Train/Snow/6407.tif,../raw/snow/csd/Train/Gt/6407.tif,train,snow,csd
train/6408,../raw/snow/csd/Train/Snow/6408.tif,../raw/snow/csd/Train/Gt/6408.tif,val,snow,csd
train/6409,../raw/snow/csd/Train/Snow/6409.tif,../raw/snow/csd/Train/Gt/6409.tif,train,snow,csd
train/641,../raw/snow/csd/Train/Snow/641.tif,../raw/snow/csd/Train/Gt/641.tif,train,snow,csd
train/6410,../raw/snow/csd/Train/Snow/6410.tif,../raw/snow/csd/Train/Gt/6410.tif,train,snow,csd
train/6411,../raw/snow/csd/Train/Snow/6411.tif,../raw/snow/csd/Train/Gt/6411.tif,train,snow,csd
train/6412,../raw/snow/csd/Train/Snow/6412.tif,../raw/snow/csd/Train/Gt/6412.tif,train,snow,csd
train/6413,../raw/snow/csd/Train/Snow/6413.tif,../raw/snow/csd/Train/Gt/6413.tif,train,snow,csd
train/6414,../raw/snow/csd/Train/Snow/6414.tif,../raw/snow/csd/Train/Gt/6414.tif,train,snow,csd
train/6415,../raw/snow/csd/Train/Snow/6415.tif,../raw/snow/csd/Train/Gt/6415.tif,train,snow,csd
train/6416,../raw/snow/csd/Train/Snow/6416.tif,../raw/snow/csd/Train/Gt/6416.tif,train,snow,csd
train/6417,../raw/snow/csd/Train/Snow/6417.tif,../raw/snow/csd/Train/Gt/6417.tif,train,snow,csd
train/6418,../raw/snow/csd/Train/Snow/6418.tif,../raw/snow/csd/Train/Gt/6418.tif,train,snow,csd
train/6419,../raw/snow/csd/Train/Snow/6419.tif,../raw/snow/csd/Train/Gt/6419.tif,train,snow,csd
train/642,../raw/snow/csd/Train/Snow/642.tif,../raw/snow/csd/Train/Gt/642.tif,train,snow,csd
train/6420,../raw/snow/csd/Train/Snow/6420.tif,../raw/snow/csd/Train/Gt/6420.tif,train,snow,csd
train/6421,../raw/snow/csd/Train/Snow/6421.tif,../raw/snow/csd/Train/Gt/6421.tif,val,snow,csd
train/6422,../raw/snow/csd/Train/Snow/6422.tif,../raw/snow/csd/Train/Gt/6422.tif,train,snow,csd
train/6423,../raw/snow/csd/Train/Snow/6423.tif,../raw/snow/csd/Train/Gt/6423.tif,train,snow,csd
train/6424,../raw/snow/csd/Train/Snow/6424.tif,../raw/snow/csd/Train/Gt/6424.tif,train,snow,csd
train/6425,../raw/snow/csd/Train/Snow/6425.tif,../raw/snow/csd/Train/Gt/6425.tif,train,snow,csd
train/6426,../raw/snow/csd/Train/Snow/6426.tif,../raw/snow/csd/Train/Gt/6426.tif,train,snow,csd
train/6427,../raw/snow/csd/Train/Snow/6427.tif,../raw/snow/csd/Train/Gt/6427.tif,val,snow,csd
train/6428,../raw/snow/csd/Train/Snow/6428.tif,../raw/snow/csd/Train/Gt/6428.tif,train,snow,csd
train/6429,../raw/snow/csd/Train/Snow/6429.tif,../raw/snow/csd/Train/Gt/6429.tif,train,snow,csd
train/643,../raw/snow/csd/Train/Snow/643.tif,../raw/snow/csd/Train/Gt/643.tif,train,snow,csd
train/6430,../raw/snow/csd/Train/Snow/6430.tif,../raw/snow/csd/Train/Gt/6430.tif,train,snow,csd
train/6431,../raw/snow/csd/Train/Snow/6431.tif,../raw/snow/csd/Train/Gt/6431.tif,train,snow,csd
train/6432,../raw/snow/csd/Train/Snow/6432.tif,../raw/snow/csd/Train/Gt/6432.tif,train,snow,csd
train/6433,../raw/snow/csd/Train/Snow/6433.tif,../raw/snow/csd/Train/Gt/6433.tif,train,snow,csd
train/6434,../raw/snow/csd/Train/Snow/6434.tif,../raw/snow/csd/Train/Gt/6434.tif,train,snow,csd
train/6435,../raw/snow/csd/Train/Snow/6435.tif,../raw/snow/csd/Train/Gt/6435.tif,train,snow,csd
train/6436,../raw/snow/csd/Train/Snow/6436.tif,../raw/snow/csd/Train/Gt/6436.tif,train,snow,csd
train/6437,../raw/snow/csd/Train/Snow/6437.tif,../raw/snow/csd/Train/Gt/6437.tif,train,snow,csd
train/6438,../raw/snow/csd/Train/Snow/6438.tif,../raw/snow/csd/Train/Gt/6438.tif,train,snow,csd
train/6439,../raw/snow/csd/Train/Snow/6439.tif,../raw/snow/csd/Train/Gt/6439.tif,train,snow,csd
train/644,../raw/snow/csd/Train/Snow/644.tif,../raw/snow/csd/Train/Gt/644.tif,train,snow,csd
train/6440,../raw/snow/csd/Train/Snow/6440.tif,../raw/snow/csd/Train/Gt/6440.tif,train,snow,csd
train/6441,../raw/snow/csd/Train/Snow/6441.tif,../raw/snow/csd/Train/Gt/6441.tif,train,snow,csd
train/6442,../raw/snow/csd/Train/Snow/6442.tif,../raw/snow/csd/Train/Gt/6442.tif,train,snow,csd
train/6443,../raw/snow/csd/Train/Snow/6443.tif,../raw/snow/csd/Train/Gt/6443.tif,train,snow,csd
train/6444,../raw/snow/csd/Train/Snow/6444.tif,../raw/snow/csd/Train/Gt/6444.tif,train,snow,csd
train/6445,../raw/snow/csd/Train/Snow/6445.tif,../raw/snow/csd/Train/Gt/6445.tif,val,snow,csd
train/6446,../raw/snow/csd/Train/Snow/6446.tif,../raw/snow/csd/Train/Gt/6446.tif,train,snow,csd
train/6447,../raw/snow/csd/Train/Snow/6447.tif,../raw/snow/csd/Train/Gt/6447.tif,train,snow,csd
train/6448,../raw/snow/csd/Train/Snow/6448.tif,../raw/snow/csd/Train/Gt/6448.tif,train,snow,csd
train/6449,../raw/snow/csd/Train/Snow/6449.tif,../raw/snow/csd/Train/Gt/6449.tif,train,snow,csd
train/645,../raw/snow/csd/Train/Snow/645.tif,../raw/snow/csd/Train/Gt/645.tif,train,snow,csd
train/6450,../raw/snow/csd/Train/Snow/6450.tif,../raw/snow/csd/Train/Gt/6450.tif,train,snow,csd
train/6451,../raw/snow/csd/Train/Snow/6451.tif,../raw/snow/csd/Train/Gt/6451.tif,train,snow,csd
train/6452,../raw/snow/csd/Train/Snow/6452.tif,../raw/snow/csd/Train/Gt/6452.tif,train,snow,csd
train/6453,../raw/snow/csd/Train/Snow/6453.tif,../raw/snow/csd/Train/Gt/6453.tif,train,snow,csd
train/6454,../raw/snow/csd/Train/Snow/6454.tif,../raw/snow/csd/Train/Gt/6454.tif,train,snow,csd
train/6455,../raw/snow/csd/Train/Snow/6455.tif,../raw/snow/csd/Train/Gt/6455.tif,train,snow,csd
train/6456,../raw/snow/csd/Train/Snow/6456.tif,../raw/snow/csd/Train/Gt/6456.tif,train,snow,csd
train/6457,../raw/snow/csd/Train/Snow/6457.tif,../raw/snow/csd/Train/Gt/6457.tif,train,snow,csd
train/6458,../raw/snow/csd/Train/Snow/6458.tif,../raw/snow/csd/Train/Gt/6458.tif,train,snow,csd
train/6459,../raw/snow/csd/Train/Snow/6459.tif,../raw/snow/csd/Train/Gt/6459.tif,train,snow,csd
train/646,../raw/snow/csd/Train/Snow/646.tif,../raw/snow/csd/Train/Gt/646.tif,val,snow,csd
train/6460,../raw/snow/csd/Train/Snow/6460.tif,../raw/snow/csd/Train/Gt/6460.tif,train,snow,csd
train/6461,../raw/snow/csd/Train/Snow/6461.tif,../raw/snow/csd/Train/Gt/6461.tif,train,snow,csd
train/6462,../raw/snow/csd/Train/Snow/6462.tif,../raw/snow/csd/Train/Gt/6462.tif,train,snow,csd
train/6463,../raw/snow/csd/Train/Snow/6463.tif,../raw/snow/csd/Train/Gt/6463.tif,train,snow,csd
train/6464,../raw/snow/csd/Train/Snow/6464.tif,../raw/snow/csd/Train/Gt/6464.tif,train,snow,csd
train/6465,../raw/snow/csd/Train/Snow/6465.tif,../raw/snow/csd/Train/Gt/6465.tif,train,snow,csd
train/6466,../raw/snow/csd/Train/Snow/6466.tif,../raw/snow/csd/Train/Gt/6466.tif,train,snow,csd
train/6467,../raw/snow/csd/Train/Snow/6467.tif,../raw/snow/csd/Train/Gt/6467.tif,val,snow,csd
train/6468,../raw/snow/csd/Train/Snow/6468.tif,../raw/snow/csd/Train/Gt/6468.tif,train,snow,csd
train/6469,../raw/snow/csd/Train/Snow/6469.tif,../raw/snow/csd/Train/Gt/6469.tif,train,snow,csd
train/647,../raw/snow/csd/Train/Snow/647.tif,../raw/snow/csd/Train/Gt/647.tif,train,snow,csd
train/6470,../raw/snow/csd/Train/Snow/6470.tif,../raw/snow/csd/Train/Gt/6470.tif,train,snow,csd
train/6471,../raw/snow/csd/Train/Snow/6471.tif,../raw/snow/csd/Train/Gt/6471.tif,train,snow,csd
train/6472,../raw/snow/csd/Train/Snow/6472.tif,../raw/snow/csd/Train/Gt/6472.tif,train,snow,csd
train/6473,../raw/snow/csd/Train/Snow/6473.tif,../raw/snow/csd/Train/Gt/6473.tif,train,snow,csd
train/6474,../raw/snow/csd/Train/Snow/6474.tif,../raw/snow/csd/Train/Gt/6474.tif,train,snow,csd
train/6475,../raw/snow/csd/Train/Snow/6475.tif,../raw/snow/csd/Train/Gt/6475.tif,train,snow,csd
train/6476,../raw/snow/csd/Train/Snow/6476.tif,../raw/snow/csd/Train/Gt/6476.tif,train,snow,csd
train/6477,../raw/snow/csd/Train/Snow/6477.tif,../raw/snow/csd/Train/Gt/6477.tif,train,snow,csd
train/6478,../raw/snow/csd/Train/Snow/6478.tif,../raw/snow/csd/Train/Gt/6478.tif,train,snow,csd
train/6479,../raw/snow/csd/Train/Snow/6479.tif,../raw/snow/csd/Train/Gt/6479.tif,train,snow,csd
train/648,../raw/snow/csd/Train/Snow/648.tif,../raw/snow/csd/Train/Gt/648.tif,train,snow,csd
train/6480,../raw/snow/csd/Train/Snow/6480.tif,../raw/snow/csd/Train/Gt/6480.tif,train,snow,csd
train/6481,../raw/snow/csd/Train/Snow/6481.tif,../raw/snow/csd/Train/Gt/6481.tif,val,snow,csd
train/6482,../raw/snow/csd/Train/Snow/6482.tif,../raw/snow/csd/Train/Gt/6482.tif,train,snow,csd
train/6483,../raw/snow/csd/Train/Snow/6483.tif,../raw/snow/csd/Train/Gt/6483.tif,train,snow,csd
train/6484,../raw/snow/csd/Train/Snow/6484.tif,../raw/snow/csd/Train/Gt/6484.tif,train,snow,csd
train/6485,../raw/snow/csd/Train/Snow/6485.tif,../raw/snow/csd/Train/Gt/6485.tif,train,snow,csd
train/6486,../raw/snow/csd/Train/Snow/6486.tif,../raw/snow/csd/Train/Gt/6486.tif,train,snow,csd
train/6487,../raw/snow/csd/Train/Snow/6487.tif,../raw/snow/csd/Train/Gt/6487.tif,train,snow,csd
train/6488,../raw/snow/csd/Train/Snow/6488.tif,../raw/snow/csd/Train/Gt/6488.tif,train,snow,csd
train/6489,../raw/snow/csd/Train/Snow/6489.tif,../raw/snow/csd/Train/Gt/6489.tif,train,snow,csd
train/649,../raw/snow/csd/Train/Snow/649.tif,../raw/snow/csd/Train/Gt/649.tif,train,snow,csd
train/6490,../raw/snow/csd/Train/Snow/6490.tif,../raw/snow/csd/Train/Gt/6490.tif,val,snow,csd
train/6491,../raw/snow/csd/Train/Snow/6491.tif,../raw/snow/csd/Train/Gt/6491.tif,train,snow,csd
train/6492,../raw/snow/csd/Train/Snow/6492.tif,../raw/snow/csd/Train/Gt/6492.tif,train,snow,csd
train/6493,../raw/snow/csd/Train/Snow/6493.tif,../raw/snow/csd/Train/Gt/6493.tif,val,snow,csd
train/6494,../raw/snow/csd/Train/Snow/6494.tif,../raw/snow/csd/Train/Gt/6494.tif,train,snow,csd
train/6495,../raw/snow/csd/Train/Snow/6495.tif,../raw/snow/csd/Train/Gt/6495.tif,train,snow,csd
train/6496,../raw/snow/csd/Train/Snow/6496.tif,../raw/snow/csd/Train/Gt/6496.tif,train,snow,csd
train/6497,../raw/snow/csd/Train/Snow/6497.tif,../raw/snow/csd/Train/Gt/6497.tif,train,snow,csd
train/6498,../raw/snow/csd/Train/Snow/6498.tif,../raw/snow/csd/Train/Gt/6498.tif,train,snow,csd
train/6499,../raw/snow/csd/Train/Snow/6499.tif,../raw/snow/csd/Train/Gt/6499.tif,val,snow,csd
train/65,../raw/snow/csd/Train/Snow/65.tif,../raw/snow/csd/Train/Gt/65.tif,train,snow,csd
train/650,../raw/snow/csd/Train/Snow/650.tif,../raw/snow/csd/Train/Gt/650.tif,train,snow,csd
train/6500,../raw/snow/csd/Train/Snow/6500.tif,../raw/snow/csd/Train/Gt/6500.tif,train,snow,csd
train/6501,../raw/snow/csd/Train/Snow/6501.tif,../raw/snow/csd/Train/Gt/6501.tif,train,snow,csd
train/6502,../raw/snow/csd/Train/Snow/6502.tif,../raw/snow/csd/Train/Gt/6502.tif,val,snow,csd
train/6503,../raw/snow/csd/Train/Snow/6503.tif,../raw/snow/csd/Train/Gt/6503.tif,train,snow,csd
train/6504,../raw/snow/csd/Train/Snow/6504.tif,../raw/snow/csd/Train/Gt/6504.tif,train,snow,csd
train/6505,../raw/snow/csd/Train/Snow/6505.tif,../raw/snow/csd/Train/Gt/6505.tif,train,snow,csd
train/6506,../raw/snow/csd/Train/Snow/6506.tif,../raw/snow/csd/Train/Gt/6506.tif,train,snow,csd
train/6507,../raw/snow/csd/Train/Snow/6507.tif,../raw/snow/csd/Train/Gt/6507.tif,train,snow,csd
train/6508,../raw/snow/csd/Train/Snow/6508.tif,../raw/snow/csd/Train/Gt/6508.tif,val,snow,csd
train/6509,../raw/snow/csd/Train/Snow/6509.tif,../raw/snow/csd/Train/Gt/6509.tif,train,snow,csd
train/651,../raw/snow/csd/Train/Snow/651.tif,../raw/snow/csd/Train/Gt/651.tif,train,snow,csd
train/6510,../raw/snow/csd/Train/Snow/6510.tif,../raw/snow/csd/Train/Gt/6510.tif,train,snow,csd
train/6511,../raw/snow/csd/Train/Snow/6511.tif,../raw/snow/csd/Train/Gt/6511.tif,train,snow,csd
train/6512,../raw/snow/csd/Train/Snow/6512.tif,../raw/snow/csd/Train/Gt/6512.tif,train,snow,csd
train/6513,../raw/snow/csd/Train/Snow/6513.tif,../raw/snow/csd/Train/Gt/6513.tif,train,snow,csd
train/6514,../raw/snow/csd/Train/Snow/6514.tif,../raw/snow/csd/Train/Gt/6514.tif,train,snow,csd
train/6515,../raw/snow/csd/Train/Snow/6515.tif,../raw/snow/csd/Train/Gt/6515.tif,train,snow,csd
train/6516,../raw/snow/csd/Train/Snow/6516.tif,../raw/snow/csd/Train/Gt/6516.tif,train,snow,csd
train/6517,../raw/snow/csd/Train/Snow/6517.tif,../raw/snow/csd/Train/Gt/6517.tif,train,snow,csd
train/6518,../raw/snow/csd/Train/Snow/6518.tif,../raw/snow/csd/Train/Gt/6518.tif,train,snow,csd
train/6519,../raw/snow/csd/Train/Snow/6519.tif,../raw/snow/csd/Train/Gt/6519.tif,train,snow,csd
train/652,../raw/snow/csd/Train/Snow/652.tif,../raw/snow/csd/Train/Gt/652.tif,train,snow,csd
train/6520,../raw/snow/csd/Train/Snow/6520.tif,../raw/snow/csd/Train/Gt/6520.tif,train,snow,csd
train/6521,../raw/snow/csd/Train/Snow/6521.tif,../raw/snow/csd/Train/Gt/6521.tif,val,snow,csd
train/6522,../raw/snow/csd/Train/Snow/6522.tif,../raw/snow/csd/Train/Gt/6522.tif,train,snow,csd
train/6523,../raw/snow/csd/Train/Snow/6523.tif,../raw/snow/csd/Train/Gt/6523.tif,val,snow,csd
train/6524,../raw/snow/csd/Train/Snow/6524.tif,../raw/snow/csd/Train/Gt/6524.tif,train,snow,csd
train/6525,../raw/snow/csd/Train/Snow/6525.tif,../raw/snow/csd/Train/Gt/6525.tif,train,snow,csd
train/6526,../raw/snow/csd/Train/Snow/6526.tif,../raw/snow/csd/Train/Gt/6526.tif,train,snow,csd
train/6527,../raw/snow/csd/Train/Snow/6527.tif,../raw/snow/csd/Train/Gt/6527.tif,train,snow,csd
train/6528,../raw/snow/csd/Train/Snow/6528.tif,../raw/snow/csd/Train/Gt/6528.tif,train,snow,csd
train/6529,../raw/snow/csd/Train/Snow/6529.tif,../raw/snow/csd/Train/Gt/6529.tif,train,snow,csd
train/653,../raw/snow/csd/Train/Snow/653.tif,../raw/snow/csd/Train/Gt/653.tif,train,snow,csd
train/6530,../raw/snow/csd/Train/Snow/6530.tif,../raw/snow/csd/Train/Gt/6530.tif,train,snow,csd
train/6531,../raw/snow/csd/Train/Snow/6531.tif,../raw/snow/csd/Train/Gt/6531.tif,train,snow,csd
train/6532,../raw/snow/csd/Train/Snow/6532.tif,../raw/snow/csd/Train/Gt/6532.tif,train,snow,csd
train/6533,../raw/snow/csd/Train/Snow/6533.tif,../raw/snow/csd/Train/Gt/6533.tif,train,snow,csd
train/6534,../raw/snow/csd/Train/Snow/6534.tif,../raw/snow/csd/Train/Gt/6534.tif,train,snow,csd
train/6535,../raw/snow/csd/Train/Snow/6535.tif,../raw/snow/csd/Train/Gt/6535.tif,train,snow,csd
train/6536,../raw/snow/csd/Train/Snow/6536.tif,../raw/snow/csd/Train/Gt/6536.tif,train,snow,csd
train/6537,../raw/snow/csd/Train/Snow/6537.tif,../raw/snow/csd/Train/Gt/6537.tif,train,snow,csd
train/6538,../raw/snow/csd/Train/Snow/6538.tif,../raw/snow/csd/Train/Gt/6538.tif,train,snow,csd
train/6539,../raw/snow/csd/Train/Snow/6539.tif,../raw/snow/csd/Train/Gt/6539.tif,train,snow,csd
train/654,../raw/snow/csd/Train/Snow/654.tif,../raw/snow/csd/Train/Gt/654.tif,train,snow,csd
train/6540,../raw/snow/csd/Train/Snow/6540.tif,../raw/snow/csd/Train/Gt/6540.tif,val,snow,csd
train/6541,../raw/snow/csd/Train/Snow/6541.tif,../raw/snow/csd/Train/Gt/6541.tif,train,snow,csd
train/6542,../raw/snow/csd/Train/Snow/6542.tif,../raw/snow/csd/Train/Gt/6542.tif,train,snow,csd
train/6543,../raw/snow/csd/Train/Snow/6543.tif,../raw/snow/csd/Train/Gt/6543.tif,train,snow,csd
train/6544,../raw/snow/csd/Train/Snow/6544.tif,../raw/snow/csd/Train/Gt/6544.tif,train,snow,csd
train/6545,../raw/snow/csd/Train/Snow/6545.tif,../raw/snow/csd/Train/Gt/6545.tif,train,snow,csd
train/6546,../raw/snow/csd/Train/Snow/6546.tif,../raw/snow/csd/Train/Gt/6546.tif,train,snow,csd
train/6547,../raw/snow/csd/Train/Snow/6547.tif,../raw/snow/csd/Train/Gt/6547.tif,train,snow,csd
train/6548,../raw/snow/csd/Train/Snow/6548.tif,../raw/snow/csd/Train/Gt/6548.tif,train,snow,csd
train/6549,../raw/snow/csd/Train/Snow/6549.tif,../raw/snow/csd/Train/Gt/6549.tif,train,snow,csd
train/655,../raw/snow/csd/Train/Snow/655.tif,../raw/snow/csd/Train/Gt/655.tif,train,snow,csd
train/6550,../raw/snow/csd/Train/Snow/6550.tif,../raw/snow/csd/Train/Gt/6550.tif,train,snow,csd
train/6551,../raw/snow/csd/Train/Snow/6551.tif,../raw/snow/csd/Train/Gt/6551.tif,train,snow,csd
train/6552,../raw/snow/csd/Train/Snow/6552.tif,../raw/snow/csd/Train/Gt/6552.tif,train,snow,csd
train/6553,../raw/snow/csd/Train/Snow/6553.tif,../raw/snow/csd/Train/Gt/6553.tif,train,snow,csd
train/6554,../raw/snow/csd/Train/Snow/6554.tif,../raw/snow/csd/Train/Gt/6554.tif,train,snow,csd
train/6555,../raw/snow/csd/Train/Snow/6555.tif,../raw/snow/csd/Train/Gt/6555.tif,train,snow,csd
train/6556,../raw/snow/csd/Train/Snow/6556.tif,../raw/snow/csd/Train/Gt/6556.tif,train,snow,csd
train/6557,../raw/snow/csd/Train/Snow/6557.tif,../raw/snow/csd/Train/Gt/6557.tif,train,snow,csd
train/6558,../raw/snow/csd/Train/Snow/6558.tif,../raw/snow/csd/Train/Gt/6558.tif,train,snow,csd
train/6559,../raw/snow/csd/Train/Snow/6559.tif,../raw/snow/csd/Train/Gt/6559.tif,train,snow,csd
train/656,../raw/snow/csd/Train/Snow/656.tif,../raw/snow/csd/Train/Gt/656.tif,train,snow,csd
train/6560,../raw/snow/csd/Train/Snow/6560.tif,../raw/snow/csd/Train/Gt/6560.tif,train,snow,csd
train/6561,../raw/snow/csd/Train/Snow/6561.tif,../raw/snow/csd/Train/Gt/6561.tif,train,snow,csd
train/6562,../raw/snow/csd/Train/Snow/6562.tif,../raw/snow/csd/Train/Gt/6562.tif,train,snow,csd
train/6563,../raw/snow/csd/Train/Snow/6563.tif,../raw/snow/csd/Train/Gt/6563.tif,train,snow,csd
train/6564,../raw/snow/csd/Train/Snow/6564.tif,../raw/snow/csd/Train/Gt/6564.tif,train,snow,csd
train/6565,../raw/snow/csd/Train/Snow/6565.tif,../raw/snow/csd/Train/Gt/6565.tif,val,snow,csd
train/6566,../raw/snow/csd/Train/Snow/6566.tif,../raw/snow/csd/Train/Gt/6566.tif,train,snow,csd
train/6567,../raw/snow/csd/Train/Snow/6567.tif,../raw/snow/csd/Train/Gt/6567.tif,val,snow,csd
train/6568,../raw/snow/csd/Train/Snow/6568.tif,../raw/snow/csd/Train/Gt/6568.tif,train,snow,csd
train/6569,../raw/snow/csd/Train/Snow/6569.tif,../raw/snow/csd/Train/Gt/6569.tif,train,snow,csd
train/657,../raw/snow/csd/Train/Snow/657.tif,../raw/snow/csd/Train/Gt/657.tif,train,snow,csd
train/6570,../raw/snow/csd/Train/Snow/6570.tif,../raw/snow/csd/Train/Gt/6570.tif,train,snow,csd
train/6571,../raw/snow/csd/Train/Snow/6571.tif,../raw/snow/csd/Train/Gt/6571.tif,train,snow,csd
train/6572,../raw/snow/csd/Train/Snow/6572.tif,../raw/snow/csd/Train/Gt/6572.tif,train,snow,csd
train/6573,../raw/snow/csd/Train/Snow/6573.tif,../raw/snow/csd/Train/Gt/6573.tif,train,snow,csd
train/6574,../raw/snow/csd/Train/Snow/6574.tif,../raw/snow/csd/Train/Gt/6574.tif,train,snow,csd
train/6575,../raw/snow/csd/Train/Snow/6575.tif,../raw/snow/csd/Train/Gt/6575.tif,train,snow,csd
train/6576,../raw/snow/csd/Train/Snow/6576.tif,../raw/snow/csd/Train/Gt/6576.tif,train,snow,csd
train/6577,../raw/snow/csd/Train/Snow/6577.tif,../raw/snow/csd/Train/Gt/6577.tif,train,snow,csd
train/6578,../raw/snow/csd/Train/Snow/6578.tif,../raw/snow/csd/Train/Gt/6578.tif,train,snow,csd
train/6579,../raw/snow/csd/Train/Snow/6579.tif,../raw/snow/csd/Train/Gt/6579.tif,train,snow,csd
train/658,../raw/snow/csd/Train/Snow/658.tif,../raw/snow/csd/Train/Gt/658.tif,train,snow,csd
train/6580,../raw/snow/csd/Train/Snow/6580.tif,../raw/snow/csd/Train/Gt/6580.tif,train,snow,csd
train/6581,../raw/snow/csd/Train/Snow/6581.tif,../raw/snow/csd/Train/Gt/6581.tif,train,snow,csd
train/6582,../raw/snow/csd/Train/Snow/6582.tif,../raw/snow/csd/Train/Gt/6582.tif,train,snow,csd
train/6583,../raw/snow/csd/Train/Snow/6583.tif,../raw/snow/csd/Train/Gt/6583.tif,train,snow,csd
train/6584,../raw/snow/csd/Train/Snow/6584.tif,../raw/snow/csd/Train/Gt/6584.tif,train,snow,csd
train/6585,../raw/snow/csd/Train/Snow/6585.tif,../raw/snow/csd/Train/Gt/6585.tif,train,snow,csd
train/6586,../raw/snow/csd/Train/Snow/6586.tif,../raw/snow/csd/Train/Gt/6586.tif,train,snow,csd
train/6587,../raw/snow/csd/Train/Snow/6587.tif,../raw/snow/csd/Train/Gt/6587.tif,train,snow,csd
train/6588,../raw/snow/csd/Train/Snow/6588.tif,../raw/snow/csd/Train/Gt/6588.tif,train,snow,csd
train/6589,../raw/snow/csd/Train/Snow/6589.tif,../raw/snow/csd/Train/Gt/6589.tif,train,snow,csd
train/659,../raw/snow/csd/Train/Snow/659.tif,../raw/snow/csd/Train/Gt/659.tif,train,snow,csd
train/6590,../raw/snow/csd/Train/Snow/6590.tif,../raw/snow/csd/Train/Gt/6590.tif,train,snow,csd
train/6591,../raw/snow/csd/Train/Snow/6591.tif,../raw/snow/csd/Train/Gt/6591.tif,train,snow,csd
train/6592,../raw/snow/csd/Train/Snow/6592.tif,../raw/snow/csd/Train/Gt/6592.tif,train,snow,csd
train/6593,../raw/snow/csd/Train/Snow/6593.tif,../raw/snow/csd/Train/Gt/6593.tif,train,snow,csd
train/6594,../raw/snow/csd/Train/Snow/6594.tif,../raw/snow/csd/Train/Gt/6594.tif,train,snow,csd
train/6595,../raw/snow/csd/Train/Snow/6595.tif,../raw/snow/csd/Train/Gt/6595.tif,train,snow,csd
train/6596,../raw/snow/csd/Train/Snow/6596.tif,../raw/snow/csd/Train/Gt/6596.tif,train,snow,csd
train/6597,../raw/snow/csd/Train/Snow/6597.tif,../raw/snow/csd/Train/Gt/6597.tif,train,snow,csd
train/6598,../raw/snow/csd/Train/Snow/6598.tif,../raw/snow/csd/Train/Gt/6598.tif,train,snow,csd
train/6599,../raw/snow/csd/Train/Snow/6599.tif,../raw/snow/csd/Train/Gt/6599.tif,train,snow,csd
train/66,../raw/snow/csd/Train/Snow/66.tif,../raw/snow/csd/Train/Gt/66.tif,train,snow,csd
train/660,../raw/snow/csd/Train/Snow/660.tif,../raw/snow/csd/Train/Gt/660.tif,train,snow,csd
train/6600,../raw/snow/csd/Train/Snow/6600.tif,../raw/snow/csd/Train/Gt/6600.tif,train,snow,csd
train/6601,../raw/snow/csd/Train/Snow/6601.tif,../raw/snow/csd/Train/Gt/6601.tif,train,snow,csd
train/6602,../raw/snow/csd/Train/Snow/6602.tif,../raw/snow/csd/Train/Gt/6602.tif,val,snow,csd
train/6603,../raw/snow/csd/Train/Snow/6603.tif,../raw/snow/csd/Train/Gt/6603.tif,train,snow,csd
train/6604,../raw/snow/csd/Train/Snow/6604.tif,../raw/snow/csd/Train/Gt/6604.tif,train,snow,csd
train/6605,../raw/snow/csd/Train/Snow/6605.tif,../raw/snow/csd/Train/Gt/6605.tif,train,snow,csd
train/6606,../raw/snow/csd/Train/Snow/6606.tif,../raw/snow/csd/Train/Gt/6606.tif,train,snow,csd
train/6607,../raw/snow/csd/Train/Snow/6607.tif,../raw/snow/csd/Train/Gt/6607.tif,train,snow,csd
train/6608,../raw/snow/csd/Train/Snow/6608.tif,../raw/snow/csd/Train/Gt/6608.tif,train,snow,csd
train/6609,../raw/snow/csd/Train/Snow/6609.tif,../raw/snow/csd/Train/Gt/6609.tif,train,snow,csd
train/661,../raw/snow/csd/Train/Snow/661.tif,../raw/snow/csd/Train/Gt/661.tif,train,snow,csd
train/6610,../raw/snow/csd/Train/Snow/6610.tif,../raw/snow/csd/Train/Gt/6610.tif,train,snow,csd
train/6611,../raw/snow/csd/Train/Snow/6611.tif,../raw/snow/csd/Train/Gt/6611.tif,val,snow,csd
train/6612,../raw/snow/csd/Train/Snow/6612.tif,../raw/snow/csd/Train/Gt/6612.tif,train,snow,csd
train/6613,../raw/snow/csd/Train/Snow/6613.tif,../raw/snow/csd/Train/Gt/6613.tif,train,snow,csd
train/6614,../raw/snow/csd/Train/Snow/6614.tif,../raw/snow/csd/Train/Gt/6614.tif,train,snow,csd
train/6615,../raw/snow/csd/Train/Snow/6615.tif,../raw/snow/csd/Train/Gt/6615.tif,train,snow,csd
train/6616,../raw/snow/csd/Train/Snow/6616.tif,../raw/snow/csd/Train/Gt/6616.tif,train,snow,csd
train/6617,../raw/snow/csd/Train/Snow/6617.tif,../raw/snow/csd/Train/Gt/6617.tif,train,snow,csd
train/6618,../raw/snow/csd/Train/Snow/6618.tif,../raw/snow/csd/Train/Gt/6618.tif,train,snow,csd
train/6619,../raw/snow/csd/Train/Snow/6619.tif,../raw/snow/csd/Train/Gt/6619.tif,train,snow,csd
train/662,../raw/snow/csd/Train/Snow/662.tif,../raw/snow/csd/Train/Gt/662.tif,train,snow,csd
train/6620,../raw/snow/csd/Train/Snow/6620.tif,../raw/snow/csd/Train/Gt/6620.tif,train,snow,csd
train/6621,../raw/snow/csd/Train/Snow/6621.tif,../raw/snow/csd/Train/Gt/6621.tif,train,snow,csd
train/6622,../raw/snow/csd/Train/Snow/6622.tif,../raw/snow/csd/Train/Gt/6622.tif,train,snow,csd
train/6623,../raw/snow/csd/Train/Snow/6623.tif,../raw/snow/csd/Train/Gt/6623.tif,train,snow,csd
train/6624,../raw/snow/csd/Train/Snow/6624.tif,../raw/snow/csd/Train/Gt/6624.tif,train,snow,csd
train/6625,../raw/snow/csd/Train/Snow/6625.tif,../raw/snow/csd/Train/Gt/6625.tif,train,snow,csd
train/6626,../raw/snow/csd/Train/Snow/6626.tif,../raw/snow/csd/Train/Gt/6626.tif,train,snow,csd
train/6627,../raw/snow/csd/Train/Snow/6627.tif,../raw/snow/csd/Train/Gt/6627.tif,train,snow,csd
train/6628,../raw/snow/csd/Train/Snow/6628.tif,../raw/snow/csd/Train/Gt/6628.tif,train,snow,csd
train/6629,../raw/snow/csd/Train/Snow/6629.tif,../raw/snow/csd/Train/Gt/6629.tif,train,snow,csd
train/663,../raw/snow/csd/Train/Snow/663.tif,../raw/snow/csd/Train/Gt/663.tif,train,snow,csd
train/6630,../raw/snow/csd/Train/Snow/6630.tif,../raw/snow/csd/Train/Gt/6630.tif,train,snow,csd
train/6631,../raw/snow/csd/Train/Snow/6631.tif,../raw/snow/csd/Train/Gt/6631.tif,train,snow,csd
train/6632,../raw/snow/csd/Train/Snow/6632.tif,../raw/snow/csd/Train/Gt/6632.tif,train,snow,csd
train/6633,../raw/snow/csd/Train/Snow/6633.tif,../raw/snow/csd/Train/Gt/6633.tif,train,snow,csd
train/6634,../raw/snow/csd/Train/Snow/6634.tif,../raw/snow/csd/Train/Gt/6634.tif,train,snow,csd
train/6635,../raw/snow/csd/Train/Snow/6635.tif,../raw/snow/csd/Train/Gt/6635.tif,train,snow,csd
train/6636,../raw/snow/csd/Train/Snow/6636.tif,../raw/snow/csd/Train/Gt/6636.tif,train,snow,csd
train/6637,../raw/snow/csd/Train/Snow/6637.tif,../raw/snow/csd/Train/Gt/6637.tif,train,snow,csd
train/6638,../raw/snow/csd/Train/Snow/6638.tif,../raw/snow/csd/Train/Gt/6638.tif,train,snow,csd
train/6639,../raw/snow/csd/Train/Snow/6639.tif,../raw/snow/csd/Train/Gt/6639.tif,train,snow,csd
train/664,../raw/snow/csd/Train/Snow/664.tif,../raw/snow/csd/Train/Gt/664.tif,train,snow,csd
train/6640,../raw/snow/csd/Train/Snow/6640.tif,../raw/snow/csd/Train/Gt/6640.tif,train,snow,csd
train/6641,../raw/snow/csd/Train/Snow/6641.tif,../raw/snow/csd/Train/Gt/6641.tif,train,snow,csd
train/6642,../raw/snow/csd/Train/Snow/6642.tif,../raw/snow/csd/Train/Gt/6642.tif,train,snow,csd
train/6643,../raw/snow/csd/Train/Snow/6643.tif,../raw/snow/csd/Train/Gt/6643.tif,train,snow,csd
train/6644,../raw/snow/csd/Train/Snow/6644.tif,../raw/snow/csd/Train/Gt/6644.tif,train,snow,csd
train/6645,../raw/snow/csd/Train/Snow/6645.tif,../raw/snow/csd/Train/Gt/6645.tif,train,snow,csd
train/6646,../raw/snow/csd/Train/Snow/6646.tif,../raw/snow/csd/Train/Gt/6646.tif,train,snow,csd
train/6647,../raw/snow/csd/Train/Snow/6647.tif,../raw/snow/csd/Train/Gt/6647.tif,train,snow,csd
train/6648,../raw/snow/csd/Train/Snow/6648.tif,../raw/snow/csd/Train/Gt/6648.tif,train,snow,csd
train/6649,../raw/snow/csd/Train/Snow/6649.tif,../raw/snow/csd/Train/Gt/6649.tif,train,snow,csd
train/665,../raw/snow/csd/Train/Snow/665.tif,../raw/snow/csd/Train/Gt/665.tif,train,snow,csd
train/6650,../raw/snow/csd/Train/Snow/6650.tif,../raw/snow/csd/Train/Gt/6650.tif,val,snow,csd
train/6651,../raw/snow/csd/Train/Snow/6651.tif,../raw/snow/csd/Train/Gt/6651.tif,train,snow,csd
train/6652,../raw/snow/csd/Train/Snow/6652.tif,../raw/snow/csd/Train/Gt/6652.tif,train,snow,csd
train/6653,../raw/snow/csd/Train/Snow/6653.tif,../raw/snow/csd/Train/Gt/6653.tif,train,snow,csd
train/6654,../raw/snow/csd/Train/Snow/6654.tif,../raw/snow/csd/Train/Gt/6654.tif,train,snow,csd
train/6655,../raw/snow/csd/Train/Snow/6655.tif,../raw/snow/csd/Train/Gt/6655.tif,train,snow,csd
train/6656,../raw/snow/csd/Train/Snow/6656.tif,../raw/snow/csd/Train/Gt/6656.tif,train,snow,csd
train/6657,../raw/snow/csd/Train/Snow/6657.tif,../raw/snow/csd/Train/Gt/6657.tif,train,snow,csd
train/6658,../raw/snow/csd/Train/Snow/6658.tif,../raw/snow/csd/Train/Gt/6658.tif,train,snow,csd
train/6659,../raw/snow/csd/Train/Snow/6659.tif,../raw/snow/csd/Train/Gt/6659.tif,train,snow,csd
train/666,../raw/snow/csd/Train/Snow/666.tif,../raw/snow/csd/Train/Gt/666.tif,train,snow,csd
train/6660,../raw/snow/csd/Train/Snow/6660.tif,../raw/snow/csd/Train/Gt/6660.tif,train,snow,csd
train/6661,../raw/snow/csd/Train/Snow/6661.tif,../raw/snow/csd/Train/Gt/6661.tif,train,snow,csd
train/6662,../raw/snow/csd/Train/Snow/6662.tif,../raw/snow/csd/Train/Gt/6662.tif,train,snow,csd
train/6663,../raw/snow/csd/Train/Snow/6663.tif,../raw/snow/csd/Train/Gt/6663.tif,train,snow,csd
train/6664,../raw/snow/csd/Train/Snow/6664.tif,../raw/snow/csd/Train/Gt/6664.tif,train,snow,csd
train/6665,../raw/snow/csd/Train/Snow/6665.tif,../raw/snow/csd/Train/Gt/6665.tif,train,snow,csd
train/6666,../raw/snow/csd/Train/Snow/6666.tif,../raw/snow/csd/Train/Gt/6666.tif,train,snow,csd
train/6667,../raw/snow/csd/Train/Snow/6667.tif,../raw/snow/csd/Train/Gt/6667.tif,train,snow,csd
train/6668,../raw/snow/csd/Train/Snow/6668.tif,../raw/snow/csd/Train/Gt/6668.tif,train,snow,csd
train/6669,../raw/snow/csd/Train/Snow/6669.tif,../raw/snow/csd/Train/Gt/6669.tif,train,snow,csd
train/667,../raw/snow/csd/Train/Snow/667.tif,../raw/snow/csd/Train/Gt/667.tif,train,snow,csd
train/6670,../raw/snow/csd/Train/Snow/6670.tif,../raw/snow/csd/Train/Gt/6670.tif,val,snow,csd
train/6671,../raw/snow/csd/Train/Snow/6671.tif,../raw/snow/csd/Train/Gt/6671.tif,train,snow,csd
train/6672,../raw/snow/csd/Train/Snow/6672.tif,../raw/snow/csd/Train/Gt/6672.tif,train,snow,csd
train/6673,../raw/snow/csd/Train/Snow/6673.tif,../raw/snow/csd/Train/Gt/6673.tif,train,snow,csd
train/6674,../raw/snow/csd/Train/Snow/6674.tif,../raw/snow/csd/Train/Gt/6674.tif,train,snow,csd
train/6675,../raw/snow/csd/Train/Snow/6675.tif,../raw/snow/csd/Train/Gt/6675.tif,train,snow,csd
train/6676,../raw/snow/csd/Train/Snow/6676.tif,../raw/snow/csd/Train/Gt/6676.tif,train,snow,csd
train/6677,../raw/snow/csd/Train/Snow/6677.tif,../raw/snow/csd/Train/Gt/6677.tif,train,snow,csd
train/6678,../raw/snow/csd/Train/Snow/6678.tif,../raw/snow/csd/Train/Gt/6678.tif,train,snow,csd
train/6679,../raw/snow/csd/Train/Snow/6679.tif,../raw/snow/csd/Train/Gt/6679.tif,train,snow,csd
train/668,../raw/snow/csd/Train/Snow/668.tif,../raw/snow/csd/Train/Gt/668.tif,train,snow,csd
train/6680,../raw/snow/csd/Train/Snow/6680.tif,../raw/snow/csd/Train/Gt/6680.tif,train,snow,csd
train/6681,../raw/snow/csd/Train/Snow/6681.tif,../raw/snow/csd/Train/Gt/6681.tif,train,snow,csd
train/6682,../raw/snow/csd/Train/Snow/6682.tif,../raw/snow/csd/Train/Gt/6682.tif,train,snow,csd
train/6683,../raw/snow/csd/Train/Snow/6683.tif,../raw/snow/csd/Train/Gt/6683.tif,train,snow,csd
train/6684,../raw/snow/csd/Train/Snow/6684.tif,../raw/snow/csd/Train/Gt/6684.tif,val,snow,csd
train/6685,../raw/snow/csd/Train/Snow/6685.tif,../raw/snow/csd/Train/Gt/6685.tif,val,snow,csd
train/6686,../raw/snow/csd/Train/Snow/6686.tif,../raw/snow/csd/Train/Gt/6686.tif,val,snow,csd
train/6687,../raw/snow/csd/Train/Snow/6687.tif,../raw/snow/csd/Train/Gt/6687.tif,train,snow,csd
train/6688,../raw/snow/csd/Train/Snow/6688.tif,../raw/snow/csd/Train/Gt/6688.tif,train,snow,csd
train/6689,../raw/snow/csd/Train/Snow/6689.tif,../raw/snow/csd/Train/Gt/6689.tif,train,snow,csd
train/669,../raw/snow/csd/Train/Snow/669.tif,../raw/snow/csd/Train/Gt/669.tif,train,snow,csd
train/6690,../raw/snow/csd/Train/Snow/6690.tif,../raw/snow/csd/Train/Gt/6690.tif,train,snow,csd
train/6691,../raw/snow/csd/Train/Snow/6691.tif,../raw/snow/csd/Train/Gt/6691.tif,train,snow,csd
train/6692,../raw/snow/csd/Train/Snow/6692.tif,../raw/snow/csd/Train/Gt/6692.tif,train,snow,csd
train/6693,../raw/snow/csd/Train/Snow/6693.tif,../raw/snow/csd/Train/Gt/6693.tif,train,snow,csd
train/6694,../raw/snow/csd/Train/Snow/6694.tif,../raw/snow/csd/Train/Gt/6694.tif,train,snow,csd
train/6695,../raw/snow/csd/Train/Snow/6695.tif,../raw/snow/csd/Train/Gt/6695.tif,train,snow,csd
train/6696,../raw/snow/csd/Train/Snow/6696.tif,../raw/snow/csd/Train/Gt/6696.tif,train,snow,csd
train/6697,../raw/snow/csd/Train/Snow/6697.tif,../raw/snow/csd/Train/Gt/6697.tif,train,snow,csd
train/6698,../raw/snow/csd/Train/Snow/6698.tif,../raw/snow/csd/Train/Gt/6698.tif,train,snow,csd
train/6699,../raw/snow/csd/Train/Snow/6699.tif,../raw/snow/csd/Train/Gt/6699.tif,train,snow,csd
train/67,../raw/snow/csd/Train/Snow/67.tif,../raw/snow/csd/Train/Gt/67.tif,train,snow,csd
train/670,../raw/snow/csd/Train/Snow/670.tif,../raw/snow/csd/Train/Gt/670.tif,val,snow,csd
train/6700,../raw/snow/csd/Train/Snow/6700.tif,../raw/snow/csd/Train/Gt/6700.tif,train,snow,csd
train/6701,../raw/snow/csd/Train/Snow/6701.tif,../raw/snow/csd/Train/Gt/6701.tif,val,snow,csd
train/6702,../raw/snow/csd/Train/Snow/6702.tif,../raw/snow/csd/Train/Gt/6702.tif,train,snow,csd
train/6703,../raw/snow/csd/Train/Snow/6703.tif,../raw/snow/csd/Train/Gt/6703.tif,train,snow,csd
train/6704,../raw/snow/csd/Train/Snow/6704.tif,../raw/snow/csd/Train/Gt/6704.tif,train,snow,csd
train/6705,../raw/snow/csd/Train/Snow/6705.tif,../raw/snow/csd/Train/Gt/6705.tif,train,snow,csd
train/6706,../raw/snow/csd/Train/Snow/6706.tif,../raw/snow/csd/Train/Gt/6706.tif,train,snow,csd
train/6707,../raw/snow/csd/Train/Snow/6707.tif,../raw/snow/csd/Train/Gt/6707.tif,train,snow,csd
train/6708,../raw/snow/csd/Train/Snow/6708.tif,../raw/snow/csd/Train/Gt/6708.tif,train,snow,csd
train/6709,../raw/snow/csd/Train/Snow/6709.tif,../raw/snow/csd/Train/Gt/6709.tif,train,snow,csd
train/671,../raw/snow/csd/Train/Snow/671.tif,../raw/snow/csd/Train/Gt/671.tif,train,snow,csd
train/6710,../raw/snow/csd/Train/Snow/6710.tif,../raw/snow/csd/Train/Gt/6710.tif,train,snow,csd
train/6711,../raw/snow/csd/Train/Snow/6711.tif,../raw/snow/csd/Train/Gt/6711.tif,val,snow,csd
train/6712,../raw/snow/csd/Train/Snow/6712.tif,../raw/snow/csd/Train/Gt/6712.tif,train,snow,csd
train/6713,../raw/snow/csd/Train/Snow/6713.tif,../raw/snow/csd/Train/Gt/6713.tif,train,snow,csd
train/6714,../raw/snow/csd/Train/Snow/6714.tif,../raw/snow/csd/Train/Gt/6714.tif,train,snow,csd
train/6715,../raw/snow/csd/Train/Snow/6715.tif,../raw/snow/csd/Train/Gt/6715.tif,train,snow,csd
train/6716,../raw/snow/csd/Train/Snow/6716.tif,../raw/snow/csd/Train/Gt/6716.tif,train,snow,csd
train/6717,../raw/snow/csd/Train/Snow/6717.tif,../raw/snow/csd/Train/Gt/6717.tif,val,snow,csd
train/6718,../raw/snow/csd/Train/Snow/6718.tif,../raw/snow/csd/Train/Gt/6718.tif,train,snow,csd
train/6719,../raw/snow/csd/Train/Snow/6719.tif,../raw/snow/csd/Train/Gt/6719.tif,train,snow,csd
train/672,../raw/snow/csd/Train/Snow/672.tif,../raw/snow/csd/Train/Gt/672.tif,train,snow,csd
train/6720,../raw/snow/csd/Train/Snow/6720.tif,../raw/snow/csd/Train/Gt/6720.tif,train,snow,csd
train/6721,../raw/snow/csd/Train/Snow/6721.tif,../raw/snow/csd/Train/Gt/6721.tif,train,snow,csd
train/6722,../raw/snow/csd/Train/Snow/6722.tif,../raw/snow/csd/Train/Gt/6722.tif,train,snow,csd
train/6723,../raw/snow/csd/Train/Snow/6723.tif,../raw/snow/csd/Train/Gt/6723.tif,train,snow,csd
train/6724,../raw/snow/csd/Train/Snow/6724.tif,../raw/snow/csd/Train/Gt/6724.tif,train,snow,csd
train/6725,../raw/snow/csd/Train/Snow/6725.tif,../raw/snow/csd/Train/Gt/6725.tif,train,snow,csd
train/6726,../raw/snow/csd/Train/Snow/6726.tif,../raw/snow/csd/Train/Gt/6726.tif,train,snow,csd
train/6727,../raw/snow/csd/Train/Snow/6727.tif,../raw/snow/csd/Train/Gt/6727.tif,train,snow,csd
train/6728,../raw/snow/csd/Train/Snow/6728.tif,../raw/snow/csd/Train/Gt/6728.tif,train,snow,csd
train/6729,../raw/snow/csd/Train/Snow/6729.tif,../raw/snow/csd/Train/Gt/6729.tif,val,snow,csd
train/673,../raw/snow/csd/Train/Snow/673.tif,../raw/snow/csd/Train/Gt/673.tif,train,snow,csd
train/6730,../raw/snow/csd/Train/Snow/6730.tif,../raw/snow/csd/Train/Gt/6730.tif,train,snow,csd
train/6731,../raw/snow/csd/Train/Snow/6731.tif,../raw/snow/csd/Train/Gt/6731.tif,train,snow,csd
train/6732,../raw/snow/csd/Train/Snow/6732.tif,../raw/snow/csd/Train/Gt/6732.tif,train,snow,csd
train/6733,../raw/snow/csd/Train/Snow/6733.tif,../raw/snow/csd/Train/Gt/6733.tif,train,snow,csd
train/6734,../raw/snow/csd/Train/Snow/6734.tif,../raw/snow/csd/Train/Gt/6734.tif,train,snow,csd
train/6735,../raw/snow/csd/Train/Snow/6735.tif,../raw/snow/csd/Train/Gt/6735.tif,train,snow,csd
train/6736,../raw/snow/csd/Train/Snow/6736.tif,../raw/snow/csd/Train/Gt/6736.tif,train,snow,csd
train/6737,../raw/snow/csd/Train/Snow/6737.tif,../raw/snow/csd/Train/Gt/6737.tif,train,snow,csd
train/6738,../raw/snow/csd/Train/Snow/6738.tif,../raw/snow/csd/Train/Gt/6738.tif,train,snow,csd
train/6739,../raw/snow/csd/Train/Snow/6739.tif,../raw/snow/csd/Train/Gt/6739.tif,train,snow,csd
train/674,../raw/snow/csd/Train/Snow/674.tif,../raw/snow/csd/Train/Gt/674.tif,train,snow,csd
train/6740,../raw/snow/csd/Train/Snow/6740.tif,../raw/snow/csd/Train/Gt/6740.tif,train,snow,csd
train/6741,../raw/snow/csd/Train/Snow/6741.tif,../raw/snow/csd/Train/Gt/6741.tif,train,snow,csd
train/6742,../raw/snow/csd/Train/Snow/6742.tif,../raw/snow/csd/Train/Gt/6742.tif,val,snow,csd
train/6743,../raw/snow/csd/Train/Snow/6743.tif,../raw/snow/csd/Train/Gt/6743.tif,train,snow,csd
train/6744,../raw/snow/csd/Train/Snow/6744.tif,../raw/snow/csd/Train/Gt/6744.tif,train,snow,csd
train/6745,../raw/snow/csd/Train/Snow/6745.tif,../raw/snow/csd/Train/Gt/6745.tif,train,snow,csd
train/6746,../raw/snow/csd/Train/Snow/6746.tif,../raw/snow/csd/Train/Gt/6746.tif,val,snow,csd
train/6747,../raw/snow/csd/Train/Snow/6747.tif,../raw/snow/csd/Train/Gt/6747.tif,train,snow,csd
train/6748,../raw/snow/csd/Train/Snow/6748.tif,../raw/snow/csd/Train/Gt/6748.tif,train,snow,csd
train/6749,../raw/snow/csd/Train/Snow/6749.tif,../raw/snow/csd/Train/Gt/6749.tif,train,snow,csd
train/675,../raw/snow/csd/Train/Snow/675.tif,../raw/snow/csd/Train/Gt/675.tif,train,snow,csd
train/6750,../raw/snow/csd/Train/Snow/6750.tif,../raw/snow/csd/Train/Gt/6750.tif,train,snow,csd
train/6751,../raw/snow/csd/Train/Snow/6751.tif,../raw/snow/csd/Train/Gt/6751.tif,val,snow,csd
train/6752,../raw/snow/csd/Train/Snow/6752.tif,../raw/snow/csd/Train/Gt/6752.tif,train,snow,csd
train/6753,../raw/snow/csd/Train/Snow/6753.tif,../raw/snow/csd/Train/Gt/6753.tif,train,snow,csd
train/6754,../raw/snow/csd/Train/Snow/6754.tif,../raw/snow/csd/Train/Gt/6754.tif,train,snow,csd
train/6755,../raw/snow/csd/Train/Snow/6755.tif,../raw/snow/csd/Train/Gt/6755.tif,train,snow,csd
train/6756,../raw/snow/csd/Train/Snow/6756.tif,../raw/snow/csd/Train/Gt/6756.tif,train,snow,csd
train/6757,../raw/snow/csd/Train/Snow/6757.tif,../raw/snow/csd/Train/Gt/6757.tif,train,snow,csd
train/6758,../raw/snow/csd/Train/Snow/6758.tif,../raw/snow/csd/Train/Gt/6758.tif,train,snow,csd
train/6759,../raw/snow/csd/Train/Snow/6759.tif,../raw/snow/csd/Train/Gt/6759.tif,train,snow,csd
train/676,../raw/snow/csd/Train/Snow/676.tif,../raw/snow/csd/Train/Gt/676.tif,train,snow,csd
train/6760,../raw/snow/csd/Train/Snow/6760.tif,../raw/snow/csd/Train/Gt/6760.tif,train,snow,csd
train/6761,../raw/snow/csd/Train/Snow/6761.tif,../raw/snow/csd/Train/Gt/6761.tif,train,snow,csd
train/6762,../raw/snow/csd/Train/Snow/6762.tif,../raw/snow/csd/Train/Gt/6762.tif,train,snow,csd
train/6763,../raw/snow/csd/Train/Snow/6763.tif,../raw/snow/csd/Train/Gt/6763.tif,train,snow,csd
train/6764,../raw/snow/csd/Train/Snow/6764.tif,../raw/snow/csd/Train/Gt/6764.tif,train,snow,csd
train/6765,../raw/snow/csd/Train/Snow/6765.tif,../raw/snow/csd/Train/Gt/6765.tif,train,snow,csd
train/6766,../raw/snow/csd/Train/Snow/6766.tif,../raw/snow/csd/Train/Gt/6766.tif,train,snow,csd
train/6767,../raw/snow/csd/Train/Snow/6767.tif,../raw/snow/csd/Train/Gt/6767.tif,train,snow,csd
train/6768,../raw/snow/csd/Train/Snow/6768.tif,../raw/snow/csd/Train/Gt/6768.tif,train,snow,csd
train/6769,../raw/snow/csd/Train/Snow/6769.tif,../raw/snow/csd/Train/Gt/6769.tif,train,snow,csd
train/677,../raw/snow/csd/Train/Snow/677.tif,../raw/snow/csd/Train/Gt/677.tif,train,snow,csd
train/6770,../raw/snow/csd/Train/Snow/6770.tif,../raw/snow/csd/Train/Gt/6770.tif,train,snow,csd
train/6771,../raw/snow/csd/Train/Snow/6771.tif,../raw/snow/csd/Train/Gt/6771.tif,train,snow,csd
train/6772,../raw/snow/csd/Train/Snow/6772.tif,../raw/snow/csd/Train/Gt/6772.tif,train,snow,csd
train/6773,../raw/snow/csd/Train/Snow/6773.tif,../raw/snow/csd/Train/Gt/6773.tif,val,snow,csd
train/6774,../raw/snow/csd/Train/Snow/6774.tif,../raw/snow/csd/Train/Gt/6774.tif,train,snow,csd
train/6775,../raw/snow/csd/Train/Snow/6775.tif,../raw/snow/csd/Train/Gt/6775.tif,train,snow,csd
train/6776,../raw/snow/csd/Train/Snow/6776.tif,../raw/snow/csd/Train/Gt/6776.tif,train,snow,csd
train/6777,../raw/snow/csd/Train/Snow/6777.tif,../raw/snow/csd/Train/Gt/6777.tif,val,snow,csd
train/6778,../raw/snow/csd/Train/Snow/6778.tif,../raw/snow/csd/Train/Gt/6778.tif,train,snow,csd
train/6779,../raw/snow/csd/Train/Snow/6779.tif,../raw/snow/csd/Train/Gt/6779.tif,train,snow,csd
train/678,../raw/snow/csd/Train/Snow/678.tif,../raw/snow/csd/Train/Gt/678.tif,train,snow,csd
train/6780,../raw/snow/csd/Train/Snow/6780.tif,../raw/snow/csd/Train/Gt/6780.tif,train,snow,csd
train/6781,../raw/snow/csd/Train/Snow/6781.tif,../raw/snow/csd/Train/Gt/6781.tif,train,snow,csd
train/6782,../raw/snow/csd/Train/Snow/6782.tif,../raw/snow/csd/Train/Gt/6782.tif,train,snow,csd
train/6783,../raw/snow/csd/Train/Snow/6783.tif,../raw/snow/csd/Train/Gt/6783.tif,val,snow,csd
train/6784,../raw/snow/csd/Train/Snow/6784.tif,../raw/snow/csd/Train/Gt/6784.tif,train,snow,csd
train/6785,../raw/snow/csd/Train/Snow/6785.tif,../raw/snow/csd/Train/Gt/6785.tif,train,snow,csd
train/6786,../raw/snow/csd/Train/Snow/6786.tif,../raw/snow/csd/Train/Gt/6786.tif,train,snow,csd
train/6787,../raw/snow/csd/Train/Snow/6787.tif,../raw/snow/csd/Train/Gt/6787.tif,train,snow,csd
train/6788,../raw/snow/csd/Train/Snow/6788.tif,../raw/snow/csd/Train/Gt/6788.tif,train,snow,csd
train/6789,../raw/snow/csd/Train/Snow/6789.tif,../raw/snow/csd/Train/Gt/6789.tif,train,snow,csd
train/679,../raw/snow/csd/Train/Snow/679.tif,../raw/snow/csd/Train/Gt/679.tif,train,snow,csd
train/6790,../raw/snow/csd/Train/Snow/6790.tif,../raw/snow/csd/Train/Gt/6790.tif,train,snow,csd
train/6791,../raw/snow/csd/Train/Snow/6791.tif,../raw/snow/csd/Train/Gt/6791.tif,train,snow,csd
train/6792,../raw/snow/csd/Train/Snow/6792.tif,../raw/snow/csd/Train/Gt/6792.tif,train,snow,csd
train/6793,../raw/snow/csd/Train/Snow/6793.tif,../raw/snow/csd/Train/Gt/6793.tif,val,snow,csd
train/6794,../raw/snow/csd/Train/Snow/6794.tif,../raw/snow/csd/Train/Gt/6794.tif,train,snow,csd
train/6795,../raw/snow/csd/Train/Snow/6795.tif,../raw/snow/csd/Train/Gt/6795.tif,train,snow,csd
train/6796,../raw/snow/csd/Train/Snow/6796.tif,../raw/snow/csd/Train/Gt/6796.tif,train,snow,csd
train/6797,../raw/snow/csd/Train/Snow/6797.tif,../raw/snow/csd/Train/Gt/6797.tif,train,snow,csd
train/6798,../raw/snow/csd/Train/Snow/6798.tif,../raw/snow/csd/Train/Gt/6798.tif,train,snow,csd
train/6799,../raw/snow/csd/Train/Snow/6799.tif,../raw/snow/csd/Train/Gt/6799.tif,train,snow,csd
train/68,../raw/snow/csd/Train/Snow/68.tif,../raw/snow/csd/Train/Gt/68.tif,train,snow,csd
train/680,../raw/snow/csd/Train/Snow/680.tif,../raw/snow/csd/Train/Gt/680.tif,train,snow,csd
train/6800,../raw/snow/csd/Train/Snow/6800.tif,../raw/snow/csd/Train/Gt/6800.tif,train,snow,csd
train/6801,../raw/snow/csd/Train/Snow/6801.tif,../raw/snow/csd/Train/Gt/6801.tif,val,snow,csd
train/6802,../raw/snow/csd/Train/Snow/6802.tif,../raw/snow/csd/Train/Gt/6802.tif,train,snow,csd
train/6803,../raw/snow/csd/Train/Snow/6803.tif,../raw/snow/csd/Train/Gt/6803.tif,train,snow,csd
train/6804,../raw/snow/csd/Train/Snow/6804.tif,../raw/snow/csd/Train/Gt/6804.tif,train,snow,csd
train/6805,../raw/snow/csd/Train/Snow/6805.tif,../raw/snow/csd/Train/Gt/6805.tif,train,snow,csd
train/6806,../raw/snow/csd/Train/Snow/6806.tif,../raw/snow/csd/Train/Gt/6806.tif,train,snow,csd
train/6807,../raw/snow/csd/Train/Snow/6807.tif,../raw/snow/csd/Train/Gt/6807.tif,train,snow,csd
train/6808,../raw/snow/csd/Train/Snow/6808.tif,../raw/snow/csd/Train/Gt/6808.tif,train,snow,csd
train/6809,../raw/snow/csd/Train/Snow/6809.tif,../raw/snow/csd/Train/Gt/6809.tif,train,snow,csd
train/681,../raw/snow/csd/Train/Snow/681.tif,../raw/snow/csd/Train/Gt/681.tif,train,snow,csd
train/6810,../raw/snow/csd/Train/Snow/6810.tif,../raw/snow/csd/Train/Gt/6810.tif,train,snow,csd
train/6811,../raw/snow/csd/Train/Snow/6811.tif,../raw/snow/csd/Train/Gt/6811.tif,train,snow,csd
train/6812,../raw/snow/csd/Train/Snow/6812.tif,../raw/snow/csd/Train/Gt/6812.tif,val,snow,csd
train/6813,../raw/snow/csd/Train/Snow/6813.tif,../raw/snow/csd/Train/Gt/6813.tif,train,snow,csd
train/6814,../raw/snow/csd/Train/Snow/6814.tif,../raw/snow/csd/Train/Gt/6814.tif,train,snow,csd
train/6815,../raw/snow/csd/Train/Snow/6815.tif,../raw/snow/csd/Train/Gt/6815.tif,train,snow,csd
train/6816,../raw/snow/csd/Train/Snow/6816.tif,../raw/snow/csd/Train/Gt/6816.tif,train,snow,csd
train/6817,../raw/snow/csd/Train/Snow/6817.tif,../raw/snow/csd/Train/Gt/6817.tif,train,snow,csd
train/6818,../raw/snow/csd/Train/Snow/6818.tif,../raw/snow/csd/Train/Gt/6818.tif,train,snow,csd
train/6819,../raw/snow/csd/Train/Snow/6819.tif,../raw/snow/csd/Train/Gt/6819.tif,train,snow,csd
train/682,../raw/snow/csd/Train/Snow/682.tif,../raw/snow/csd/Train/Gt/682.tif,train,snow,csd
train/6820,../raw/snow/csd/Train/Snow/6820.tif,../raw/snow/csd/Train/Gt/6820.tif,train,snow,csd
train/6821,../raw/snow/csd/Train/Snow/6821.tif,../raw/snow/csd/Train/Gt/6821.tif,train,snow,csd
train/6822,../raw/snow/csd/Train/Snow/6822.tif,../raw/snow/csd/Train/Gt/6822.tif,train,snow,csd
train/6823,../raw/snow/csd/Train/Snow/6823.tif,../raw/snow/csd/Train/Gt/6823.tif,train,snow,csd
train/6824,../raw/snow/csd/Train/Snow/6824.tif,../raw/snow/csd/Train/Gt/6824.tif,train,snow,csd
train/6825,../raw/snow/csd/Train/Snow/6825.tif,../raw/snow/csd/Train/Gt/6825.tif,train,snow,csd
train/6826,../raw/snow/csd/Train/Snow/6826.tif,../raw/snow/csd/Train/Gt/6826.tif,val,snow,csd
train/6827,../raw/snow/csd/Train/Snow/6827.tif,../raw/snow/csd/Train/Gt/6827.tif,train,snow,csd
train/6828,../raw/snow/csd/Train/Snow/6828.tif,../raw/snow/csd/Train/Gt/6828.tif,val,snow,csd
train/6829,../raw/snow/csd/Train/Snow/6829.tif,../raw/snow/csd/Train/Gt/6829.tif,train,snow,csd
train/683,../raw/snow/csd/Train/Snow/683.tif,../raw/snow/csd/Train/Gt/683.tif,train,snow,csd
train/6830,../raw/snow/csd/Train/Snow/6830.tif,../raw/snow/csd/Train/Gt/6830.tif,train,snow,csd
train/6831,../raw/snow/csd/Train/Snow/6831.tif,../raw/snow/csd/Train/Gt/6831.tif,train,snow,csd
train/6832,../raw/snow/csd/Train/Snow/6832.tif,../raw/snow/csd/Train/Gt/6832.tif,train,snow,csd
train/6833,../raw/snow/csd/Train/Snow/6833.tif,../raw/snow/csd/Train/Gt/6833.tif,train,snow,csd
train/6834,../raw/snow/csd/Train/Snow/6834.tif,../raw/snow/csd/Train/Gt/6834.tif,train,snow,csd
train/6835,../raw/snow/csd/Train/Snow/6835.tif,../raw/snow/csd/Train/Gt/6835.tif,train,snow,csd
train/6836,../raw/snow/csd/Train/Snow/6836.tif,../raw/snow/csd/Train/Gt/6836.tif,train,snow,csd
train/6837,../raw/snow/csd/Train/Snow/6837.tif,../raw/snow/csd/Train/Gt/6837.tif,train,snow,csd
train/6838,../raw/snow/csd/Train/Snow/6838.tif,../raw/snow/csd/Train/Gt/6838.tif,train,snow,csd
train/6839,../raw/snow/csd/Train/Snow/6839.tif,../raw/snow/csd/Train/Gt/6839.tif,train,snow,csd
train/684,../raw/snow/csd/Train/Snow/684.tif,../raw/snow/csd/Train/Gt/684.tif,train,snow,csd
train/6840,../raw/snow/csd/Train/Snow/6840.tif,../raw/snow/csd/Train/Gt/6840.tif,val,snow,csd
train/6841,../raw/snow/csd/Train/Snow/6841.tif,../raw/snow/csd/Train/Gt/6841.tif,train,snow,csd
train/6842,../raw/snow/csd/Train/Snow/6842.tif,../raw/snow/csd/Train/Gt/6842.tif,train,snow,csd
train/6843,../raw/snow/csd/Train/Snow/6843.tif,../raw/snow/csd/Train/Gt/6843.tif,train,snow,csd
train/6844,../raw/snow/csd/Train/Snow/6844.tif,../raw/snow/csd/Train/Gt/6844.tif,train,snow,csd
train/6845,../raw/snow/csd/Train/Snow/6845.tif,../raw/snow/csd/Train/Gt/6845.tif,train,snow,csd
train/6846,../raw/snow/csd/Train/Snow/6846.tif,../raw/snow/csd/Train/Gt/6846.tif,val,snow,csd
train/6847,../raw/snow/csd/Train/Snow/6847.tif,../raw/snow/csd/Train/Gt/6847.tif,train,snow,csd
train/6848,../raw/snow/csd/Train/Snow/6848.tif,../raw/snow/csd/Train/Gt/6848.tif,train,snow,csd
train/6849,../raw/snow/csd/Train/Snow/6849.tif,../raw/snow/csd/Train/Gt/6849.tif,train,snow,csd
train/685,../raw/snow/csd/Train/Snow/685.tif,../raw/snow/csd/Train/Gt/685.tif,train,snow,csd
train/6850,../raw/snow/csd/Train/Snow/6850.tif,../raw/snow/csd/Train/Gt/6850.tif,train,snow,csd
train/6851,../raw/snow/csd/Train/Snow/6851.tif,../raw/snow/csd/Train/Gt/6851.tif,train,snow,csd
train/6852,../raw/snow/csd/Train/Snow/6852.tif,../raw/snow/csd/Train/Gt/6852.tif,train,snow,csd
train/6853,../raw/snow/csd/Train/Snow/6853.tif,../raw/snow/csd/Train/Gt/6853.tif,train,snow,csd
train/6854,../raw/snow/csd/Train/Snow/6854.tif,../raw/snow/csd/Train/Gt/6854.tif,train,snow,csd
train/6855,../raw/snow/csd/Train/Snow/6855.tif,../raw/snow/csd/Train/Gt/6855.tif,train,snow,csd
train/6856,../raw/snow/csd/Train/Snow/6856.tif,../raw/snow/csd/Train/Gt/6856.tif,train,snow,csd
train/6857,../raw/snow/csd/Train/Snow/6857.tif,../raw/snow/csd/Train/Gt/6857.tif,train,snow,csd
train/6858,../raw/snow/csd/Train/Snow/6858.tif,../raw/snow/csd/Train/Gt/6858.tif,train,snow,csd
train/6859,../raw/snow/csd/Train/Snow/6859.tif,../raw/snow/csd/Train/Gt/6859.tif,train,snow,csd
train/686,../raw/snow/csd/Train/Snow/686.tif,../raw/snow/csd/Train/Gt/686.tif,train,snow,csd
train/6860,../raw/snow/csd/Train/Snow/6860.tif,../raw/snow/csd/Train/Gt/6860.tif,train,snow,csd
train/6861,../raw/snow/csd/Train/Snow/6861.tif,../raw/snow/csd/Train/Gt/6861.tif,val,snow,csd
train/6862,../raw/snow/csd/Train/Snow/6862.tif,../raw/snow/csd/Train/Gt/6862.tif,train,snow,csd
train/6863,../raw/snow/csd/Train/Snow/6863.tif,../raw/snow/csd/Train/Gt/6863.tif,train,snow,csd
train/6864,../raw/snow/csd/Train/Snow/6864.tif,../raw/snow/csd/Train/Gt/6864.tif,train,snow,csd
train/6865,../raw/snow/csd/Train/Snow/6865.tif,../raw/snow/csd/Train/Gt/6865.tif,train,snow,csd
train/6866,../raw/snow/csd/Train/Snow/6866.tif,../raw/snow/csd/Train/Gt/6866.tif,train,snow,csd
train/6867,../raw/snow/csd/Train/Snow/6867.tif,../raw/snow/csd/Train/Gt/6867.tif,train,snow,csd
train/6868,../raw/snow/csd/Train/Snow/6868.tif,../raw/snow/csd/Train/Gt/6868.tif,train,snow,csd
train/6869,../raw/snow/csd/Train/Snow/6869.tif,../raw/snow/csd/Train/Gt/6869.tif,train,snow,csd
train/687,../raw/snow/csd/Train/Snow/687.tif,../raw/snow/csd/Train/Gt/687.tif,train,snow,csd
train/6870,../raw/snow/csd/Train/Snow/6870.tif,../raw/snow/csd/Train/Gt/6870.tif,train,snow,csd
train/6871,../raw/snow/csd/Train/Snow/6871.tif,../raw/snow/csd/Train/Gt/6871.tif,train,snow,csd
train/6872,../raw/snow/csd/Train/Snow/6872.tif,../raw/snow/csd/Train/Gt/6872.tif,train,snow,csd
train/6873,../raw/snow/csd/Train/Snow/6873.tif,../raw/snow/csd/Train/Gt/6873.tif,train,snow,csd
train/6874,../raw/snow/csd/Train/Snow/6874.tif,../raw/snow/csd/Train/Gt/6874.tif,train,snow,csd
train/6875,../raw/snow/csd/Train/Snow/6875.tif,../raw/snow/csd/Train/Gt/6875.tif,train,snow,csd
train/6876,../raw/snow/csd/Train/Snow/6876.tif,../raw/snow/csd/Train/Gt/6876.tif,val,snow,csd
train/6877,../raw/snow/csd/Train/Snow/6877.tif,../raw/snow/csd/Train/Gt/6877.tif,train,snow,csd
train/6878,../raw/snow/csd/Train/Snow/6878.tif,../raw/snow/csd/Train/Gt/6878.tif,train,snow,csd
train/6879,../raw/snow/csd/Train/Snow/6879.tif,../raw/snow/csd/Train/Gt/6879.tif,train,snow,csd
train/688,../raw/snow/csd/Train/Snow/688.tif,../raw/snow/csd/Train/Gt/688.tif,train,snow,csd
train/6880,../raw/snow/csd/Train/Snow/6880.tif,../raw/snow/csd/Train/Gt/6880.tif,val,snow,csd
train/6881,../raw/snow/csd/Train/Snow/6881.tif,../raw/snow/csd/Train/Gt/6881.tif,train,snow,csd
train/6882,../raw/snow/csd/Train/Snow/6882.tif,../raw/snow/csd/Train/Gt/6882.tif,train,snow,csd
train/6883,../raw/snow/csd/Train/Snow/6883.tif,../raw/snow/csd/Train/Gt/6883.tif,train,snow,csd
train/6884,../raw/snow/csd/Train/Snow/6884.tif,../raw/snow/csd/Train/Gt/6884.tif,train,snow,csd
train/6885,../raw/snow/csd/Train/Snow/6885.tif,../raw/snow/csd/Train/Gt/6885.tif,train,snow,csd
train/6886,../raw/snow/csd/Train/Snow/6886.tif,../raw/snow/csd/Train/Gt/6886.tif,train,snow,csd
train/6887,../raw/snow/csd/Train/Snow/6887.tif,../raw/snow/csd/Train/Gt/6887.tif,train,snow,csd
train/6888,../raw/snow/csd/Train/Snow/6888.tif,../raw/snow/csd/Train/Gt/6888.tif,train,snow,csd
train/6889,../raw/snow/csd/Train/Snow/6889.tif,../raw/snow/csd/Train/Gt/6889.tif,train,snow,csd
train/689,../raw/snow/csd/Train/Snow/689.tif,../raw/snow/csd/Train/Gt/689.tif,train,snow,csd
train/6890,../raw/snow/csd/Train/Snow/6890.tif,../raw/snow/csd/Train/Gt/6890.tif,val,snow,csd
train/6891,../raw/snow/csd/Train/Snow/6891.tif,../raw/snow/csd/Train/Gt/6891.tif,train,snow,csd
train/6892,../raw/snow/csd/Train/Snow/6892.tif,../raw/snow/csd/Train/Gt/6892.tif,train,snow,csd
train/6893,../raw/snow/csd/Train/Snow/6893.tif,../raw/snow/csd/Train/Gt/6893.tif,train,snow,csd
train/6894,../raw/snow/csd/Train/Snow/6894.tif,../raw/snow/csd/Train/Gt/6894.tif,train,snow,csd
train/6895,../raw/snow/csd/Train/Snow/6895.tif,../raw/snow/csd/Train/Gt/6895.tif,val,snow,csd
train/6896,../raw/snow/csd/Train/Snow/6896.tif,../raw/snow/csd/Train/Gt/6896.tif,val,snow,csd
train/6897,../raw/snow/csd/Train/Snow/6897.tif,../raw/snow/csd/Train/Gt/6897.tif,train,snow,csd
train/6898,../raw/snow/csd/Train/Snow/6898.tif,../raw/snow/csd/Train/Gt/6898.tif,train,snow,csd
train/6899,../raw/snow/csd/Train/Snow/6899.tif,../raw/snow/csd/Train/Gt/6899.tif,val,snow,csd
train/69,../raw/snow/csd/Train/Snow/69.tif,../raw/snow/csd/Train/Gt/69.tif,val,snow,csd
train/690,../raw/snow/csd/Train/Snow/690.tif,../raw/snow/csd/Train/Gt/690.tif,train,snow,csd
train/6900,../raw/snow/csd/Train/Snow/6900.tif,../raw/snow/csd/Train/Gt/6900.tif,train,snow,csd
train/6901,../raw/snow/csd/Train/Snow/6901.tif,../raw/snow/csd/Train/Gt/6901.tif,train,snow,csd
train/6902,../raw/snow/csd/Train/Snow/6902.tif,../raw/snow/csd/Train/Gt/6902.tif,train,snow,csd
train/6903,../raw/snow/csd/Train/Snow/6903.tif,../raw/snow/csd/Train/Gt/6903.tif,train,snow,csd
train/6904,../raw/snow/csd/Train/Snow/6904.tif,../raw/snow/csd/Train/Gt/6904.tif,train,snow,csd
train/6905,../raw/snow/csd/Train/Snow/6905.tif,../raw/snow/csd/Train/Gt/6905.tif,train,snow,csd
train/6906,../raw/snow/csd/Train/Snow/6906.tif,../raw/snow/csd/Train/Gt/6906.tif,train,snow,csd
train/6907,../raw/snow/csd/Train/Snow/6907.tif,../raw/snow/csd/Train/Gt/6907.tif,train,snow,csd
train/6908,../raw/snow/csd/Train/Snow/6908.tif,../raw/snow/csd/Train/Gt/6908.tif,train,snow,csd
train/6909,../raw/snow/csd/Train/Snow/6909.tif,../raw/snow/csd/Train/Gt/6909.tif,val,snow,csd
train/691,../raw/snow/csd/Train/Snow/691.tif,../raw/snow/csd/Train/Gt/691.tif,train,snow,csd
train/6910,../raw/snow/csd/Train/Snow/6910.tif,../raw/snow/csd/Train/Gt/6910.tif,train,snow,csd
train/6911,../raw/snow/csd/Train/Snow/6911.tif,../raw/snow/csd/Train/Gt/6911.tif,train,snow,csd
train/6912,../raw/snow/csd/Train/Snow/6912.tif,../raw/snow/csd/Train/Gt/6912.tif,train,snow,csd
train/6913,../raw/snow/csd/Train/Snow/6913.tif,../raw/snow/csd/Train/Gt/6913.tif,train,snow,csd
train/6914,../raw/snow/csd/Train/Snow/6914.tif,../raw/snow/csd/Train/Gt/6914.tif,train,snow,csd
train/6915,../raw/snow/csd/Train/Snow/6915.tif,../raw/snow/csd/Train/Gt/6915.tif,val,snow,csd
train/6916,../raw/snow/csd/Train/Snow/6916.tif,../raw/snow/csd/Train/Gt/6916.tif,train,snow,csd
train/6917,../raw/snow/csd/Train/Snow/6917.tif,../raw/snow/csd/Train/Gt/6917.tif,train,snow,csd
train/6918,../raw/snow/csd/Train/Snow/6918.tif,../raw/snow/csd/Train/Gt/6918.tif,train,snow,csd
train/6919,../raw/snow/csd/Train/Snow/6919.tif,../raw/snow/csd/Train/Gt/6919.tif,train,snow,csd
train/692,../raw/snow/csd/Train/Snow/692.tif,../raw/snow/csd/Train/Gt/692.tif,train,snow,csd
train/6920,../raw/snow/csd/Train/Snow/6920.tif,../raw/snow/csd/Train/Gt/6920.tif,train,snow,csd
train/6921,../raw/snow/csd/Train/Snow/6921.tif,../raw/snow/csd/Train/Gt/6921.tif,train,snow,csd
train/6922,../raw/snow/csd/Train/Snow/6922.tif,../raw/snow/csd/Train/Gt/6922.tif,train,snow,csd
train/6923,../raw/snow/csd/Train/Snow/6923.tif,../raw/snow/csd/Train/Gt/6923.tif,train,snow,csd
train/6924,../raw/snow/csd/Train/Snow/6924.tif,../raw/snow/csd/Train/Gt/6924.tif,train,snow,csd
train/6925,../raw/snow/csd/Train/Snow/6925.tif,../raw/snow/csd/Train/Gt/6925.tif,train,snow,csd
train/6926,../raw/snow/csd/Train/Snow/6926.tif,../raw/snow/csd/Train/Gt/6926.tif,train,snow,csd
train/6927,../raw/snow/csd/Train/Snow/6927.tif,../raw/snow/csd/Train/Gt/6927.tif,train,snow,csd
train/6928,../raw/snow/csd/Train/Snow/6928.tif,../raw/snow/csd/Train/Gt/6928.tif,train,snow,csd
train/6929,../raw/snow/csd/Train/Snow/6929.tif,../raw/snow/csd/Train/Gt/6929.tif,train,snow,csd
train/693,../raw/snow/csd/Train/Snow/693.tif,../raw/snow/csd/Train/Gt/693.tif,train,snow,csd
train/6930,../raw/snow/csd/Train/Snow/6930.tif,../raw/snow/csd/Train/Gt/6930.tif,train,snow,csd
train/6931,../raw/snow/csd/Train/Snow/6931.tif,../raw/snow/csd/Train/Gt/6931.tif,train,snow,csd
train/6932,../raw/snow/csd/Train/Snow/6932.tif,../raw/snow/csd/Train/Gt/6932.tif,train,snow,csd
train/6933,../raw/snow/csd/Train/Snow/6933.tif,../raw/snow/csd/Train/Gt/6933.tif,train,snow,csd
train/6934,../raw/snow/csd/Train/Snow/6934.tif,../raw/snow/csd/Train/Gt/6934.tif,val,snow,csd
train/6935,../raw/snow/csd/Train/Snow/6935.tif,../raw/snow/csd/Train/Gt/6935.tif,train,snow,csd
train/6936,../raw/snow/csd/Train/Snow/6936.tif,../raw/snow/csd/Train/Gt/6936.tif,train,snow,csd
train/6937,../raw/snow/csd/Train/Snow/6937.tif,../raw/snow/csd/Train/Gt/6937.tif,train,snow,csd
train/6938,../raw/snow/csd/Train/Snow/6938.tif,../raw/snow/csd/Train/Gt/6938.tif,train,snow,csd
train/6939,../raw/snow/csd/Train/Snow/6939.tif,../raw/snow/csd/Train/Gt/6939.tif,train,snow,csd
train/694,../raw/snow/csd/Train/Snow/694.tif,../raw/snow/csd/Train/Gt/694.tif,train,snow,csd
train/6940,../raw/snow/csd/Train/Snow/6940.tif,../raw/snow/csd/Train/Gt/6940.tif,val,snow,csd
train/6941,../raw/snow/csd/Train/Snow/6941.tif,../raw/snow/csd/Train/Gt/6941.tif,train,snow,csd
train/6942,../raw/snow/csd/Train/Snow/6942.tif,../raw/snow/csd/Train/Gt/6942.tif,train,snow,csd
train/6943,../raw/snow/csd/Train/Snow/6943.tif,../raw/snow/csd/Train/Gt/6943.tif,train,snow,csd
train/6944,../raw/snow/csd/Train/Snow/6944.tif,../raw/snow/csd/Train/Gt/6944.tif,train,snow,csd
train/6945,../raw/snow/csd/Train/Snow/6945.tif,../raw/snow/csd/Train/Gt/6945.tif,train,snow,csd
train/6946,../raw/snow/csd/Train/Snow/6946.tif,../raw/snow/csd/Train/Gt/6946.tif,train,snow,csd
train/6947,../raw/snow/csd/Train/Snow/6947.tif,../raw/snow/csd/Train/Gt/6947.tif,train,snow,csd
train/6948,../raw/snow/csd/Train/Snow/6948.tif,../raw/snow/csd/Train/Gt/6948.tif,train,snow,csd
train/6949,../raw/snow/csd/Train/Snow/6949.tif,../raw/snow/csd/Train/Gt/6949.tif,train,snow,csd
train/695,../raw/snow/csd/Train/Snow/695.tif,../raw/snow/csd/Train/Gt/695.tif,train,snow,csd
train/6950,../raw/snow/csd/Train/Snow/6950.tif,../raw/snow/csd/Train/Gt/6950.tif,train,snow,csd
train/6951,../raw/snow/csd/Train/Snow/6951.tif,../raw/snow/csd/Train/Gt/6951.tif,train,snow,csd
train/6952,../raw/snow/csd/Train/Snow/6952.tif,../raw/snow/csd/Train/Gt/6952.tif,train,snow,csd
train/6953,../raw/snow/csd/Train/Snow/6953.tif,../raw/snow/csd/Train/Gt/6953.tif,val,snow,csd
train/6954,../raw/snow/csd/Train/Snow/6954.tif,../raw/snow/csd/Train/Gt/6954.tif,train,snow,csd
train/6955,../raw/snow/csd/Train/Snow/6955.tif,../raw/snow/csd/Train/Gt/6955.tif,train,snow,csd
train/6956,../raw/snow/csd/Train/Snow/6956.tif,../raw/snow/csd/Train/Gt/6956.tif,train,snow,csd
train/6957,../raw/snow/csd/Train/Snow/6957.tif,../raw/snow/csd/Train/Gt/6957.tif,train,snow,csd
train/6958,../raw/snow/csd/Train/Snow/6958.tif,../raw/snow/csd/Train/Gt/6958.tif,train,snow,csd
train/6959,../raw/snow/csd/Train/Snow/6959.tif,../raw/snow/csd/Train/Gt/6959.tif,train,snow,csd
train/696,../raw/snow/csd/Train/Snow/696.tif,../raw/snow/csd/Train/Gt/696.tif,train,snow,csd
train/6960,../raw/snow/csd/Train/Snow/6960.tif,../raw/snow/csd/Train/Gt/6960.tif,train,snow,csd
train/6961,../raw/snow/csd/Train/Snow/6961.tif,../raw/snow/csd/Train/Gt/6961.tif,train,snow,csd
train/6962,../raw/snow/csd/Train/Snow/6962.tif,../raw/snow/csd/Train/Gt/6962.tif,train,snow,csd
train/6963,../raw/snow/csd/Train/Snow/6963.tif,../raw/snow/csd/Train/Gt/6963.tif,train,snow,csd
train/6964,../raw/snow/csd/Train/Snow/6964.tif,../raw/snow/csd/Train/Gt/6964.tif,train,snow,csd
train/6965,../raw/snow/csd/Train/Snow/6965.tif,../raw/snow/csd/Train/Gt/6965.tif,train,snow,csd
train/6966,../raw/snow/csd/Train/Snow/6966.tif,../raw/snow/csd/Train/Gt/6966.tif,train,snow,csd
train/6967,../raw/snow/csd/Train/Snow/6967.tif,../raw/snow/csd/Train/Gt/6967.tif,train,snow,csd
train/6968,../raw/snow/csd/Train/Snow/6968.tif,../raw/snow/csd/Train/Gt/6968.tif,train,snow,csd
train/6969,../raw/snow/csd/Train/Snow/6969.tif,../raw/snow/csd/Train/Gt/6969.tif,train,snow,csd
train/697,../raw/snow/csd/Train/Snow/697.tif,../raw/snow/csd/Train/Gt/697.tif,train,snow,csd
train/6970,../raw/snow/csd/Train/Snow/6970.tif,../raw/snow/csd/Train/Gt/6970.tif,train,snow,csd
train/6971,../raw/snow/csd/Train/Snow/6971.tif,../raw/snow/csd/Train/Gt/6971.tif,train,snow,csd
train/6972,../raw/snow/csd/Train/Snow/6972.tif,../raw/snow/csd/Train/Gt/6972.tif,train,snow,csd
train/6973,../raw/snow/csd/Train/Snow/6973.tif,../raw/snow/csd/Train/Gt/6973.tif,train,snow,csd
train/6974,../raw/snow/csd/Train/Snow/6974.tif,../raw/snow/csd/Train/Gt/6974.tif,val,snow,csd
train/6975,../raw/snow/csd/Train/Snow/6975.tif,../raw/snow/csd/Train/Gt/6975.tif,train,snow,csd
train/6976,../raw/snow/csd/Train/Snow/6976.tif,../raw/snow/csd/Train/Gt/6976.tif,train,snow,csd
train/6977,../raw/snow/csd/Train/Snow/6977.tif,../raw/snow/csd/Train/Gt/6977.tif,val,snow,csd
train/6978,../raw/snow/csd/Train/Snow/6978.tif,../raw/snow/csd/Train/Gt/6978.tif,val,snow,csd
train/6979,../raw/snow/csd/Train/Snow/6979.tif,../raw/snow/csd/Train/Gt/6979.tif,train,snow,csd
train/698,../raw/snow/csd/Train/Snow/698.tif,../raw/snow/csd/Train/Gt/698.tif,train,snow,csd
train/6980,../raw/snow/csd/Train/Snow/6980.tif,../raw/snow/csd/Train/Gt/6980.tif,train,snow,csd
train/6981,../raw/snow/csd/Train/Snow/6981.tif,../raw/snow/csd/Train/Gt/6981.tif,val,snow,csd
train/6982,../raw/snow/csd/Train/Snow/6982.tif,../raw/snow/csd/Train/Gt/6982.tif,train,snow,csd
train/6983,../raw/snow/csd/Train/Snow/6983.tif,../raw/snow/csd/Train/Gt/6983.tif,train,snow,csd
train/6984,../raw/snow/csd/Train/Snow/6984.tif,../raw/snow/csd/Train/Gt/6984.tif,train,snow,csd
train/6985,../raw/snow/csd/Train/Snow/6985.tif,../raw/snow/csd/Train/Gt/6985.tif,train,snow,csd
train/6986,../raw/snow/csd/Train/Snow/6986.tif,../raw/snow/csd/Train/Gt/6986.tif,val,snow,csd
train/6987,../raw/snow/csd/Train/Snow/6987.tif,../raw/snow/csd/Train/Gt/6987.tif,train,snow,csd
train/6988,../raw/snow/csd/Train/Snow/6988.tif,../raw/snow/csd/Train/Gt/6988.tif,train,snow,csd
train/6989,../raw/snow/csd/Train/Snow/6989.tif,../raw/snow/csd/Train/Gt/6989.tif,train,snow,csd
train/699,../raw/snow/csd/Train/Snow/699.tif,../raw/snow/csd/Train/Gt/699.tif,train,snow,csd
train/6990,../raw/snow/csd/Train/Snow/6990.tif,../raw/snow/csd/Train/Gt/6990.tif,train,snow,csd
train/6991,../raw/snow/csd/Train/Snow/6991.tif,../raw/snow/csd/Train/Gt/6991.tif,train,snow,csd
train/6992,../raw/snow/csd/Train/Snow/6992.tif,../raw/snow/csd/Train/Gt/6992.tif,train,snow,csd
train/6993,../raw/snow/csd/Train/Snow/6993.tif,../raw/snow/csd/Train/Gt/6993.tif,train,snow,csd
train/6994,../raw/snow/csd/Train/Snow/6994.tif,../raw/snow/csd/Train/Gt/6994.tif,train,snow,csd
train/6995,../raw/snow/csd/Train/Snow/6995.tif,../raw/snow/csd/Train/Gt/6995.tif,train,snow,csd
train/6996,../raw/snow/csd/Train/Snow/6996.tif,../raw/snow/csd/Train/Gt/6996.tif,val,snow,csd
train/6997,../raw/snow/csd/Train/Snow/6997.tif,../raw/snow/csd/Train/Gt/6997.tif,train,snow,csd
train/6998,../raw/snow/csd/Train/Snow/6998.tif,../raw/snow/csd/Train/Gt/6998.tif,train,snow,csd
train/6999,../raw/snow/csd/Train/Snow/6999.tif,../raw/snow/csd/Train/Gt/6999.tif,train,snow,csd
train/7,../raw/snow/csd/Train/Snow/7.tif,../raw/snow/csd/Train/Gt/7.tif,train,snow,csd
train/70,../raw/snow/csd/Train/Snow/70.tif,../raw/snow/csd/Train/Gt/70.tif,train,snow,csd
train/700,../raw/snow/csd/Train/Snow/700.tif,../raw/snow/csd/Train/Gt/700.tif,train,snow,csd
train/7000,../raw/snow/csd/Train/Snow/7000.tif,../raw/snow/csd/Train/Gt/7000.tif,train,snow,csd
train/7001,../raw/snow/csd/Train/Snow/7001.tif,../raw/snow/csd/Train/Gt/7001.tif,train,snow,csd
train/7002,../raw/snow/csd/Train/Snow/7002.tif,../raw/snow/csd/Train/Gt/7002.tif,train,snow,csd
train/7003,../raw/snow/csd/Train/Snow/7003.tif,../raw/snow/csd/Train/Gt/7003.tif,train,snow,csd
train/7004,../raw/snow/csd/Train/Snow/7004.tif,../raw/snow/csd/Train/Gt/7004.tif,train,snow,csd
train/7005,../raw/snow/csd/Train/Snow/7005.tif,../raw/snow/csd/Train/Gt/7005.tif,train,snow,csd
train/7006,../raw/snow/csd/Train/Snow/7006.tif,../raw/snow/csd/Train/Gt/7006.tif,train,snow,csd
train/7007,../raw/snow/csd/Train/Snow/7007.tif,../raw/snow/csd/Train/Gt/7007.tif,train,snow,csd
train/7008,../raw/snow/csd/Train/Snow/7008.tif,../raw/snow/csd/Train/Gt/7008.tif,train,snow,csd
train/7009,../raw/snow/csd/Train/Snow/7009.tif,../raw/snow/csd/Train/Gt/7009.tif,train,snow,csd
train/701,../raw/snow/csd/Train/Snow/701.tif,../raw/snow/csd/Train/Gt/701.tif,val,snow,csd
train/7010,../raw/snow/csd/Train/Snow/7010.tif,../raw/snow/csd/Train/Gt/7010.tif,train,snow,csd
train/7011,../raw/snow/csd/Train/Snow/7011.tif,../raw/snow/csd/Train/Gt/7011.tif,train,snow,csd
train/7012,../raw/snow/csd/Train/Snow/7012.tif,../raw/snow/csd/Train/Gt/7012.tif,train,snow,csd
train/7013,../raw/snow/csd/Train/Snow/7013.tif,../raw/snow/csd/Train/Gt/7013.tif,train,snow,csd
train/7014,../raw/snow/csd/Train/Snow/7014.tif,../raw/snow/csd/Train/Gt/7014.tif,train,snow,csd
train/7015,../raw/snow/csd/Train/Snow/7015.tif,../raw/snow/csd/Train/Gt/7015.tif,train,snow,csd
train/7016,../raw/snow/csd/Train/Snow/7016.tif,../raw/snow/csd/Train/Gt/7016.tif,train,snow,csd
train/7017,../raw/snow/csd/Train/Snow/7017.tif,../raw/snow/csd/Train/Gt/7017.tif,train,snow,csd
train/7018,../raw/snow/csd/Train/Snow/7018.tif,../raw/snow/csd/Train/Gt/7018.tif,train,snow,csd
train/7019,../raw/snow/csd/Train/Snow/7019.tif,../raw/snow/csd/Train/Gt/7019.tif,train,snow,csd
train/702,../raw/snow/csd/Train/Snow/702.tif,../raw/snow/csd/Train/Gt/702.tif,train,snow,csd
train/7020,../raw/snow/csd/Train/Snow/7020.tif,../raw/snow/csd/Train/Gt/7020.tif,train,snow,csd
train/7021,../raw/snow/csd/Train/Snow/7021.tif,../raw/snow/csd/Train/Gt/7021.tif,train,snow,csd
train/7022,../raw/snow/csd/Train/Snow/7022.tif,../raw/snow/csd/Train/Gt/7022.tif,train,snow,csd
train/7023,../raw/snow/csd/Train/Snow/7023.tif,../raw/snow/csd/Train/Gt/7023.tif,train,snow,csd
train/7024,../raw/snow/csd/Train/Snow/7024.tif,../raw/snow/csd/Train/Gt/7024.tif,val,snow,csd
train/7025,../raw/snow/csd/Train/Snow/7025.tif,../raw/snow/csd/Train/Gt/7025.tif,train,snow,csd
train/7026,../raw/snow/csd/Train/Snow/7026.tif,../raw/snow/csd/Train/Gt/7026.tif,train,snow,csd
train/7027,../raw/snow/csd/Train/Snow/7027.tif,../raw/snow/csd/Train/Gt/7027.tif,val,snow,csd
train/7028,../raw/snow/csd/Train/Snow/7028.tif,../raw/snow/csd/Train/Gt/7028.tif,train,snow,csd
train/7029,../raw/snow/csd/Train/Snow/7029.tif,../raw/snow/csd/Train/Gt/7029.tif,train,snow,csd
train/703,../raw/snow/csd/Train/Snow/703.tif,../raw/snow/csd/Train/Gt/703.tif,train,snow,csd
train/7030,../raw/snow/csd/Train/Snow/7030.tif,../raw/snow/csd/Train/Gt/7030.tif,train,snow,csd
train/7031,../raw/snow/csd/Train/Snow/7031.tif,../raw/snow/csd/Train/Gt/7031.tif,train,snow,csd
train/7032,../raw/snow/csd/Train/Snow/7032.tif,../raw/snow/csd/Train/Gt/7032.tif,train,snow,csd
train/7033,../raw/snow/csd/Train/Snow/7033.tif,../raw/snow/csd/Train/Gt/7033.tif,train,snow,csd
train/7034,../raw/snow/csd/Train/Snow/7034.tif,../raw/snow/csd/Train/Gt/7034.tif,train,snow,csd
train/7035,../raw/snow/csd/Train/Snow/7035.tif,../raw/snow/csd/Train/Gt/7035.tif,train,snow,csd
train/7036,../raw/snow/csd/Train/Snow/7036.tif,../raw/snow/csd/Train/Gt/7036.tif,train,snow,csd
train/7037,../raw/snow/csd/Train/Snow/7037.tif,../raw/snow/csd/Train/Gt/7037.tif,val,snow,csd
train/7038,../raw/snow/csd/Train/Snow/7038.tif,../raw/snow/csd/Train/Gt/7038.tif,train,snow,csd
train/7039,../raw/snow/csd/Train/Snow/7039.tif,../raw/snow/csd/Train/Gt/7039.tif,train,snow,csd
train/704,../raw/snow/csd/Train/Snow/704.tif,../raw/snow/csd/Train/Gt/704.tif,train,snow,csd
train/7040,../raw/snow/csd/Train/Snow/7040.tif,../raw/snow/csd/Train/Gt/7040.tif,train,snow,csd
train/7041,../raw/snow/csd/Train/Snow/7041.tif,../raw/snow/csd/Train/Gt/7041.tif,train,snow,csd
train/7042,../raw/snow/csd/Train/Snow/7042.tif,../raw/snow/csd/Train/Gt/7042.tif,train,snow,csd
train/7043,../raw/snow/csd/Train/Snow/7043.tif,../raw/snow/csd/Train/Gt/7043.tif,train,snow,csd
train/7044,../raw/snow/csd/Train/Snow/7044.tif,../raw/snow/csd/Train/Gt/7044.tif,val,snow,csd
train/7045,../raw/snow/csd/Train/Snow/7045.tif,../raw/snow/csd/Train/Gt/7045.tif,train,snow,csd
train/7046,../raw/snow/csd/Train/Snow/7046.tif,../raw/snow/csd/Train/Gt/7046.tif,train,snow,csd
train/7047,../raw/snow/csd/Train/Snow/7047.tif,../raw/snow/csd/Train/Gt/7047.tif,train,snow,csd
train/7048,../raw/snow/csd/Train/Snow/7048.tif,../raw/snow/csd/Train/Gt/7048.tif,train,snow,csd
train/7049,../raw/snow/csd/Train/Snow/7049.tif,../raw/snow/csd/Train/Gt/7049.tif,train,snow,csd
train/705,../raw/snow/csd/Train/Snow/705.tif,../raw/snow/csd/Train/Gt/705.tif,train,snow,csd
train/7050,../raw/snow/csd/Train/Snow/7050.tif,../raw/snow/csd/Train/Gt/7050.tif,train,snow,csd
train/7051,../raw/snow/csd/Train/Snow/7051.tif,../raw/snow/csd/Train/Gt/7051.tif,train,snow,csd
train/7052,../raw/snow/csd/Train/Snow/7052.tif,../raw/snow/csd/Train/Gt/7052.tif,train,snow,csd
train/7053,../raw/snow/csd/Train/Snow/7053.tif,../raw/snow/csd/Train/Gt/7053.tif,train,snow,csd
train/7054,../raw/snow/csd/Train/Snow/7054.tif,../raw/snow/csd/Train/Gt/7054.tif,train,snow,csd
train/7055,../raw/snow/csd/Train/Snow/7055.tif,../raw/snow/csd/Train/Gt/7055.tif,train,snow,csd
train/7056,../raw/snow/csd/Train/Snow/7056.tif,../raw/snow/csd/Train/Gt/7056.tif,train,snow,csd
train/7057,../raw/snow/csd/Train/Snow/7057.tif,../raw/snow/csd/Train/Gt/7057.tif,train,snow,csd
train/7058,../raw/snow/csd/Train/Snow/7058.tif,../raw/snow/csd/Train/Gt/7058.tif,train,snow,csd
train/7059,../raw/snow/csd/Train/Snow/7059.tif,../raw/snow/csd/Train/Gt/7059.tif,train,snow,csd
train/706,../raw/snow/csd/Train/Snow/706.tif,../raw/snow/csd/Train/Gt/706.tif,train,snow,csd
train/7060,../raw/snow/csd/Train/Snow/7060.tif,../raw/snow/csd/Train/Gt/7060.tif,train,snow,csd
train/7061,../raw/snow/csd/Train/Snow/7061.tif,../raw/snow/csd/Train/Gt/7061.tif,train,snow,csd
train/7062,../raw/snow/csd/Train/Snow/7062.tif,../raw/snow/csd/Train/Gt/7062.tif,train,snow,csd
train/7063,../raw/snow/csd/Train/Snow/7063.tif,../raw/snow/csd/Train/Gt/7063.tif,train,snow,csd
train/7064,../raw/snow/csd/Train/Snow/7064.tif,../raw/snow/csd/Train/Gt/7064.tif,train,snow,csd
train/7065,../raw/snow/csd/Train/Snow/7065.tif,../raw/snow/csd/Train/Gt/7065.tif,train,snow,csd
train/7066,../raw/snow/csd/Train/Snow/7066.tif,../raw/snow/csd/Train/Gt/7066.tif,train,snow,csd
train/7067,../raw/snow/csd/Train/Snow/7067.tif,../raw/snow/csd/Train/Gt/7067.tif,train,snow,csd
train/7068,../raw/snow/csd/Train/Snow/7068.tif,../raw/snow/csd/Train/Gt/7068.tif,train,snow,csd
train/7069,../raw/snow/csd/Train/Snow/7069.tif,../raw/snow/csd/Train/Gt/7069.tif,train,snow,csd
train/707,../raw/snow/csd/Train/Snow/707.tif,../raw/snow/csd/Train/Gt/707.tif,train,snow,csd
train/7070,../raw/snow/csd/Train/Snow/7070.tif,../raw/snow/csd/Train/Gt/7070.tif,train,snow,csd
train/7071,../raw/snow/csd/Train/Snow/7071.tif,../raw/snow/csd/Train/Gt/7071.tif,train,snow,csd
train/7072,../raw/snow/csd/Train/Snow/7072.tif,../raw/snow/csd/Train/Gt/7072.tif,train,snow,csd
train/7073,../raw/snow/csd/Train/Snow/7073.tif,../raw/snow/csd/Train/Gt/7073.tif,train,snow,csd
train/7074,../raw/snow/csd/Train/Snow/7074.tif,../raw/snow/csd/Train/Gt/7074.tif,train,snow,csd
train/7075,../raw/snow/csd/Train/Snow/7075.tif,../raw/snow/csd/Train/Gt/7075.tif,val,snow,csd
train/7076,../raw/snow/csd/Train/Snow/7076.tif,../raw/snow/csd/Train/Gt/7076.tif,train,snow,csd
train/7077,../raw/snow/csd/Train/Snow/7077.tif,../raw/snow/csd/Train/Gt/7077.tif,train,snow,csd
train/7078,../raw/snow/csd/Train/Snow/7078.tif,../raw/snow/csd/Train/Gt/7078.tif,train,snow,csd
train/7079,../raw/snow/csd/Train/Snow/7079.tif,../raw/snow/csd/Train/Gt/7079.tif,val,snow,csd
train/708,../raw/snow/csd/Train/Snow/708.tif,../raw/snow/csd/Train/Gt/708.tif,train,snow,csd
train/7080,../raw/snow/csd/Train/Snow/7080.tif,../raw/snow/csd/Train/Gt/7080.tif,train,snow,csd
train/7081,../raw/snow/csd/Train/Snow/7081.tif,../raw/snow/csd/Train/Gt/7081.tif,train,snow,csd
train/7082,../raw/snow/csd/Train/Snow/7082.tif,../raw/snow/csd/Train/Gt/7082.tif,val,snow,csd
train/7083,../raw/snow/csd/Train/Snow/7083.tif,../raw/snow/csd/Train/Gt/7083.tif,train,snow,csd
train/7084,../raw/snow/csd/Train/Snow/7084.tif,../raw/snow/csd/Train/Gt/7084.tif,train,snow,csd
train/7085,../raw/snow/csd/Train/Snow/7085.tif,../raw/snow/csd/Train/Gt/7085.tif,train,snow,csd
train/7086,../raw/snow/csd/Train/Snow/7086.tif,../raw/snow/csd/Train/Gt/7086.tif,train,snow,csd
train/7087,../raw/snow/csd/Train/Snow/7087.tif,../raw/snow/csd/Train/Gt/7087.tif,train,snow,csd
train/7088,../raw/snow/csd/Train/Snow/7088.tif,../raw/snow/csd/Train/Gt/7088.tif,train,snow,csd
train/7089,../raw/snow/csd/Train/Snow/7089.tif,../raw/snow/csd/Train/Gt/7089.tif,train,snow,csd
train/709,../raw/snow/csd/Train/Snow/709.tif,../raw/snow/csd/Train/Gt/709.tif,train,snow,csd
train/7090,../raw/snow/csd/Train/Snow/7090.tif,../raw/snow/csd/Train/Gt/7090.tif,train,snow,csd
train/7091,../raw/snow/csd/Train/Snow/7091.tif,../raw/snow/csd/Train/Gt/7091.tif,train,snow,csd
train/7092,../raw/snow/csd/Train/Snow/7092.tif,../raw/snow/csd/Train/Gt/7092.tif,train,snow,csd
train/7093,../raw/snow/csd/Train/Snow/7093.tif,../raw/snow/csd/Train/Gt/7093.tif,train,snow,csd
train/7094,../raw/snow/csd/Train/Snow/7094.tif,../raw/snow/csd/Train/Gt/7094.tif,train,snow,csd
train/7095,../raw/snow/csd/Train/Snow/7095.tif,../raw/snow/csd/Train/Gt/7095.tif,train,snow,csd
train/7096,../raw/snow/csd/Train/Snow/7096.tif,../raw/snow/csd/Train/Gt/7096.tif,train,snow,csd
train/7097,../raw/snow/csd/Train/Snow/7097.tif,../raw/snow/csd/Train/Gt/7097.tif,train,snow,csd
train/7098,../raw/snow/csd/Train/Snow/7098.tif,../raw/snow/csd/Train/Gt/7098.tif,train,snow,csd
train/7099,../raw/snow/csd/Train/Snow/7099.tif,../raw/snow/csd/Train/Gt/7099.tif,train,snow,csd
train/71,../raw/snow/csd/Train/Snow/71.tif,../raw/snow/csd/Train/Gt/71.tif,train,snow,csd
train/710,../raw/snow/csd/Train/Snow/710.tif,../raw/snow/csd/Train/Gt/710.tif,train,snow,csd
train/7100,../raw/snow/csd/Train/Snow/7100.tif,../raw/snow/csd/Train/Gt/7100.tif,val,snow,csd
train/7101,../raw/snow/csd/Train/Snow/7101.tif,../raw/snow/csd/Train/Gt/7101.tif,train,snow,csd
train/7102,../raw/snow/csd/Train/Snow/7102.tif,../raw/snow/csd/Train/Gt/7102.tif,train,snow,csd
train/7103,../raw/snow/csd/Train/Snow/7103.tif,../raw/snow/csd/Train/Gt/7103.tif,train,snow,csd
train/7104,../raw/snow/csd/Train/Snow/7104.tif,../raw/snow/csd/Train/Gt/7104.tif,train,snow,csd
train/7105,../raw/snow/csd/Train/Snow/7105.tif,../raw/snow/csd/Train/Gt/7105.tif,train,snow,csd
train/7106,../raw/snow/csd/Train/Snow/7106.tif,../raw/snow/csd/Train/Gt/7106.tif,train,snow,csd
train/7107,../raw/snow/csd/Train/Snow/7107.tif,../raw/snow/csd/Train/Gt/7107.tif,train,snow,csd
train/7108,../raw/snow/csd/Train/Snow/7108.tif,../raw/snow/csd/Train/Gt/7108.tif,train,snow,csd
train/7109,../raw/snow/csd/Train/Snow/7109.tif,../raw/snow/csd/Train/Gt/7109.tif,train,snow,csd
train/711,../raw/snow/csd/Train/Snow/711.tif,../raw/snow/csd/Train/Gt/711.tif,train,snow,csd
train/7110,../raw/snow/csd/Train/Snow/7110.tif,../raw/snow/csd/Train/Gt/7110.tif,train,snow,csd
train/7111,../raw/snow/csd/Train/Snow/7111.tif,../raw/snow/csd/Train/Gt/7111.tif,train,snow,csd
train/7112,../raw/snow/csd/Train/Snow/7112.tif,../raw/snow/csd/Train/Gt/7112.tif,train,snow,csd
train/7113,../raw/snow/csd/Train/Snow/7113.tif,../raw/snow/csd/Train/Gt/7113.tif,train,snow,csd
train/7114,../raw/snow/csd/Train/Snow/7114.tif,../raw/snow/csd/Train/Gt/7114.tif,train,snow,csd
train/7115,../raw/snow/csd/Train/Snow/7115.tif,../raw/snow/csd/Train/Gt/7115.tif,train,snow,csd
train/7116,../raw/snow/csd/Train/Snow/7116.tif,../raw/snow/csd/Train/Gt/7116.tif,train,snow,csd
train/7117,../raw/snow/csd/Train/Snow/7117.tif,../raw/snow/csd/Train/Gt/7117.tif,train,snow,csd
train/7118,../raw/snow/csd/Train/Snow/7118.tif,../raw/snow/csd/Train/Gt/7118.tif,train,snow,csd
train/7119,../raw/snow/csd/Train/Snow/7119.tif,../raw/snow/csd/Train/Gt/7119.tif,train,snow,csd
train/712,../raw/snow/csd/Train/Snow/712.tif,../raw/snow/csd/Train/Gt/712.tif,train,snow,csd
train/7120,../raw/snow/csd/Train/Snow/7120.tif,../raw/snow/csd/Train/Gt/7120.tif,train,snow,csd
train/7121,../raw/snow/csd/Train/Snow/7121.tif,../raw/snow/csd/Train/Gt/7121.tif,train,snow,csd
train/7122,../raw/snow/csd/Train/Snow/7122.tif,../raw/snow/csd/Train/Gt/7122.tif,val,snow,csd
train/7123,../raw/snow/csd/Train/Snow/7123.tif,../raw/snow/csd/Train/Gt/7123.tif,train,snow,csd
train/7124,../raw/snow/csd/Train/Snow/7124.tif,../raw/snow/csd/Train/Gt/7124.tif,train,snow,csd
train/7125,../raw/snow/csd/Train/Snow/7125.tif,../raw/snow/csd/Train/Gt/7125.tif,train,snow,csd
train/7126,../raw/snow/csd/Train/Snow/7126.tif,../raw/snow/csd/Train/Gt/7126.tif,train,snow,csd
train/7127,../raw/snow/csd/Train/Snow/7127.tif,../raw/snow/csd/Train/Gt/7127.tif,train,snow,csd
train/7128,../raw/snow/csd/Train/Snow/7128.tif,../raw/snow/csd/Train/Gt/7128.tif,train,snow,csd
train/7129,../raw/snow/csd/Train/Snow/7129.tif,../raw/snow/csd/Train/Gt/7129.tif,train,snow,csd
train/713,../raw/snow/csd/Train/Snow/713.tif,../raw/snow/csd/Train/Gt/713.tif,train,snow,csd
train/7130,../raw/snow/csd/Train/Snow/7130.tif,../raw/snow/csd/Train/Gt/7130.tif,train,snow,csd
train/7131,../raw/snow/csd/Train/Snow/7131.tif,../raw/snow/csd/Train/Gt/7131.tif,train,snow,csd
train/7132,../raw/snow/csd/Train/Snow/7132.tif,../raw/snow/csd/Train/Gt/7132.tif,train,snow,csd
train/7133,../raw/snow/csd/Train/Snow/7133.tif,../raw/snow/csd/Train/Gt/7133.tif,train,snow,csd
train/7134,../raw/snow/csd/Train/Snow/7134.tif,../raw/snow/csd/Train/Gt/7134.tif,train,snow,csd
train/7135,../raw/snow/csd/Train/Snow/7135.tif,../raw/snow/csd/Train/Gt/7135.tif,train,snow,csd
train/7136,../raw/snow/csd/Train/Snow/7136.tif,../raw/snow/csd/Train/Gt/7136.tif,train,snow,csd
train/7137,../raw/snow/csd/Train/Snow/7137.tif,../raw/snow/csd/Train/Gt/7137.tif,train,snow,csd
train/7138,../raw/snow/csd/Train/Snow/7138.tif,../raw/snow/csd/Train/Gt/7138.tif,train,snow,csd
train/7139,../raw/snow/csd/Train/Snow/7139.tif,../raw/snow/csd/Train/Gt/7139.tif,train,snow,csd
train/714,../raw/snow/csd/Train/Snow/714.tif,../raw/snow/csd/Train/Gt/714.tif,train,snow,csd
train/7140,../raw/snow/csd/Train/Snow/7140.tif,../raw/snow/csd/Train/Gt/7140.tif,train,snow,csd
train/7141,../raw/snow/csd/Train/Snow/7141.tif,../raw/snow/csd/Train/Gt/7141.tif,train,snow,csd
train/7142,../raw/snow/csd/Train/Snow/7142.tif,../raw/snow/csd/Train/Gt/7142.tif,train,snow,csd
train/7143,../raw/snow/csd/Train/Snow/7143.tif,../raw/snow/csd/Train/Gt/7143.tif,train,snow,csd
train/7144,../raw/snow/csd/Train/Snow/7144.tif,../raw/snow/csd/Train/Gt/7144.tif,train,snow,csd
train/7145,../raw/snow/csd/Train/Snow/7145.tif,../raw/snow/csd/Train/Gt/7145.tif,val,snow,csd
train/7146,../raw/snow/csd/Train/Snow/7146.tif,../raw/snow/csd/Train/Gt/7146.tif,val,snow,csd
train/7147,../raw/snow/csd/Train/Snow/7147.tif,../raw/snow/csd/Train/Gt/7147.tif,train,snow,csd
train/7148,../raw/snow/csd/Train/Snow/7148.tif,../raw/snow/csd/Train/Gt/7148.tif,train,snow,csd
train/7149,../raw/snow/csd/Train/Snow/7149.tif,../raw/snow/csd/Train/Gt/7149.tif,train,snow,csd
train/715,../raw/snow/csd/Train/Snow/715.tif,../raw/snow/csd/Train/Gt/715.tif,train,snow,csd
train/7150,../raw/snow/csd/Train/Snow/7150.tif,../raw/snow/csd/Train/Gt/7150.tif,val,snow,csd
train/7151,../raw/snow/csd/Train/Snow/7151.tif,../raw/snow/csd/Train/Gt/7151.tif,train,snow,csd
train/7152,../raw/snow/csd/Train/Snow/7152.tif,../raw/snow/csd/Train/Gt/7152.tif,train,snow,csd
train/7153,../raw/snow/csd/Train/Snow/7153.tif,../raw/snow/csd/Train/Gt/7153.tif,train,snow,csd
train/7154,../raw/snow/csd/Train/Snow/7154.tif,../raw/snow/csd/Train/Gt/7154.tif,train,snow,csd
train/7155,../raw/snow/csd/Train/Snow/7155.tif,../raw/snow/csd/Train/Gt/7155.tif,train,snow,csd
train/7156,../raw/snow/csd/Train/Snow/7156.tif,../raw/snow/csd/Train/Gt/7156.tif,train,snow,csd
train/7157,../raw/snow/csd/Train/Snow/7157.tif,../raw/snow/csd/Train/Gt/7157.tif,train,snow,csd
train/7158,../raw/snow/csd/Train/Snow/7158.tif,../raw/snow/csd/Train/Gt/7158.tif,train,snow,csd
train/7159,../raw/snow/csd/Train/Snow/7159.tif,../raw/snow/csd/Train/Gt/7159.tif,val,snow,csd
train/716,../raw/snow/csd/Train/Snow/716.tif,../raw/snow/csd/Train/Gt/716.tif,train,snow,csd
train/7160,../raw/snow/csd/Train/Snow/7160.tif,../raw/snow/csd/Train/Gt/7160.tif,train,snow,csd
train/7161,../raw/snow/csd/Train/Snow/7161.tif,../raw/snow/csd/Train/Gt/7161.tif,train,snow,csd
train/7162,../raw/snow/csd/Train/Snow/7162.tif,../raw/snow/csd/Train/Gt/7162.tif,train,snow,csd
train/7163,../raw/snow/csd/Train/Snow/7163.tif,../raw/snow/csd/Train/Gt/7163.tif,val,snow,csd
train/7164,../raw/snow/csd/Train/Snow/7164.tif,../raw/snow/csd/Train/Gt/7164.tif,train,snow,csd
train/7165,../raw/snow/csd/Train/Snow/7165.tif,../raw/snow/csd/Train/Gt/7165.tif,train,snow,csd
train/7166,../raw/snow/csd/Train/Snow/7166.tif,../raw/snow/csd/Train/Gt/7166.tif,train,snow,csd
train/7167,../raw/snow/csd/Train/Snow/7167.tif,../raw/snow/csd/Train/Gt/7167.tif,train,snow,csd
train/7168,../raw/snow/csd/Train/Snow/7168.tif,../raw/snow/csd/Train/Gt/7168.tif,train,snow,csd
train/7169,../raw/snow/csd/Train/Snow/7169.tif,../raw/snow/csd/Train/Gt/7169.tif,train,snow,csd
train/717,../raw/snow/csd/Train/Snow/717.tif,../raw/snow/csd/Train/Gt/717.tif,train,snow,csd
train/7170,../raw/snow/csd/Train/Snow/7170.tif,../raw/snow/csd/Train/Gt/7170.tif,train,snow,csd
train/7171,../raw/snow/csd/Train/Snow/7171.tif,../raw/snow/csd/Train/Gt/7171.tif,val,snow,csd
train/7172,../raw/snow/csd/Train/Snow/7172.tif,../raw/snow/csd/Train/Gt/7172.tif,train,snow,csd
train/7173,../raw/snow/csd/Train/Snow/7173.tif,../raw/snow/csd/Train/Gt/7173.tif,train,snow,csd
train/7174,../raw/snow/csd/Train/Snow/7174.tif,../raw/snow/csd/Train/Gt/7174.tif,train,snow,csd
train/7175,../raw/snow/csd/Train/Snow/7175.tif,../raw/snow/csd/Train/Gt/7175.tif,train,snow,csd
train/7176,../raw/snow/csd/Train/Snow/7176.tif,../raw/snow/csd/Train/Gt/7176.tif,val,snow,csd
train/7177,../raw/snow/csd/Train/Snow/7177.tif,../raw/snow/csd/Train/Gt/7177.tif,val,snow,csd
train/7178,../raw/snow/csd/Train/Snow/7178.tif,../raw/snow/csd/Train/Gt/7178.tif,train,snow,csd
train/7179,../raw/snow/csd/Train/Snow/7179.tif,../raw/snow/csd/Train/Gt/7179.tif,train,snow,csd
train/718,../raw/snow/csd/Train/Snow/718.tif,../raw/snow/csd/Train/Gt/718.tif,val,snow,csd
train/7180,../raw/snow/csd/Train/Snow/7180.tif,../raw/snow/csd/Train/Gt/7180.tif,train,snow,csd
train/7181,../raw/snow/csd/Train/Snow/7181.tif,../raw/snow/csd/Train/Gt/7181.tif,train,snow,csd
train/7182,../raw/snow/csd/Train/Snow/7182.tif,../raw/snow/csd/Train/Gt/7182.tif,train,snow,csd
train/7183,../raw/snow/csd/Train/Snow/7183.tif,../raw/snow/csd/Train/Gt/7183.tif,train,snow,csd
train/7184,../raw/snow/csd/Train/Snow/7184.tif,../raw/snow/csd/Train/Gt/7184.tif,train,snow,csd
train/7185,../raw/snow/csd/Train/Snow/7185.tif,../raw/snow/csd/Train/Gt/7185.tif,train,snow,csd
train/7186,../raw/snow/csd/Train/Snow/7186.tif,../raw/snow/csd/Train/Gt/7186.tif,train,snow,csd
train/7187,../raw/snow/csd/Train/Snow/7187.tif,../raw/snow/csd/Train/Gt/7187.tif,train,snow,csd
train/7188,../raw/snow/csd/Train/Snow/7188.tif,../raw/snow/csd/Train/Gt/7188.tif,train,snow,csd
train/7189,../raw/snow/csd/Train/Snow/7189.tif,../raw/snow/csd/Train/Gt/7189.tif,train,snow,csd
train/719,../raw/snow/csd/Train/Snow/719.tif,../raw/snow/csd/Train/Gt/719.tif,train,snow,csd
train/7190,../raw/snow/csd/Train/Snow/7190.tif,../raw/snow/csd/Train/Gt/7190.tif,train,snow,csd
train/7191,../raw/snow/csd/Train/Snow/7191.tif,../raw/snow/csd/Train/Gt/7191.tif,train,snow,csd
train/7192,../raw/snow/csd/Train/Snow/7192.tif,../raw/snow/csd/Train/Gt/7192.tif,train,snow,csd
train/7193,../raw/snow/csd/Train/Snow/7193.tif,../raw/snow/csd/Train/Gt/7193.tif,train,snow,csd
train/7194,../raw/snow/csd/Train/Snow/7194.tif,../raw/snow/csd/Train/Gt/7194.tif,train,snow,csd
train/7195,../raw/snow/csd/Train/Snow/7195.tif,../raw/snow/csd/Train/Gt/7195.tif,train,snow,csd
train/7196,../raw/snow/csd/Train/Snow/7196.tif,../raw/snow/csd/Train/Gt/7196.tif,train,snow,csd
train/7197,../raw/snow/csd/Train/Snow/7197.tif,../raw/snow/csd/Train/Gt/7197.tif,train,snow,csd
train/7198,../raw/snow/csd/Train/Snow/7198.tif,../raw/snow/csd/Train/Gt/7198.tif,val,snow,csd
train/7199,../raw/snow/csd/Train/Snow/7199.tif,../raw/snow/csd/Train/Gt/7199.tif,train,snow,csd
train/72,../raw/snow/csd/Train/Snow/72.tif,../raw/snow/csd/Train/Gt/72.tif,train,snow,csd
train/720,../raw/snow/csd/Train/Snow/720.tif,../raw/snow/csd/Train/Gt/720.tif,train,snow,csd
train/7200,../raw/snow/csd/Train/Snow/7200.tif,../raw/snow/csd/Train/Gt/7200.tif,train,snow,csd
train/7201,../raw/snow/csd/Train/Snow/7201.tif,../raw/snow/csd/Train/Gt/7201.tif,train,snow,csd
train/7202,../raw/snow/csd/Train/Snow/7202.tif,../raw/snow/csd/Train/Gt/7202.tif,train,snow,csd
train/7203,../raw/snow/csd/Train/Snow/7203.tif,../raw/snow/csd/Train/Gt/7203.tif,train,snow,csd
train/7204,../raw/snow/csd/Train/Snow/7204.tif,../raw/snow/csd/Train/Gt/7204.tif,train,snow,csd
train/7205,../raw/snow/csd/Train/Snow/7205.tif,../raw/snow/csd/Train/Gt/7205.tif,train,snow,csd
train/7206,../raw/snow/csd/Train/Snow/7206.tif,../raw/snow/csd/Train/Gt/7206.tif,train,snow,csd
train/7207,../raw/snow/csd/Train/Snow/7207.tif,../raw/snow/csd/Train/Gt/7207.tif,train,snow,csd
train/7208,../raw/snow/csd/Train/Snow/7208.tif,../raw/snow/csd/Train/Gt/7208.tif,train,snow,csd
train/7209,../raw/snow/csd/Train/Snow/7209.tif,../raw/snow/csd/Train/Gt/7209.tif,train,snow,csd
train/721,../raw/snow/csd/Train/Snow/721.tif,../raw/snow/csd/Train/Gt/721.tif,train,snow,csd
train/7210,../raw/snow/csd/Train/Snow/7210.tif,../raw/snow/csd/Train/Gt/7210.tif,train,snow,csd
train/7211,../raw/snow/csd/Train/Snow/7211.tif,../raw/snow/csd/Train/Gt/7211.tif,train,snow,csd
train/7212,../raw/snow/csd/Train/Snow/7212.tif,../raw/snow/csd/Train/Gt/7212.tif,train,snow,csd
train/7213,../raw/snow/csd/Train/Snow/7213.tif,../raw/snow/csd/Train/Gt/7213.tif,train,snow,csd
train/7214,../raw/snow/csd/Train/Snow/7214.tif,../raw/snow/csd/Train/Gt/7214.tif,train,snow,csd
train/7215,../raw/snow/csd/Train/Snow/7215.tif,../raw/snow/csd/Train/Gt/7215.tif,train,snow,csd
train/7216,../raw/snow/csd/Train/Snow/7216.tif,../raw/snow/csd/Train/Gt/7216.tif,train,snow,csd
train/7217,../raw/snow/csd/Train/Snow/7217.tif,../raw/snow/csd/Train/Gt/7217.tif,train,snow,csd
train/7218,../raw/snow/csd/Train/Snow/7218.tif,../raw/snow/csd/Train/Gt/7218.tif,train,snow,csd
train/7219,../raw/snow/csd/Train/Snow/7219.tif,../raw/snow/csd/Train/Gt/7219.tif,train,snow,csd
train/722,../raw/snow/csd/Train/Snow/722.tif,../raw/snow/csd/Train/Gt/722.tif,train,snow,csd
train/7220,../raw/snow/csd/Train/Snow/7220.tif,../raw/snow/csd/Train/Gt/7220.tif,train,snow,csd
train/7221,../raw/snow/csd/Train/Snow/7221.tif,../raw/snow/csd/Train/Gt/7221.tif,train,snow,csd
train/7222,../raw/snow/csd/Train/Snow/7222.tif,../raw/snow/csd/Train/Gt/7222.tif,train,snow,csd
train/7223,../raw/snow/csd/Train/Snow/7223.tif,../raw/snow/csd/Train/Gt/7223.tif,train,snow,csd
train/7224,../raw/snow/csd/Train/Snow/7224.tif,../raw/snow/csd/Train/Gt/7224.tif,train,snow,csd
train/7225,../raw/snow/csd/Train/Snow/7225.tif,../raw/snow/csd/Train/Gt/7225.tif,val,snow,csd
train/7226,../raw/snow/csd/Train/Snow/7226.tif,../raw/snow/csd/Train/Gt/7226.tif,train,snow,csd
train/7227,../raw/snow/csd/Train/Snow/7227.tif,../raw/snow/csd/Train/Gt/7227.tif,train,snow,csd
train/7228,../raw/snow/csd/Train/Snow/7228.tif,../raw/snow/csd/Train/Gt/7228.tif,train,snow,csd
train/7229,../raw/snow/csd/Train/Snow/7229.tif,../raw/snow/csd/Train/Gt/7229.tif,train,snow,csd
train/723,../raw/snow/csd/Train/Snow/723.tif,../raw/snow/csd/Train/Gt/723.tif,train,snow,csd
train/7230,../raw/snow/csd/Train/Snow/7230.tif,../raw/snow/csd/Train/Gt/7230.tif,train,snow,csd
train/7231,../raw/snow/csd/Train/Snow/7231.tif,../raw/snow/csd/Train/Gt/7231.tif,train,snow,csd
train/7232,../raw/snow/csd/Train/Snow/7232.tif,../raw/snow/csd/Train/Gt/7232.tif,train,snow,csd
train/7233,../raw/snow/csd/Train/Snow/7233.tif,../raw/snow/csd/Train/Gt/7233.tif,train,snow,csd
train/7234,../raw/snow/csd/Train/Snow/7234.tif,../raw/snow/csd/Train/Gt/7234.tif,val,snow,csd
train/7235,../raw/snow/csd/Train/Snow/7235.tif,../raw/snow/csd/Train/Gt/7235.tif,train,snow,csd
train/7236,../raw/snow/csd/Train/Snow/7236.tif,../raw/snow/csd/Train/Gt/7236.tif,train,snow,csd
train/7237,../raw/snow/csd/Train/Snow/7237.tif,../raw/snow/csd/Train/Gt/7237.tif,train,snow,csd
train/7238,../raw/snow/csd/Train/Snow/7238.tif,../raw/snow/csd/Train/Gt/7238.tif,train,snow,csd
train/7239,../raw/snow/csd/Train/Snow/7239.tif,../raw/snow/csd/Train/Gt/7239.tif,train,snow,csd
train/724,../raw/snow/csd/Train/Snow/724.tif,../raw/snow/csd/Train/Gt/724.tif,val,snow,csd
train/7240,../raw/snow/csd/Train/Snow/7240.tif,../raw/snow/csd/Train/Gt/7240.tif,val,snow,csd
train/7241,../raw/snow/csd/Train/Snow/7241.tif,../raw/snow/csd/Train/Gt/7241.tif,train,snow,csd
train/7242,../raw/snow/csd/Train/Snow/7242.tif,../raw/snow/csd/Train/Gt/7242.tif,train,snow,csd
train/7243,../raw/snow/csd/Train/Snow/7243.tif,../raw/snow/csd/Train/Gt/7243.tif,train,snow,csd
train/7244,../raw/snow/csd/Train/Snow/7244.tif,../raw/snow/csd/Train/Gt/7244.tif,train,snow,csd
train/7245,../raw/snow/csd/Train/Snow/7245.tif,../raw/snow/csd/Train/Gt/7245.tif,train,snow,csd
train/7246,../raw/snow/csd/Train/Snow/7246.tif,../raw/snow/csd/Train/Gt/7246.tif,train,snow,csd
train/7247,../raw/snow/csd/Train/Snow/7247.tif,../raw/snow/csd/Train/Gt/7247.tif,train,snow,csd
train/7248,../raw/snow/csd/Train/Snow/7248.tif,../raw/snow/csd/Train/Gt/7248.tif,train,snow,csd
train/7249,../raw/snow/csd/Train/Snow/7249.tif,../raw/snow/csd/Train/Gt/7249.tif,train,snow,csd
train/725,../raw/snow/csd/Train/Snow/725.tif,../raw/snow/csd/Train/Gt/725.tif,train,snow,csd
train/7250,../raw/snow/csd/Train/Snow/7250.tif,../raw/snow/csd/Train/Gt/7250.tif,train,snow,csd
train/7251,../raw/snow/csd/Train/Snow/7251.tif,../raw/snow/csd/Train/Gt/7251.tif,train,snow,csd
train/7252,../raw/snow/csd/Train/Snow/7252.tif,../raw/snow/csd/Train/Gt/7252.tif,train,snow,csd
train/7253,../raw/snow/csd/Train/Snow/7253.tif,../raw/snow/csd/Train/Gt/7253.tif,train,snow,csd
train/7254,../raw/snow/csd/Train/Snow/7254.tif,../raw/snow/csd/Train/Gt/7254.tif,train,snow,csd
train/7255,../raw/snow/csd/Train/Snow/7255.tif,../raw/snow/csd/Train/Gt/7255.tif,train,snow,csd
train/7256,../raw/snow/csd/Train/Snow/7256.tif,../raw/snow/csd/Train/Gt/7256.tif,train,snow,csd
train/7257,../raw/snow/csd/Train/Snow/7257.tif,../raw/snow/csd/Train/Gt/7257.tif,train,snow,csd
train/7258,../raw/snow/csd/Train/Snow/7258.tif,../raw/snow/csd/Train/Gt/7258.tif,train,snow,csd
train/7259,../raw/snow/csd/Train/Snow/7259.tif,../raw/snow/csd/Train/Gt/7259.tif,train,snow,csd
train/726,../raw/snow/csd/Train/Snow/726.tif,../raw/snow/csd/Train/Gt/726.tif,train,snow,csd
train/7260,../raw/snow/csd/Train/Snow/7260.tif,../raw/snow/csd/Train/Gt/7260.tif,train,snow,csd
train/7261,../raw/snow/csd/Train/Snow/7261.tif,../raw/snow/csd/Train/Gt/7261.tif,val,snow,csd
train/7262,../raw/snow/csd/Train/Snow/7262.tif,../raw/snow/csd/Train/Gt/7262.tif,train,snow,csd
train/7263,../raw/snow/csd/Train/Snow/7263.tif,../raw/snow/csd/Train/Gt/7263.tif,train,snow,csd
train/7264,../raw/snow/csd/Train/Snow/7264.tif,../raw/snow/csd/Train/Gt/7264.tif,train,snow,csd
train/7265,../raw/snow/csd/Train/Snow/7265.tif,../raw/snow/csd/Train/Gt/7265.tif,train,snow,csd
train/7266,../raw/snow/csd/Train/Snow/7266.tif,../raw/snow/csd/Train/Gt/7266.tif,train,snow,csd
train/7267,../raw/snow/csd/Train/Snow/7267.tif,../raw/snow/csd/Train/Gt/7267.tif,train,snow,csd
train/7268,../raw/snow/csd/Train/Snow/7268.tif,../raw/snow/csd/Train/Gt/7268.tif,val,snow,csd
train/7269,../raw/snow/csd/Train/Snow/7269.tif,../raw/snow/csd/Train/Gt/7269.tif,train,snow,csd
train/727,../raw/snow/csd/Train/Snow/727.tif,../raw/snow/csd/Train/Gt/727.tif,train,snow,csd
train/7270,../raw/snow/csd/Train/Snow/7270.tif,../raw/snow/csd/Train/Gt/7270.tif,train,snow,csd
train/7271,../raw/snow/csd/Train/Snow/7271.tif,../raw/snow/csd/Train/Gt/7271.tif,train,snow,csd
train/7272,../raw/snow/csd/Train/Snow/7272.tif,../raw/snow/csd/Train/Gt/7272.tif,val,snow,csd
train/7273,../raw/snow/csd/Train/Snow/7273.tif,../raw/snow/csd/Train/Gt/7273.tif,train,snow,csd
train/7274,../raw/snow/csd/Train/Snow/7274.tif,../raw/snow/csd/Train/Gt/7274.tif,train,snow,csd
train/7275,../raw/snow/csd/Train/Snow/7275.tif,../raw/snow/csd/Train/Gt/7275.tif,train,snow,csd
train/7276,../raw/snow/csd/Train/Snow/7276.tif,../raw/snow/csd/Train/Gt/7276.tif,train,snow,csd
train/7277,../raw/snow/csd/Train/Snow/7277.tif,../raw/snow/csd/Train/Gt/7277.tif,train,snow,csd
train/7278,../raw/snow/csd/Train/Snow/7278.tif,../raw/snow/csd/Train/Gt/7278.tif,train,snow,csd
train/7279,../raw/snow/csd/Train/Snow/7279.tif,../raw/snow/csd/Train/Gt/7279.tif,train,snow,csd
train/728,../raw/snow/csd/Train/Snow/728.tif,../raw/snow/csd/Train/Gt/728.tif,train,snow,csd
train/7280,../raw/snow/csd/Train/Snow/7280.tif,../raw/snow/csd/Train/Gt/7280.tif,train,snow,csd
train/7281,../raw/snow/csd/Train/Snow/7281.tif,../raw/snow/csd/Train/Gt/7281.tif,train,snow,csd
train/7282,../raw/snow/csd/Train/Snow/7282.tif,../raw/snow/csd/Train/Gt/7282.tif,train,snow,csd
train/7283,../raw/snow/csd/Train/Snow/7283.tif,../raw/snow/csd/Train/Gt/7283.tif,train,snow,csd
train/7284,../raw/snow/csd/Train/Snow/7284.tif,../raw/snow/csd/Train/Gt/7284.tif,train,snow,csd
train/7285,../raw/snow/csd/Train/Snow/7285.tif,../raw/snow/csd/Train/Gt/7285.tif,train,snow,csd
train/7286,../raw/snow/csd/Train/Snow/7286.tif,../raw/snow/csd/Train/Gt/7286.tif,train,snow,csd
train/7287,../raw/snow/csd/Train/Snow/7287.tif,../raw/snow/csd/Train/Gt/7287.tif,val,snow,csd
train/7288,../raw/snow/csd/Train/Snow/7288.tif,../raw/snow/csd/Train/Gt/7288.tif,train,snow,csd
train/7289,../raw/snow/csd/Train/Snow/7289.tif,../raw/snow/csd/Train/Gt/7289.tif,train,snow,csd
train/729,../raw/snow/csd/Train/Snow/729.tif,../raw/snow/csd/Train/Gt/729.tif,train,snow,csd
train/7290,../raw/snow/csd/Train/Snow/7290.tif,../raw/snow/csd/Train/Gt/7290.tif,train,snow,csd
train/7291,../raw/snow/csd/Train/Snow/7291.tif,../raw/snow/csd/Train/Gt/7291.tif,train,snow,csd
train/7292,../raw/snow/csd/Train/Snow/7292.tif,../raw/snow/csd/Train/Gt/7292.tif,train,snow,csd
train/7293,../raw/snow/csd/Train/Snow/7293.tif,../raw/snow/csd/Train/Gt/7293.tif,train,snow,csd
train/7294,../raw/snow/csd/Train/Snow/7294.tif,../raw/snow/csd/Train/Gt/7294.tif,train,snow,csd
train/7295,../raw/snow/csd/Train/Snow/7295.tif,../raw/snow/csd/Train/Gt/7295.tif,train,snow,csd
train/7296,../raw/snow/csd/Train/Snow/7296.tif,../raw/snow/csd/Train/Gt/7296.tif,train,snow,csd
train/7297,../raw/snow/csd/Train/Snow/7297.tif,../raw/snow/csd/Train/Gt/7297.tif,train,snow,csd
train/7298,../raw/snow/csd/Train/Snow/7298.tif,../raw/snow/csd/Train/Gt/7298.tif,train,snow,csd
train/7299,../raw/snow/csd/Train/Snow/7299.tif,../raw/snow/csd/Train/Gt/7299.tif,val,snow,csd
train/73,../raw/snow/csd/Train/Snow/73.tif,../raw/snow/csd/Train/Gt/73.tif,train,snow,csd
train/730,../raw/snow/csd/Train/Snow/730.tif,../raw/snow/csd/Train/Gt/730.tif,train,snow,csd
train/7300,../raw/snow/csd/Train/Snow/7300.tif,../raw/snow/csd/Train/Gt/7300.tif,train,snow,csd
train/7301,../raw/snow/csd/Train/Snow/7301.tif,../raw/snow/csd/Train/Gt/7301.tif,train,snow,csd
train/7302,../raw/snow/csd/Train/Snow/7302.tif,../raw/snow/csd/Train/Gt/7302.tif,train,snow,csd
train/7303,../raw/snow/csd/Train/Snow/7303.tif,../raw/snow/csd/Train/Gt/7303.tif,train,snow,csd
train/7304,../raw/snow/csd/Train/Snow/7304.tif,../raw/snow/csd/Train/Gt/7304.tif,train,snow,csd
train/7305,../raw/snow/csd/Train/Snow/7305.tif,../raw/snow/csd/Train/Gt/7305.tif,train,snow,csd
train/7306,../raw/snow/csd/Train/Snow/7306.tif,../raw/snow/csd/Train/Gt/7306.tif,train,snow,csd
train/7307,../raw/snow/csd/Train/Snow/7307.tif,../raw/snow/csd/Train/Gt/7307.tif,train,snow,csd
train/7308,../raw/snow/csd/Train/Snow/7308.tif,../raw/snow/csd/Train/Gt/7308.tif,train,snow,csd
train/7309,../raw/snow/csd/Train/Snow/7309.tif,../raw/snow/csd/Train/Gt/7309.tif,train,snow,csd
train/731,../raw/snow/csd/Train/Snow/731.tif,../raw/snow/csd/Train/Gt/731.tif,train,snow,csd
train/7310,../raw/snow/csd/Train/Snow/7310.tif,../raw/snow/csd/Train/Gt/7310.tif,train,snow,csd
train/7311,../raw/snow/csd/Train/Snow/7311.tif,../raw/snow/csd/Train/Gt/7311.tif,train,snow,csd
train/7312,../raw/snow/csd/Train/Snow/7312.tif,../raw/snow/csd/Train/Gt/7312.tif,train,snow,csd
train/7313,../raw/snow/csd/Train/Snow/7313.tif,../raw/snow/csd/Train/Gt/7313.tif,val,snow,csd
train/7314,../raw/snow/csd/Train/Snow/7314.tif,../raw/snow/csd/Train/Gt/7314.tif,train,snow,csd
train/7315,../raw/snow/csd/Train/Snow/7315.tif,../raw/snow/csd/Train/Gt/7315.tif,train,snow,csd
train/7316,../raw/snow/csd/Train/Snow/7316.tif,../raw/snow/csd/Train/Gt/7316.tif,train,snow,csd
train/7317,../raw/snow/csd/Train/Snow/7317.tif,../raw/snow/csd/Train/Gt/7317.tif,train,snow,csd
train/7318,../raw/snow/csd/Train/Snow/7318.tif,../raw/snow/csd/Train/Gt/7318.tif,val,snow,csd
train/7319,../raw/snow/csd/Train/Snow/7319.tif,../raw/snow/csd/Train/Gt/7319.tif,train,snow,csd
train/732,../raw/snow/csd/Train/Snow/732.tif,../raw/snow/csd/Train/Gt/732.tif,train,snow,csd
train/7320,../raw/snow/csd/Train/Snow/7320.tif,../raw/snow/csd/Train/Gt/7320.tif,train,snow,csd
train/7321,../raw/snow/csd/Train/Snow/7321.tif,../raw/snow/csd/Train/Gt/7321.tif,train,snow,csd
train/7322,../raw/snow/csd/Train/Snow/7322.tif,../raw/snow/csd/Train/Gt/7322.tif,train,snow,csd
train/7323,../raw/snow/csd/Train/Snow/7323.tif,../raw/snow/csd/Train/Gt/7323.tif,train,snow,csd
train/7324,../raw/snow/csd/Train/Snow/7324.tif,../raw/snow/csd/Train/Gt/7324.tif,train,snow,csd
train/7325,../raw/snow/csd/Train/Snow/7325.tif,../raw/snow/csd/Train/Gt/7325.tif,train,snow,csd
train/7326,../raw/snow/csd/Train/Snow/7326.tif,../raw/snow/csd/Train/Gt/7326.tif,val,snow,csd
train/7327,../raw/snow/csd/Train/Snow/7327.tif,../raw/snow/csd/Train/Gt/7327.tif,train,snow,csd
train/7328,../raw/snow/csd/Train/Snow/7328.tif,../raw/snow/csd/Train/Gt/7328.tif,train,snow,csd
train/7329,../raw/snow/csd/Train/Snow/7329.tif,../raw/snow/csd/Train/Gt/7329.tif,train,snow,csd
train/733,../raw/snow/csd/Train/Snow/733.tif,../raw/snow/csd/Train/Gt/733.tif,train,snow,csd
train/7330,../raw/snow/csd/Train/Snow/7330.tif,../raw/snow/csd/Train/Gt/7330.tif,train,snow,csd
train/7331,../raw/snow/csd/Train/Snow/7331.tif,../raw/snow/csd/Train/Gt/7331.tif,train,snow,csd
train/7332,../raw/snow/csd/Train/Snow/7332.tif,../raw/snow/csd/Train/Gt/7332.tif,train,snow,csd
train/7333,../raw/snow/csd/Train/Snow/7333.tif,../raw/snow/csd/Train/Gt/7333.tif,val,snow,csd
train/7334,../raw/snow/csd/Train/Snow/7334.tif,../raw/snow/csd/Train/Gt/7334.tif,train,snow,csd
train/7335,../raw/snow/csd/Train/Snow/7335.tif,../raw/snow/csd/Train/Gt/7335.tif,train,snow,csd
train/7336,../raw/snow/csd/Train/Snow/7336.tif,../raw/snow/csd/Train/Gt/7336.tif,train,snow,csd
train/7337,../raw/snow/csd/Train/Snow/7337.tif,../raw/snow/csd/Train/Gt/7337.tif,train,snow,csd
train/7338,../raw/snow/csd/Train/Snow/7338.tif,../raw/snow/csd/Train/Gt/7338.tif,train,snow,csd
train/7339,../raw/snow/csd/Train/Snow/7339.tif,../raw/snow/csd/Train/Gt/7339.tif,val,snow,csd
train/734,../raw/snow/csd/Train/Snow/734.tif,../raw/snow/csd/Train/Gt/734.tif,train,snow,csd
train/7340,../raw/snow/csd/Train/Snow/7340.tif,../raw/snow/csd/Train/Gt/7340.tif,train,snow,csd
train/7341,../raw/snow/csd/Train/Snow/7341.tif,../raw/snow/csd/Train/Gt/7341.tif,train,snow,csd
train/7342,../raw/snow/csd/Train/Snow/7342.tif,../raw/snow/csd/Train/Gt/7342.tif,train,snow,csd
train/7343,../raw/snow/csd/Train/Snow/7343.tif,../raw/snow/csd/Train/Gt/7343.tif,train,snow,csd
train/7344,../raw/snow/csd/Train/Snow/7344.tif,../raw/snow/csd/Train/Gt/7344.tif,train,snow,csd
train/7345,../raw/snow/csd/Train/Snow/7345.tif,../raw/snow/csd/Train/Gt/7345.tif,train,snow,csd
train/7346,../raw/snow/csd/Train/Snow/7346.tif,../raw/snow/csd/Train/Gt/7346.tif,val,snow,csd
train/7347,../raw/snow/csd/Train/Snow/7347.tif,../raw/snow/csd/Train/Gt/7347.tif,train,snow,csd
train/7348,../raw/snow/csd/Train/Snow/7348.tif,../raw/snow/csd/Train/Gt/7348.tif,val,snow,csd
train/7349,../raw/snow/csd/Train/Snow/7349.tif,../raw/snow/csd/Train/Gt/7349.tif,train,snow,csd
train/735,../raw/snow/csd/Train/Snow/735.tif,../raw/snow/csd/Train/Gt/735.tif,train,snow,csd
train/7350,../raw/snow/csd/Train/Snow/7350.tif,../raw/snow/csd/Train/Gt/7350.tif,train,snow,csd
train/7351,../raw/snow/csd/Train/Snow/7351.tif,../raw/snow/csd/Train/Gt/7351.tif,train,snow,csd
train/7352,../raw/snow/csd/Train/Snow/7352.tif,../raw/snow/csd/Train/Gt/7352.tif,train,snow,csd
train/7353,../raw/snow/csd/Train/Snow/7353.tif,../raw/snow/csd/Train/Gt/7353.tif,train,snow,csd
train/7354,../raw/snow/csd/Train/Snow/7354.tif,../raw/snow/csd/Train/Gt/7354.tif,train,snow,csd
train/7355,../raw/snow/csd/Train/Snow/7355.tif,../raw/snow/csd/Train/Gt/7355.tif,train,snow,csd
train/7356,../raw/snow/csd/Train/Snow/7356.tif,../raw/snow/csd/Train/Gt/7356.tif,train,snow,csd
train/7357,../raw/snow/csd/Train/Snow/7357.tif,../raw/snow/csd/Train/Gt/7357.tif,train,snow,csd
train/7358,../raw/snow/csd/Train/Snow/7358.tif,../raw/snow/csd/Train/Gt/7358.tif,train,snow,csd
train/7359,../raw/snow/csd/Train/Snow/7359.tif,../raw/snow/csd/Train/Gt/7359.tif,val,snow,csd
train/736,../raw/snow/csd/Train/Snow/736.tif,../raw/snow/csd/Train/Gt/736.tif,train,snow,csd
train/7360,../raw/snow/csd/Train/Snow/7360.tif,../raw/snow/csd/Train/Gt/7360.tif,train,snow,csd
train/7361,../raw/snow/csd/Train/Snow/7361.tif,../raw/snow/csd/Train/Gt/7361.tif,train,snow,csd
train/7362,../raw/snow/csd/Train/Snow/7362.tif,../raw/snow/csd/Train/Gt/7362.tif,train,snow,csd
train/7363,../raw/snow/csd/Train/Snow/7363.tif,../raw/snow/csd/Train/Gt/7363.tif,train,snow,csd
train/7364,../raw/snow/csd/Train/Snow/7364.tif,../raw/snow/csd/Train/Gt/7364.tif,val,snow,csd
train/7365,../raw/snow/csd/Train/Snow/7365.tif,../raw/snow/csd/Train/Gt/7365.tif,train,snow,csd
train/7366,../raw/snow/csd/Train/Snow/7366.tif,../raw/snow/csd/Train/Gt/7366.tif,train,snow,csd
train/7367,../raw/snow/csd/Train/Snow/7367.tif,../raw/snow/csd/Train/Gt/7367.tif,train,snow,csd
train/7368,../raw/snow/csd/Train/Snow/7368.tif,../raw/snow/csd/Train/Gt/7368.tif,train,snow,csd
train/7369,../raw/snow/csd/Train/Snow/7369.tif,../raw/snow/csd/Train/Gt/7369.tif,train,snow,csd
train/737,../raw/snow/csd/Train/Snow/737.tif,../raw/snow/csd/Train/Gt/737.tif,train,snow,csd
train/7370,../raw/snow/csd/Train/Snow/7370.tif,../raw/snow/csd/Train/Gt/7370.tif,train,snow,csd
train/7371,../raw/snow/csd/Train/Snow/7371.tif,../raw/snow/csd/Train/Gt/7371.tif,train,snow,csd
train/7372,../raw/snow/csd/Train/Snow/7372.tif,../raw/snow/csd/Train/Gt/7372.tif,train,snow,csd
train/7373,../raw/snow/csd/Train/Snow/7373.tif,../raw/snow/csd/Train/Gt/7373.tif,train,snow,csd
train/7374,../raw/snow/csd/Train/Snow/7374.tif,../raw/snow/csd/Train/Gt/7374.tif,train,snow,csd
train/7375,../raw/snow/csd/Train/Snow/7375.tif,../raw/snow/csd/Train/Gt/7375.tif,val,snow,csd
train/7376,../raw/snow/csd/Train/Snow/7376.tif,../raw/snow/csd/Train/Gt/7376.tif,train,snow,csd
train/7377,../raw/snow/csd/Train/Snow/7377.tif,../raw/snow/csd/Train/Gt/7377.tif,train,snow,csd
train/7378,../raw/snow/csd/Train/Snow/7378.tif,../raw/snow/csd/Train/Gt/7378.tif,train,snow,csd
train/7379,../raw/snow/csd/Train/Snow/7379.tif,../raw/snow/csd/Train/Gt/7379.tif,train,snow,csd
train/738,../raw/snow/csd/Train/Snow/738.tif,../raw/snow/csd/Train/Gt/738.tif,train,snow,csd
train/7380,../raw/snow/csd/Train/Snow/7380.tif,../raw/snow/csd/Train/Gt/7380.tif,train,snow,csd
train/7381,../raw/snow/csd/Train/Snow/7381.tif,../raw/snow/csd/Train/Gt/7381.tif,val,snow,csd
train/7382,../raw/snow/csd/Train/Snow/7382.tif,../raw/snow/csd/Train/Gt/7382.tif,train,snow,csd
train/7383,../raw/snow/csd/Train/Snow/7383.tif,../raw/snow/csd/Train/Gt/7383.tif,train,snow,csd
train/7384,../raw/snow/csd/Train/Snow/7384.tif,../raw/snow/csd/Train/Gt/7384.tif,train,snow,csd
train/7385,../raw/snow/csd/Train/Snow/7385.tif,../raw/snow/csd/Train/Gt/7385.tif,train,snow,csd
train/7386,../raw/snow/csd/Train/Snow/7386.tif,../raw/snow/csd/Train/Gt/7386.tif,train,snow,csd
train/7387,../raw/snow/csd/Train/Snow/7387.tif,../raw/snow/csd/Train/Gt/7387.tif,train,snow,csd
train/7388,../raw/snow/csd/Train/Snow/7388.tif,../raw/snow/csd/Train/Gt/7388.tif,train,snow,csd
train/7389,../raw/snow/csd/Train/Snow/7389.tif,../raw/snow/csd/Train/Gt/7389.tif,train,snow,csd
train/739,../raw/snow/csd/Train/Snow/739.tif,../raw/snow/csd/Train/Gt/739.tif,train,snow,csd
train/7390,../raw/snow/csd/Train/Snow/7390.tif,../raw/snow/csd/Train/Gt/7390.tif,val,snow,csd
train/7391,../raw/snow/csd/Train/Snow/7391.tif,../raw/snow/csd/Train/Gt/7391.tif,train,snow,csd
train/7392,../raw/snow/csd/Train/Snow/7392.tif,../raw/snow/csd/Train/Gt/7392.tif,train,snow,csd
train/7393,../raw/snow/csd/Train/Snow/7393.tif,../raw/snow/csd/Train/Gt/7393.tif,train,snow,csd
train/7394,../raw/snow/csd/Train/Snow/7394.tif,../raw/snow/csd/Train/Gt/7394.tif,train,snow,csd
train/7395,../raw/snow/csd/Train/Snow/7395.tif,../raw/snow/csd/Train/Gt/7395.tif,train,snow,csd
train/7396,../raw/snow/csd/Train/Snow/7396.tif,../raw/snow/csd/Train/Gt/7396.tif,train,snow,csd
train/7397,../raw/snow/csd/Train/Snow/7397.tif,../raw/snow/csd/Train/Gt/7397.tif,train,snow,csd
train/7398,../raw/snow/csd/Train/Snow/7398.tif,../raw/snow/csd/Train/Gt/7398.tif,train,snow,csd
train/7399,../raw/snow/csd/Train/Snow/7399.tif,../raw/snow/csd/Train/Gt/7399.tif,train,snow,csd
train/74,../raw/snow/csd/Train/Snow/74.tif,../raw/snow/csd/Train/Gt/74.tif,train,snow,csd
train/740,../raw/snow/csd/Train/Snow/740.tif,../raw/snow/csd/Train/Gt/740.tif,train,snow,csd
train/7400,../raw/snow/csd/Train/Snow/7400.tif,../raw/snow/csd/Train/Gt/7400.tif,train,snow,csd
train/7401,../raw/snow/csd/Train/Snow/7401.tif,../raw/snow/csd/Train/Gt/7401.tif,train,snow,csd
train/7402,../raw/snow/csd/Train/Snow/7402.tif,../raw/snow/csd/Train/Gt/7402.tif,train,snow,csd
train/7403,../raw/snow/csd/Train/Snow/7403.tif,../raw/snow/csd/Train/Gt/7403.tif,train,snow,csd
train/7404,../raw/snow/csd/Train/Snow/7404.tif,../raw/snow/csd/Train/Gt/7404.tif,train,snow,csd
train/7405,../raw/snow/csd/Train/Snow/7405.tif,../raw/snow/csd/Train/Gt/7405.tif,train,snow,csd
train/7406,../raw/snow/csd/Train/Snow/7406.tif,../raw/snow/csd/Train/Gt/7406.tif,train,snow,csd
train/7407,../raw/snow/csd/Train/Snow/7407.tif,../raw/snow/csd/Train/Gt/7407.tif,val,snow,csd
train/7408,../raw/snow/csd/Train/Snow/7408.tif,../raw/snow/csd/Train/Gt/7408.tif,train,snow,csd
train/7409,../raw/snow/csd/Train/Snow/7409.tif,../raw/snow/csd/Train/Gt/7409.tif,train,snow,csd
train/741,../raw/snow/csd/Train/Snow/741.tif,../raw/snow/csd/Train/Gt/741.tif,train,snow,csd
train/7410,../raw/snow/csd/Train/Snow/7410.tif,../raw/snow/csd/Train/Gt/7410.tif,train,snow,csd
train/7411,../raw/snow/csd/Train/Snow/7411.tif,../raw/snow/csd/Train/Gt/7411.tif,train,snow,csd
train/7412,../raw/snow/csd/Train/Snow/7412.tif,../raw/snow/csd/Train/Gt/7412.tif,train,snow,csd
train/7413,../raw/snow/csd/Train/Snow/7413.tif,../raw/snow/csd/Train/Gt/7413.tif,train,snow,csd
train/7414,../raw/snow/csd/Train/Snow/7414.tif,../raw/snow/csd/Train/Gt/7414.tif,train,snow,csd
train/7415,../raw/snow/csd/Train/Snow/7415.tif,../raw/snow/csd/Train/Gt/7415.tif,val,snow,csd
train/7416,../raw/snow/csd/Train/Snow/7416.tif,../raw/snow/csd/Train/Gt/7416.tif,train,snow,csd
train/7417,../raw/snow/csd/Train/Snow/7417.tif,../raw/snow/csd/Train/Gt/7417.tif,train,snow,csd
train/7418,../raw/snow/csd/Train/Snow/7418.tif,../raw/snow/csd/Train/Gt/7418.tif,val,snow,csd
train/7419,../raw/snow/csd/Train/Snow/7419.tif,../raw/snow/csd/Train/Gt/7419.tif,train,snow,csd
train/742,../raw/snow/csd/Train/Snow/742.tif,../raw/snow/csd/Train/Gt/742.tif,train,snow,csd
train/7420,../raw/snow/csd/Train/Snow/7420.tif,../raw/snow/csd/Train/Gt/7420.tif,train,snow,csd
train/7421,../raw/snow/csd/Train/Snow/7421.tif,../raw/snow/csd/Train/Gt/7421.tif,train,snow,csd
train/7422,../raw/snow/csd/Train/Snow/7422.tif,../raw/snow/csd/Train/Gt/7422.tif,train,snow,csd
train/7423,../raw/snow/csd/Train/Snow/7423.tif,../raw/snow/csd/Train/Gt/7423.tif,train,snow,csd
train/7424,../raw/snow/csd/Train/Snow/7424.tif,../raw/snow/csd/Train/Gt/7424.tif,train,snow,csd
train/7425,../raw/snow/csd/Train/Snow/7425.tif,../raw/snow/csd/Train/Gt/7425.tif,train,snow,csd
train/7426,../raw/snow/csd/Train/Snow/7426.tif,../raw/snow/csd/Train/Gt/7426.tif,train,snow,csd
train/7427,../raw/snow/csd/Train/Snow/7427.tif,../raw/snow/csd/Train/Gt/7427.tif,train,snow,csd
train/7428,../raw/snow/csd/Train/Snow/7428.tif,../raw/snow/csd/Train/Gt/7428.tif,train,snow,csd
train/7429,../raw/snow/csd/Train/Snow/7429.tif,../raw/snow/csd/Train/Gt/7429.tif,train,snow,csd
train/743,../raw/snow/csd/Train/Snow/743.tif,../raw/snow/csd/Train/Gt/743.tif,train,snow,csd
train/7430,../raw/snow/csd/Train/Snow/7430.tif,../raw/snow/csd/Train/Gt/7430.tif,train,snow,csd
train/7431,../raw/snow/csd/Train/Snow/7431.tif,../raw/snow/csd/Train/Gt/7431.tif,train,snow,csd
train/7432,../raw/snow/csd/Train/Snow/7432.tif,../raw/snow/csd/Train/Gt/7432.tif,train,snow,csd
train/7433,../raw/snow/csd/Train/Snow/7433.tif,../raw/snow/csd/Train/Gt/7433.tif,train,snow,csd
train/7434,../raw/snow/csd/Train/Snow/7434.tif,../raw/snow/csd/Train/Gt/7434.tif,train,snow,csd
train/7435,../raw/snow/csd/Train/Snow/7435.tif,../raw/snow/csd/Train/Gt/7435.tif,train,snow,csd
train/7436,../raw/snow/csd/Train/Snow/7436.tif,../raw/snow/csd/Train/Gt/7436.tif,train,snow,csd
train/7437,../raw/snow/csd/Train/Snow/7437.tif,../raw/snow/csd/Train/Gt/7437.tif,train,snow,csd
train/7438,../raw/snow/csd/Train/Snow/7438.tif,../raw/snow/csd/Train/Gt/7438.tif,val,snow,csd
train/7439,../raw/snow/csd/Train/Snow/7439.tif,../raw/snow/csd/Train/Gt/7439.tif,train,snow,csd
train/744,../raw/snow/csd/Train/Snow/744.tif,../raw/snow/csd/Train/Gt/744.tif,train,snow,csd
train/7440,../raw/snow/csd/Train/Snow/7440.tif,../raw/snow/csd/Train/Gt/7440.tif,train,snow,csd
train/7441,../raw/snow/csd/Train/Snow/7441.tif,../raw/snow/csd/Train/Gt/7441.tif,train,snow,csd
train/7442,../raw/snow/csd/Train/Snow/7442.tif,../raw/snow/csd/Train/Gt/7442.tif,train,snow,csd
train/7443,../raw/snow/csd/Train/Snow/7443.tif,../raw/snow/csd/Train/Gt/7443.tif,train,snow,csd
train/7444,../raw/snow/csd/Train/Snow/7444.tif,../raw/snow/csd/Train/Gt/7444.tif,train,snow,csd
train/7445,../raw/snow/csd/Train/Snow/7445.tif,../raw/snow/csd/Train/Gt/7445.tif,train,snow,csd
train/7446,../raw/snow/csd/Train/Snow/7446.tif,../raw/snow/csd/Train/Gt/7446.tif,train,snow,csd
train/7447,../raw/snow/csd/Train/Snow/7447.tif,../raw/snow/csd/Train/Gt/7447.tif,train,snow,csd
train/7448,../raw/snow/csd/Train/Snow/7448.tif,../raw/snow/csd/Train/Gt/7448.tif,train,snow,csd
train/7449,../raw/snow/csd/Train/Snow/7449.tif,../raw/snow/csd/Train/Gt/7449.tif,train,snow,csd
train/745,../raw/snow/csd/Train/Snow/745.tif,../raw/snow/csd/Train/Gt/745.tif,train,snow,csd
train/7450,../raw/snow/csd/Train/Snow/7450.tif,../raw/snow/csd/Train/Gt/7450.tif,train,snow,csd
train/7451,../raw/snow/csd/Train/Snow/7451.tif,../raw/snow/csd/Train/Gt/7451.tif,train,snow,csd
train/7452,../raw/snow/csd/Train/Snow/7452.tif,../raw/snow/csd/Train/Gt/7452.tif,train,snow,csd
train/7453,../raw/snow/csd/Train/Snow/7453.tif,../raw/snow/csd/Train/Gt/7453.tif,train,snow,csd
train/7454,../raw/snow/csd/Train/Snow/7454.tif,../raw/snow/csd/Train/Gt/7454.tif,train,snow,csd
train/7455,../raw/snow/csd/Train/Snow/7455.tif,../raw/snow/csd/Train/Gt/7455.tif,train,snow,csd
train/7456,../raw/snow/csd/Train/Snow/7456.tif,../raw/snow/csd/Train/Gt/7456.tif,train,snow,csd
train/7457,../raw/snow/csd/Train/Snow/7457.tif,../raw/snow/csd/Train/Gt/7457.tif,train,snow,csd
train/7458,../raw/snow/csd/Train/Snow/7458.tif,../raw/snow/csd/Train/Gt/7458.tif,val,snow,csd
train/7459,../raw/snow/csd/Train/Snow/7459.tif,../raw/snow/csd/Train/Gt/7459.tif,train,snow,csd
train/746,../raw/snow/csd/Train/Snow/746.tif,../raw/snow/csd/Train/Gt/746.tif,train,snow,csd
train/7460,../raw/snow/csd/Train/Snow/7460.tif,../raw/snow/csd/Train/Gt/7460.tif,train,snow,csd
train/7461,../raw/snow/csd/Train/Snow/7461.tif,../raw/snow/csd/Train/Gt/7461.tif,train,snow,csd
train/7462,../raw/snow/csd/Train/Snow/7462.tif,../raw/snow/csd/Train/Gt/7462.tif,train,snow,csd
train/7463,../raw/snow/csd/Train/Snow/7463.tif,../raw/snow/csd/Train/Gt/7463.tif,train,snow,csd
train/7464,../raw/snow/csd/Train/Snow/7464.tif,../raw/snow/csd/Train/Gt/7464.tif,train,snow,csd
train/7465,../raw/snow/csd/Train/Snow/7465.tif,../raw/snow/csd/Train/Gt/7465.tif,val,snow,csd
train/7466,../raw/snow/csd/Train/Snow/7466.tif,../raw/snow/csd/Train/Gt/7466.tif,train,snow,csd
train/7467,../raw/snow/csd/Train/Snow/7467.tif,../raw/snow/csd/Train/Gt/7467.tif,train,snow,csd
train/7468,../raw/snow/csd/Train/Snow/7468.tif,../raw/snow/csd/Train/Gt/7468.tif,train,snow,csd
train/7469,../raw/snow/csd/Train/Snow/7469.tif,../raw/snow/csd/Train/Gt/7469.tif,train,snow,csd
train/747,../raw/snow/csd/Train/Snow/747.tif,../raw/snow/csd/Train/Gt/747.tif,val,snow,csd
train/7470,../raw/snow/csd/Train/Snow/7470.tif,../raw/snow/csd/Train/Gt/7470.tif,val,snow,csd
train/7471,../raw/snow/csd/Train/Snow/7471.tif,../raw/snow/csd/Train/Gt/7471.tif,val,snow,csd
train/7472,../raw/snow/csd/Train/Snow/7472.tif,../raw/snow/csd/Train/Gt/7472.tif,train,snow,csd
train/7473,../raw/snow/csd/Train/Snow/7473.tif,../raw/snow/csd/Train/Gt/7473.tif,train,snow,csd
train/7474,../raw/snow/csd/Train/Snow/7474.tif,../raw/snow/csd/Train/Gt/7474.tif,train,snow,csd
train/7475,../raw/snow/csd/Train/Snow/7475.tif,../raw/snow/csd/Train/Gt/7475.tif,train,snow,csd
train/7476,../raw/snow/csd/Train/Snow/7476.tif,../raw/snow/csd/Train/Gt/7476.tif,train,snow,csd
train/7477,../raw/snow/csd/Train/Snow/7477.tif,../raw/snow/csd/Train/Gt/7477.tif,train,snow,csd
train/7478,../raw/snow/csd/Train/Snow/7478.tif,../raw/snow/csd/Train/Gt/7478.tif,train,snow,csd
train/7479,../raw/snow/csd/Train/Snow/7479.tif,../raw/snow/csd/Train/Gt/7479.tif,train,snow,csd
train/748,../raw/snow/csd/Train/Snow/748.tif,../raw/snow/csd/Train/Gt/748.tif,val,snow,csd
train/7480,../raw/snow/csd/Train/Snow/7480.tif,../raw/snow/csd/Train/Gt/7480.tif,train,snow,csd
train/7481,../raw/snow/csd/Train/Snow/7481.tif,../raw/snow/csd/Train/Gt/7481.tif,train,snow,csd
train/7482,../raw/snow/csd/Train/Snow/7482.tif,../raw/snow/csd/Train/Gt/7482.tif,train,snow,csd
train/7483,../raw/snow/csd/Train/Snow/7483.tif,../raw/snow/csd/Train/Gt/7483.tif,train,snow,csd
train/7484,../raw/snow/csd/Train/Snow/7484.tif,../raw/snow/csd/Train/Gt/7484.tif,train,snow,csd
train/7485,../raw/snow/csd/Train/Snow/7485.tif,../raw/snow/csd/Train/Gt/7485.tif,val,snow,csd
train/7486,../raw/snow/csd/Train/Snow/7486.tif,../raw/snow/csd/Train/Gt/7486.tif,train,snow,csd
train/7487,../raw/snow/csd/Train/Snow/7487.tif,../raw/snow/csd/Train/Gt/7487.tif,val,snow,csd
train/7488,../raw/snow/csd/Train/Snow/7488.tif,../raw/snow/csd/Train/Gt/7488.tif,train,snow,csd
train/7489,../raw/snow/csd/Train/Snow/7489.tif,../raw/snow/csd/Train/Gt/7489.tif,train,snow,csd
train/749,../raw/snow/csd/Train/Snow/749.tif,../raw/snow/csd/Train/Gt/749.tif,train,snow,csd
train/7490,../raw/snow/csd/Train/Snow/7490.tif,../raw/snow/csd/Train/Gt/7490.tif,train,snow,csd
train/7491,../raw/snow/csd/Train/Snow/7491.tif,../raw/snow/csd/Train/Gt/7491.tif,train,snow,csd
train/7492,../raw/snow/csd/Train/Snow/7492.tif,../raw/snow/csd/Train/Gt/7492.tif,train,snow,csd
train/7493,../raw/snow/csd/Train/Snow/7493.tif,../raw/snow/csd/Train/Gt/7493.tif,train,snow,csd
train/7494,../raw/snow/csd/Train/Snow/7494.tif,../raw/snow/csd/Train/Gt/7494.tif,train,snow,csd
train/7495,../raw/snow/csd/Train/Snow/7495.tif,../raw/snow/csd/Train/Gt/7495.tif,train,snow,csd
train/7496,../raw/snow/csd/Train/Snow/7496.tif,../raw/snow/csd/Train/Gt/7496.tif,train,snow,csd
train/7497,../raw/snow/csd/Train/Snow/7497.tif,../raw/snow/csd/Train/Gt/7497.tif,train,snow,csd
train/7498,../raw/snow/csd/Train/Snow/7498.tif,../raw/snow/csd/Train/Gt/7498.tif,train,snow,csd
train/7499,../raw/snow/csd/Train/Snow/7499.tif,../raw/snow/csd/Train/Gt/7499.tif,train,snow,csd
train/75,../raw/snow/csd/Train/Snow/75.tif,../raw/snow/csd/Train/Gt/75.tif,train,snow,csd
train/750,../raw/snow/csd/Train/Snow/750.tif,../raw/snow/csd/Train/Gt/750.tif,train,snow,csd
train/7500,../raw/snow/csd/Train/Snow/7500.tif,../raw/snow/csd/Train/Gt/7500.tif,train,snow,csd
train/7501,../raw/snow/csd/Train/Snow/7501.tif,../raw/snow/csd/Train/Gt/7501.tif,train,snow,csd
train/7502,../raw/snow/csd/Train/Snow/7502.tif,../raw/snow/csd/Train/Gt/7502.tif,train,snow,csd
train/7503,../raw/snow/csd/Train/Snow/7503.tif,../raw/snow/csd/Train/Gt/7503.tif,train,snow,csd
train/7504,../raw/snow/csd/Train/Snow/7504.tif,../raw/snow/csd/Train/Gt/7504.tif,train,snow,csd
train/7505,../raw/snow/csd/Train/Snow/7505.tif,../raw/snow/csd/Train/Gt/7505.tif,train,snow,csd
train/7506,../raw/snow/csd/Train/Snow/7506.tif,../raw/snow/csd/Train/Gt/7506.tif,train,snow,csd
train/7507,../raw/snow/csd/Train/Snow/7507.tif,../raw/snow/csd/Train/Gt/7507.tif,train,snow,csd
train/7508,../raw/snow/csd/Train/Snow/7508.tif,../raw/snow/csd/Train/Gt/7508.tif,train,snow,csd
train/7509,../raw/snow/csd/Train/Snow/7509.tif,../raw/snow/csd/Train/Gt/7509.tif,val,snow,csd
train/751,../raw/snow/csd/Train/Snow/751.tif,../raw/snow/csd/Train/Gt/751.tif,train,snow,csd
train/7510,../raw/snow/csd/Train/Snow/7510.tif,../raw/snow/csd/Train/Gt/7510.tif,train,snow,csd
train/7511,../raw/snow/csd/Train/Snow/7511.tif,../raw/snow/csd/Train/Gt/7511.tif,train,snow,csd
train/7512,../raw/snow/csd/Train/Snow/7512.tif,../raw/snow/csd/Train/Gt/7512.tif,train,snow,csd
train/7513,../raw/snow/csd/Train/Snow/7513.tif,../raw/snow/csd/Train/Gt/7513.tif,train,snow,csd
train/7514,../raw/snow/csd/Train/Snow/7514.tif,../raw/snow/csd/Train/Gt/7514.tif,val,snow,csd
train/7515,../raw/snow/csd/Train/Snow/7515.tif,../raw/snow/csd/Train/Gt/7515.tif,train,snow,csd
train/7516,../raw/snow/csd/Train/Snow/7516.tif,../raw/snow/csd/Train/Gt/7516.tif,train,snow,csd
train/7517,../raw/snow/csd/Train/Snow/7517.tif,../raw/snow/csd/Train/Gt/7517.tif,train,snow,csd
train/7518,../raw/snow/csd/Train/Snow/7518.tif,../raw/snow/csd/Train/Gt/7518.tif,train,snow,csd
train/7519,../raw/snow/csd/Train/Snow/7519.tif,../raw/snow/csd/Train/Gt/7519.tif,train,snow,csd
train/752,../raw/snow/csd/Train/Snow/752.tif,../raw/snow/csd/Train/Gt/752.tif,train,snow,csd
train/7520,../raw/snow/csd/Train/Snow/7520.tif,../raw/snow/csd/Train/Gt/7520.tif,train,snow,csd
train/7521,../raw/snow/csd/Train/Snow/7521.tif,../raw/snow/csd/Train/Gt/7521.tif,train,snow,csd
train/7522,../raw/snow/csd/Train/Snow/7522.tif,../raw/snow/csd/Train/Gt/7522.tif,train,snow,csd
train/7523,../raw/snow/csd/Train/Snow/7523.tif,../raw/snow/csd/Train/Gt/7523.tif,val,snow,csd
train/7524,../raw/snow/csd/Train/Snow/7524.tif,../raw/snow/csd/Train/Gt/7524.tif,train,snow,csd
train/7525,../raw/snow/csd/Train/Snow/7525.tif,../raw/snow/csd/Train/Gt/7525.tif,train,snow,csd
train/7526,../raw/snow/csd/Train/Snow/7526.tif,../raw/snow/csd/Train/Gt/7526.tif,val,snow,csd
train/7527,../raw/snow/csd/Train/Snow/7527.tif,../raw/snow/csd/Train/Gt/7527.tif,train,snow,csd
train/7528,../raw/snow/csd/Train/Snow/7528.tif,../raw/snow/csd/Train/Gt/7528.tif,train,snow,csd
train/7529,../raw/snow/csd/Train/Snow/7529.tif,../raw/snow/csd/Train/Gt/7529.tif,train,snow,csd
train/753,../raw/snow/csd/Train/Snow/753.tif,../raw/snow/csd/Train/Gt/753.tif,train,snow,csd
train/7530,../raw/snow/csd/Train/Snow/7530.tif,../raw/snow/csd/Train/Gt/7530.tif,train,snow,csd
train/7531,../raw/snow/csd/Train/Snow/7531.tif,../raw/snow/csd/Train/Gt/7531.tif,train,snow,csd
train/7532,../raw/snow/csd/Train/Snow/7532.tif,../raw/snow/csd/Train/Gt/7532.tif,train,snow,csd
train/7533,../raw/snow/csd/Train/Snow/7533.tif,../raw/snow/csd/Train/Gt/7533.tif,train,snow,csd
train/7534,../raw/snow/csd/Train/Snow/7534.tif,../raw/snow/csd/Train/Gt/7534.tif,train,snow,csd
train/7535,../raw/snow/csd/Train/Snow/7535.tif,../raw/snow/csd/Train/Gt/7535.tif,train,snow,csd
train/7536,../raw/snow/csd/Train/Snow/7536.tif,../raw/snow/csd/Train/Gt/7536.tif,train,snow,csd
train/7537,../raw/snow/csd/Train/Snow/7537.tif,../raw/snow/csd/Train/Gt/7537.tif,train,snow,csd
train/7538,../raw/snow/csd/Train/Snow/7538.tif,../raw/snow/csd/Train/Gt/7538.tif,train,snow,csd
train/7539,../raw/snow/csd/Train/Snow/7539.tif,../raw/snow/csd/Train/Gt/7539.tif,train,snow,csd
train/754,../raw/snow/csd/Train/Snow/754.tif,../raw/snow/csd/Train/Gt/754.tif,train,snow,csd
train/7540,../raw/snow/csd/Train/Snow/7540.tif,../raw/snow/csd/Train/Gt/7540.tif,train,snow,csd
train/7541,../raw/snow/csd/Train/Snow/7541.tif,../raw/snow/csd/Train/Gt/7541.tif,val,snow,csd
train/7542,../raw/snow/csd/Train/Snow/7542.tif,../raw/snow/csd/Train/Gt/7542.tif,train,snow,csd
train/7543,../raw/snow/csd/Train/Snow/7543.tif,../raw/snow/csd/Train/Gt/7543.tif,train,snow,csd
train/7544,../raw/snow/csd/Train/Snow/7544.tif,../raw/snow/csd/Train/Gt/7544.tif,train,snow,csd
train/7545,../raw/snow/csd/Train/Snow/7545.tif,../raw/snow/csd/Train/Gt/7545.tif,train,snow,csd
train/7546,../raw/snow/csd/Train/Snow/7546.tif,../raw/snow/csd/Train/Gt/7546.tif,train,snow,csd
train/7547,../raw/snow/csd/Train/Snow/7547.tif,../raw/snow/csd/Train/Gt/7547.tif,val,snow,csd
train/7548,../raw/snow/csd/Train/Snow/7548.tif,../raw/snow/csd/Train/Gt/7548.tif,train,snow,csd
train/7549,../raw/snow/csd/Train/Snow/7549.tif,../raw/snow/csd/Train/Gt/7549.tif,train,snow,csd
train/755,../raw/snow/csd/Train/Snow/755.tif,../raw/snow/csd/Train/Gt/755.tif,train,snow,csd
train/7550,../raw/snow/csd/Train/Snow/7550.tif,../raw/snow/csd/Train/Gt/7550.tif,train,snow,csd
train/7551,../raw/snow/csd/Train/Snow/7551.tif,../raw/snow/csd/Train/Gt/7551.tif,train,snow,csd
train/7552,../raw/snow/csd/Train/Snow/7552.tif,../raw/snow/csd/Train/Gt/7552.tif,train,snow,csd
train/7553,../raw/snow/csd/Train/Snow/7553.tif,../raw/snow/csd/Train/Gt/7553.tif,train,snow,csd
train/7554,../raw/snow/csd/Train/Snow/7554.tif,../raw/snow/csd/Train/Gt/7554.tif,train,snow,csd
train/7555,../raw/snow/csd/Train/Snow/7555.tif,../raw/snow/csd/Train/Gt/7555.tif,val,snow,csd
train/7556,../raw/snow/csd/Train/Snow/7556.tif,../raw/snow/csd/Train/Gt/7556.tif,train,snow,csd
train/7557,../raw/snow/csd/Train/Snow/7557.tif,../raw/snow/csd/Train/Gt/7557.tif,train,snow,csd
train/7558,../raw/snow/csd/Train/Snow/7558.tif,../raw/snow/csd/Train/Gt/7558.tif,train,snow,csd
train/7559,../raw/snow/csd/Train/Snow/7559.tif,../raw/snow/csd/Train/Gt/7559.tif,train,snow,csd
train/756,../raw/snow/csd/Train/Snow/756.tif,../raw/snow/csd/Train/Gt/756.tif,train,snow,csd
train/7560,../raw/snow/csd/Train/Snow/7560.tif,../raw/snow/csd/Train/Gt/7560.tif,train,snow,csd
train/7561,../raw/snow/csd/Train/Snow/7561.tif,../raw/snow/csd/Train/Gt/7561.tif,train,snow,csd
train/7562,../raw/snow/csd/Train/Snow/7562.tif,../raw/snow/csd/Train/Gt/7562.tif,train,snow,csd
train/7563,../raw/snow/csd/Train/Snow/7563.tif,../raw/snow/csd/Train/Gt/7563.tif,train,snow,csd
train/7564,../raw/snow/csd/Train/Snow/7564.tif,../raw/snow/csd/Train/Gt/7564.tif,train,snow,csd
train/7565,../raw/snow/csd/Train/Snow/7565.tif,../raw/snow/csd/Train/Gt/7565.tif,train,snow,csd
train/7566,../raw/snow/csd/Train/Snow/7566.tif,../raw/snow/csd/Train/Gt/7566.tif,train,snow,csd
train/7567,../raw/snow/csd/Train/Snow/7567.tif,../raw/snow/csd/Train/Gt/7567.tif,train,snow,csd
train/7568,../raw/snow/csd/Train/Snow/7568.tif,../raw/snow/csd/Train/Gt/7568.tif,train,snow,csd
train/7569,../raw/snow/csd/Train/Snow/7569.tif,../raw/snow/csd/Train/Gt/7569.tif,train,snow,csd
train/757,../raw/snow/csd/Train/Snow/757.tif,../raw/snow/csd/Train/Gt/757.tif,train,snow,csd
train/7570,../raw/snow/csd/Train/Snow/7570.tif,../raw/snow/csd/Train/Gt/7570.tif,train,snow,csd
train/7571,../raw/snow/csd/Train/Snow/7571.tif,../raw/snow/csd/Train/Gt/7571.tif,train,snow,csd
train/7572,../raw/snow/csd/Train/Snow/7572.tif,../raw/snow/csd/Train/Gt/7572.tif,train,snow,csd
train/7573,../raw/snow/csd/Train/Snow/7573.tif,../raw/snow/csd/Train/Gt/7573.tif,train,snow,csd
train/7574,../raw/snow/csd/Train/Snow/7574.tif,../raw/snow/csd/Train/Gt/7574.tif,train,snow,csd
train/7575,../raw/snow/csd/Train/Snow/7575.tif,../raw/snow/csd/Train/Gt/7575.tif,train,snow,csd
train/7576,../raw/snow/csd/Train/Snow/7576.tif,../raw/snow/csd/Train/Gt/7576.tif,train,snow,csd
train/7577,../raw/snow/csd/Train/Snow/7577.tif,../raw/snow/csd/Train/Gt/7577.tif,train,snow,csd
train/7578,../raw/snow/csd/Train/Snow/7578.tif,../raw/snow/csd/Train/Gt/7578.tif,train,snow,csd
train/7579,../raw/snow/csd/Train/Snow/7579.tif,../raw/snow/csd/Train/Gt/7579.tif,train,snow,csd
train/758,../raw/snow/csd/Train/Snow/758.tif,../raw/snow/csd/Train/Gt/758.tif,train,snow,csd
train/7580,../raw/snow/csd/Train/Snow/7580.tif,../raw/snow/csd/Train/Gt/7580.tif,train,snow,csd
train/7581,../raw/snow/csd/Train/Snow/7581.tif,../raw/snow/csd/Train/Gt/7581.tif,train,snow,csd
train/7582,../raw/snow/csd/Train/Snow/7582.tif,../raw/snow/csd/Train/Gt/7582.tif,train,snow,csd
train/7583,../raw/snow/csd/Train/Snow/7583.tif,../raw/snow/csd/Train/Gt/7583.tif,train,snow,csd
train/7584,../raw/snow/csd/Train/Snow/7584.tif,../raw/snow/csd/Train/Gt/7584.tif,train,snow,csd
train/7585,../raw/snow/csd/Train/Snow/7585.tif,../raw/snow/csd/Train/Gt/7585.tif,train,snow,csd
train/7586,../raw/snow/csd/Train/Snow/7586.tif,../raw/snow/csd/Train/Gt/7586.tif,train,snow,csd
train/7587,../raw/snow/csd/Train/Snow/7587.tif,../raw/snow/csd/Train/Gt/7587.tif,train,snow,csd
train/7588,../raw/snow/csd/Train/Snow/7588.tif,../raw/snow/csd/Train/Gt/7588.tif,train,snow,csd
train/7589,../raw/snow/csd/Train/Snow/7589.tif,../raw/snow/csd/Train/Gt/7589.tif,train,snow,csd
train/759,../raw/snow/csd/Train/Snow/759.tif,../raw/snow/csd/Train/Gt/759.tif,train,snow,csd
train/7590,../raw/snow/csd/Train/Snow/7590.tif,../raw/snow/csd/Train/Gt/7590.tif,train,snow,csd
train/7591,../raw/snow/csd/Train/Snow/7591.tif,../raw/snow/csd/Train/Gt/7591.tif,train,snow,csd
train/7592,../raw/snow/csd/Train/Snow/7592.tif,../raw/snow/csd/Train/Gt/7592.tif,val,snow,csd
train/7593,../raw/snow/csd/Train/Snow/7593.tif,../raw/snow/csd/Train/Gt/7593.tif,train,snow,csd
train/7594,../raw/snow/csd/Train/Snow/7594.tif,../raw/snow/csd/Train/Gt/7594.tif,train,snow,csd
train/7595,../raw/snow/csd/Train/Snow/7595.tif,../raw/snow/csd/Train/Gt/7595.tif,train,snow,csd
train/7596,../raw/snow/csd/Train/Snow/7596.tif,../raw/snow/csd/Train/Gt/7596.tif,train,snow,csd
train/7597,../raw/snow/csd/Train/Snow/7597.tif,../raw/snow/csd/Train/Gt/7597.tif,train,snow,csd
train/7598,../raw/snow/csd/Train/Snow/7598.tif,../raw/snow/csd/Train/Gt/7598.tif,train,snow,csd
train/7599,../raw/snow/csd/Train/Snow/7599.tif,../raw/snow/csd/Train/Gt/7599.tif,train,snow,csd
train/76,../raw/snow/csd/Train/Snow/76.tif,../raw/snow/csd/Train/Gt/76.tif,train,snow,csd
train/760,../raw/snow/csd/Train/Snow/760.tif,../raw/snow/csd/Train/Gt/760.tif,val,snow,csd
train/7600,../raw/snow/csd/Train/Snow/7600.tif,../raw/snow/csd/Train/Gt/7600.tif,train,snow,csd
train/7601,../raw/snow/csd/Train/Snow/7601.tif,../raw/snow/csd/Train/Gt/7601.tif,train,snow,csd
train/7602,../raw/snow/csd/Train/Snow/7602.tif,../raw/snow/csd/Train/Gt/7602.tif,train,snow,csd
train/7603,../raw/snow/csd/Train/Snow/7603.tif,../raw/snow/csd/Train/Gt/7603.tif,train,snow,csd
train/7604,../raw/snow/csd/Train/Snow/7604.tif,../raw/snow/csd/Train/Gt/7604.tif,val,snow,csd
train/7605,../raw/snow/csd/Train/Snow/7605.tif,../raw/snow/csd/Train/Gt/7605.tif,train,snow,csd
train/7606,../raw/snow/csd/Train/Snow/7606.tif,../raw/snow/csd/Train/Gt/7606.tif,train,snow,csd
train/7607,../raw/snow/csd/Train/Snow/7607.tif,../raw/snow/csd/Train/Gt/7607.tif,train,snow,csd
train/7608,../raw/snow/csd/Train/Snow/7608.tif,../raw/snow/csd/Train/Gt/7608.tif,train,snow,csd
train/7609,../raw/snow/csd/Train/Snow/7609.tif,../raw/snow/csd/Train/Gt/7609.tif,train,snow,csd
train/761,../raw/snow/csd/Train/Snow/761.tif,../raw/snow/csd/Train/Gt/761.tif,train,snow,csd
train/7610,../raw/snow/csd/Train/Snow/7610.tif,../raw/snow/csd/Train/Gt/7610.tif,train,snow,csd
train/7611,../raw/snow/csd/Train/Snow/7611.tif,../raw/snow/csd/Train/Gt/7611.tif,train,snow,csd
train/7612,../raw/snow/csd/Train/Snow/7612.tif,../raw/snow/csd/Train/Gt/7612.tif,train,snow,csd
train/7613,../raw/snow/csd/Train/Snow/7613.tif,../raw/snow/csd/Train/Gt/7613.tif,train,snow,csd
train/7614,../raw/snow/csd/Train/Snow/7614.tif,../raw/snow/csd/Train/Gt/7614.tif,train,snow,csd
train/7615,../raw/snow/csd/Train/Snow/7615.tif,../raw/snow/csd/Train/Gt/7615.tif,val,snow,csd
train/7616,../raw/snow/csd/Train/Snow/7616.tif,../raw/snow/csd/Train/Gt/7616.tif,train,snow,csd
train/7617,../raw/snow/csd/Train/Snow/7617.tif,../raw/snow/csd/Train/Gt/7617.tif,train,snow,csd
train/7618,../raw/snow/csd/Train/Snow/7618.tif,../raw/snow/csd/Train/Gt/7618.tif,train,snow,csd
train/7619,../raw/snow/csd/Train/Snow/7619.tif,../raw/snow/csd/Train/Gt/7619.tif,train,snow,csd
train/762,../raw/snow/csd/Train/Snow/762.tif,../raw/snow/csd/Train/Gt/762.tif,train,snow,csd
train/7620,../raw/snow/csd/Train/Snow/7620.tif,../raw/snow/csd/Train/Gt/7620.tif,train,snow,csd
train/7621,../raw/snow/csd/Train/Snow/7621.tif,../raw/snow/csd/Train/Gt/7621.tif,train,snow,csd
train/7622,../raw/snow/csd/Train/Snow/7622.tif,../raw/snow/csd/Train/Gt/7622.tif,val,snow,csd
train/7623,../raw/snow/csd/Train/Snow/7623.tif,../raw/snow/csd/Train/Gt/7623.tif,train,snow,csd
train/7624,../raw/snow/csd/Train/Snow/7624.tif,../raw/snow/csd/Train/Gt/7624.tif,val,snow,csd
train/7625,../raw/snow/csd/Train/Snow/7625.tif,../raw/snow/csd/Train/Gt/7625.tif,train,snow,csd
train/7626,../raw/snow/csd/Train/Snow/7626.tif,../raw/snow/csd/Train/Gt/7626.tif,val,snow,csd
train/7627,../raw/snow/csd/Train/Snow/7627.tif,../raw/snow/csd/Train/Gt/7627.tif,train,snow,csd
train/7628,../raw/snow/csd/Train/Snow/7628.tif,../raw/snow/csd/Train/Gt/7628.tif,train,snow,csd
train/7629,../raw/snow/csd/Train/Snow/7629.tif,../raw/snow/csd/Train/Gt/7629.tif,val,snow,csd
train/763,../raw/snow/csd/Train/Snow/763.tif,../raw/snow/csd/Train/Gt/763.tif,train,snow,csd
train/7630,../raw/snow/csd/Train/Snow/7630.tif,../raw/snow/csd/Train/Gt/7630.tif,train,snow,csd
train/7631,../raw/snow/csd/Train/Snow/7631.tif,../raw/snow/csd/Train/Gt/7631.tif,train,snow,csd
train/7632,../raw/snow/csd/Train/Snow/7632.tif,../raw/snow/csd/Train/Gt/7632.tif,train,snow,csd
train/7633,../raw/snow/csd/Train/Snow/7633.tif,../raw/snow/csd/Train/Gt/7633.tif,train,snow,csd
train/7634,../raw/snow/csd/Train/Snow/7634.tif,../raw/snow/csd/Train/Gt/7634.tif,train,snow,csd
train/7635,../raw/snow/csd/Train/Snow/7635.tif,../raw/snow/csd/Train/Gt/7635.tif,train,snow,csd
train/7636,../raw/snow/csd/Train/Snow/7636.tif,../raw/snow/csd/Train/Gt/7636.tif,train,snow,csd
train/7637,../raw/snow/csd/Train/Snow/7637.tif,../raw/snow/csd/Train/Gt/7637.tif,train,snow,csd
train/7638,../raw/snow/csd/Train/Snow/7638.tif,../raw/snow/csd/Train/Gt/7638.tif,train,snow,csd
train/7639,../raw/snow/csd/Train/Snow/7639.tif,../raw/snow/csd/Train/Gt/7639.tif,train,snow,csd
train/764,../raw/snow/csd/Train/Snow/764.tif,../raw/snow/csd/Train/Gt/764.tif,train,snow,csd
train/7640,../raw/snow/csd/Train/Snow/7640.tif,../raw/snow/csd/Train/Gt/7640.tif,val,snow,csd
train/7641,../raw/snow/csd/Train/Snow/7641.tif,../raw/snow/csd/Train/Gt/7641.tif,train,snow,csd
train/7642,../raw/snow/csd/Train/Snow/7642.tif,../raw/snow/csd/Train/Gt/7642.tif,val,snow,csd
train/7643,../raw/snow/csd/Train/Snow/7643.tif,../raw/snow/csd/Train/Gt/7643.tif,train,snow,csd
train/7644,../raw/snow/csd/Train/Snow/7644.tif,../raw/snow/csd/Train/Gt/7644.tif,train,snow,csd
train/7645,../raw/snow/csd/Train/Snow/7645.tif,../raw/snow/csd/Train/Gt/7645.tif,train,snow,csd
train/7646,../raw/snow/csd/Train/Snow/7646.tif,../raw/snow/csd/Train/Gt/7646.tif,train,snow,csd
train/7647,../raw/snow/csd/Train/Snow/7647.tif,../raw/snow/csd/Train/Gt/7647.tif,train,snow,csd
train/7648,../raw/snow/csd/Train/Snow/7648.tif,../raw/snow/csd/Train/Gt/7648.tif,train,snow,csd
train/7649,../raw/snow/csd/Train/Snow/7649.tif,../raw/snow/csd/Train/Gt/7649.tif,train,snow,csd
train/765,../raw/snow/csd/Train/Snow/765.tif,../raw/snow/csd/Train/Gt/765.tif,train,snow,csd
train/7650,../raw/snow/csd/Train/Snow/7650.tif,../raw/snow/csd/Train/Gt/7650.tif,train,snow,csd
train/7651,../raw/snow/csd/Train/Snow/7651.tif,../raw/snow/csd/Train/Gt/7651.tif,train,snow,csd
train/7652,../raw/snow/csd/Train/Snow/7652.tif,../raw/snow/csd/Train/Gt/7652.tif,train,snow,csd
train/7653,../raw/snow/csd/Train/Snow/7653.tif,../raw/snow/csd/Train/Gt/7653.tif,train,snow,csd
train/7654,../raw/snow/csd/Train/Snow/7654.tif,../raw/snow/csd/Train/Gt/7654.tif,train,snow,csd
train/7655,../raw/snow/csd/Train/Snow/7655.tif,../raw/snow/csd/Train/Gt/7655.tif,val,snow,csd
train/7656,../raw/snow/csd/Train/Snow/7656.tif,../raw/snow/csd/Train/Gt/7656.tif,train,snow,csd
train/7657,../raw/snow/csd/Train/Snow/7657.tif,../raw/snow/csd/Train/Gt/7657.tif,train,snow,csd
train/7658,../raw/snow/csd/Train/Snow/7658.tif,../raw/snow/csd/Train/Gt/7658.tif,train,snow,csd
train/7659,../raw/snow/csd/Train/Snow/7659.tif,../raw/snow/csd/Train/Gt/7659.tif,train,snow,csd
train/766,../raw/snow/csd/Train/Snow/766.tif,../raw/snow/csd/Train/Gt/766.tif,train,snow,csd
train/7660,../raw/snow/csd/Train/Snow/7660.tif,../raw/snow/csd/Train/Gt/7660.tif,train,snow,csd
train/7661,../raw/snow/csd/Train/Snow/7661.tif,../raw/snow/csd/Train/Gt/7661.tif,train,snow,csd
train/7662,../raw/snow/csd/Train/Snow/7662.tif,../raw/snow/csd/Train/Gt/7662.tif,train,snow,csd
train/7663,../raw/snow/csd/Train/Snow/7663.tif,../raw/snow/csd/Train/Gt/7663.tif,train,snow,csd
train/7664,../raw/snow/csd/Train/Snow/7664.tif,../raw/snow/csd/Train/Gt/7664.tif,train,snow,csd
train/7665,../raw/snow/csd/Train/Snow/7665.tif,../raw/snow/csd/Train/Gt/7665.tif,train,snow,csd
train/7666,../raw/snow/csd/Train/Snow/7666.tif,../raw/snow/csd/Train/Gt/7666.tif,train,snow,csd
train/7667,../raw/snow/csd/Train/Snow/7667.tif,../raw/snow/csd/Train/Gt/7667.tif,train,snow,csd
train/7668,../raw/snow/csd/Train/Snow/7668.tif,../raw/snow/csd/Train/Gt/7668.tif,train,snow,csd
train/7669,../raw/snow/csd/Train/Snow/7669.tif,../raw/snow/csd/Train/Gt/7669.tif,train,snow,csd
train/767,../raw/snow/csd/Train/Snow/767.tif,../raw/snow/csd/Train/Gt/767.tif,train,snow,csd
train/7670,../raw/snow/csd/Train/Snow/7670.tif,../raw/snow/csd/Train/Gt/7670.tif,train,snow,csd
train/7671,../raw/snow/csd/Train/Snow/7671.tif,../raw/snow/csd/Train/Gt/7671.tif,train,snow,csd
train/7672,../raw/snow/csd/Train/Snow/7672.tif,../raw/snow/csd/Train/Gt/7672.tif,train,snow,csd
train/7673,../raw/snow/csd/Train/Snow/7673.tif,../raw/snow/csd/Train/Gt/7673.tif,train,snow,csd
train/7674,../raw/snow/csd/Train/Snow/7674.tif,../raw/snow/csd/Train/Gt/7674.tif,train,snow,csd
train/7675,../raw/snow/csd/Train/Snow/7675.tif,../raw/snow/csd/Train/Gt/7675.tif,train,snow,csd
train/7676,../raw/snow/csd/Train/Snow/7676.tif,../raw/snow/csd/Train/Gt/7676.tif,train,snow,csd
train/7677,../raw/snow/csd/Train/Snow/7677.tif,../raw/snow/csd/Train/Gt/7677.tif,train,snow,csd
train/7678,../raw/snow/csd/Train/Snow/7678.tif,../raw/snow/csd/Train/Gt/7678.tif,train,snow,csd
train/7679,../raw/snow/csd/Train/Snow/7679.tif,../raw/snow/csd/Train/Gt/7679.tif,train,snow,csd
train/768,../raw/snow/csd/Train/Snow/768.tif,../raw/snow/csd/Train/Gt/768.tif,train,snow,csd
train/7680,../raw/snow/csd/Train/Snow/7680.tif,../raw/snow/csd/Train/Gt/7680.tif,train,snow,csd
train/7681,../raw/snow/csd/Train/Snow/7681.tif,../raw/snow/csd/Train/Gt/7681.tif,train,snow,csd
train/7682,../raw/snow/csd/Train/Snow/7682.tif,../raw/snow/csd/Train/Gt/7682.tif,train,snow,csd
train/7683,../raw/snow/csd/Train/Snow/7683.tif,../raw/snow/csd/Train/Gt/7683.tif,val,snow,csd
train/7684,../raw/snow/csd/Train/Snow/7684.tif,../raw/snow/csd/Train/Gt/7684.tif,train,snow,csd
train/7685,../raw/snow/csd/Train/Snow/7685.tif,../raw/snow/csd/Train/Gt/7685.tif,train,snow,csd
train/7686,../raw/snow/csd/Train/Snow/7686.tif,../raw/snow/csd/Train/Gt/7686.tif,train,snow,csd
train/7687,../raw/snow/csd/Train/Snow/7687.tif,../raw/snow/csd/Train/Gt/7687.tif,val,snow,csd
train/7688,../raw/snow/csd/Train/Snow/7688.tif,../raw/snow/csd/Train/Gt/7688.tif,train,snow,csd
train/7689,../raw/snow/csd/Train/Snow/7689.tif,../raw/snow/csd/Train/Gt/7689.tif,train,snow,csd
train/769,../raw/snow/csd/Train/Snow/769.tif,../raw/snow/csd/Train/Gt/769.tif,train,snow,csd
train/7690,../raw/snow/csd/Train/Snow/7690.tif,../raw/snow/csd/Train/Gt/7690.tif,train,snow,csd
train/7691,../raw/snow/csd/Train/Snow/7691.tif,../raw/snow/csd/Train/Gt/7691.tif,train,snow,csd
train/7692,../raw/snow/csd/Train/Snow/7692.tif,../raw/snow/csd/Train/Gt/7692.tif,train,snow,csd
train/7693,../raw/snow/csd/Train/Snow/7693.tif,../raw/snow/csd/Train/Gt/7693.tif,train,snow,csd
train/7694,../raw/snow/csd/Train/Snow/7694.tif,../raw/snow/csd/Train/Gt/7694.tif,train,snow,csd
train/7695,../raw/snow/csd/Train/Snow/7695.tif,../raw/snow/csd/Train/Gt/7695.tif,train,snow,csd
train/7696,../raw/snow/csd/Train/Snow/7696.tif,../raw/snow/csd/Train/Gt/7696.tif,train,snow,csd
train/7697,../raw/snow/csd/Train/Snow/7697.tif,../raw/snow/csd/Train/Gt/7697.tif,train,snow,csd
train/7698,../raw/snow/csd/Train/Snow/7698.tif,../raw/snow/csd/Train/Gt/7698.tif,train,snow,csd
train/7699,../raw/snow/csd/Train/Snow/7699.tif,../raw/snow/csd/Train/Gt/7699.tif,val,snow,csd
train/77,../raw/snow/csd/Train/Snow/77.tif,../raw/snow/csd/Train/Gt/77.tif,train,snow,csd
train/770,../raw/snow/csd/Train/Snow/770.tif,../raw/snow/csd/Train/Gt/770.tif,train,snow,csd
train/7700,../raw/snow/csd/Train/Snow/7700.tif,../raw/snow/csd/Train/Gt/7700.tif,train,snow,csd
train/7701,../raw/snow/csd/Train/Snow/7701.tif,../raw/snow/csd/Train/Gt/7701.tif,train,snow,csd
train/7702,../raw/snow/csd/Train/Snow/7702.tif,../raw/snow/csd/Train/Gt/7702.tif,train,snow,csd
train/7703,../raw/snow/csd/Train/Snow/7703.tif,../raw/snow/csd/Train/Gt/7703.tif,val,snow,csd
train/7704,../raw/snow/csd/Train/Snow/7704.tif,../raw/snow/csd/Train/Gt/7704.tif,train,snow,csd
train/7705,../raw/snow/csd/Train/Snow/7705.tif,../raw/snow/csd/Train/Gt/7705.tif,train,snow,csd
train/7706,../raw/snow/csd/Train/Snow/7706.tif,../raw/snow/csd/Train/Gt/7706.tif,train,snow,csd
train/7707,../raw/snow/csd/Train/Snow/7707.tif,../raw/snow/csd/Train/Gt/7707.tif,train,snow,csd
train/7708,../raw/snow/csd/Train/Snow/7708.tif,../raw/snow/csd/Train/Gt/7708.tif,train,snow,csd
train/7709,../raw/snow/csd/Train/Snow/7709.tif,../raw/snow/csd/Train/Gt/7709.tif,train,snow,csd
train/771,../raw/snow/csd/Train/Snow/771.tif,../raw/snow/csd/Train/Gt/771.tif,train,snow,csd
train/7710,../raw/snow/csd/Train/Snow/7710.tif,../raw/snow/csd/Train/Gt/7710.tif,train,snow,csd
train/7711,../raw/snow/csd/Train/Snow/7711.tif,../raw/snow/csd/Train/Gt/7711.tif,train,snow,csd
train/7712,../raw/snow/csd/Train/Snow/7712.tif,../raw/snow/csd/Train/Gt/7712.tif,train,snow,csd
train/7713,../raw/snow/csd/Train/Snow/7713.tif,../raw/snow/csd/Train/Gt/7713.tif,val,snow,csd
train/7714,../raw/snow/csd/Train/Snow/7714.tif,../raw/snow/csd/Train/Gt/7714.tif,train,snow,csd
train/7715,../raw/snow/csd/Train/Snow/7715.tif,../raw/snow/csd/Train/Gt/7715.tif,train,snow,csd
train/7716,../raw/snow/csd/Train/Snow/7716.tif,../raw/snow/csd/Train/Gt/7716.tif,train,snow,csd
train/7717,../raw/snow/csd/Train/Snow/7717.tif,../raw/snow/csd/Train/Gt/7717.tif,train,snow,csd
train/7718,../raw/snow/csd/Train/Snow/7718.tif,../raw/snow/csd/Train/Gt/7718.tif,train,snow,csd
train/7719,../raw/snow/csd/Train/Snow/7719.tif,../raw/snow/csd/Train/Gt/7719.tif,train,snow,csd
train/772,../raw/snow/csd/Train/Snow/772.tif,../raw/snow/csd/Train/Gt/772.tif,train,snow,csd
train/7720,../raw/snow/csd/Train/Snow/7720.tif,../raw/snow/csd/Train/Gt/7720.tif,train,snow,csd
train/7721,../raw/snow/csd/Train/Snow/7721.tif,../raw/snow/csd/Train/Gt/7721.tif,train,snow,csd
train/7722,../raw/snow/csd/Train/Snow/7722.tif,../raw/snow/csd/Train/Gt/7722.tif,train,snow,csd
train/7723,../raw/snow/csd/Train/Snow/7723.tif,../raw/snow/csd/Train/Gt/7723.tif,train,snow,csd
train/7724,../raw/snow/csd/Train/Snow/7724.tif,../raw/snow/csd/Train/Gt/7724.tif,train,snow,csd
train/7725,../raw/snow/csd/Train/Snow/7725.tif,../raw/snow/csd/Train/Gt/7725.tif,train,snow,csd
train/7726,../raw/snow/csd/Train/Snow/7726.tif,../raw/snow/csd/Train/Gt/7726.tif,train,snow,csd
train/7727,../raw/snow/csd/Train/Snow/7727.tif,../raw/snow/csd/Train/Gt/7727.tif,train,snow,csd
train/7728,../raw/snow/csd/Train/Snow/7728.tif,../raw/snow/csd/Train/Gt/7728.tif,train,snow,csd
train/7729,../raw/snow/csd/Train/Snow/7729.tif,../raw/snow/csd/Train/Gt/7729.tif,train,snow,csd
train/773,../raw/snow/csd/Train/Snow/773.tif,../raw/snow/csd/Train/Gt/773.tif,train,snow,csd
train/7730,../raw/snow/csd/Train/Snow/7730.tif,../raw/snow/csd/Train/Gt/7730.tif,train,snow,csd
train/7731,../raw/snow/csd/Train/Snow/7731.tif,../raw/snow/csd/Train/Gt/7731.tif,train,snow,csd
train/7732,../raw/snow/csd/Train/Snow/7732.tif,../raw/snow/csd/Train/Gt/7732.tif,train,snow,csd
train/7733,../raw/snow/csd/Train/Snow/7733.tif,../raw/snow/csd/Train/Gt/7733.tif,train,snow,csd
train/7734,../raw/snow/csd/Train/Snow/7734.tif,../raw/snow/csd/Train/Gt/7734.tif,train,snow,csd
train/7735,../raw/snow/csd/Train/Snow/7735.tif,../raw/snow/csd/Train/Gt/7735.tif,train,snow,csd
train/7736,../raw/snow/csd/Train/Snow/7736.tif,../raw/snow/csd/Train/Gt/7736.tif,train,snow,csd
train/7737,../raw/snow/csd/Train/Snow/7737.tif,../raw/snow/csd/Train/Gt/7737.tif,train,snow,csd
train/7738,../raw/snow/csd/Train/Snow/7738.tif,../raw/snow/csd/Train/Gt/7738.tif,train,snow,csd
train/7739,../raw/snow/csd/Train/Snow/7739.tif,../raw/snow/csd/Train/Gt/7739.tif,train,snow,csd
train/774,../raw/snow/csd/Train/Snow/774.tif,../raw/snow/csd/Train/Gt/774.tif,train,snow,csd
train/7740,../raw/snow/csd/Train/Snow/7740.tif,../raw/snow/csd/Train/Gt/7740.tif,val,snow,csd
train/7741,../raw/snow/csd/Train/Snow/7741.tif,../raw/snow/csd/Train/Gt/7741.tif,val,snow,csd
train/7742,../raw/snow/csd/Train/Snow/7742.tif,../raw/snow/csd/Train/Gt/7742.tif,train,snow,csd
train/7743,../raw/snow/csd/Train/Snow/7743.tif,../raw/snow/csd/Train/Gt/7743.tif,train,snow,csd
train/7744,../raw/snow/csd/Train/Snow/7744.tif,../raw/snow/csd/Train/Gt/7744.tif,train,snow,csd
train/7745,../raw/snow/csd/Train/Snow/7745.tif,../raw/snow/csd/Train/Gt/7745.tif,val,snow,csd
train/7746,../raw/snow/csd/Train/Snow/7746.tif,../raw/snow/csd/Train/Gt/7746.tif,train,snow,csd
train/7747,../raw/snow/csd/Train/Snow/7747.tif,../raw/snow/csd/Train/Gt/7747.tif,train,snow,csd
train/7748,../raw/snow/csd/Train/Snow/7748.tif,../raw/snow/csd/Train/Gt/7748.tif,val,snow,csd
train/7749,../raw/snow/csd/Train/Snow/7749.tif,../raw/snow/csd/Train/Gt/7749.tif,train,snow,csd
train/775,../raw/snow/csd/Train/Snow/775.tif,../raw/snow/csd/Train/Gt/775.tif,val,snow,csd
train/7750,../raw/snow/csd/Train/Snow/7750.tif,../raw/snow/csd/Train/Gt/7750.tif,train,snow,csd
train/7751,../raw/snow/csd/Train/Snow/7751.tif,../raw/snow/csd/Train/Gt/7751.tif,train,snow,csd
train/7752,../raw/snow/csd/Train/Snow/7752.tif,../raw/snow/csd/Train/Gt/7752.tif,train,snow,csd
train/7753,../raw/snow/csd/Train/Snow/7753.tif,../raw/snow/csd/Train/Gt/7753.tif,train,snow,csd
train/7754,../raw/snow/csd/Train/Snow/7754.tif,../raw/snow/csd/Train/Gt/7754.tif,train,snow,csd
train/7755,../raw/snow/csd/Train/Snow/7755.tif,../raw/snow/csd/Train/Gt/7755.tif,train,snow,csd
train/7756,../raw/snow/csd/Train/Snow/7756.tif,../raw/snow/csd/Train/Gt/7756.tif,train,snow,csd
train/7757,../raw/snow/csd/Train/Snow/7757.tif,../raw/snow/csd/Train/Gt/7757.tif,val,snow,csd
train/7758,../raw/snow/csd/Train/Snow/7758.tif,../raw/snow/csd/Train/Gt/7758.tif,train,snow,csd
train/7759,../raw/snow/csd/Train/Snow/7759.tif,../raw/snow/csd/Train/Gt/7759.tif,val,snow,csd
train/776,../raw/snow/csd/Train/Snow/776.tif,../raw/snow/csd/Train/Gt/776.tif,train,snow,csd
train/7760,../raw/snow/csd/Train/Snow/7760.tif,../raw/snow/csd/Train/Gt/7760.tif,train,snow,csd
train/7761,../raw/snow/csd/Train/Snow/7761.tif,../raw/snow/csd/Train/Gt/7761.tif,train,snow,csd
train/7762,../raw/snow/csd/Train/Snow/7762.tif,../raw/snow/csd/Train/Gt/7762.tif,train,snow,csd
train/7763,../raw/snow/csd/Train/Snow/7763.tif,../raw/snow/csd/Train/Gt/7763.tif,train,snow,csd
train/7764,../raw/snow/csd/Train/Snow/7764.tif,../raw/snow/csd/Train/Gt/7764.tif,train,snow,csd
train/7765,../raw/snow/csd/Train/Snow/7765.tif,../raw/snow/csd/Train/Gt/7765.tif,train,snow,csd
train/7766,../raw/snow/csd/Train/Snow/7766.tif,../raw/snow/csd/Train/Gt/7766.tif,train,snow,csd
train/7767,../raw/snow/csd/Train/Snow/7767.tif,../raw/snow/csd/Train/Gt/7767.tif,train,snow,csd
train/7768,../raw/snow/csd/Train/Snow/7768.tif,../raw/snow/csd/Train/Gt/7768.tif,train,snow,csd
train/7769,../raw/snow/csd/Train/Snow/7769.tif,../raw/snow/csd/Train/Gt/7769.tif,train,snow,csd
train/777,../raw/snow/csd/Train/Snow/777.tif,../raw/snow/csd/Train/Gt/777.tif,val,snow,csd
train/7770,../raw/snow/csd/Train/Snow/7770.tif,../raw/snow/csd/Train/Gt/7770.tif,train,snow,csd
train/7771,../raw/snow/csd/Train/Snow/7771.tif,../raw/snow/csd/Train/Gt/7771.tif,train,snow,csd
train/7772,../raw/snow/csd/Train/Snow/7772.tif,../raw/snow/csd/Train/Gt/7772.tif,train,snow,csd
train/7773,../raw/snow/csd/Train/Snow/7773.tif,../raw/snow/csd/Train/Gt/7773.tif,train,snow,csd
train/7774,../raw/snow/csd/Train/Snow/7774.tif,../raw/snow/csd/Train/Gt/7774.tif,train,snow,csd
train/7775,../raw/snow/csd/Train/Snow/7775.tif,../raw/snow/csd/Train/Gt/7775.tif,train,snow,csd
train/7776,../raw/snow/csd/Train/Snow/7776.tif,../raw/snow/csd/Train/Gt/7776.tif,train,snow,csd
train/7777,../raw/snow/csd/Train/Snow/7777.tif,../raw/snow/csd/Train/Gt/7777.tif,train,snow,csd
train/7778,../raw/snow/csd/Train/Snow/7778.tif,../raw/snow/csd/Train/Gt/7778.tif,train,snow,csd
train/7779,../raw/snow/csd/Train/Snow/7779.tif,../raw/snow/csd/Train/Gt/7779.tif,train,snow,csd
train/778,../raw/snow/csd/Train/Snow/778.tif,../raw/snow/csd/Train/Gt/778.tif,train,snow,csd
train/7780,../raw/snow/csd/Train/Snow/7780.tif,../raw/snow/csd/Train/Gt/7780.tif,train,snow,csd
train/7781,../raw/snow/csd/Train/Snow/7781.tif,../raw/snow/csd/Train/Gt/7781.tif,train,snow,csd
train/7782,../raw/snow/csd/Train/Snow/7782.tif,../raw/snow/csd/Train/Gt/7782.tif,train,snow,csd
train/7783,../raw/snow/csd/Train/Snow/7783.tif,../raw/snow/csd/Train/Gt/7783.tif,train,snow,csd
train/7784,../raw/snow/csd/Train/Snow/7784.tif,../raw/snow/csd/Train/Gt/7784.tif,train,snow,csd
train/7785,../raw/snow/csd/Train/Snow/7785.tif,../raw/snow/csd/Train/Gt/7785.tif,train,snow,csd
train/7786,../raw/snow/csd/Train/Snow/7786.tif,../raw/snow/csd/Train/Gt/7786.tif,train,snow,csd
train/7787,../raw/snow/csd/Train/Snow/7787.tif,../raw/snow/csd/Train/Gt/7787.tif,train,snow,csd
train/7788,../raw/snow/csd/Train/Snow/7788.tif,../raw/snow/csd/Train/Gt/7788.tif,train,snow,csd
train/7789,../raw/snow/csd/Train/Snow/7789.tif,../raw/snow/csd/Train/Gt/7789.tif,train,snow,csd
train/779,../raw/snow/csd/Train/Snow/779.tif,../raw/snow/csd/Train/Gt/779.tif,train,snow,csd
train/7790,../raw/snow/csd/Train/Snow/7790.tif,../raw/snow/csd/Train/Gt/7790.tif,train,snow,csd
train/7791,../raw/snow/csd/Train/Snow/7791.tif,../raw/snow/csd/Train/Gt/7791.tif,train,snow,csd
train/7792,../raw/snow/csd/Train/Snow/7792.tif,../raw/snow/csd/Train/Gt/7792.tif,train,snow,csd
train/7793,../raw/snow/csd/Train/Snow/7793.tif,../raw/snow/csd/Train/Gt/7793.tif,train,snow,csd
train/7794,../raw/snow/csd/Train/Snow/7794.tif,../raw/snow/csd/Train/Gt/7794.tif,train,snow,csd
train/7795,../raw/snow/csd/Train/Snow/7795.tif,../raw/snow/csd/Train/Gt/7795.tif,train,snow,csd
train/7796,../raw/snow/csd/Train/Snow/7796.tif,../raw/snow/csd/Train/Gt/7796.tif,val,snow,csd
train/7797,../raw/snow/csd/Train/Snow/7797.tif,../raw/snow/csd/Train/Gt/7797.tif,train,snow,csd
train/7798,../raw/snow/csd/Train/Snow/7798.tif,../raw/snow/csd/Train/Gt/7798.tif,train,snow,csd
train/7799,../raw/snow/csd/Train/Snow/7799.tif,../raw/snow/csd/Train/Gt/7799.tif,train,snow,csd
train/78,../raw/snow/csd/Train/Snow/78.tif,../raw/snow/csd/Train/Gt/78.tif,train,snow,csd
train/780,../raw/snow/csd/Train/Snow/780.tif,../raw/snow/csd/Train/Gt/780.tif,train,snow,csd
train/7800,../raw/snow/csd/Train/Snow/7800.tif,../raw/snow/csd/Train/Gt/7800.tif,train,snow,csd
train/7801,../raw/snow/csd/Train/Snow/7801.tif,../raw/snow/csd/Train/Gt/7801.tif,train,snow,csd
train/7802,../raw/snow/csd/Train/Snow/7802.tif,../raw/snow/csd/Train/Gt/7802.tif,train,snow,csd
train/7803,../raw/snow/csd/Train/Snow/7803.tif,../raw/snow/csd/Train/Gt/7803.tif,train,snow,csd
train/7804,../raw/snow/csd/Train/Snow/7804.tif,../raw/snow/csd/Train/Gt/7804.tif,train,snow,csd
train/7805,../raw/snow/csd/Train/Snow/7805.tif,../raw/snow/csd/Train/Gt/7805.tif,train,snow,csd
train/7806,../raw/snow/csd/Train/Snow/7806.tif,../raw/snow/csd/Train/Gt/7806.tif,train,snow,csd
train/7807,../raw/snow/csd/Train/Snow/7807.tif,../raw/snow/csd/Train/Gt/7807.tif,val,snow,csd
train/7808,../raw/snow/csd/Train/Snow/7808.tif,../raw/snow/csd/Train/Gt/7808.tif,train,snow,csd
train/7809,../raw/snow/csd/Train/Snow/7809.tif,../raw/snow/csd/Train/Gt/7809.tif,train,snow,csd
train/781,../raw/snow/csd/Train/Snow/781.tif,../raw/snow/csd/Train/Gt/781.tif,val,snow,csd
train/7810,../raw/snow/csd/Train/Snow/7810.tif,../raw/snow/csd/Train/Gt/7810.tif,train,snow,csd
train/7811,../raw/snow/csd/Train/Snow/7811.tif,../raw/snow/csd/Train/Gt/7811.tif,train,snow,csd
train/7812,../raw/snow/csd/Train/Snow/7812.tif,../raw/snow/csd/Train/Gt/7812.tif,train,snow,csd
train/7813,../raw/snow/csd/Train/Snow/7813.tif,../raw/snow/csd/Train/Gt/7813.tif,train,snow,csd
train/7814,../raw/snow/csd/Train/Snow/7814.tif,../raw/snow/csd/Train/Gt/7814.tif,train,snow,csd
train/7815,../raw/snow/csd/Train/Snow/7815.tif,../raw/snow/csd/Train/Gt/7815.tif,train,snow,csd
train/7816,../raw/snow/csd/Train/Snow/7816.tif,../raw/snow/csd/Train/Gt/7816.tif,train,snow,csd
train/7817,../raw/snow/csd/Train/Snow/7817.tif,../raw/snow/csd/Train/Gt/7817.tif,train,snow,csd
train/7818,../raw/snow/csd/Train/Snow/7818.tif,../raw/snow/csd/Train/Gt/7818.tif,train,snow,csd
train/7819,../raw/snow/csd/Train/Snow/7819.tif,../raw/snow/csd/Train/Gt/7819.tif,train,snow,csd
train/782,../raw/snow/csd/Train/Snow/782.tif,../raw/snow/csd/Train/Gt/782.tif,train,snow,csd
train/7820,../raw/snow/csd/Train/Snow/7820.tif,../raw/snow/csd/Train/Gt/7820.tif,train,snow,csd
train/7821,../raw/snow/csd/Train/Snow/7821.tif,../raw/snow/csd/Train/Gt/7821.tif,train,snow,csd
train/7822,../raw/snow/csd/Train/Snow/7822.tif,../raw/snow/csd/Train/Gt/7822.tif,val,snow,csd
train/7823,../raw/snow/csd/Train/Snow/7823.tif,../raw/snow/csd/Train/Gt/7823.tif,train,snow,csd
train/7824,../raw/snow/csd/Train/Snow/7824.tif,../raw/snow/csd/Train/Gt/7824.tif,train,snow,csd
train/7825,../raw/snow/csd/Train/Snow/7825.tif,../raw/snow/csd/Train/Gt/7825.tif,train,snow,csd
train/7826,../raw/snow/csd/Train/Snow/7826.tif,../raw/snow/csd/Train/Gt/7826.tif,train,snow,csd
train/7827,../raw/snow/csd/Train/Snow/7827.tif,../raw/snow/csd/Train/Gt/7827.tif,train,snow,csd
train/7828,../raw/snow/csd/Train/Snow/7828.tif,../raw/snow/csd/Train/Gt/7828.tif,train,snow,csd
train/7829,../raw/snow/csd/Train/Snow/7829.tif,../raw/snow/csd/Train/Gt/7829.tif,train,snow,csd
train/783,../raw/snow/csd/Train/Snow/783.tif,../raw/snow/csd/Train/Gt/783.tif,train,snow,csd
train/7830,../raw/snow/csd/Train/Snow/7830.tif,../raw/snow/csd/Train/Gt/7830.tif,val,snow,csd
train/7831,../raw/snow/csd/Train/Snow/7831.tif,../raw/snow/csd/Train/Gt/7831.tif,train,snow,csd
train/7832,../raw/snow/csd/Train/Snow/7832.tif,../raw/snow/csd/Train/Gt/7832.tif,train,snow,csd
train/7833,../raw/snow/csd/Train/Snow/7833.tif,../raw/snow/csd/Train/Gt/7833.tif,train,snow,csd
train/7834,../raw/snow/csd/Train/Snow/7834.tif,../raw/snow/csd/Train/Gt/7834.tif,train,snow,csd
train/7835,../raw/snow/csd/Train/Snow/7835.tif,../raw/snow/csd/Train/Gt/7835.tif,train,snow,csd
train/7836,../raw/snow/csd/Train/Snow/7836.tif,../raw/snow/csd/Train/Gt/7836.tif,train,snow,csd
train/7837,../raw/snow/csd/Train/Snow/7837.tif,../raw/snow/csd/Train/Gt/7837.tif,train,snow,csd
train/7838,../raw/snow/csd/Train/Snow/7838.tif,../raw/snow/csd/Train/Gt/7838.tif,train,snow,csd
train/7839,../raw/snow/csd/Train/Snow/7839.tif,../raw/snow/csd/Train/Gt/7839.tif,train,snow,csd
train/784,../raw/snow/csd/Train/Snow/784.tif,../raw/snow/csd/Train/Gt/784.tif,train,snow,csd
train/7840,../raw/snow/csd/Train/Snow/7840.tif,../raw/snow/csd/Train/Gt/7840.tif,train,snow,csd
train/7841,../raw/snow/csd/Train/Snow/7841.tif,../raw/snow/csd/Train/Gt/7841.tif,train,snow,csd
train/7842,../raw/snow/csd/Train/Snow/7842.tif,../raw/snow/csd/Train/Gt/7842.tif,train,snow,csd
train/7843,../raw/snow/csd/Train/Snow/7843.tif,../raw/snow/csd/Train/Gt/7843.tif,train,snow,csd
train/7844,../raw/snow/csd/Train/Snow/7844.tif,../raw/snow/csd/Train/Gt/7844.tif,train,snow,csd
train/7845,../raw/snow/csd/Train/Snow/7845.tif,../raw/snow/csd/Train/Gt/7845.tif,train,snow,csd
train/7846,../raw/snow/csd/Train/Snow/7846.tif,../raw/snow/csd/Train/Gt/7846.tif,train,snow,csd
train/7847,../raw/snow/csd/Train/Snow/7847.tif,../raw/snow/csd/Train/Gt/7847.tif,train,snow,csd
train/7848,../raw/snow/csd/Train/Snow/7848.tif,../raw/snow/csd/Train/Gt/7848.tif,train,snow,csd
train/7849,../raw/snow/csd/Train/Snow/7849.tif,../raw/snow/csd/Train/Gt/7849.tif,val,snow,csd
train/785,../raw/snow/csd/Train/Snow/785.tif,../raw/snow/csd/Train/Gt/785.tif,train,snow,csd
train/7850,../raw/snow/csd/Train/Snow/7850.tif,../raw/snow/csd/Train/Gt/7850.tif,train,snow,csd
train/7851,../raw/snow/csd/Train/Snow/7851.tif,../raw/snow/csd/Train/Gt/7851.tif,train,snow,csd
train/7852,../raw/snow/csd/Train/Snow/7852.tif,../raw/snow/csd/Train/Gt/7852.tif,train,snow,csd
train/7853,../raw/snow/csd/Train/Snow/7853.tif,../raw/snow/csd/Train/Gt/7853.tif,train,snow,csd
train/7854,../raw/snow/csd/Train/Snow/7854.tif,../raw/snow/csd/Train/Gt/7854.tif,train,snow,csd
train/7855,../raw/snow/csd/Train/Snow/7855.tif,../raw/snow/csd/Train/Gt/7855.tif,train,snow,csd
train/7856,../raw/snow/csd/Train/Snow/7856.tif,../raw/snow/csd/Train/Gt/7856.tif,train,snow,csd
train/7857,../raw/snow/csd/Train/Snow/7857.tif,../raw/snow/csd/Train/Gt/7857.tif,train,snow,csd
train/7858,../raw/snow/csd/Train/Snow/7858.tif,../raw/snow/csd/Train/Gt/7858.tif,train,snow,csd
train/7859,../raw/snow/csd/Train/Snow/7859.tif,../raw/snow/csd/Train/Gt/7859.tif,train,snow,csd
train/786,../raw/snow/csd/Train/Snow/786.tif,../raw/snow/csd/Train/Gt/786.tif,train,snow,csd
train/7860,../raw/snow/csd/Train/Snow/7860.tif,../raw/snow/csd/Train/Gt/7860.tif,train,snow,csd
train/7861,../raw/snow/csd/Train/Snow/7861.tif,../raw/snow/csd/Train/Gt/7861.tif,train,snow,csd
train/7862,../raw/snow/csd/Train/Snow/7862.tif,../raw/snow/csd/Train/Gt/7862.tif,train,snow,csd
train/7863,../raw/snow/csd/Train/Snow/7863.tif,../raw/snow/csd/Train/Gt/7863.tif,train,snow,csd
train/7864,../raw/snow/csd/Train/Snow/7864.tif,../raw/snow/csd/Train/Gt/7864.tif,val,snow,csd
train/7865,../raw/snow/csd/Train/Snow/7865.tif,../raw/snow/csd/Train/Gt/7865.tif,train,snow,csd
train/7866,../raw/snow/csd/Train/Snow/7866.tif,../raw/snow/csd/Train/Gt/7866.tif,train,snow,csd
train/7867,../raw/snow/csd/Train/Snow/7867.tif,../raw/snow/csd/Train/Gt/7867.tif,train,snow,csd
train/7868,../raw/snow/csd/Train/Snow/7868.tif,../raw/snow/csd/Train/Gt/7868.tif,train,snow,csd
train/7869,../raw/snow/csd/Train/Snow/7869.tif,../raw/snow/csd/Train/Gt/7869.tif,train,snow,csd
train/787,../raw/snow/csd/Train/Snow/787.tif,../raw/snow/csd/Train/Gt/787.tif,train,snow,csd
train/7870,../raw/snow/csd/Train/Snow/7870.tif,../raw/snow/csd/Train/Gt/7870.tif,train,snow,csd
train/7871,../raw/snow/csd/Train/Snow/7871.tif,../raw/snow/csd/Train/Gt/7871.tif,train,snow,csd
train/7872,../raw/snow/csd/Train/Snow/7872.tif,../raw/snow/csd/Train/Gt/7872.tif,train,snow,csd
train/7873,../raw/snow/csd/Train/Snow/7873.tif,../raw/snow/csd/Train/Gt/7873.tif,train,snow,csd
train/7874,../raw/snow/csd/Train/Snow/7874.tif,../raw/snow/csd/Train/Gt/7874.tif,train,snow,csd
train/7875,../raw/snow/csd/Train/Snow/7875.tif,../raw/snow/csd/Train/Gt/7875.tif,train,snow,csd
train/7876,../raw/snow/csd/Train/Snow/7876.tif,../raw/snow/csd/Train/Gt/7876.tif,train,snow,csd
train/7877,../raw/snow/csd/Train/Snow/7877.tif,../raw/snow/csd/Train/Gt/7877.tif,train,snow,csd
train/7878,../raw/snow/csd/Train/Snow/7878.tif,../raw/snow/csd/Train/Gt/7878.tif,train,snow,csd
train/7879,../raw/snow/csd/Train/Snow/7879.tif,../raw/snow/csd/Train/Gt/7879.tif,val,snow,csd
train/788,../raw/snow/csd/Train/Snow/788.tif,../raw/snow/csd/Train/Gt/788.tif,train,snow,csd
train/7880,../raw/snow/csd/Train/Snow/7880.tif,../raw/snow/csd/Train/Gt/7880.tif,train,snow,csd
train/7881,../raw/snow/csd/Train/Snow/7881.tif,../raw/snow/csd/Train/Gt/7881.tif,val,snow,csd
train/7882,../raw/snow/csd/Train/Snow/7882.tif,../raw/snow/csd/Train/Gt/7882.tif,train,snow,csd
train/7883,../raw/snow/csd/Train/Snow/7883.tif,../raw/snow/csd/Train/Gt/7883.tif,train,snow,csd
train/7884,../raw/snow/csd/Train/Snow/7884.tif,../raw/snow/csd/Train/Gt/7884.tif,train,snow,csd
train/7885,../raw/snow/csd/Train/Snow/7885.tif,../raw/snow/csd/Train/Gt/7885.tif,train,snow,csd
train/7886,../raw/snow/csd/Train/Snow/7886.tif,../raw/snow/csd/Train/Gt/7886.tif,train,snow,csd
train/7887,../raw/snow/csd/Train/Snow/7887.tif,../raw/snow/csd/Train/Gt/7887.tif,train,snow,csd
train/7888,../raw/snow/csd/Train/Snow/7888.tif,../raw/snow/csd/Train/Gt/7888.tif,train,snow,csd
train/7889,../raw/snow/csd/Train/Snow/7889.tif,../raw/snow/csd/Train/Gt/7889.tif,train,snow,csd
train/789,../raw/snow/csd/Train/Snow/789.tif,../raw/snow/csd/Train/Gt/789.tif,train,snow,csd
train/7890,../raw/snow/csd/Train/Snow/7890.tif,../raw/snow/csd/Train/Gt/7890.tif,train,snow,csd
train/7891,../raw/snow/csd/Train/Snow/7891.tif,../raw/snow/csd/Train/Gt/7891.tif,train,snow,csd
train/7892,../raw/snow/csd/Train/Snow/7892.tif,../raw/snow/csd/Train/Gt/7892.tif,train,snow,csd
train/7893,../raw/snow/csd/Train/Snow/7893.tif,../raw/snow/csd/Train/Gt/7893.tif,train,snow,csd
train/7894,../raw/snow/csd/Train/Snow/7894.tif,../raw/snow/csd/Train/Gt/7894.tif,train,snow,csd
train/7895,../raw/snow/csd/Train/Snow/7895.tif,../raw/snow/csd/Train/Gt/7895.tif,val,snow,csd
train/7896,../raw/snow/csd/Train/Snow/7896.tif,../raw/snow/csd/Train/Gt/7896.tif,train,snow,csd
train/7897,../raw/snow/csd/Train/Snow/7897.tif,../raw/snow/csd/Train/Gt/7897.tif,train,snow,csd
train/7898,../raw/snow/csd/Train/Snow/7898.tif,../raw/snow/csd/Train/Gt/7898.tif,train,snow,csd
train/7899,../raw/snow/csd/Train/Snow/7899.tif,../raw/snow/csd/Train/Gt/7899.tif,train,snow,csd
train/79,../raw/snow/csd/Train/Snow/79.tif,../raw/snow/csd/Train/Gt/79.tif,val,snow,csd
train/790,../raw/snow/csd/Train/Snow/790.tif,../raw/snow/csd/Train/Gt/790.tif,val,snow,csd
train/7900,../raw/snow/csd/Train/Snow/7900.tif,../raw/snow/csd/Train/Gt/7900.tif,train,snow,csd
train/7901,../raw/snow/csd/Train/Snow/7901.tif,../raw/snow/csd/Train/Gt/7901.tif,train,snow,csd
train/7902,../raw/snow/csd/Train/Snow/7902.tif,../raw/snow/csd/Train/Gt/7902.tif,train,snow,csd
train/7903,../raw/snow/csd/Train/Snow/7903.tif,../raw/snow/csd/Train/Gt/7903.tif,train,snow,csd
train/7904,../raw/snow/csd/Train/Snow/7904.tif,../raw/snow/csd/Train/Gt/7904.tif,train,snow,csd
train/7905,../raw/snow/csd/Train/Snow/7905.tif,../raw/snow/csd/Train/Gt/7905.tif,train,snow,csd
train/7906,../raw/snow/csd/Train/Snow/7906.tif,../raw/snow/csd/Train/Gt/7906.tif,train,snow,csd
train/7907,../raw/snow/csd/Train/Snow/7907.tif,../raw/snow/csd/Train/Gt/7907.tif,train,snow,csd
train/7908,../raw/snow/csd/Train/Snow/7908.tif,../raw/snow/csd/Train/Gt/7908.tif,train,snow,csd
train/7909,../raw/snow/csd/Train/Snow/7909.tif,../raw/snow/csd/Train/Gt/7909.tif,train,snow,csd
train/791,../raw/snow/csd/Train/Snow/791.tif,../raw/snow/csd/Train/Gt/791.tif,train,snow,csd
train/7910,../raw/snow/csd/Train/Snow/7910.tif,../raw/snow/csd/Train/Gt/7910.tif,train,snow,csd
train/7911,../raw/snow/csd/Train/Snow/7911.tif,../raw/snow/csd/Train/Gt/7911.tif,train,snow,csd
train/7912,../raw/snow/csd/Train/Snow/7912.tif,../raw/snow/csd/Train/Gt/7912.tif,val,snow,csd
train/7913,../raw/snow/csd/Train/Snow/7913.tif,../raw/snow/csd/Train/Gt/7913.tif,train,snow,csd
train/7914,../raw/snow/csd/Train/Snow/7914.tif,../raw/snow/csd/Train/Gt/7914.tif,train,snow,csd
train/7915,../raw/snow/csd/Train/Snow/7915.tif,../raw/snow/csd/Train/Gt/7915.tif,val,snow,csd
train/7916,../raw/snow/csd/Train/Snow/7916.tif,../raw/snow/csd/Train/Gt/7916.tif,train,snow,csd
train/7917,../raw/snow/csd/Train/Snow/7917.tif,../raw/snow/csd/Train/Gt/7917.tif,train,snow,csd
train/7918,../raw/snow/csd/Train/Snow/7918.tif,../raw/snow/csd/Train/Gt/7918.tif,train,snow,csd
train/7919,../raw/snow/csd/Train/Snow/7919.tif,../raw/snow/csd/Train/Gt/7919.tif,train,snow,csd
train/792,../raw/snow/csd/Train/Snow/792.tif,../raw/snow/csd/Train/Gt/792.tif,train,snow,csd
train/7920,../raw/snow/csd/Train/Snow/7920.tif,../raw/snow/csd/Train/Gt/7920.tif,train,snow,csd
train/7921,../raw/snow/csd/Train/Snow/7921.tif,../raw/snow/csd/Train/Gt/7921.tif,train,snow,csd
train/7922,../raw/snow/csd/Train/Snow/7922.tif,../raw/snow/csd/Train/Gt/7922.tif,train,snow,csd
train/7923,../raw/snow/csd/Train/Snow/7923.tif,../raw/snow/csd/Train/Gt/7923.tif,train,snow,csd
train/7924,../raw/snow/csd/Train/Snow/7924.tif,../raw/snow/csd/Train/Gt/7924.tif,train,snow,csd
train/7925,../raw/snow/csd/Train/Snow/7925.tif,../raw/snow/csd/Train/Gt/7925.tif,val,snow,csd
train/7926,../raw/snow/csd/Train/Snow/7926.tif,../raw/snow/csd/Train/Gt/7926.tif,train,snow,csd
train/7927,../raw/snow/csd/Train/Snow/7927.tif,../raw/snow/csd/Train/Gt/7927.tif,train,snow,csd
train/7928,../raw/snow/csd/Train/Snow/7928.tif,../raw/snow/csd/Train/Gt/7928.tif,train,snow,csd
train/7929,../raw/snow/csd/Train/Snow/7929.tif,../raw/snow/csd/Train/Gt/7929.tif,val,snow,csd
train/793,../raw/snow/csd/Train/Snow/793.tif,../raw/snow/csd/Train/Gt/793.tif,train,snow,csd
train/7930,../raw/snow/csd/Train/Snow/7930.tif,../raw/snow/csd/Train/Gt/7930.tif,train,snow,csd
train/7931,../raw/snow/csd/Train/Snow/7931.tif,../raw/snow/csd/Train/Gt/7931.tif,train,snow,csd
train/7932,../raw/snow/csd/Train/Snow/7932.tif,../raw/snow/csd/Train/Gt/7932.tif,train,snow,csd
train/7933,../raw/snow/csd/Train/Snow/7933.tif,../raw/snow/csd/Train/Gt/7933.tif,val,snow,csd
train/7934,../raw/snow/csd/Train/Snow/7934.tif,../raw/snow/csd/Train/Gt/7934.tif,train,snow,csd
train/7935,../raw/snow/csd/Train/Snow/7935.tif,../raw/snow/csd/Train/Gt/7935.tif,train,snow,csd
train/7936,../raw/snow/csd/Train/Snow/7936.tif,../raw/snow/csd/Train/Gt/7936.tif,train,snow,csd
train/7937,../raw/snow/csd/Train/Snow/7937.tif,../raw/snow/csd/Train/Gt/7937.tif,train,snow,csd
train/7938,../raw/snow/csd/Train/Snow/7938.tif,../raw/snow/csd/Train/Gt/7938.tif,train,snow,csd
train/7939,../raw/snow/csd/Train/Snow/7939.tif,../raw/snow/csd/Train/Gt/7939.tif,train,snow,csd
train/794,../raw/snow/csd/Train/Snow/794.tif,../raw/snow/csd/Train/Gt/794.tif,train,snow,csd
train/7940,../raw/snow/csd/Train/Snow/7940.tif,../raw/snow/csd/Train/Gt/7940.tif,train,snow,csd
train/7941,../raw/snow/csd/Train/Snow/7941.tif,../raw/snow/csd/Train/Gt/7941.tif,train,snow,csd
train/7942,../raw/snow/csd/Train/Snow/7942.tif,../raw/snow/csd/Train/Gt/7942.tif,train,snow,csd
train/7943,../raw/snow/csd/Train/Snow/7943.tif,../raw/snow/csd/Train/Gt/7943.tif,train,snow,csd
train/7944,../raw/snow/csd/Train/Snow/7944.tif,../raw/snow/csd/Train/Gt/7944.tif,train,snow,csd
train/7945,../raw/snow/csd/Train/Snow/7945.tif,../raw/snow/csd/Train/Gt/7945.tif,train,snow,csd
train/7946,../raw/snow/csd/Train/Snow/7946.tif,../raw/snow/csd/Train/Gt/7946.tif,train,snow,csd
train/7947,../raw/snow/csd/Train/Snow/7947.tif,../raw/snow/csd/Train/Gt/7947.tif,train,snow,csd
train/7948,../raw/snow/csd/Train/Snow/7948.tif,../raw/snow/csd/Train/Gt/7948.tif,train,snow,csd
train/7949,../raw/snow/csd/Train/Snow/7949.tif,../raw/snow/csd/Train/Gt/7949.tif,train,snow,csd
train/795,../raw/snow/csd/Train/Snow/795.tif,../raw/snow/csd/Train/Gt/795.tif,train,snow,csd
train/7950,../raw/snow/csd/Train/Snow/7950.tif,../raw/snow/csd/Train/Gt/7950.tif,train,snow,csd
train/7951,../raw/snow/csd/Train/Snow/7951.tif,../raw/snow/csd/Train/Gt/7951.tif,train,snow,csd
train/7952,../raw/snow/csd/Train/Snow/7952.tif,../raw/snow/csd/Train/Gt/7952.tif,train,snow,csd
train/7953,../raw/snow/csd/Train/Snow/7953.tif,../raw/snow/csd/Train/Gt/7953.tif,train,snow,csd
train/7954,../raw/snow/csd/Train/Snow/7954.tif,../raw/snow/csd/Train/Gt/7954.tif,train,snow,csd
train/7955,../raw/snow/csd/Train/Snow/7955.tif,../raw/snow/csd/Train/Gt/7955.tif,train,snow,csd
train/7956,../raw/snow/csd/Train/Snow/7956.tif,../raw/snow/csd/Train/Gt/7956.tif,train,snow,csd
train/7957,../raw/snow/csd/Train/Snow/7957.tif,../raw/snow/csd/Train/Gt/7957.tif,train,snow,csd
train/7958,../raw/snow/csd/Train/Snow/7958.tif,../raw/snow/csd/Train/Gt/7958.tif,train,snow,csd
train/7959,../raw/snow/csd/Train/Snow/7959.tif,../raw/snow/csd/Train/Gt/7959.tif,train,snow,csd
train/796,../raw/snow/csd/Train/Snow/796.tif,../raw/snow/csd/Train/Gt/796.tif,train,snow,csd
train/7960,../raw/snow/csd/Train/Snow/7960.tif,../raw/snow/csd/Train/Gt/7960.tif,train,snow,csd
train/7961,../raw/snow/csd/Train/Snow/7961.tif,../raw/snow/csd/Train/Gt/7961.tif,train,snow,csd
train/7962,../raw/snow/csd/Train/Snow/7962.tif,../raw/snow/csd/Train/Gt/7962.tif,train,snow,csd
train/7963,../raw/snow/csd/Train/Snow/7963.tif,../raw/snow/csd/Train/Gt/7963.tif,train,snow,csd
train/7964,../raw/snow/csd/Train/Snow/7964.tif,../raw/snow/csd/Train/Gt/7964.tif,train,snow,csd
train/7965,../raw/snow/csd/Train/Snow/7965.tif,../raw/snow/csd/Train/Gt/7965.tif,val,snow,csd
train/7966,../raw/snow/csd/Train/Snow/7966.tif,../raw/snow/csd/Train/Gt/7966.tif,train,snow,csd
train/7967,../raw/snow/csd/Train/Snow/7967.tif,../raw/snow/csd/Train/Gt/7967.tif,train,snow,csd
train/7968,../raw/snow/csd/Train/Snow/7968.tif,../raw/snow/csd/Train/Gt/7968.tif,train,snow,csd
train/7969,../raw/snow/csd/Train/Snow/7969.tif,../raw/snow/csd/Train/Gt/7969.tif,train,snow,csd
train/797,../raw/snow/csd/Train/Snow/797.tif,../raw/snow/csd/Train/Gt/797.tif,train,snow,csd
train/7970,../raw/snow/csd/Train/Snow/7970.tif,../raw/snow/csd/Train/Gt/7970.tif,train,snow,csd
train/7971,../raw/snow/csd/Train/Snow/7971.tif,../raw/snow/csd/Train/Gt/7971.tif,train,snow,csd
train/7972,../raw/snow/csd/Train/Snow/7972.tif,../raw/snow/csd/Train/Gt/7972.tif,val,snow,csd
train/7973,../raw/snow/csd/Train/Snow/7973.tif,../raw/snow/csd/Train/Gt/7973.tif,train,snow,csd
train/7974,../raw/snow/csd/Train/Snow/7974.tif,../raw/snow/csd/Train/Gt/7974.tif,train,snow,csd
train/7975,../raw/snow/csd/Train/Snow/7975.tif,../raw/snow/csd/Train/Gt/7975.tif,train,snow,csd
train/7976,../raw/snow/csd/Train/Snow/7976.tif,../raw/snow/csd/Train/Gt/7976.tif,train,snow,csd
train/7977,../raw/snow/csd/Train/Snow/7977.tif,../raw/snow/csd/Train/Gt/7977.tif,train,snow,csd
train/7978,../raw/snow/csd/Train/Snow/7978.tif,../raw/snow/csd/Train/Gt/7978.tif,train,snow,csd
train/7979,../raw/snow/csd/Train/Snow/7979.tif,../raw/snow/csd/Train/Gt/7979.tif,train,snow,csd
train/798,../raw/snow/csd/Train/Snow/798.tif,../raw/snow/csd/Train/Gt/798.tif,train,snow,csd
train/7980,../raw/snow/csd/Train/Snow/7980.tif,../raw/snow/csd/Train/Gt/7980.tif,train,snow,csd
train/7981,../raw/snow/csd/Train/Snow/7981.tif,../raw/snow/csd/Train/Gt/7981.tif,train,snow,csd
train/7982,../raw/snow/csd/Train/Snow/7982.tif,../raw/snow/csd/Train/Gt/7982.tif,val,snow,csd
train/7983,../raw/snow/csd/Train/Snow/7983.tif,../raw/snow/csd/Train/Gt/7983.tif,train,snow,csd
train/7984,../raw/snow/csd/Train/Snow/7984.tif,../raw/snow/csd/Train/Gt/7984.tif,train,snow,csd
train/7985,../raw/snow/csd/Train/Snow/7985.tif,../raw/snow/csd/Train/Gt/7985.tif,val,snow,csd
train/7986,../raw/snow/csd/Train/Snow/7986.tif,../raw/snow/csd/Train/Gt/7986.tif,train,snow,csd
train/7987,../raw/snow/csd/Train/Snow/7987.tif,../raw/snow/csd/Train/Gt/7987.tif,train,snow,csd
train/7988,../raw/snow/csd/Train/Snow/7988.tif,../raw/snow/csd/Train/Gt/7988.tif,train,snow,csd
train/7989,../raw/snow/csd/Train/Snow/7989.tif,../raw/snow/csd/Train/Gt/7989.tif,train,snow,csd
train/799,../raw/snow/csd/Train/Snow/799.tif,../raw/snow/csd/Train/Gt/799.tif,train,snow,csd
train/7990,../raw/snow/csd/Train/Snow/7990.tif,../raw/snow/csd/Train/Gt/7990.tif,train,snow,csd
train/7991,../raw/snow/csd/Train/Snow/7991.tif,../raw/snow/csd/Train/Gt/7991.tif,train,snow,csd
train/7992,../raw/snow/csd/Train/Snow/7992.tif,../raw/snow/csd/Train/Gt/7992.tif,train,snow,csd
train/7993,../raw/snow/csd/Train/Snow/7993.tif,../raw/snow/csd/Train/Gt/7993.tif,train,snow,csd
train/7994,../raw/snow/csd/Train/Snow/7994.tif,../raw/snow/csd/Train/Gt/7994.tif,train,snow,csd
train/7995,../raw/snow/csd/Train/Snow/7995.tif,../raw/snow/csd/Train/Gt/7995.tif,train,snow,csd
train/7996,../raw/snow/csd/Train/Snow/7996.tif,../raw/snow/csd/Train/Gt/7996.tif,train,snow,csd
train/7997,../raw/snow/csd/Train/Snow/7997.tif,../raw/snow/csd/Train/Gt/7997.tif,train,snow,csd
train/7998,../raw/snow/csd/Train/Snow/7998.tif,../raw/snow/csd/Train/Gt/7998.tif,train,snow,csd
train/7999,../raw/snow/csd/Train/Snow/7999.tif,../raw/snow/csd/Train/Gt/7999.tif,train,snow,csd
train/8,../raw/snow/csd/Train/Snow/8.tif,../raw/snow/csd/Train/Gt/8.tif,train,snow,csd
train/80,../raw/snow/csd/Train/Snow/80.tif,../raw/snow/csd/Train/Gt/80.tif,train,snow,csd
train/800,../raw/snow/csd/Train/Snow/800.tif,../raw/snow/csd/Train/Gt/800.tif,train,snow,csd
train/8000,../raw/snow/csd/Train/Snow/8000.tif,../raw/snow/csd/Train/Gt/8000.tif,train,snow,csd
train/801,../raw/snow/csd/Train/Snow/801.tif,../raw/snow/csd/Train/Gt/801.tif,train,snow,csd
train/802,../raw/snow/csd/Train/Snow/802.tif,../raw/snow/csd/Train/Gt/802.tif,val,snow,csd
train/803,../raw/snow/csd/Train/Snow/803.tif,../raw/snow/csd/Train/Gt/803.tif,train,snow,csd
train/804,../raw/snow/csd/Train/Snow/804.tif,../raw/snow/csd/Train/Gt/804.tif,train,snow,csd
train/805,../raw/snow/csd/Train/Snow/805.tif,../raw/snow/csd/Train/Gt/805.tif,train,snow,csd
train/806,../raw/snow/csd/Train/Snow/806.tif,../raw/snow/csd/Train/Gt/806.tif,train,snow,csd
train/807,../raw/snow/csd/Train/Snow/807.tif,../raw/snow/csd/Train/Gt/807.tif,val,snow,csd
train/808,../raw/snow/csd/Train/Snow/808.tif,../raw/snow/csd/Train/Gt/808.tif,train,snow,csd
train/809,../raw/snow/csd/Train/Snow/809.tif,../raw/snow/csd/Train/Gt/809.tif,train,snow,csd
train/81,../raw/snow/csd/Train/Snow/81.tif,../raw/snow/csd/Train/Gt/81.tif,train,snow,csd
train/810,../raw/snow/csd/Train/Snow/810.tif,../raw/snow/csd/Train/Gt/810.tif,train,snow,csd
train/811,../raw/snow/csd/Train/Snow/811.tif,../raw/snow/csd/Train/Gt/811.tif,train,snow,csd
train/812,../raw/snow/csd/Train/Snow/812.tif,../raw/snow/csd/Train/Gt/812.tif,train,snow,csd
train/813,../raw/snow/csd/Train/Snow/813.tif,../raw/snow/csd/Train/Gt/813.tif,train,snow,csd
train/814,../raw/snow/csd/Train/Snow/814.tif,../raw/snow/csd/Train/Gt/814.tif,train,snow,csd
train/815,../raw/snow/csd/Train/Snow/815.tif,../raw/snow/csd/Train/Gt/815.tif,train,snow,csd
train/816,../raw/snow/csd/Train/Snow/816.tif,../raw/snow/csd/Train/Gt/816.tif,train,snow,csd
train/817,../raw/snow/csd/Train/Snow/817.tif,../raw/snow/csd/Train/Gt/817.tif,train,snow,csd
train/818,../raw/snow/csd/Train/Snow/818.tif,../raw/snow/csd/Train/Gt/818.tif,train,snow,csd
train/819,../raw/snow/csd/Train/Snow/819.tif,../raw/snow/csd/Train/Gt/819.tif,train,snow,csd
train/82,../raw/snow/csd/Train/Snow/82.tif,../raw/snow/csd/Train/Gt/82.tif,train,snow,csd
train/820,../raw/snow/csd/Train/Snow/820.tif,../raw/snow/csd/Train/Gt/820.tif,train,snow,csd
train/821,../raw/snow/csd/Train/Snow/821.tif,../raw/snow/csd/Train/Gt/821.tif,train,snow,csd
train/822,../raw/snow/csd/Train/Snow/822.tif,../raw/snow/csd/Train/Gt/822.tif,train,snow,csd
train/823,../raw/snow/csd/Train/Snow/823.tif,../raw/snow/csd/Train/Gt/823.tif,train,snow,csd
train/824,../raw/snow/csd/Train/Snow/824.tif,../raw/snow/csd/Train/Gt/824.tif,train,snow,csd
train/825,../raw/snow/csd/Train/Snow/825.tif,../raw/snow/csd/Train/Gt/825.tif,train,snow,csd
train/826,../raw/snow/csd/Train/Snow/826.tif,../raw/snow/csd/Train/Gt/826.tif,train,snow,csd
train/827,../raw/snow/csd/Train/Snow/827.tif,../raw/snow/csd/Train/Gt/827.tif,train,snow,csd
train/828,../raw/snow/csd/Train/Snow/828.tif,../raw/snow/csd/Train/Gt/828.tif,train,snow,csd
train/829,../raw/snow/csd/Train/Snow/829.tif,../raw/snow/csd/Train/Gt/829.tif,train,snow,csd
train/83,../raw/snow/csd/Train/Snow/83.tif,../raw/snow/csd/Train/Gt/83.tif,train,snow,csd
train/830,../raw/snow/csd/Train/Snow/830.tif,../raw/snow/csd/Train/Gt/830.tif,val,snow,csd
train/831,../raw/snow/csd/Train/Snow/831.tif,../raw/snow/csd/Train/Gt/831.tif,train,snow,csd
train/832,../raw/snow/csd/Train/Snow/832.tif,../raw/snow/csd/Train/Gt/832.tif,train,snow,csd
train/833,../raw/snow/csd/Train/Snow/833.tif,../raw/snow/csd/Train/Gt/833.tif,val,snow,csd
train/834,../raw/snow/csd/Train/Snow/834.tif,../raw/snow/csd/Train/Gt/834.tif,train,snow,csd
train/835,../raw/snow/csd/Train/Snow/835.tif,../raw/snow/csd/Train/Gt/835.tif,train,snow,csd
train/836,../raw/snow/csd/Train/Snow/836.tif,../raw/snow/csd/Train/Gt/836.tif,train,snow,csd
train/837,../raw/snow/csd/Train/Snow/837.tif,../raw/snow/csd/Train/Gt/837.tif,train,snow,csd
train/838,../raw/snow/csd/Train/Snow/838.tif,../raw/snow/csd/Train/Gt/838.tif,train,snow,csd
train/839,../raw/snow/csd/Train/Snow/839.tif,../raw/snow/csd/Train/Gt/839.tif,train,snow,csd
train/84,../raw/snow/csd/Train/Snow/84.tif,../raw/snow/csd/Train/Gt/84.tif,train,snow,csd
train/840,../raw/snow/csd/Train/Snow/840.tif,../raw/snow/csd/Train/Gt/840.tif,train,snow,csd
train/841,../raw/snow/csd/Train/Snow/841.tif,../raw/snow/csd/Train/Gt/841.tif,train,snow,csd
train/842,../raw/snow/csd/Train/Snow/842.tif,../raw/snow/csd/Train/Gt/842.tif,train,snow,csd
train/843,../raw/snow/csd/Train/Snow/843.tif,../raw/snow/csd/Train/Gt/843.tif,train,snow,csd
train/844,../raw/snow/csd/Train/Snow/844.tif,../raw/snow/csd/Train/Gt/844.tif,train,snow,csd
train/845,../raw/snow/csd/Train/Snow/845.tif,../raw/snow/csd/Train/Gt/845.tif,train,snow,csd
train/846,../raw/snow/csd/Train/Snow/846.tif,../raw/snow/csd/Train/Gt/846.tif,train,snow,csd
train/847,../raw/snow/csd/Train/Snow/847.tif,../raw/snow/csd/Train/Gt/847.tif,train,snow,csd
train/848,../raw/snow/csd/Train/Snow/848.tif,../raw/snow/csd/Train/Gt/848.tif,train,snow,csd
train/849,../raw/snow/csd/Train/Snow/849.tif,../raw/snow/csd/Train/Gt/849.tif,train,snow,csd
train/85,../raw/snow/csd/Train/Snow/85.tif,../raw/snow/csd/Train/Gt/85.tif,val,snow,csd
train/850,../raw/snow/csd/Train/Snow/850.tif,../raw/snow/csd/Train/Gt/850.tif,train,snow,csd
train/851,../raw/snow/csd/Train/Snow/851.tif,../raw/snow/csd/Train/Gt/851.tif,train,snow,csd
train/852,../raw/snow/csd/Train/Snow/852.tif,../raw/snow/csd/Train/Gt/852.tif,val,snow,csd
train/853,../raw/snow/csd/Train/Snow/853.tif,../raw/snow/csd/Train/Gt/853.tif,val,snow,csd
train/854,../raw/snow/csd/Train/Snow/854.tif,../raw/snow/csd/Train/Gt/854.tif,train,snow,csd
train/855,../raw/snow/csd/Train/Snow/855.tif,../raw/snow/csd/Train/Gt/855.tif,train,snow,csd
train/856,../raw/snow/csd/Train/Snow/856.tif,../raw/snow/csd/Train/Gt/856.tif,train,snow,csd
train/857,../raw/snow/csd/Train/Snow/857.tif,../raw/snow/csd/Train/Gt/857.tif,train,snow,csd
train/858,../raw/snow/csd/Train/Snow/858.tif,../raw/snow/csd/Train/Gt/858.tif,train,snow,csd
train/859,../raw/snow/csd/Train/Snow/859.tif,../raw/snow/csd/Train/Gt/859.tif,train,snow,csd
train/86,../raw/snow/csd/Train/Snow/86.tif,../raw/snow/csd/Train/Gt/86.tif,train,snow,csd
train/860,../raw/snow/csd/Train/Snow/860.tif,../raw/snow/csd/Train/Gt/860.tif,val,snow,csd
train/861,../raw/snow/csd/Train/Snow/861.tif,../raw/snow/csd/Train/Gt/861.tif,train,snow,csd
train/862,../raw/snow/csd/Train/Snow/862.tif,../raw/snow/csd/Train/Gt/862.tif,train,snow,csd
train/863,../raw/snow/csd/Train/Snow/863.tif,../raw/snow/csd/Train/Gt/863.tif,train,snow,csd
train/864,../raw/snow/csd/Train/Snow/864.tif,../raw/snow/csd/Train/Gt/864.tif,val,snow,csd
train/865,../raw/snow/csd/Train/Snow/865.tif,../raw/snow/csd/Train/Gt/865.tif,train,snow,csd
train/866,../raw/snow/csd/Train/Snow/866.tif,../raw/snow/csd/Train/Gt/866.tif,train,snow,csd
train/867,../raw/snow/csd/Train/Snow/867.tif,../raw/snow/csd/Train/Gt/867.tif,train,snow,csd
train/868,../raw/snow/csd/Train/Snow/868.tif,../raw/snow/csd/Train/Gt/868.tif,train,snow,csd
train/869,../raw/snow/csd/Train/Snow/869.tif,../raw/snow/csd/Train/Gt/869.tif,train,snow,csd
train/87,../raw/snow/csd/Train/Snow/87.tif,../raw/snow/csd/Train/Gt/87.tif,train,snow,csd
train/870,../raw/snow/csd/Train/Snow/870.tif,../raw/snow/csd/Train/Gt/870.tif,val,snow,csd
train/871,../raw/snow/csd/Train/Snow/871.tif,../raw/snow/csd/Train/Gt/871.tif,train,snow,csd
train/872,../raw/snow/csd/Train/Snow/872.tif,../raw/snow/csd/Train/Gt/872.tif,train,snow,csd
train/873,../raw/snow/csd/Train/Snow/873.tif,../raw/snow/csd/Train/Gt/873.tif,train,snow,csd
train/874,../raw/snow/csd/Train/Snow/874.tif,../raw/snow/csd/Train/Gt/874.tif,train,snow,csd
train/875,../raw/snow/csd/Train/Snow/875.tif,../raw/snow/csd/Train/Gt/875.tif,train,snow,csd
train/876,../raw/snow/csd/Train/Snow/876.tif,../raw/snow/csd/Train/Gt/876.tif,train,snow,csd
train/877,../raw/snow/csd/Train/Snow/877.tif,../raw/snow/csd/Train/Gt/877.tif,train,snow,csd
train/878,../raw/snow/csd/Train/Snow/878.tif,../raw/snow/csd/Train/Gt/878.tif,train,snow,csd
train/879,../raw/snow/csd/Train/Snow/879.tif,../raw/snow/csd/Train/Gt/879.tif,val,snow,csd
train/88,../raw/snow/csd/Train/Snow/88.tif,../raw/snow/csd/Train/Gt/88.tif,train,snow,csd
train/880,../raw/snow/csd/Train/Snow/880.tif,../raw/snow/csd/Train/Gt/880.tif,train,snow,csd
train/881,../raw/snow/csd/Train/Snow/881.tif,../raw/snow/csd/Train/Gt/881.tif,train,snow,csd
train/882,../raw/snow/csd/Train/Snow/882.tif,../raw/snow/csd/Train/Gt/882.tif,train,snow,csd
train/883,../raw/snow/csd/Train/Snow/883.tif,../raw/snow/csd/Train/Gt/883.tif,train,snow,csd
train/884,../raw/snow/csd/Train/Snow/884.tif,../raw/snow/csd/Train/Gt/884.tif,train,snow,csd
train/885,../raw/snow/csd/Train/Snow/885.tif,../raw/snow/csd/Train/Gt/885.tif,train,snow,csd
train/886,../raw/snow/csd/Train/Snow/886.tif,../raw/snow/csd/Train/Gt/886.tif,train,snow,csd
train/887,../raw/snow/csd/Train/Snow/887.tif,../raw/snow/csd/Train/Gt/887.tif,train,snow,csd
train/888,../raw/snow/csd/Train/Snow/888.tif,../raw/snow/csd/Train/Gt/888.tif,train,snow,csd
train/889,../raw/snow/csd/Train/Snow/889.tif,../raw/snow/csd/Train/Gt/889.tif,train,snow,csd
train/89,../raw/snow/csd/Train/Snow/89.tif,../raw/snow/csd/Train/Gt/89.tif,train,snow,csd
train/890,../raw/snow/csd/Train/Snow/890.tif,../raw/snow/csd/Train/Gt/890.tif,train,snow,csd
train/891,../raw/snow/csd/Train/Snow/891.tif,../raw/snow/csd/Train/Gt/891.tif,train,snow,csd
train/892,../raw/snow/csd/Train/Snow/892.tif,../raw/snow/csd/Train/Gt/892.tif,train,snow,csd
train/893,../raw/snow/csd/Train/Snow/893.tif,../raw/snow/csd/Train/Gt/893.tif,train,snow,csd
train/894,../raw/snow/csd/Train/Snow/894.tif,../raw/snow/csd/Train/Gt/894.tif,train,snow,csd
train/895,../raw/snow/csd/Train/Snow/895.tif,../raw/snow/csd/Train/Gt/895.tif,train,snow,csd
train/896,../raw/snow/csd/Train/Snow/896.tif,../raw/snow/csd/Train/Gt/896.tif,train,snow,csd
train/897,../raw/snow/csd/Train/Snow/897.tif,../raw/snow/csd/Train/Gt/897.tif,train,snow,csd
train/898,../raw/snow/csd/Train/Snow/898.tif,../raw/snow/csd/Train/Gt/898.tif,train,snow,csd
train/899,../raw/snow/csd/Train/Snow/899.tif,../raw/snow/csd/Train/Gt/899.tif,train,snow,csd
train/9,../raw/snow/csd/Train/Snow/9.tif,../raw/snow/csd/Train/Gt/9.tif,train,snow,csd
train/90,../raw/snow/csd/Train/Snow/90.tif,../raw/snow/csd/Train/Gt/90.tif,train,snow,csd
train/900,../raw/snow/csd/Train/Snow/900.tif,../raw/snow/csd/Train/Gt/900.tif,train,snow,csd
train/901,../raw/snow/csd/Train/Snow/901.tif,../raw/snow/csd/Train/Gt/901.tif,train,snow,csd
train/902,../raw/snow/csd/Train/Snow/902.tif,../raw/snow/csd/Train/Gt/902.tif,train,snow,csd
train/903,../raw/snow/csd/Train/Snow/903.tif,../raw/snow/csd/Train/Gt/903.tif,train,snow,csd
train/904,../raw/snow/csd/Train/Snow/904.tif,../raw/snow/csd/Train/Gt/904.tif,train,snow,csd
train/905,../raw/snow/csd/Train/Snow/905.tif,../raw/snow/csd/Train/Gt/905.tif,train,snow,csd
train/906,../raw/snow/csd/Train/Snow/906.tif,../raw/snow/csd/Train/Gt/906.tif,train,snow,csd
train/907,../raw/snow/csd/Train/Snow/907.tif,../raw/snow/csd/Train/Gt/907.tif,train,snow,csd
train/908,../raw/snow/csd/Train/Snow/908.tif,../raw/snow/csd/Train/Gt/908.tif,train,snow,csd
train/909,../raw/snow/csd/Train/Snow/909.tif,../raw/snow/csd/Train/Gt/909.tif,train,snow,csd
train/91,../raw/snow/csd/Train/Snow/91.tif,../raw/snow/csd/Train/Gt/91.tif,train,snow,csd
train/910,../raw/snow/csd/Train/Snow/910.tif,../raw/snow/csd/Train/Gt/910.tif,train,snow,csd
train/911,../raw/snow/csd/Train/Snow/911.tif,../raw/snow/csd/Train/Gt/911.tif,train,snow,csd
train/912,../raw/snow/csd/Train/Snow/912.tif,../raw/snow/csd/Train/Gt/912.tif,train,snow,csd
train/913,../raw/snow/csd/Train/Snow/913.tif,../raw/snow/csd/Train/Gt/913.tif,train,snow,csd
train/914,../raw/snow/csd/Train/Snow/914.tif,../raw/snow/csd/Train/Gt/914.tif,val,snow,csd
train/915,../raw/snow/csd/Train/Snow/915.tif,../raw/snow/csd/Train/Gt/915.tif,train,snow,csd
train/916,../raw/snow/csd/Train/Snow/916.tif,../raw/snow/csd/Train/Gt/916.tif,train,snow,csd
train/917,../raw/snow/csd/Train/Snow/917.tif,../raw/snow/csd/Train/Gt/917.tif,train,snow,csd
train/918,../raw/snow/csd/Train/Snow/918.tif,../raw/snow/csd/Train/Gt/918.tif,train,snow,csd
train/919,../raw/snow/csd/Train/Snow/919.tif,../raw/snow/csd/Train/Gt/919.tif,train,snow,csd
train/92,../raw/snow/csd/Train/Snow/92.tif,../raw/snow/csd/Train/Gt/92.tif,train,snow,csd
train/920,../raw/snow/csd/Train/Snow/920.tif,../raw/snow/csd/Train/Gt/920.tif,train,snow,csd
train/921,../raw/snow/csd/Train/Snow/921.tif,../raw/snow/csd/Train/Gt/921.tif,train,snow,csd
train/922,../raw/snow/csd/Train/Snow/922.tif,../raw/snow/csd/Train/Gt/922.tif,val,snow,csd
train/923,../raw/snow/csd/Train/Snow/923.tif,../raw/snow/csd/Train/Gt/923.tif,train,snow,csd
train/924,../raw/snow/csd/Train/Snow/924.tif,../raw/snow/csd/Train/Gt/924.tif,train,snow,csd
train/925,../raw/snow/csd/Train/Snow/925.tif,../raw/snow/csd/Train/Gt/925.tif,train,snow,csd
train/926,../raw/snow/csd/Train/Snow/926.tif,../raw/snow/csd/Train/Gt/926.tif,val,snow,csd
train/927,../raw/snow/csd/Train/Snow/927.tif,../raw/snow/csd/Train/Gt/927.tif,train,snow,csd
train/928,../raw/snow/csd/Train/Snow/928.tif,../raw/snow/csd/Train/Gt/928.tif,val,snow,csd
train/929,../raw/snow/csd/Train/Snow/929.tif,../raw/snow/csd/Train/Gt/929.tif,train,snow,csd
train/93,../raw/snow/csd/Train/Snow/93.tif,../raw/snow/csd/Train/Gt/93.tif,train,snow,csd
train/930,../raw/snow/csd/Train/Snow/930.tif,../raw/snow/csd/Train/Gt/930.tif,train,snow,csd
train/931,../raw/snow/csd/Train/Snow/931.tif,../raw/snow/csd/Train/Gt/931.tif,train,snow,csd
train/932,../raw/snow/csd/Train/Snow/932.tif,../raw/snow/csd/Train/Gt/932.tif,val,snow,csd
train/933,../raw/snow/csd/Train/Snow/933.tif,../raw/snow/csd/Train/Gt/933.tif,train,snow,csd
train/934,../raw/snow/csd/Train/Snow/934.tif,../raw/snow/csd/Train/Gt/934.tif,train,snow,csd
train/935,../raw/snow/csd/Train/Snow/935.tif,../raw/snow/csd/Train/Gt/935.tif,train,snow,csd
train/936,../raw/snow/csd/Train/Snow/936.tif,../raw/snow/csd/Train/Gt/936.tif,train,snow,csd
train/937,../raw/snow/csd/Train/Snow/937.tif,../raw/snow/csd/Train/Gt/937.tif,train,snow,csd
train/938,../raw/snow/csd/Train/Snow/938.tif,../raw/snow/csd/Train/Gt/938.tif,train,snow,csd
train/939,../raw/snow/csd/Train/Snow/939.tif,../raw/snow/csd/Train/Gt/939.tif,train,snow,csd
train/94,../raw/snow/csd/Train/Snow/94.tif,../raw/snow/csd/Train/Gt/94.tif,train,snow,csd
train/940,../raw/snow/csd/Train/Snow/940.tif,../raw/snow/csd/Train/Gt/940.tif,train,snow,csd
train/941,../raw/snow/csd/Train/Snow/941.tif,../raw/snow/csd/Train/Gt/941.tif,val,snow,csd
train/942,../raw/snow/csd/Train/Snow/942.tif,../raw/snow/csd/Train/Gt/942.tif,train,snow,csd
train/943,../raw/snow/csd/Train/Snow/943.tif,../raw/snow/csd/Train/Gt/943.tif,train,snow,csd
train/944,../raw/snow/csd/Train/Snow/944.tif,../raw/snow/csd/Train/Gt/944.tif,train,snow,csd
train/945,../raw/snow/csd/Train/Snow/945.tif,../raw/snow/csd/Train/Gt/945.tif,train,snow,csd
train/946,../raw/snow/csd/Train/Snow/946.tif,../raw/snow/csd/Train/Gt/946.tif,train,snow,csd
train/947,../raw/snow/csd/Train/Snow/947.tif,../raw/snow/csd/Train/Gt/947.tif,train,snow,csd
train/948,../raw/snow/csd/Train/Snow/948.tif,../raw/snow/csd/Train/Gt/948.tif,train,snow,csd
train/949,../raw/snow/csd/Train/Snow/949.tif,../raw/snow/csd/Train/Gt/949.tif,train,snow,csd
train/95,../raw/snow/csd/Train/Snow/95.tif,../raw/snow/csd/Train/Gt/95.tif,train,snow,csd
train/950,../raw/snow/csd/Train/Snow/950.tif,../raw/snow/csd/Train/Gt/950.tif,train,snow,csd
train/951,../raw/snow/csd/Train/Snow/951.tif,../raw/snow/csd/Train/Gt/951.tif,val,snow,csd
train/952,../raw/snow/csd/Train/Snow/952.tif,../raw/snow/csd/Train/Gt/952.tif,train,snow,csd
train/953,../raw/snow/csd/Train/Snow/953.tif,../raw/snow/csd/Train/Gt/953.tif,train,snow,csd
train/954,../raw/snow/csd/Train/Snow/954.tif,../raw/snow/csd/Train/Gt/954.tif,train,snow,csd
train/955,../raw/snow/csd/Train/Snow/955.tif,../raw/snow/csd/Train/Gt/955.tif,train,snow,csd
train/956,../raw/snow/csd/Train/Snow/956.tif,../raw/snow/csd/Train/Gt/956.tif,train,snow,csd
train/957,../raw/snow/csd/Train/Snow/957.tif,../raw/snow/csd/Train/Gt/957.tif,train,snow,csd
train/958,../raw/snow/csd/Train/Snow/958.tif,../raw/snow/csd/Train/Gt/958.tif,train,snow,csd
train/959,../raw/snow/csd/Train/Snow/959.tif,../raw/snow/csd/Train/Gt/959.tif,val,snow,csd
train/96,../raw/snow/csd/Train/Snow/96.tif,../raw/snow/csd/Train/Gt/96.tif,train,snow,csd
train/960,../raw/snow/csd/Train/Snow/960.tif,../raw/snow/csd/Train/Gt/960.tif,train,snow,csd
train/961,../raw/snow/csd/Train/Snow/961.tif,../raw/snow/csd/Train/Gt/961.tif,train,snow,csd
train/962,../raw/snow/csd/Train/Snow/962.tif,../raw/snow/csd/Train/Gt/962.tif,train,snow,csd
train/963,../raw/snow/csd/Train/Snow/963.tif,../raw/snow/csd/Train/Gt/963.tif,train,snow,csd
train/964,../raw/snow/csd/Train/Snow/964.tif,../raw/snow/csd/Train/Gt/964.tif,train,snow,csd
train/965,../raw/snow/csd/Train/Snow/965.tif,../raw/snow/csd/Train/Gt/965.tif,train,snow,csd
train/966,../raw/snow/csd/Train/Snow/966.tif,../raw/snow/csd/Train/Gt/966.tif,train,snow,csd
train/967,../raw/snow/csd/Train/Snow/967.tif,../raw/snow/csd/Train/Gt/967.tif,train,snow,csd
train/968,../raw/snow/csd/Train/Snow/968.tif,../raw/snow/csd/Train/Gt/968.tif,train,snow,csd
train/969,../raw/snow/csd/Train/Snow/969.tif,../raw/snow/csd/Train/Gt/969.tif,train,snow,csd
train/97,../raw/snow/csd/Train/Snow/97.tif,../raw/snow/csd/Train/Gt/97.tif,train,snow,csd
train/970,../raw/snow/csd/Train/Snow/970.tif,../raw/snow/csd/Train/Gt/970.tif,train,snow,csd
train/971,../raw/snow/csd/Train/Snow/971.tif,../raw/snow/csd/Train/Gt/971.tif,val,snow,csd
train/972,../raw/snow/csd/Train/Snow/972.tif,../raw/snow/csd/Train/Gt/972.tif,train,snow,csd
train/973,../raw/snow/csd/Train/Snow/973.tif,../raw/snow/csd/Train/Gt/973.tif,train,snow,csd
train/974,../raw/snow/csd/Train/Snow/974.tif,../raw/snow/csd/Train/Gt/974.tif,val,snow,csd
train/975,../raw/snow/csd/Train/Snow/975.tif,../raw/snow/csd/Train/Gt/975.tif,train,snow,csd
train/976,../raw/snow/csd/Train/Snow/976.tif,../raw/snow/csd/Train/Gt/976.tif,train,snow,csd
train/977,../raw/snow/csd/Train/Snow/977.tif,../raw/snow/csd/Train/Gt/977.tif,train,snow,csd
train/978,../raw/snow/csd/Train/Snow/978.tif,../raw/snow/csd/Train/Gt/978.tif,train,snow,csd
train/979,../raw/snow/csd/Train/Snow/979.tif,../raw/snow/csd/Train/Gt/979.tif,train,snow,csd
train/98,../raw/snow/csd/Train/Snow/98.tif,../raw/snow/csd/Train/Gt/98.tif,train,snow,csd
train/980,../raw/snow/csd/Train/Snow/980.tif,../raw/snow/csd/Train/Gt/980.tif,val,snow,csd
train/981,../raw/snow/csd/Train/Snow/981.tif,../raw/snow/csd/Train/Gt/981.tif,train,snow,csd
train/982,../raw/snow/csd/Train/Snow/982.tif,../raw/snow/csd/Train/Gt/982.tif,train,snow,csd
train/983,../raw/snow/csd/Train/Snow/983.tif,../raw/snow/csd/Train/Gt/983.tif,train,snow,csd
train/984,../raw/snow/csd/Train/Snow/984.tif,../raw/snow/csd/Train/Gt/984.tif,train,snow,csd
train/985,../raw/snow/csd/Train/Snow/985.tif,../raw/snow/csd/Train/Gt/985.tif,train,snow,csd
train/986,../raw/snow/csd/Train/Snow/986.tif,../raw/snow/csd/Train/Gt/986.tif,val,snow,csd
train/987,../raw/snow/csd/Train/Snow/987.tif,../raw/snow/csd/Train/Gt/987.tif,train,snow,csd
train/988,../raw/snow/csd/Train/Snow/988.tif,../raw/snow/csd/Train/Gt/988.tif,train,snow,csd
train/989,../raw/snow/csd/Train/Snow/989.tif,../raw/snow/csd/Train/Gt/989.tif,train,snow,csd
train/99,../raw/snow/csd/Train/Snow/99.tif,../raw/snow/csd/Train/Gt/99.tif,train,snow,csd
train/990,../raw/snow/csd/Train/Snow/990.tif,../raw/snow/csd/Train/Gt/990.tif,train,snow,csd
train/991,../raw/snow/csd/Train/Snow/991.tif,../raw/snow/csd/Train/Gt/991.tif,train,snow,csd
train/992,../raw/snow/csd/Train/Snow/992.tif,../raw/snow/csd/Train/Gt/992.tif,train,snow,csd
train/993,../raw/snow/csd/Train/Snow/993.tif,../raw/snow/csd/Train/Gt/993.tif,train,snow,csd
train/994,../raw/snow/csd/Train/Snow/994.tif,../raw/snow/csd/Train/Gt/994.tif,train,snow,csd
train/995,../raw/snow/csd/Train/Snow/995.tif,../raw/snow/csd/Train/Gt/995.tif,train,snow,csd
train/996,../raw/snow/csd/Train/Snow/996.tif,../raw/snow/csd/Train/Gt/996.tif,val,snow,csd
train/997,../raw/snow/csd/Train/Snow/997.tif,../raw/snow/csd/Train/Gt/997.tif,train,snow,csd
train/998,../raw/snow/csd/Train/Snow/998.tif,../raw/snow/csd/Train/Gt/998.tif,train,snow,csd
train/999,../raw/snow/csd/Train/Snow/999.tif,../raw/snow/csd/Train/Gt/999.tif,train,snow,csd
test/1,../raw/snow/csd/Test/Snow/1.tif,../raw/snow/csd/Test/Gt/1.tif,test,snow,csd
test/10,../raw/snow/csd/Test/Snow/10.tif,../raw/snow/csd/Test/Gt/10.tif,test,snow,csd
test/100,../raw/snow/csd/Test/Snow/100.tif,../raw/snow/csd/Test/Gt/100.tif,test,snow,csd
test/1000,../raw/snow/csd/Test/Snow/1000.tif,../raw/snow/csd/Test/Gt/1000.tif,test,snow,csd
test/1001,../raw/snow/csd/Test/Snow/1001.tif,../raw/snow/csd/Test/Gt/1001.tif,test,snow,csd
test/1002,../raw/snow/csd/Test/Snow/1002.tif,../raw/snow/csd/Test/Gt/1002.tif,test,snow,csd
test/1003,../raw/snow/csd/Test/Snow/1003.tif,../raw/snow/csd/Test/Gt/1003.tif,test,snow,csd
test/1004,../raw/snow/csd/Test/Snow/1004.tif,../raw/snow/csd/Test/Gt/1004.tif,test,snow,csd
test/1005,../raw/snow/csd/Test/Snow/1005.tif,../raw/snow/csd/Test/Gt/1005.tif,test,snow,csd
test/1006,../raw/snow/csd/Test/Snow/1006.tif,../raw/snow/csd/Test/Gt/1006.tif,test,snow,csd
test/1007,../raw/snow/csd/Test/Snow/1007.tif,../raw/snow/csd/Test/Gt/1007.tif,test,snow,csd
test/1008,../raw/snow/csd/Test/Snow/1008.tif,../raw/snow/csd/Test/Gt/1008.tif,test,snow,csd
test/1009,../raw/snow/csd/Test/Snow/1009.tif,../raw/snow/csd/Test/Gt/1009.tif,test,snow,csd
test/101,../raw/snow/csd/Test/Snow/101.tif,../raw/snow/csd/Test/Gt/101.tif,test,snow,csd
test/1010,../raw/snow/csd/Test/Snow/1010.tif,../raw/snow/csd/Test/Gt/1010.tif,test,snow,csd
test/1011,../raw/snow/csd/Test/Snow/1011.tif,../raw/snow/csd/Test/Gt/1011.tif,test,snow,csd
test/1012,../raw/snow/csd/Test/Snow/1012.tif,../raw/snow/csd/Test/Gt/1012.tif,test,snow,csd
test/1013,../raw/snow/csd/Test/Snow/1013.tif,../raw/snow/csd/Test/Gt/1013.tif,test,snow,csd
test/1014,../raw/snow/csd/Test/Snow/1014.tif,../raw/snow/csd/Test/Gt/1014.tif,test,snow,csd
test/1015,../raw/snow/csd/Test/Snow/1015.tif,../raw/snow/csd/Test/Gt/1015.tif,test,snow,csd
test/1016,../raw/snow/csd/Test/Snow/1016.tif,../raw/snow/csd/Test/Gt/1016.tif,test,snow,csd
test/1017,../raw/snow/csd/Test/Snow/1017.tif,../raw/snow/csd/Test/Gt/1017.tif,test,snow,csd
test/1018,../raw/snow/csd/Test/Snow/1018.tif,../raw/snow/csd/Test/Gt/1018.tif,test,snow,csd
test/1019,../raw/snow/csd/Test/Snow/1019.tif,../raw/snow/csd/Test/Gt/1019.tif,test,snow,csd
test/102,../raw/snow/csd/Test/Snow/102.tif,../raw/snow/csd/Test/Gt/102.tif,test,snow,csd
test/1020,../raw/snow/csd/Test/Snow/1020.tif,../raw/snow/csd/Test/Gt/1020.tif,test,snow,csd
test/1021,../raw/snow/csd/Test/Snow/1021.tif,../raw/snow/csd/Test/Gt/1021.tif,test,snow,csd
test/1022,../raw/snow/csd/Test/Snow/1022.tif,../raw/snow/csd/Test/Gt/1022.tif,test,snow,csd
test/1023,../raw/snow/csd/Test/Snow/1023.tif,../raw/snow/csd/Test/Gt/1023.tif,test,snow,csd
test/1024,../raw/snow/csd/Test/Snow/1024.tif,../raw/snow/csd/Test/Gt/1024.tif,test,snow,csd
test/1025,../raw/snow/csd/Test/Snow/1025.tif,../raw/snow/csd/Test/Gt/1025.tif,test,snow,csd
test/1026,../raw/snow/csd/Test/Snow/1026.tif,../raw/snow/csd/Test/Gt/1026.tif,test,snow,csd
test/1027,../raw/snow/csd/Test/Snow/1027.tif,../raw/snow/csd/Test/Gt/1027.tif,test,snow,csd
test/1028,../raw/snow/csd/Test/Snow/1028.tif,../raw/snow/csd/Test/Gt/1028.tif,test,snow,csd
test/1029,../raw/snow/csd/Test/Snow/1029.tif,../raw/snow/csd/Test/Gt/1029.tif,test,snow,csd
test/103,../raw/snow/csd/Test/Snow/103.tif,../raw/snow/csd/Test/Gt/103.tif,test,snow,csd
test/1030,../raw/snow/csd/Test/Snow/1030.tif,../raw/snow/csd/Test/Gt/1030.tif,test,snow,csd
test/1031,../raw/snow/csd/Test/Snow/1031.tif,../raw/snow/csd/Test/Gt/1031.tif,test,snow,csd
test/1032,../raw/snow/csd/Test/Snow/1032.tif,../raw/snow/csd/Test/Gt/1032.tif,test,snow,csd
test/1033,../raw/snow/csd/Test/Snow/1033.tif,../raw/snow/csd/Test/Gt/1033.tif,test,snow,csd
test/1034,../raw/snow/csd/Test/Snow/1034.tif,../raw/snow/csd/Test/Gt/1034.tif,test,snow,csd
test/1035,../raw/snow/csd/Test/Snow/1035.tif,../raw/snow/csd/Test/Gt/1035.tif,test,snow,csd
test/1036,../raw/snow/csd/Test/Snow/1036.tif,../raw/snow/csd/Test/Gt/1036.tif,test,snow,csd
test/1037,../raw/snow/csd/Test/Snow/1037.tif,../raw/snow/csd/Test/Gt/1037.tif,test,snow,csd
test/1038,../raw/snow/csd/Test/Snow/1038.tif,../raw/snow/csd/Test/Gt/1038.tif,test,snow,csd
test/1039,../raw/snow/csd/Test/Snow/1039.tif,../raw/snow/csd/Test/Gt/1039.tif,test,snow,csd
test/104,../raw/snow/csd/Test/Snow/104.tif,../raw/snow/csd/Test/Gt/104.tif,test,snow,csd
test/1040,../raw/snow/csd/Test/Snow/1040.tif,../raw/snow/csd/Test/Gt/1040.tif,test,snow,csd
test/1041,../raw/snow/csd/Test/Snow/1041.tif,../raw/snow/csd/Test/Gt/1041.tif,test,snow,csd
test/1042,../raw/snow/csd/Test/Snow/1042.tif,../raw/snow/csd/Test/Gt/1042.tif,test,snow,csd
test/1043,../raw/snow/csd/Test/Snow/1043.tif,../raw/snow/csd/Test/Gt/1043.tif,test,snow,csd
test/1044,../raw/snow/csd/Test/Snow/1044.tif,../raw/snow/csd/Test/Gt/1044.tif,test,snow,csd
test/1045,../raw/snow/csd/Test/Snow/1045.tif,../raw/snow/csd/Test/Gt/1045.tif,test,snow,csd
test/1046,../raw/snow/csd/Test/Snow/1046.tif,../raw/snow/csd/Test/Gt/1046.tif,test,snow,csd
test/1047,../raw/snow/csd/Test/Snow/1047.tif,../raw/snow/csd/Test/Gt/1047.tif,test,snow,csd
test/1048,../raw/snow/csd/Test/Snow/1048.tif,../raw/snow/csd/Test/Gt/1048.tif,test,snow,csd
test/1049,../raw/snow/csd/Test/Snow/1049.tif,../raw/snow/csd/Test/Gt/1049.tif,test,snow,csd
test/105,../raw/snow/csd/Test/Snow/105.tif,../raw/snow/csd/Test/Gt/105.tif,test,snow,csd
test/1050,../raw/snow/csd/Test/Snow/1050.tif,../raw/snow/csd/Test/Gt/1050.tif,test,snow,csd
test/1051,../raw/snow/csd/Test/Snow/1051.tif,../raw/snow/csd/Test/Gt/1051.tif,test,snow,csd
test/1052,../raw/snow/csd/Test/Snow/1052.tif,../raw/snow/csd/Test/Gt/1052.tif,test,snow,csd
test/1053,../raw/snow/csd/Test/Snow/1053.tif,../raw/snow/csd/Test/Gt/1053.tif,test,snow,csd
test/1054,../raw/snow/csd/Test/Snow/1054.tif,../raw/snow/csd/Test/Gt/1054.tif,test,snow,csd
test/1055,../raw/snow/csd/Test/Snow/1055.tif,../raw/snow/csd/Test/Gt/1055.tif,test,snow,csd
test/1056,../raw/snow/csd/Test/Snow/1056.tif,../raw/snow/csd/Test/Gt/1056.tif,test,snow,csd
test/1057,../raw/snow/csd/Test/Snow/1057.tif,../raw/snow/csd/Test/Gt/1057.tif,test,snow,csd
test/1058,../raw/snow/csd/Test/Snow/1058.tif,../raw/snow/csd/Test/Gt/1058.tif,test,snow,csd
test/1059,../raw/snow/csd/Test/Snow/1059.tif,../raw/snow/csd/Test/Gt/1059.tif,test,snow,csd
test/106,../raw/snow/csd/Test/Snow/106.tif,../raw/snow/csd/Test/Gt/106.tif,test,snow,csd
test/1060,../raw/snow/csd/Test/Snow/1060.tif,../raw/snow/csd/Test/Gt/1060.tif,test,snow,csd
test/1061,../raw/snow/csd/Test/Snow/1061.tif,../raw/snow/csd/Test/Gt/1061.tif,test,snow,csd
test/1062,../raw/snow/csd/Test/Snow/1062.tif,../raw/snow/csd/Test/Gt/1062.tif,test,snow,csd
test/1063,../raw/snow/csd/Test/Snow/1063.tif,../raw/snow/csd/Test/Gt/1063.tif,test,snow,csd
test/1064,../raw/snow/csd/Test/Snow/1064.tif,../raw/snow/csd/Test/Gt/1064.tif,test,snow,csd
test/1065,../raw/snow/csd/Test/Snow/1065.tif,../raw/snow/csd/Test/Gt/1065.tif,test,snow,csd
test/1066,../raw/snow/csd/Test/Snow/1066.tif,../raw/snow/csd/Test/Gt/1066.tif,test,snow,csd
test/1067,../raw/snow/csd/Test/Snow/1067.tif,../raw/snow/csd/Test/Gt/1067.tif,test,snow,csd
test/1068,../raw/snow/csd/Test/Snow/1068.tif,../raw/snow/csd/Test/Gt/1068.tif,test,snow,csd
test/1069,../raw/snow/csd/Test/Snow/1069.tif,../raw/snow/csd/Test/Gt/1069.tif,test,snow,csd
test/107,../raw/snow/csd/Test/Snow/107.tif,../raw/snow/csd/Test/Gt/107.tif,test,snow,csd
test/1070,../raw/snow/csd/Test/Snow/1070.tif,../raw/snow/csd/Test/Gt/1070.tif,test,snow,csd
test/1071,../raw/snow/csd/Test/Snow/1071.tif,../raw/snow/csd/Test/Gt/1071.tif,test,snow,csd
test/1072,../raw/snow/csd/Test/Snow/1072.tif,../raw/snow/csd/Test/Gt/1072.tif,test,snow,csd
test/1073,../raw/snow/csd/Test/Snow/1073.tif,../raw/snow/csd/Test/Gt/1073.tif,test,snow,csd
test/1074,../raw/snow/csd/Test/Snow/1074.tif,../raw/snow/csd/Test/Gt/1074.tif,test,snow,csd
test/1075,../raw/snow/csd/Test/Snow/1075.tif,../raw/snow/csd/Test/Gt/1075.tif,test,snow,csd
test/1076,../raw/snow/csd/Test/Snow/1076.tif,../raw/snow/csd/Test/Gt/1076.tif,test,snow,csd
test/1077,../raw/snow/csd/Test/Snow/1077.tif,../raw/snow/csd/Test/Gt/1077.tif,test,snow,csd
test/1078,../raw/snow/csd/Test/Snow/1078.tif,../raw/snow/csd/Test/Gt/1078.tif,test,snow,csd
test/1079,../raw/snow/csd/Test/Snow/1079.tif,../raw/snow/csd/Test/Gt/1079.tif,test,snow,csd
test/108,../raw/snow/csd/Test/Snow/108.tif,../raw/snow/csd/Test/Gt/108.tif,test,snow,csd
test/1080,../raw/snow/csd/Test/Snow/1080.tif,../raw/snow/csd/Test/Gt/1080.tif,test,snow,csd
test/1081,../raw/snow/csd/Test/Snow/1081.tif,../raw/snow/csd/Test/Gt/1081.tif,test,snow,csd
test/1082,../raw/snow/csd/Test/Snow/1082.tif,../raw/snow/csd/Test/Gt/1082.tif,test,snow,csd
test/1083,../raw/snow/csd/Test/Snow/1083.tif,../raw/snow/csd/Test/Gt/1083.tif,test,snow,csd
test/1084,../raw/snow/csd/Test/Snow/1084.tif,../raw/snow/csd/Test/Gt/1084.tif,test,snow,csd
test/1085,../raw/snow/csd/Test/Snow/1085.tif,../raw/snow/csd/Test/Gt/1085.tif,test,snow,csd
test/1086,../raw/snow/csd/Test/Snow/1086.tif,../raw/snow/csd/Test/Gt/1086.tif,test,snow,csd
test/1087,../raw/snow/csd/Test/Snow/1087.tif,../raw/snow/csd/Test/Gt/1087.tif,test,snow,csd
test/1088,../raw/snow/csd/Test/Snow/1088.tif,../raw/snow/csd/Test/Gt/1088.tif,test,snow,csd
test/1089,../raw/snow/csd/Test/Snow/1089.tif,../raw/snow/csd/Test/Gt/1089.tif,test,snow,csd
test/109,../raw/snow/csd/Test/Snow/109.tif,../raw/snow/csd/Test/Gt/109.tif,test,snow,csd
test/1090,../raw/snow/csd/Test/Snow/1090.tif,../raw/snow/csd/Test/Gt/1090.tif,test,snow,csd
test/1091,../raw/snow/csd/Test/Snow/1091.tif,../raw/snow/csd/Test/Gt/1091.tif,test,snow,csd
test/1092,../raw/snow/csd/Test/Snow/1092.tif,../raw/snow/csd/Test/Gt/1092.tif,test,snow,csd
test/1093,../raw/snow/csd/Test/Snow/1093.tif,../raw/snow/csd/Test/Gt/1093.tif,test,snow,csd
test/1094,../raw/snow/csd/Test/Snow/1094.tif,../raw/snow/csd/Test/Gt/1094.tif,test,snow,csd
test/1095,../raw/snow/csd/Test/Snow/1095.tif,../raw/snow/csd/Test/Gt/1095.tif,test,snow,csd
test/1096,../raw/snow/csd/Test/Snow/1096.tif,../raw/snow/csd/Test/Gt/1096.tif,test,snow,csd
test/1097,../raw/snow/csd/Test/Snow/1097.tif,../raw/snow/csd/Test/Gt/1097.tif,test,snow,csd
test/1098,../raw/snow/csd/Test/Snow/1098.tif,../raw/snow/csd/Test/Gt/1098.tif,test,snow,csd
test/1099,../raw/snow/csd/Test/Snow/1099.tif,../raw/snow/csd/Test/Gt/1099.tif,test,snow,csd
test/11,../raw/snow/csd/Test/Snow/11.tif,../raw/snow/csd/Test/Gt/11.tif,test,snow,csd
test/110,../raw/snow/csd/Test/Snow/110.tif,../raw/snow/csd/Test/Gt/110.tif,test,snow,csd
test/1100,../raw/snow/csd/Test/Snow/1100.tif,../raw/snow/csd/Test/Gt/1100.tif,test,snow,csd
test/1101,../raw/snow/csd/Test/Snow/1101.tif,../raw/snow/csd/Test/Gt/1101.tif,test,snow,csd
test/1102,../raw/snow/csd/Test/Snow/1102.tif,../raw/snow/csd/Test/Gt/1102.tif,test,snow,csd
test/1103,../raw/snow/csd/Test/Snow/1103.tif,../raw/snow/csd/Test/Gt/1103.tif,test,snow,csd
test/1104,../raw/snow/csd/Test/Snow/1104.tif,../raw/snow/csd/Test/Gt/1104.tif,test,snow,csd
test/1105,../raw/snow/csd/Test/Snow/1105.tif,../raw/snow/csd/Test/Gt/1105.tif,test,snow,csd
test/1106,../raw/snow/csd/Test/Snow/1106.tif,../raw/snow/csd/Test/Gt/1106.tif,test,snow,csd
test/1107,../raw/snow/csd/Test/Snow/1107.tif,../raw/snow/csd/Test/Gt/1107.tif,test,snow,csd
test/1108,../raw/snow/csd/Test/Snow/1108.tif,../raw/snow/csd/Test/Gt/1108.tif,test,snow,csd
test/1109,../raw/snow/csd/Test/Snow/1109.tif,../raw/snow/csd/Test/Gt/1109.tif,test,snow,csd
test/111,../raw/snow/csd/Test/Snow/111.tif,../raw/snow/csd/Test/Gt/111.tif,test,snow,csd
test/1110,../raw/snow/csd/Test/Snow/1110.tif,../raw/snow/csd/Test/Gt/1110.tif,test,snow,csd
test/1111,../raw/snow/csd/Test/Snow/1111.tif,../raw/snow/csd/Test/Gt/1111.tif,test,snow,csd
test/1112,../raw/snow/csd/Test/Snow/1112.tif,../raw/snow/csd/Test/Gt/1112.tif,test,snow,csd
test/1113,../raw/snow/csd/Test/Snow/1113.tif,../raw/snow/csd/Test/Gt/1113.tif,test,snow,csd
test/1114,../raw/snow/csd/Test/Snow/1114.tif,../raw/snow/csd/Test/Gt/1114.tif,test,snow,csd
test/1115,../raw/snow/csd/Test/Snow/1115.tif,../raw/snow/csd/Test/Gt/1115.tif,test,snow,csd
test/1116,../raw/snow/csd/Test/Snow/1116.tif,../raw/snow/csd/Test/Gt/1116.tif,test,snow,csd
test/1117,../raw/snow/csd/Test/Snow/1117.tif,../raw/snow/csd/Test/Gt/1117.tif,test,snow,csd
test/1118,../raw/snow/csd/Test/Snow/1118.tif,../raw/snow/csd/Test/Gt/1118.tif,test,snow,csd
test/1119,../raw/snow/csd/Test/Snow/1119.tif,../raw/snow/csd/Test/Gt/1119.tif,test,snow,csd
test/112,../raw/snow/csd/Test/Snow/112.tif,../raw/snow/csd/Test/Gt/112.tif,test,snow,csd
test/1120,../raw/snow/csd/Test/Snow/1120.tif,../raw/snow/csd/Test/Gt/1120.tif,test,snow,csd
test/1121,../raw/snow/csd/Test/Snow/1121.tif,../raw/snow/csd/Test/Gt/1121.tif,test,snow,csd
test/1122,../raw/snow/csd/Test/Snow/1122.tif,../raw/snow/csd/Test/Gt/1122.tif,test,snow,csd
test/1123,../raw/snow/csd/Test/Snow/1123.tif,../raw/snow/csd/Test/Gt/1123.tif,test,snow,csd
test/1124,../raw/snow/csd/Test/Snow/1124.tif,../raw/snow/csd/Test/Gt/1124.tif,test,snow,csd
test/1125,../raw/snow/csd/Test/Snow/1125.tif,../raw/snow/csd/Test/Gt/1125.tif,test,snow,csd
test/1126,../raw/snow/csd/Test/Snow/1126.tif,../raw/snow/csd/Test/Gt/1126.tif,test,snow,csd
test/1127,../raw/snow/csd/Test/Snow/1127.tif,../raw/snow/csd/Test/Gt/1127.tif,test,snow,csd
test/1128,../raw/snow/csd/Test/Snow/1128.tif,../raw/snow/csd/Test/Gt/1128.tif,test,snow,csd
test/1129,../raw/snow/csd/Test/Snow/1129.tif,../raw/snow/csd/Test/Gt/1129.tif,test,snow,csd
test/113,../raw/snow/csd/Test/Snow/113.tif,../raw/snow/csd/Test/Gt/113.tif,test,snow,csd
test/1130,../raw/snow/csd/Test/Snow/1130.tif,../raw/snow/csd/Test/Gt/1130.tif,test,snow,csd
test/1131,../raw/snow/csd/Test/Snow/1131.tif,../raw/snow/csd/Test/Gt/1131.tif,test,snow,csd
test/1132,../raw/snow/csd/Test/Snow/1132.tif,../raw/snow/csd/Test/Gt/1132.tif,test,snow,csd
test/1133,../raw/snow/csd/Test/Snow/1133.tif,../raw/snow/csd/Test/Gt/1133.tif,test,snow,csd
test/1134,../raw/snow/csd/Test/Snow/1134.tif,../raw/snow/csd/Test/Gt/1134.tif,test,snow,csd
test/1135,../raw/snow/csd/Test/Snow/1135.tif,../raw/snow/csd/Test/Gt/1135.tif,test,snow,csd
test/1136,../raw/snow/csd/Test/Snow/1136.tif,../raw/snow/csd/Test/Gt/1136.tif,test,snow,csd
test/1137,../raw/snow/csd/Test/Snow/1137.tif,../raw/snow/csd/Test/Gt/1137.tif,test,snow,csd
test/1138,../raw/snow/csd/Test/Snow/1138.tif,../raw/snow/csd/Test/Gt/1138.tif,test,snow,csd
test/1139,../raw/snow/csd/Test/Snow/1139.tif,../raw/snow/csd/Test/Gt/1139.tif,test,snow,csd
test/114,../raw/snow/csd/Test/Snow/114.tif,../raw/snow/csd/Test/Gt/114.tif,test,snow,csd
test/1140,../raw/snow/csd/Test/Snow/1140.tif,../raw/snow/csd/Test/Gt/1140.tif,test,snow,csd
test/1141,../raw/snow/csd/Test/Snow/1141.tif,../raw/snow/csd/Test/Gt/1141.tif,test,snow,csd
test/1142,../raw/snow/csd/Test/Snow/1142.tif,../raw/snow/csd/Test/Gt/1142.tif,test,snow,csd
test/1143,../raw/snow/csd/Test/Snow/1143.tif,../raw/snow/csd/Test/Gt/1143.tif,test,snow,csd
test/1144,../raw/snow/csd/Test/Snow/1144.tif,../raw/snow/csd/Test/Gt/1144.tif,test,snow,csd
test/1145,../raw/snow/csd/Test/Snow/1145.tif,../raw/snow/csd/Test/Gt/1145.tif,test,snow,csd
test/1146,../raw/snow/csd/Test/Snow/1146.tif,../raw/snow/csd/Test/Gt/1146.tif,test,snow,csd
test/1147,../raw/snow/csd/Test/Snow/1147.tif,../raw/snow/csd/Test/Gt/1147.tif,test,snow,csd
test/1148,../raw/snow/csd/Test/Snow/1148.tif,../raw/snow/csd/Test/Gt/1148.tif,test,snow,csd
test/1149,../raw/snow/csd/Test/Snow/1149.tif,../raw/snow/csd/Test/Gt/1149.tif,test,snow,csd
test/115,../raw/snow/csd/Test/Snow/115.tif,../raw/snow/csd/Test/Gt/115.tif,test,snow,csd
test/1150,../raw/snow/csd/Test/Snow/1150.tif,../raw/snow/csd/Test/Gt/1150.tif,test,snow,csd
test/1151,../raw/snow/csd/Test/Snow/1151.tif,../raw/snow/csd/Test/Gt/1151.tif,test,snow,csd
test/1152,../raw/snow/csd/Test/Snow/1152.tif,../raw/snow/csd/Test/Gt/1152.tif,test,snow,csd
test/1153,../raw/snow/csd/Test/Snow/1153.tif,../raw/snow/csd/Test/Gt/1153.tif,test,snow,csd
test/1154,../raw/snow/csd/Test/Snow/1154.tif,../raw/snow/csd/Test/Gt/1154.tif,test,snow,csd
test/1155,../raw/snow/csd/Test/Snow/1155.tif,../raw/snow/csd/Test/Gt/1155.tif,test,snow,csd
test/1156,../raw/snow/csd/Test/Snow/1156.tif,../raw/snow/csd/Test/Gt/1156.tif,test,snow,csd
test/1157,../raw/snow/csd/Test/Snow/1157.tif,../raw/snow/csd/Test/Gt/1157.tif,test,snow,csd
test/1158,../raw/snow/csd/Test/Snow/1158.tif,../raw/snow/csd/Test/Gt/1158.tif,test,snow,csd
test/1159,../raw/snow/csd/Test/Snow/1159.tif,../raw/snow/csd/Test/Gt/1159.tif,test,snow,csd
test/116,../raw/snow/csd/Test/Snow/116.tif,../raw/snow/csd/Test/Gt/116.tif,test,snow,csd
test/1160,../raw/snow/csd/Test/Snow/1160.tif,../raw/snow/csd/Test/Gt/1160.tif,test,snow,csd
test/1161,../raw/snow/csd/Test/Snow/1161.tif,../raw/snow/csd/Test/Gt/1161.tif,test,snow,csd
test/1162,../raw/snow/csd/Test/Snow/1162.tif,../raw/snow/csd/Test/Gt/1162.tif,test,snow,csd
test/1163,../raw/snow/csd/Test/Snow/1163.tif,../raw/snow/csd/Test/Gt/1163.tif,test,snow,csd
test/1164,../raw/snow/csd/Test/Snow/1164.tif,../raw/snow/csd/Test/Gt/1164.tif,test,snow,csd
test/1165,../raw/snow/csd/Test/Snow/1165.tif,../raw/snow/csd/Test/Gt/1165.tif,test,snow,csd
test/1166,../raw/snow/csd/Test/Snow/1166.tif,../raw/snow/csd/Test/Gt/1166.tif,test,snow,csd
test/1167,../raw/snow/csd/Test/Snow/1167.tif,../raw/snow/csd/Test/Gt/1167.tif,test,snow,csd
test/1168,../raw/snow/csd/Test/Snow/1168.tif,../raw/snow/csd/Test/Gt/1168.tif,test,snow,csd
test/1169,../raw/snow/csd/Test/Snow/1169.tif,../raw/snow/csd/Test/Gt/1169.tif,test,snow,csd
test/117,../raw/snow/csd/Test/Snow/117.tif,../raw/snow/csd/Test/Gt/117.tif,test,snow,csd
test/1170,../raw/snow/csd/Test/Snow/1170.tif,../raw/snow/csd/Test/Gt/1170.tif,test,snow,csd
test/1171,../raw/snow/csd/Test/Snow/1171.tif,../raw/snow/csd/Test/Gt/1171.tif,test,snow,csd
test/1172,../raw/snow/csd/Test/Snow/1172.tif,../raw/snow/csd/Test/Gt/1172.tif,test,snow,csd
test/1173,../raw/snow/csd/Test/Snow/1173.tif,../raw/snow/csd/Test/Gt/1173.tif,test,snow,csd
test/1174,../raw/snow/csd/Test/Snow/1174.tif,../raw/snow/csd/Test/Gt/1174.tif,test,snow,csd
test/1175,../raw/snow/csd/Test/Snow/1175.tif,../raw/snow/csd/Test/Gt/1175.tif,test,snow,csd
test/1176,../raw/snow/csd/Test/Snow/1176.tif,../raw/snow/csd/Test/Gt/1176.tif,test,snow,csd
test/1177,../raw/snow/csd/Test/Snow/1177.tif,../raw/snow/csd/Test/Gt/1177.tif,test,snow,csd
test/1178,../raw/snow/csd/Test/Snow/1178.tif,../raw/snow/csd/Test/Gt/1178.tif,test,snow,csd
test/1179,../raw/snow/csd/Test/Snow/1179.tif,../raw/snow/csd/Test/Gt/1179.tif,test,snow,csd
test/118,../raw/snow/csd/Test/Snow/118.tif,../raw/snow/csd/Test/Gt/118.tif,test,snow,csd
test/1180,../raw/snow/csd/Test/Snow/1180.tif,../raw/snow/csd/Test/Gt/1180.tif,test,snow,csd
test/1181,../raw/snow/csd/Test/Snow/1181.tif,../raw/snow/csd/Test/Gt/1181.tif,test,snow,csd
test/1182,../raw/snow/csd/Test/Snow/1182.tif,../raw/snow/csd/Test/Gt/1182.tif,test,snow,csd
test/1183,../raw/snow/csd/Test/Snow/1183.tif,../raw/snow/csd/Test/Gt/1183.tif,test,snow,csd
test/1184,../raw/snow/csd/Test/Snow/1184.tif,../raw/snow/csd/Test/Gt/1184.tif,test,snow,csd
test/1185,../raw/snow/csd/Test/Snow/1185.tif,../raw/snow/csd/Test/Gt/1185.tif,test,snow,csd
test/1186,../raw/snow/csd/Test/Snow/1186.tif,../raw/snow/csd/Test/Gt/1186.tif,test,snow,csd
test/1187,../raw/snow/csd/Test/Snow/1187.tif,../raw/snow/csd/Test/Gt/1187.tif,test,snow,csd
test/1188,../raw/snow/csd/Test/Snow/1188.tif,../raw/snow/csd/Test/Gt/1188.tif,test,snow,csd
test/1189,../raw/snow/csd/Test/Snow/1189.tif,../raw/snow/csd/Test/Gt/1189.tif,test,snow,csd
test/119,../raw/snow/csd/Test/Snow/119.tif,../raw/snow/csd/Test/Gt/119.tif,test,snow,csd
test/1190,../raw/snow/csd/Test/Snow/1190.tif,../raw/snow/csd/Test/Gt/1190.tif,test,snow,csd
test/1191,../raw/snow/csd/Test/Snow/1191.tif,../raw/snow/csd/Test/Gt/1191.tif,test,snow,csd
test/1192,../raw/snow/csd/Test/Snow/1192.tif,../raw/snow/csd/Test/Gt/1192.tif,test,snow,csd
test/1193,../raw/snow/csd/Test/Snow/1193.tif,../raw/snow/csd/Test/Gt/1193.tif,test,snow,csd
test/1194,../raw/snow/csd/Test/Snow/1194.tif,../raw/snow/csd/Test/Gt/1194.tif,test,snow,csd
test/1195,../raw/snow/csd/Test/Snow/1195.tif,../raw/snow/csd/Test/Gt/1195.tif,test,snow,csd
test/1196,../raw/snow/csd/Test/Snow/1196.tif,../raw/snow/csd/Test/Gt/1196.tif,test,snow,csd
test/1197,../raw/snow/csd/Test/Snow/1197.tif,../raw/snow/csd/Test/Gt/1197.tif,test,snow,csd
test/1198,../raw/snow/csd/Test/Snow/1198.tif,../raw/snow/csd/Test/Gt/1198.tif,test,snow,csd
test/1199,../raw/snow/csd/Test/Snow/1199.tif,../raw/snow/csd/Test/Gt/1199.tif,test,snow,csd
test/12,../raw/snow/csd/Test/Snow/12.tif,../raw/snow/csd/Test/Gt/12.tif,test,snow,csd
test/120,../raw/snow/csd/Test/Snow/120.tif,../raw/snow/csd/Test/Gt/120.tif,test,snow,csd
test/1200,../raw/snow/csd/Test/Snow/1200.tif,../raw/snow/csd/Test/Gt/1200.tif,test,snow,csd
test/1201,../raw/snow/csd/Test/Snow/1201.tif,../raw/snow/csd/Test/Gt/1201.tif,test,snow,csd
test/1202,../raw/snow/csd/Test/Snow/1202.tif,../raw/snow/csd/Test/Gt/1202.tif,test,snow,csd
test/1203,../raw/snow/csd/Test/Snow/1203.tif,../raw/snow/csd/Test/Gt/1203.tif,test,snow,csd
test/1204,../raw/snow/csd/Test/Snow/1204.tif,../raw/snow/csd/Test/Gt/1204.tif,test,snow,csd
test/1205,../raw/snow/csd/Test/Snow/1205.tif,../raw/snow/csd/Test/Gt/1205.tif,test,snow,csd
test/1206,../raw/snow/csd/Test/Snow/1206.tif,../raw/snow/csd/Test/Gt/1206.tif,test,snow,csd
test/1207,../raw/snow/csd/Test/Snow/1207.tif,../raw/snow/csd/Test/Gt/1207.tif,test,snow,csd
test/1208,../raw/snow/csd/Test/Snow/1208.tif,../raw/snow/csd/Test/Gt/1208.tif,test,snow,csd
test/1209,../raw/snow/csd/Test/Snow/1209.tif,../raw/snow/csd/Test/Gt/1209.tif,test,snow,csd
test/121,../raw/snow/csd/Test/Snow/121.tif,../raw/snow/csd/Test/Gt/121.tif,test,snow,csd
test/1210,../raw/snow/csd/Test/Snow/1210.tif,../raw/snow/csd/Test/Gt/1210.tif,test,snow,csd
test/1211,../raw/snow/csd/Test/Snow/1211.tif,../raw/snow/csd/Test/Gt/1211.tif,test,snow,csd
test/1212,../raw/snow/csd/Test/Snow/1212.tif,../raw/snow/csd/Test/Gt/1212.tif,test,snow,csd
test/1213,../raw/snow/csd/Test/Snow/1213.tif,../raw/snow/csd/Test/Gt/1213.tif,test,snow,csd
test/1214,../raw/snow/csd/Test/Snow/1214.tif,../raw/snow/csd/Test/Gt/1214.tif,test,snow,csd
test/1215,../raw/snow/csd/Test/Snow/1215.tif,../raw/snow/csd/Test/Gt/1215.tif,test,snow,csd
test/1216,../raw/snow/csd/Test/Snow/1216.tif,../raw/snow/csd/Test/Gt/1216.tif,test,snow,csd
test/1217,../raw/snow/csd/Test/Snow/1217.tif,../raw/snow/csd/Test/Gt/1217.tif,test,snow,csd
test/1218,../raw/snow/csd/Test/Snow/1218.tif,../raw/snow/csd/Test/Gt/1218.tif,test,snow,csd
test/1219,../raw/snow/csd/Test/Snow/1219.tif,../raw/snow/csd/Test/Gt/1219.tif,test,snow,csd
test/122,../raw/snow/csd/Test/Snow/122.tif,../raw/snow/csd/Test/Gt/122.tif,test,snow,csd
test/1220,../raw/snow/csd/Test/Snow/1220.tif,../raw/snow/csd/Test/Gt/1220.tif,test,snow,csd
test/1221,../raw/snow/csd/Test/Snow/1221.tif,../raw/snow/csd/Test/Gt/1221.tif,test,snow,csd
test/1222,../raw/snow/csd/Test/Snow/1222.tif,../raw/snow/csd/Test/Gt/1222.tif,test,snow,csd
test/1223,../raw/snow/csd/Test/Snow/1223.tif,../raw/snow/csd/Test/Gt/1223.tif,test,snow,csd
test/1224,../raw/snow/csd/Test/Snow/1224.tif,../raw/snow/csd/Test/Gt/1224.tif,test,snow,csd
test/1225,../raw/snow/csd/Test/Snow/1225.tif,../raw/snow/csd/Test/Gt/1225.tif,test,snow,csd
test/1226,../raw/snow/csd/Test/Snow/1226.tif,../raw/snow/csd/Test/Gt/1226.tif,test,snow,csd
test/1227,../raw/snow/csd/Test/Snow/1227.tif,../raw/snow/csd/Test/Gt/1227.tif,test,snow,csd
test/1228,../raw/snow/csd/Test/Snow/1228.tif,../raw/snow/csd/Test/Gt/1228.tif,test,snow,csd
test/1229,../raw/snow/csd/Test/Snow/1229.tif,../raw/snow/csd/Test/Gt/1229.tif,test,snow,csd
test/123,../raw/snow/csd/Test/Snow/123.tif,../raw/snow/csd/Test/Gt/123.tif,test,snow,csd
test/1230,../raw/snow/csd/Test/Snow/1230.tif,../raw/snow/csd/Test/Gt/1230.tif,test,snow,csd
test/1231,../raw/snow/csd/Test/Snow/1231.tif,../raw/snow/csd/Test/Gt/1231.tif,test,snow,csd
test/1232,../raw/snow/csd/Test/Snow/1232.tif,../raw/snow/csd/Test/Gt/1232.tif,test,snow,csd
test/1233,../raw/snow/csd/Test/Snow/1233.tif,../raw/snow/csd/Test/Gt/1233.tif,test,snow,csd
test/1234,../raw/snow/csd/Test/Snow/1234.tif,../raw/snow/csd/Test/Gt/1234.tif,test,snow,csd
test/1235,../raw/snow/csd/Test/Snow/1235.tif,../raw/snow/csd/Test/Gt/1235.tif,test,snow,csd
test/1236,../raw/snow/csd/Test/Snow/1236.tif,../raw/snow/csd/Test/Gt/1236.tif,test,snow,csd
test/1237,../raw/snow/csd/Test/Snow/1237.tif,../raw/snow/csd/Test/Gt/1237.tif,test,snow,csd
test/1238,../raw/snow/csd/Test/Snow/1238.tif,../raw/snow/csd/Test/Gt/1238.tif,test,snow,csd
test/1239,../raw/snow/csd/Test/Snow/1239.tif,../raw/snow/csd/Test/Gt/1239.tif,test,snow,csd
test/124,../raw/snow/csd/Test/Snow/124.tif,../raw/snow/csd/Test/Gt/124.tif,test,snow,csd
test/1240,../raw/snow/csd/Test/Snow/1240.tif,../raw/snow/csd/Test/Gt/1240.tif,test,snow,csd
test/1241,../raw/snow/csd/Test/Snow/1241.tif,../raw/snow/csd/Test/Gt/1241.tif,test,snow,csd
test/1242,../raw/snow/csd/Test/Snow/1242.tif,../raw/snow/csd/Test/Gt/1242.tif,test,snow,csd
test/1243,../raw/snow/csd/Test/Snow/1243.tif,../raw/snow/csd/Test/Gt/1243.tif,test,snow,csd
test/1244,../raw/snow/csd/Test/Snow/1244.tif,../raw/snow/csd/Test/Gt/1244.tif,test,snow,csd
test/1245,../raw/snow/csd/Test/Snow/1245.tif,../raw/snow/csd/Test/Gt/1245.tif,test,snow,csd
test/1246,../raw/snow/csd/Test/Snow/1246.tif,../raw/snow/csd/Test/Gt/1246.tif,test,snow,csd
test/1247,../raw/snow/csd/Test/Snow/1247.tif,../raw/snow/csd/Test/Gt/1247.tif,test,snow,csd
test/1248,../raw/snow/csd/Test/Snow/1248.tif,../raw/snow/csd/Test/Gt/1248.tif,test,snow,csd
test/1249,../raw/snow/csd/Test/Snow/1249.tif,../raw/snow/csd/Test/Gt/1249.tif,test,snow,csd
test/125,../raw/snow/csd/Test/Snow/125.tif,../raw/snow/csd/Test/Gt/125.tif,test,snow,csd
test/1250,../raw/snow/csd/Test/Snow/1250.tif,../raw/snow/csd/Test/Gt/1250.tif,test,snow,csd
test/1251,../raw/snow/csd/Test/Snow/1251.tif,../raw/snow/csd/Test/Gt/1251.tif,test,snow,csd
test/1252,../raw/snow/csd/Test/Snow/1252.tif,../raw/snow/csd/Test/Gt/1252.tif,test,snow,csd
test/1253,../raw/snow/csd/Test/Snow/1253.tif,../raw/snow/csd/Test/Gt/1253.tif,test,snow,csd
test/1254,../raw/snow/csd/Test/Snow/1254.tif,../raw/snow/csd/Test/Gt/1254.tif,test,snow,csd
test/1255,../raw/snow/csd/Test/Snow/1255.tif,../raw/snow/csd/Test/Gt/1255.tif,test,snow,csd
test/1256,../raw/snow/csd/Test/Snow/1256.tif,../raw/snow/csd/Test/Gt/1256.tif,test,snow,csd
test/1257,../raw/snow/csd/Test/Snow/1257.tif,../raw/snow/csd/Test/Gt/1257.tif,test,snow,csd
test/1258,../raw/snow/csd/Test/Snow/1258.tif,../raw/snow/csd/Test/Gt/1258.tif,test,snow,csd
test/1259,../raw/snow/csd/Test/Snow/1259.tif,../raw/snow/csd/Test/Gt/1259.tif,test,snow,csd
test/126,../raw/snow/csd/Test/Snow/126.tif,../raw/snow/csd/Test/Gt/126.tif,test,snow,csd
test/1260,../raw/snow/csd/Test/Snow/1260.tif,../raw/snow/csd/Test/Gt/1260.tif,test,snow,csd
test/1261,../raw/snow/csd/Test/Snow/1261.tif,../raw/snow/csd/Test/Gt/1261.tif,test,snow,csd
test/1262,../raw/snow/csd/Test/Snow/1262.tif,../raw/snow/csd/Test/Gt/1262.tif,test,snow,csd
test/1263,../raw/snow/csd/Test/Snow/1263.tif,../raw/snow/csd/Test/Gt/1263.tif,test,snow,csd
test/1264,../raw/snow/csd/Test/Snow/1264.tif,../raw/snow/csd/Test/Gt/1264.tif,test,snow,csd
test/1265,../raw/snow/csd/Test/Snow/1265.tif,../raw/snow/csd/Test/Gt/1265.tif,test,snow,csd
test/1266,../raw/snow/csd/Test/Snow/1266.tif,../raw/snow/csd/Test/Gt/1266.tif,test,snow,csd
test/1267,../raw/snow/csd/Test/Snow/1267.tif,../raw/snow/csd/Test/Gt/1267.tif,test,snow,csd
test/1268,../raw/snow/csd/Test/Snow/1268.tif,../raw/snow/csd/Test/Gt/1268.tif,test,snow,csd
test/1269,../raw/snow/csd/Test/Snow/1269.tif,../raw/snow/csd/Test/Gt/1269.tif,test,snow,csd
test/127,../raw/snow/csd/Test/Snow/127.tif,../raw/snow/csd/Test/Gt/127.tif,test,snow,csd
test/1270,../raw/snow/csd/Test/Snow/1270.tif,../raw/snow/csd/Test/Gt/1270.tif,test,snow,csd
test/1271,../raw/snow/csd/Test/Snow/1271.tif,../raw/snow/csd/Test/Gt/1271.tif,test,snow,csd
test/1272,../raw/snow/csd/Test/Snow/1272.tif,../raw/snow/csd/Test/Gt/1272.tif,test,snow,csd
test/1273,../raw/snow/csd/Test/Snow/1273.tif,../raw/snow/csd/Test/Gt/1273.tif,test,snow,csd
test/1274,../raw/snow/csd/Test/Snow/1274.tif,../raw/snow/csd/Test/Gt/1274.tif,test,snow,csd
test/1275,../raw/snow/csd/Test/Snow/1275.tif,../raw/snow/csd/Test/Gt/1275.tif,test,snow,csd
test/1276,../raw/snow/csd/Test/Snow/1276.tif,../raw/snow/csd/Test/Gt/1276.tif,test,snow,csd
test/1277,../raw/snow/csd/Test/Snow/1277.tif,../raw/snow/csd/Test/Gt/1277.tif,test,snow,csd
test/1278,../raw/snow/csd/Test/Snow/1278.tif,../raw/snow/csd/Test/Gt/1278.tif,test,snow,csd
test/1279,../raw/snow/csd/Test/Snow/1279.tif,../raw/snow/csd/Test/Gt/1279.tif,test,snow,csd
test/128,../raw/snow/csd/Test/Snow/128.tif,../raw/snow/csd/Test/Gt/128.tif,test,snow,csd
test/1280,../raw/snow/csd/Test/Snow/1280.tif,../raw/snow/csd/Test/Gt/1280.tif,test,snow,csd
test/1281,../raw/snow/csd/Test/Snow/1281.tif,../raw/snow/csd/Test/Gt/1281.tif,test,snow,csd
test/1282,../raw/snow/csd/Test/Snow/1282.tif,../raw/snow/csd/Test/Gt/1282.tif,test,snow,csd
test/1283,../raw/snow/csd/Test/Snow/1283.tif,../raw/snow/csd/Test/Gt/1283.tif,test,snow,csd
test/1284,../raw/snow/csd/Test/Snow/1284.tif,../raw/snow/csd/Test/Gt/1284.tif,test,snow,csd
test/1285,../raw/snow/csd/Test/Snow/1285.tif,../raw/snow/csd/Test/Gt/1285.tif,test,snow,csd
test/1286,../raw/snow/csd/Test/Snow/1286.tif,../raw/snow/csd/Test/Gt/1286.tif,test,snow,csd
test/1287,../raw/snow/csd/Test/Snow/1287.tif,../raw/snow/csd/Test/Gt/1287.tif,test,snow,csd
test/1288,../raw/snow/csd/Test/Snow/1288.tif,../raw/snow/csd/Test/Gt/1288.tif,test,snow,csd
test/1289,../raw/snow/csd/Test/Snow/1289.tif,../raw/snow/csd/Test/Gt/1289.tif,test,snow,csd
test/129,../raw/snow/csd/Test/Snow/129.tif,../raw/snow/csd/Test/Gt/129.tif,test,snow,csd
test/1290,../raw/snow/csd/Test/Snow/1290.tif,../raw/snow/csd/Test/Gt/1290.tif,test,snow,csd
test/1291,../raw/snow/csd/Test/Snow/1291.tif,../raw/snow/csd/Test/Gt/1291.tif,test,snow,csd
test/1292,../raw/snow/csd/Test/Snow/1292.tif,../raw/snow/csd/Test/Gt/1292.tif,test,snow,csd
test/1293,../raw/snow/csd/Test/Snow/1293.tif,../raw/snow/csd/Test/Gt/1293.tif,test,snow,csd
test/1294,../raw/snow/csd/Test/Snow/1294.tif,../raw/snow/csd/Test/Gt/1294.tif,test,snow,csd
test/1295,../raw/snow/csd/Test/Snow/1295.tif,../raw/snow/csd/Test/Gt/1295.tif,test,snow,csd
test/1296,../raw/snow/csd/Test/Snow/1296.tif,../raw/snow/csd/Test/Gt/1296.tif,test,snow,csd
test/1297,../raw/snow/csd/Test/Snow/1297.tif,../raw/snow/csd/Test/Gt/1297.tif,test,snow,csd
test/1298,../raw/snow/csd/Test/Snow/1298.tif,../raw/snow/csd/Test/Gt/1298.tif,test,snow,csd
test/1299,../raw/snow/csd/Test/Snow/1299.tif,../raw/snow/csd/Test/Gt/1299.tif,test,snow,csd
test/13,../raw/snow/csd/Test/Snow/13.tif,../raw/snow/csd/Test/Gt/13.tif,test,snow,csd
test/130,../raw/snow/csd/Test/Snow/130.tif,../raw/snow/csd/Test/Gt/130.tif,test,snow,csd
test/1300,../raw/snow/csd/Test/Snow/1300.tif,../raw/snow/csd/Test/Gt/1300.tif,test,snow,csd
test/1301,../raw/snow/csd/Test/Snow/1301.tif,../raw/snow/csd/Test/Gt/1301.tif,test,snow,csd
test/1302,../raw/snow/csd/Test/Snow/1302.tif,../raw/snow/csd/Test/Gt/1302.tif,test,snow,csd
test/1303,../raw/snow/csd/Test/Snow/1303.tif,../raw/snow/csd/Test/Gt/1303.tif,test,snow,csd
test/1304,../raw/snow/csd/Test/Snow/1304.tif,../raw/snow/csd/Test/Gt/1304.tif,test,snow,csd
test/1305,../raw/snow/csd/Test/Snow/1305.tif,../raw/snow/csd/Test/Gt/1305.tif,test,snow,csd
test/1306,../raw/snow/csd/Test/Snow/1306.tif,../raw/snow/csd/Test/Gt/1306.tif,test,snow,csd
test/1307,../raw/snow/csd/Test/Snow/1307.tif,../raw/snow/csd/Test/Gt/1307.tif,test,snow,csd
test/1308,../raw/snow/csd/Test/Snow/1308.tif,../raw/snow/csd/Test/Gt/1308.tif,test,snow,csd
test/1309,../raw/snow/csd/Test/Snow/1309.tif,../raw/snow/csd/Test/Gt/1309.tif,test,snow,csd
test/131,../raw/snow/csd/Test/Snow/131.tif,../raw/snow/csd/Test/Gt/131.tif,test,snow,csd
test/1310,../raw/snow/csd/Test/Snow/1310.tif,../raw/snow/csd/Test/Gt/1310.tif,test,snow,csd
test/1311,../raw/snow/csd/Test/Snow/1311.tif,../raw/snow/csd/Test/Gt/1311.tif,test,snow,csd
test/1312,../raw/snow/csd/Test/Snow/1312.tif,../raw/snow/csd/Test/Gt/1312.tif,test,snow,csd
test/1313,../raw/snow/csd/Test/Snow/1313.tif,../raw/snow/csd/Test/Gt/1313.tif,test,snow,csd
test/1314,../raw/snow/csd/Test/Snow/1314.tif,../raw/snow/csd/Test/Gt/1314.tif,test,snow,csd
test/1315,../raw/snow/csd/Test/Snow/1315.tif,../raw/snow/csd/Test/Gt/1315.tif,test,snow,csd
test/1316,../raw/snow/csd/Test/Snow/1316.tif,../raw/snow/csd/Test/Gt/1316.tif,test,snow,csd
test/1317,../raw/snow/csd/Test/Snow/1317.tif,../raw/snow/csd/Test/Gt/1317.tif,test,snow,csd
test/1318,../raw/snow/csd/Test/Snow/1318.tif,../raw/snow/csd/Test/Gt/1318.tif,test,snow,csd
test/1319,../raw/snow/csd/Test/Snow/1319.tif,../raw/snow/csd/Test/Gt/1319.tif,test,snow,csd
test/132,../raw/snow/csd/Test/Snow/132.tif,../raw/snow/csd/Test/Gt/132.tif,test,snow,csd
test/1320,../raw/snow/csd/Test/Snow/1320.tif,../raw/snow/csd/Test/Gt/1320.tif,test,snow,csd
test/1321,../raw/snow/csd/Test/Snow/1321.tif,../raw/snow/csd/Test/Gt/1321.tif,test,snow,csd
test/1322,../raw/snow/csd/Test/Snow/1322.tif,../raw/snow/csd/Test/Gt/1322.tif,test,snow,csd
test/1323,../raw/snow/csd/Test/Snow/1323.tif,../raw/snow/csd/Test/Gt/1323.tif,test,snow,csd
test/1324,../raw/snow/csd/Test/Snow/1324.tif,../raw/snow/csd/Test/Gt/1324.tif,test,snow,csd
test/1325,../raw/snow/csd/Test/Snow/1325.tif,../raw/snow/csd/Test/Gt/1325.tif,test,snow,csd
test/1326,../raw/snow/csd/Test/Snow/1326.tif,../raw/snow/csd/Test/Gt/1326.tif,test,snow,csd
test/1327,../raw/snow/csd/Test/Snow/1327.tif,../raw/snow/csd/Test/Gt/1327.tif,test,snow,csd
test/1328,../raw/snow/csd/Test/Snow/1328.tif,../raw/snow/csd/Test/Gt/1328.tif,test,snow,csd
test/1329,../raw/snow/csd/Test/Snow/1329.tif,../raw/snow/csd/Test/Gt/1329.tif,test,snow,csd
test/133,../raw/snow/csd/Test/Snow/133.tif,../raw/snow/csd/Test/Gt/133.tif,test,snow,csd
test/1330,../raw/snow/csd/Test/Snow/1330.tif,../raw/snow/csd/Test/Gt/1330.tif,test,snow,csd
test/1331,../raw/snow/csd/Test/Snow/1331.tif,../raw/snow/csd/Test/Gt/1331.tif,test,snow,csd
test/1332,../raw/snow/csd/Test/Snow/1332.tif,../raw/snow/csd/Test/Gt/1332.tif,test,snow,csd
test/1333,../raw/snow/csd/Test/Snow/1333.tif,../raw/snow/csd/Test/Gt/1333.tif,test,snow,csd
test/1334,../raw/snow/csd/Test/Snow/1334.tif,../raw/snow/csd/Test/Gt/1334.tif,test,snow,csd
test/1335,../raw/snow/csd/Test/Snow/1335.tif,../raw/snow/csd/Test/Gt/1335.tif,test,snow,csd
test/1336,../raw/snow/csd/Test/Snow/1336.tif,../raw/snow/csd/Test/Gt/1336.tif,test,snow,csd
test/1337,../raw/snow/csd/Test/Snow/1337.tif,../raw/snow/csd/Test/Gt/1337.tif,test,snow,csd
test/1338,../raw/snow/csd/Test/Snow/1338.tif,../raw/snow/csd/Test/Gt/1338.tif,test,snow,csd
test/1339,../raw/snow/csd/Test/Snow/1339.tif,../raw/snow/csd/Test/Gt/1339.tif,test,snow,csd
test/134,../raw/snow/csd/Test/Snow/134.tif,../raw/snow/csd/Test/Gt/134.tif,test,snow,csd
test/1340,../raw/snow/csd/Test/Snow/1340.tif,../raw/snow/csd/Test/Gt/1340.tif,test,snow,csd
test/1341,../raw/snow/csd/Test/Snow/1341.tif,../raw/snow/csd/Test/Gt/1341.tif,test,snow,csd
test/1342,../raw/snow/csd/Test/Snow/1342.tif,../raw/snow/csd/Test/Gt/1342.tif,test,snow,csd
test/1343,../raw/snow/csd/Test/Snow/1343.tif,../raw/snow/csd/Test/Gt/1343.tif,test,snow,csd
test/1344,../raw/snow/csd/Test/Snow/1344.tif,../raw/snow/csd/Test/Gt/1344.tif,test,snow,csd
test/1345,../raw/snow/csd/Test/Snow/1345.tif,../raw/snow/csd/Test/Gt/1345.tif,test,snow,csd
test/1346,../raw/snow/csd/Test/Snow/1346.tif,../raw/snow/csd/Test/Gt/1346.tif,test,snow,csd
test/1347,../raw/snow/csd/Test/Snow/1347.tif,../raw/snow/csd/Test/Gt/1347.tif,test,snow,csd
test/1348,../raw/snow/csd/Test/Snow/1348.tif,../raw/snow/csd/Test/Gt/1348.tif,test,snow,csd
test/1349,../raw/snow/csd/Test/Snow/1349.tif,../raw/snow/csd/Test/Gt/1349.tif,test,snow,csd
test/135,../raw/snow/csd/Test/Snow/135.tif,../raw/snow/csd/Test/Gt/135.tif,test,snow,csd
test/1350,../raw/snow/csd/Test/Snow/1350.tif,../raw/snow/csd/Test/Gt/1350.tif,test,snow,csd
test/1351,../raw/snow/csd/Test/Snow/1351.tif,../raw/snow/csd/Test/Gt/1351.tif,test,snow,csd
test/1352,../raw/snow/csd/Test/Snow/1352.tif,../raw/snow/csd/Test/Gt/1352.tif,test,snow,csd
test/1353,../raw/snow/csd/Test/Snow/1353.tif,../raw/snow/csd/Test/Gt/1353.tif,test,snow,csd
test/1354,../raw/snow/csd/Test/Snow/1354.tif,../raw/snow/csd/Test/Gt/1354.tif,test,snow,csd
test/1355,../raw/snow/csd/Test/Snow/1355.tif,../raw/snow/csd/Test/Gt/1355.tif,test,snow,csd
test/1356,../raw/snow/csd/Test/Snow/1356.tif,../raw/snow/csd/Test/Gt/1356.tif,test,snow,csd
test/1357,../raw/snow/csd/Test/Snow/1357.tif,../raw/snow/csd/Test/Gt/1357.tif,test,snow,csd
test/1358,../raw/snow/csd/Test/Snow/1358.tif,../raw/snow/csd/Test/Gt/1358.tif,test,snow,csd
test/1359,../raw/snow/csd/Test/Snow/1359.tif,../raw/snow/csd/Test/Gt/1359.tif,test,snow,csd
test/136,../raw/snow/csd/Test/Snow/136.tif,../raw/snow/csd/Test/Gt/136.tif,test,snow,csd
test/1360,../raw/snow/csd/Test/Snow/1360.tif,../raw/snow/csd/Test/Gt/1360.tif,test,snow,csd
test/1361,../raw/snow/csd/Test/Snow/1361.tif,../raw/snow/csd/Test/Gt/1361.tif,test,snow,csd
test/1362,../raw/snow/csd/Test/Snow/1362.tif,../raw/snow/csd/Test/Gt/1362.tif,test,snow,csd
test/1363,../raw/snow/csd/Test/Snow/1363.tif,../raw/snow/csd/Test/Gt/1363.tif,test,snow,csd
test/1364,../raw/snow/csd/Test/Snow/1364.tif,../raw/snow/csd/Test/Gt/1364.tif,test,snow,csd
test/1365,../raw/snow/csd/Test/Snow/1365.tif,../raw/snow/csd/Test/Gt/1365.tif,test,snow,csd
test/1366,../raw/snow/csd/Test/Snow/1366.tif,../raw/snow/csd/Test/Gt/1366.tif,test,snow,csd
test/1367,../raw/snow/csd/Test/Snow/1367.tif,../raw/snow/csd/Test/Gt/1367.tif,test,snow,csd
test/1368,../raw/snow/csd/Test/Snow/1368.tif,../raw/snow/csd/Test/Gt/1368.tif,test,snow,csd
test/1369,../raw/snow/csd/Test/Snow/1369.tif,../raw/snow/csd/Test/Gt/1369.tif,test,snow,csd
test/137,../raw/snow/csd/Test/Snow/137.tif,../raw/snow/csd/Test/Gt/137.tif,test,snow,csd
test/1370,../raw/snow/csd/Test/Snow/1370.tif,../raw/snow/csd/Test/Gt/1370.tif,test,snow,csd
test/1371,../raw/snow/csd/Test/Snow/1371.tif,../raw/snow/csd/Test/Gt/1371.tif,test,snow,csd
test/1372,../raw/snow/csd/Test/Snow/1372.tif,../raw/snow/csd/Test/Gt/1372.tif,test,snow,csd
test/1373,../raw/snow/csd/Test/Snow/1373.tif,../raw/snow/csd/Test/Gt/1373.tif,test,snow,csd
test/1374,../raw/snow/csd/Test/Snow/1374.tif,../raw/snow/csd/Test/Gt/1374.tif,test,snow,csd
test/1375,../raw/snow/csd/Test/Snow/1375.tif,../raw/snow/csd/Test/Gt/1375.tif,test,snow,csd
test/1376,../raw/snow/csd/Test/Snow/1376.tif,../raw/snow/csd/Test/Gt/1376.tif,test,snow,csd
test/1377,../raw/snow/csd/Test/Snow/1377.tif,../raw/snow/csd/Test/Gt/1377.tif,test,snow,csd
test/1378,../raw/snow/csd/Test/Snow/1378.tif,../raw/snow/csd/Test/Gt/1378.tif,test,snow,csd
test/1379,../raw/snow/csd/Test/Snow/1379.tif,../raw/snow/csd/Test/Gt/1379.tif,test,snow,csd
test/138,../raw/snow/csd/Test/Snow/138.tif,../raw/snow/csd/Test/Gt/138.tif,test,snow,csd
test/1380,../raw/snow/csd/Test/Snow/1380.tif,../raw/snow/csd/Test/Gt/1380.tif,test,snow,csd
test/1381,../raw/snow/csd/Test/Snow/1381.tif,../raw/snow/csd/Test/Gt/1381.tif,test,snow,csd
test/1382,../raw/snow/csd/Test/Snow/1382.tif,../raw/snow/csd/Test/Gt/1382.tif,test,snow,csd
test/1383,../raw/snow/csd/Test/Snow/1383.tif,../raw/snow/csd/Test/Gt/1383.tif,test,snow,csd
test/1384,../raw/snow/csd/Test/Snow/1384.tif,../raw/snow/csd/Test/Gt/1384.tif,test,snow,csd
test/1385,../raw/snow/csd/Test/Snow/1385.tif,../raw/snow/csd/Test/Gt/1385.tif,test,snow,csd
test/1386,../raw/snow/csd/Test/Snow/1386.tif,../raw/snow/csd/Test/Gt/1386.tif,test,snow,csd
test/1387,../raw/snow/csd/Test/Snow/1387.tif,../raw/snow/csd/Test/Gt/1387.tif,test,snow,csd
test/1388,../raw/snow/csd/Test/Snow/1388.tif,../raw/snow/csd/Test/Gt/1388.tif,test,snow,csd
test/1389,../raw/snow/csd/Test/Snow/1389.tif,../raw/snow/csd/Test/Gt/1389.tif,test,snow,csd
test/139,../raw/snow/csd/Test/Snow/139.tif,../raw/snow/csd/Test/Gt/139.tif,test,snow,csd
test/1390,../raw/snow/csd/Test/Snow/1390.tif,../raw/snow/csd/Test/Gt/1390.tif,test,snow,csd
test/1391,../raw/snow/csd/Test/Snow/1391.tif,../raw/snow/csd/Test/Gt/1391.tif,test,snow,csd
test/1392,../raw/snow/csd/Test/Snow/1392.tif,../raw/snow/csd/Test/Gt/1392.tif,test,snow,csd
test/1393,../raw/snow/csd/Test/Snow/1393.tif,../raw/snow/csd/Test/Gt/1393.tif,test,snow,csd
test/1394,../raw/snow/csd/Test/Snow/1394.tif,../raw/snow/csd/Test/Gt/1394.tif,test,snow,csd
test/1395,../raw/snow/csd/Test/Snow/1395.tif,../raw/snow/csd/Test/Gt/1395.tif,test,snow,csd
test/1396,../raw/snow/csd/Test/Snow/1396.tif,../raw/snow/csd/Test/Gt/1396.tif,test,snow,csd
test/1397,../raw/snow/csd/Test/Snow/1397.tif,../raw/snow/csd/Test/Gt/1397.tif,test,snow,csd
test/1398,../raw/snow/csd/Test/Snow/1398.tif,../raw/snow/csd/Test/Gt/1398.tif,test,snow,csd
test/1399,../raw/snow/csd/Test/Snow/1399.tif,../raw/snow/csd/Test/Gt/1399.tif,test,snow,csd
test/14,../raw/snow/csd/Test/Snow/14.tif,../raw/snow/csd/Test/Gt/14.tif,test,snow,csd
test/140,../raw/snow/csd/Test/Snow/140.tif,../raw/snow/csd/Test/Gt/140.tif,test,snow,csd
test/1400,../raw/snow/csd/Test/Snow/1400.tif,../raw/snow/csd/Test/Gt/1400.tif,test,snow,csd
test/1401,../raw/snow/csd/Test/Snow/1401.tif,../raw/snow/csd/Test/Gt/1401.tif,test,snow,csd
test/1402,../raw/snow/csd/Test/Snow/1402.tif,../raw/snow/csd/Test/Gt/1402.tif,test,snow,csd
test/1403,../raw/snow/csd/Test/Snow/1403.tif,../raw/snow/csd/Test/Gt/1403.tif,test,snow,csd
test/1404,../raw/snow/csd/Test/Snow/1404.tif,../raw/snow/csd/Test/Gt/1404.tif,test,snow,csd
test/1405,../raw/snow/csd/Test/Snow/1405.tif,../raw/snow/csd/Test/Gt/1405.tif,test,snow,csd
test/1406,../raw/snow/csd/Test/Snow/1406.tif,../raw/snow/csd/Test/Gt/1406.tif,test,snow,csd
test/1407,../raw/snow/csd/Test/Snow/1407.tif,../raw/snow/csd/Test/Gt/1407.tif,test,snow,csd
test/1408,../raw/snow/csd/Test/Snow/1408.tif,../raw/snow/csd/Test/Gt/1408.tif,test,snow,csd
test/1409,../raw/snow/csd/Test/Snow/1409.tif,../raw/snow/csd/Test/Gt/1409.tif,test,snow,csd
test/141,../raw/snow/csd/Test/Snow/141.tif,../raw/snow/csd/Test/Gt/141.tif,test,snow,csd
test/1410,../raw/snow/csd/Test/Snow/1410.tif,../raw/snow/csd/Test/Gt/1410.tif,test,snow,csd
test/1411,../raw/snow/csd/Test/Snow/1411.tif,../raw/snow/csd/Test/Gt/1411.tif,test,snow,csd
test/1412,../raw/snow/csd/Test/Snow/1412.tif,../raw/snow/csd/Test/Gt/1412.tif,test,snow,csd
test/1413,../raw/snow/csd/Test/Snow/1413.tif,../raw/snow/csd/Test/Gt/1413.tif,test,snow,csd
test/1414,../raw/snow/csd/Test/Snow/1414.tif,../raw/snow/csd/Test/Gt/1414.tif,test,snow,csd
test/1415,../raw/snow/csd/Test/Snow/1415.tif,../raw/snow/csd/Test/Gt/1415.tif,test,snow,csd
test/1416,../raw/snow/csd/Test/Snow/1416.tif,../raw/snow/csd/Test/Gt/1416.tif,test,snow,csd
test/1417,../raw/snow/csd/Test/Snow/1417.tif,../raw/snow/csd/Test/Gt/1417.tif,test,snow,csd
test/1418,../raw/snow/csd/Test/Snow/1418.tif,../raw/snow/csd/Test/Gt/1418.tif,test,snow,csd
test/1419,../raw/snow/csd/Test/Snow/1419.tif,../raw/snow/csd/Test/Gt/1419.tif,test,snow,csd
test/142,../raw/snow/csd/Test/Snow/142.tif,../raw/snow/csd/Test/Gt/142.tif,test,snow,csd
test/1420,../raw/snow/csd/Test/Snow/1420.tif,../raw/snow/csd/Test/Gt/1420.tif,test,snow,csd
test/1421,../raw/snow/csd/Test/Snow/1421.tif,../raw/snow/csd/Test/Gt/1421.tif,test,snow,csd
test/1422,../raw/snow/csd/Test/Snow/1422.tif,../raw/snow/csd/Test/Gt/1422.tif,test,snow,csd
test/1423,../raw/snow/csd/Test/Snow/1423.tif,../raw/snow/csd/Test/Gt/1423.tif,test,snow,csd
test/1424,../raw/snow/csd/Test/Snow/1424.tif,../raw/snow/csd/Test/Gt/1424.tif,test,snow,csd
test/1425,../raw/snow/csd/Test/Snow/1425.tif,../raw/snow/csd/Test/Gt/1425.tif,test,snow,csd
test/1426,../raw/snow/csd/Test/Snow/1426.tif,../raw/snow/csd/Test/Gt/1426.tif,test,snow,csd
test/1427,../raw/snow/csd/Test/Snow/1427.tif,../raw/snow/csd/Test/Gt/1427.tif,test,snow,csd
test/1428,../raw/snow/csd/Test/Snow/1428.tif,../raw/snow/csd/Test/Gt/1428.tif,test,snow,csd
test/1429,../raw/snow/csd/Test/Snow/1429.tif,../raw/snow/csd/Test/Gt/1429.tif,test,snow,csd
test/143,../raw/snow/csd/Test/Snow/143.tif,../raw/snow/csd/Test/Gt/143.tif,test,snow,csd
test/1430,../raw/snow/csd/Test/Snow/1430.tif,../raw/snow/csd/Test/Gt/1430.tif,test,snow,csd
test/1431,../raw/snow/csd/Test/Snow/1431.tif,../raw/snow/csd/Test/Gt/1431.tif,test,snow,csd
test/1432,../raw/snow/csd/Test/Snow/1432.tif,../raw/snow/csd/Test/Gt/1432.tif,test,snow,csd
test/1433,../raw/snow/csd/Test/Snow/1433.tif,../raw/snow/csd/Test/Gt/1433.tif,test,snow,csd
test/1434,../raw/snow/csd/Test/Snow/1434.tif,../raw/snow/csd/Test/Gt/1434.tif,test,snow,csd
test/1435,../raw/snow/csd/Test/Snow/1435.tif,../raw/snow/csd/Test/Gt/1435.tif,test,snow,csd
test/1436,../raw/snow/csd/Test/Snow/1436.tif,../raw/snow/csd/Test/Gt/1436.tif,test,snow,csd
test/1437,../raw/snow/csd/Test/Snow/1437.tif,../raw/snow/csd/Test/Gt/1437.tif,test,snow,csd
test/1438,../raw/snow/csd/Test/Snow/1438.tif,../raw/snow/csd/Test/Gt/1438.tif,test,snow,csd
test/1439,../raw/snow/csd/Test/Snow/1439.tif,../raw/snow/csd/Test/Gt/1439.tif,test,snow,csd
test/144,../raw/snow/csd/Test/Snow/144.tif,../raw/snow/csd/Test/Gt/144.tif,test,snow,csd
test/1440,../raw/snow/csd/Test/Snow/1440.tif,../raw/snow/csd/Test/Gt/1440.tif,test,snow,csd
test/1441,../raw/snow/csd/Test/Snow/1441.tif,../raw/snow/csd/Test/Gt/1441.tif,test,snow,csd
test/1442,../raw/snow/csd/Test/Snow/1442.tif,../raw/snow/csd/Test/Gt/1442.tif,test,snow,csd
test/1443,../raw/snow/csd/Test/Snow/1443.tif,../raw/snow/csd/Test/Gt/1443.tif,test,snow,csd
test/1444,../raw/snow/csd/Test/Snow/1444.tif,../raw/snow/csd/Test/Gt/1444.tif,test,snow,csd
test/1445,../raw/snow/csd/Test/Snow/1445.tif,../raw/snow/csd/Test/Gt/1445.tif,test,snow,csd
test/1446,../raw/snow/csd/Test/Snow/1446.tif,../raw/snow/csd/Test/Gt/1446.tif,test,snow,csd
test/1447,../raw/snow/csd/Test/Snow/1447.tif,../raw/snow/csd/Test/Gt/1447.tif,test,snow,csd
test/1448,../raw/snow/csd/Test/Snow/1448.tif,../raw/snow/csd/Test/Gt/1448.tif,test,snow,csd
test/1449,../raw/snow/csd/Test/Snow/1449.tif,../raw/snow/csd/Test/Gt/1449.tif,test,snow,csd
test/145,../raw/snow/csd/Test/Snow/145.tif,../raw/snow/csd/Test/Gt/145.tif,test,snow,csd
test/1450,../raw/snow/csd/Test/Snow/1450.tif,../raw/snow/csd/Test/Gt/1450.tif,test,snow,csd
test/1451,../raw/snow/csd/Test/Snow/1451.tif,../raw/snow/csd/Test/Gt/1451.tif,test,snow,csd
test/1452,../raw/snow/csd/Test/Snow/1452.tif,../raw/snow/csd/Test/Gt/1452.tif,test,snow,csd
test/1453,../raw/snow/csd/Test/Snow/1453.tif,../raw/snow/csd/Test/Gt/1453.tif,test,snow,csd
test/1454,../raw/snow/csd/Test/Snow/1454.tif,../raw/snow/csd/Test/Gt/1454.tif,test,snow,csd
test/1455,../raw/snow/csd/Test/Snow/1455.tif,../raw/snow/csd/Test/Gt/1455.tif,test,snow,csd
test/1456,../raw/snow/csd/Test/Snow/1456.tif,../raw/snow/csd/Test/Gt/1456.tif,test,snow,csd
test/1457,../raw/snow/csd/Test/Snow/1457.tif,../raw/snow/csd/Test/Gt/1457.tif,test,snow,csd
test/1458,../raw/snow/csd/Test/Snow/1458.tif,../raw/snow/csd/Test/Gt/1458.tif,test,snow,csd
test/1459,../raw/snow/csd/Test/Snow/1459.tif,../raw/snow/csd/Test/Gt/1459.tif,test,snow,csd
test/146,../raw/snow/csd/Test/Snow/146.tif,../raw/snow/csd/Test/Gt/146.tif,test,snow,csd
test/1460,../raw/snow/csd/Test/Snow/1460.tif,../raw/snow/csd/Test/Gt/1460.tif,test,snow,csd
test/1461,../raw/snow/csd/Test/Snow/1461.tif,../raw/snow/csd/Test/Gt/1461.tif,test,snow,csd
test/1462,../raw/snow/csd/Test/Snow/1462.tif,../raw/snow/csd/Test/Gt/1462.tif,test,snow,csd
test/1463,../raw/snow/csd/Test/Snow/1463.tif,../raw/snow/csd/Test/Gt/1463.tif,test,snow,csd
test/1464,../raw/snow/csd/Test/Snow/1464.tif,../raw/snow/csd/Test/Gt/1464.tif,test,snow,csd
test/1465,../raw/snow/csd/Test/Snow/1465.tif,../raw/snow/csd/Test/Gt/1465.tif,test,snow,csd
test/1466,../raw/snow/csd/Test/Snow/1466.tif,../raw/snow/csd/Test/Gt/1466.tif,test,snow,csd
test/1467,../raw/snow/csd/Test/Snow/1467.tif,../raw/snow/csd/Test/Gt/1467.tif,test,snow,csd
test/1468,../raw/snow/csd/Test/Snow/1468.tif,../raw/snow/csd/Test/Gt/1468.tif,test,snow,csd
test/1469,../raw/snow/csd/Test/Snow/1469.tif,../raw/snow/csd/Test/Gt/1469.tif,test,snow,csd
test/147,../raw/snow/csd/Test/Snow/147.tif,../raw/snow/csd/Test/Gt/147.tif,test,snow,csd
test/1470,../raw/snow/csd/Test/Snow/1470.tif,../raw/snow/csd/Test/Gt/1470.tif,test,snow,csd
test/1471,../raw/snow/csd/Test/Snow/1471.tif,../raw/snow/csd/Test/Gt/1471.tif,test,snow,csd
test/1472,../raw/snow/csd/Test/Snow/1472.tif,../raw/snow/csd/Test/Gt/1472.tif,test,snow,csd
test/1473,../raw/snow/csd/Test/Snow/1473.tif,../raw/snow/csd/Test/Gt/1473.tif,test,snow,csd
test/1474,../raw/snow/csd/Test/Snow/1474.tif,../raw/snow/csd/Test/Gt/1474.tif,test,snow,csd
test/1475,../raw/snow/csd/Test/Snow/1475.tif,../raw/snow/csd/Test/Gt/1475.tif,test,snow,csd
test/1476,../raw/snow/csd/Test/Snow/1476.tif,../raw/snow/csd/Test/Gt/1476.tif,test,snow,csd
test/1477,../raw/snow/csd/Test/Snow/1477.tif,../raw/snow/csd/Test/Gt/1477.tif,test,snow,csd
test/1478,../raw/snow/csd/Test/Snow/1478.tif,../raw/snow/csd/Test/Gt/1478.tif,test,snow,csd
test/1479,../raw/snow/csd/Test/Snow/1479.tif,../raw/snow/csd/Test/Gt/1479.tif,test,snow,csd
test/148,../raw/snow/csd/Test/Snow/148.tif,../raw/snow/csd/Test/Gt/148.tif,test,snow,csd
test/1480,../raw/snow/csd/Test/Snow/1480.tif,../raw/snow/csd/Test/Gt/1480.tif,test,snow,csd
test/1481,../raw/snow/csd/Test/Snow/1481.tif,../raw/snow/csd/Test/Gt/1481.tif,test,snow,csd
test/1482,../raw/snow/csd/Test/Snow/1482.tif,../raw/snow/csd/Test/Gt/1482.tif,test,snow,csd
test/1483,../raw/snow/csd/Test/Snow/1483.tif,../raw/snow/csd/Test/Gt/1483.tif,test,snow,csd
test/1484,../raw/snow/csd/Test/Snow/1484.tif,../raw/snow/csd/Test/Gt/1484.tif,test,snow,csd
test/1485,../raw/snow/csd/Test/Snow/1485.tif,../raw/snow/csd/Test/Gt/1485.tif,test,snow,csd
test/1486,../raw/snow/csd/Test/Snow/1486.tif,../raw/snow/csd/Test/Gt/1486.tif,test,snow,csd
test/1487,../raw/snow/csd/Test/Snow/1487.tif,../raw/snow/csd/Test/Gt/1487.tif,test,snow,csd
test/1488,../raw/snow/csd/Test/Snow/1488.tif,../raw/snow/csd/Test/Gt/1488.tif,test,snow,csd
test/1489,../raw/snow/csd/Test/Snow/1489.tif,../raw/snow/csd/Test/Gt/1489.tif,test,snow,csd
test/149,../raw/snow/csd/Test/Snow/149.tif,../raw/snow/csd/Test/Gt/149.tif,test,snow,csd
test/1490,../raw/snow/csd/Test/Snow/1490.tif,../raw/snow/csd/Test/Gt/1490.tif,test,snow,csd
test/1491,../raw/snow/csd/Test/Snow/1491.tif,../raw/snow/csd/Test/Gt/1491.tif,test,snow,csd
test/1492,../raw/snow/csd/Test/Snow/1492.tif,../raw/snow/csd/Test/Gt/1492.tif,test,snow,csd
test/1493,../raw/snow/csd/Test/Snow/1493.tif,../raw/snow/csd/Test/Gt/1493.tif,test,snow,csd
test/1494,../raw/snow/csd/Test/Snow/1494.tif,../raw/snow/csd/Test/Gt/1494.tif,test,snow,csd
test/1495,../raw/snow/csd/Test/Snow/1495.tif,../raw/snow/csd/Test/Gt/1495.tif,test,snow,csd
test/1496,../raw/snow/csd/Test/Snow/1496.tif,../raw/snow/csd/Test/Gt/1496.tif,test,snow,csd
test/1497,../raw/snow/csd/Test/Snow/1497.tif,../raw/snow/csd/Test/Gt/1497.tif,test,snow,csd
test/1498,../raw/snow/csd/Test/Snow/1498.tif,../raw/snow/csd/Test/Gt/1498.tif,test,snow,csd
test/1499,../raw/snow/csd/Test/Snow/1499.tif,../raw/snow/csd/Test/Gt/1499.tif,test,snow,csd
test/15,../raw/snow/csd/Test/Snow/15.tif,../raw/snow/csd/Test/Gt/15.tif,test,snow,csd
test/150,../raw/snow/csd/Test/Snow/150.tif,../raw/snow/csd/Test/Gt/150.tif,test,snow,csd
test/1500,../raw/snow/csd/Test/Snow/1500.tif,../raw/snow/csd/Test/Gt/1500.tif,test,snow,csd
test/1501,../raw/snow/csd/Test/Snow/1501.tif,../raw/snow/csd/Test/Gt/1501.tif,test,snow,csd
test/1502,../raw/snow/csd/Test/Snow/1502.tif,../raw/snow/csd/Test/Gt/1502.tif,test,snow,csd
test/1503,../raw/snow/csd/Test/Snow/1503.tif,../raw/snow/csd/Test/Gt/1503.tif,test,snow,csd
test/1504,../raw/snow/csd/Test/Snow/1504.tif,../raw/snow/csd/Test/Gt/1504.tif,test,snow,csd
test/1505,../raw/snow/csd/Test/Snow/1505.tif,../raw/snow/csd/Test/Gt/1505.tif,test,snow,csd
test/1506,../raw/snow/csd/Test/Snow/1506.tif,../raw/snow/csd/Test/Gt/1506.tif,test,snow,csd
test/1507,../raw/snow/csd/Test/Snow/1507.tif,../raw/snow/csd/Test/Gt/1507.tif,test,snow,csd
test/1508,../raw/snow/csd/Test/Snow/1508.tif,../raw/snow/csd/Test/Gt/1508.tif,test,snow,csd
test/1509,../raw/snow/csd/Test/Snow/1509.tif,../raw/snow/csd/Test/Gt/1509.tif,test,snow,csd
test/151,../raw/snow/csd/Test/Snow/151.tif,../raw/snow/csd/Test/Gt/151.tif,test,snow,csd
test/1510,../raw/snow/csd/Test/Snow/1510.tif,../raw/snow/csd/Test/Gt/1510.tif,test,snow,csd
test/1511,../raw/snow/csd/Test/Snow/1511.tif,../raw/snow/csd/Test/Gt/1511.tif,test,snow,csd
test/1512,../raw/snow/csd/Test/Snow/1512.tif,../raw/snow/csd/Test/Gt/1512.tif,test,snow,csd
test/1513,../raw/snow/csd/Test/Snow/1513.tif,../raw/snow/csd/Test/Gt/1513.tif,test,snow,csd
test/1514,../raw/snow/csd/Test/Snow/1514.tif,../raw/snow/csd/Test/Gt/1514.tif,test,snow,csd
test/1515,../raw/snow/csd/Test/Snow/1515.tif,../raw/snow/csd/Test/Gt/1515.tif,test,snow,csd
test/1516,../raw/snow/csd/Test/Snow/1516.tif,../raw/snow/csd/Test/Gt/1516.tif,test,snow,csd
test/1517,../raw/snow/csd/Test/Snow/1517.tif,../raw/snow/csd/Test/Gt/1517.tif,test,snow,csd
test/1518,../raw/snow/csd/Test/Snow/1518.tif,../raw/snow/csd/Test/Gt/1518.tif,test,snow,csd
test/1519,../raw/snow/csd/Test/Snow/1519.tif,../raw/snow/csd/Test/Gt/1519.tif,test,snow,csd
test/152,../raw/snow/csd/Test/Snow/152.tif,../raw/snow/csd/Test/Gt/152.tif,test,snow,csd
test/1520,../raw/snow/csd/Test/Snow/1520.tif,../raw/snow/csd/Test/Gt/1520.tif,test,snow,csd
test/1521,../raw/snow/csd/Test/Snow/1521.tif,../raw/snow/csd/Test/Gt/1521.tif,test,snow,csd
test/1522,../raw/snow/csd/Test/Snow/1522.tif,../raw/snow/csd/Test/Gt/1522.tif,test,snow,csd
test/1523,../raw/snow/csd/Test/Snow/1523.tif,../raw/snow/csd/Test/Gt/1523.tif,test,snow,csd
test/1524,../raw/snow/csd/Test/Snow/1524.tif,../raw/snow/csd/Test/Gt/1524.tif,test,snow,csd
test/1525,../raw/snow/csd/Test/Snow/1525.tif,../raw/snow/csd/Test/Gt/1525.tif,test,snow,csd
test/1526,../raw/snow/csd/Test/Snow/1526.tif,../raw/snow/csd/Test/Gt/1526.tif,test,snow,csd
test/1527,../raw/snow/csd/Test/Snow/1527.tif,../raw/snow/csd/Test/Gt/1527.tif,test,snow,csd
test/1528,../raw/snow/csd/Test/Snow/1528.tif,../raw/snow/csd/Test/Gt/1528.tif,test,snow,csd
test/1529,../raw/snow/csd/Test/Snow/1529.tif,../raw/snow/csd/Test/Gt/1529.tif,test,snow,csd
test/153,../raw/snow/csd/Test/Snow/153.tif,../raw/snow/csd/Test/Gt/153.tif,test,snow,csd
test/1530,../raw/snow/csd/Test/Snow/1530.tif,../raw/snow/csd/Test/Gt/1530.tif,test,snow,csd
test/1531,../raw/snow/csd/Test/Snow/1531.tif,../raw/snow/csd/Test/Gt/1531.tif,test,snow,csd
test/1532,../raw/snow/csd/Test/Snow/1532.tif,../raw/snow/csd/Test/Gt/1532.tif,test,snow,csd
test/1533,../raw/snow/csd/Test/Snow/1533.tif,../raw/snow/csd/Test/Gt/1533.tif,test,snow,csd
test/1534,../raw/snow/csd/Test/Snow/1534.tif,../raw/snow/csd/Test/Gt/1534.tif,test,snow,csd
test/1535,../raw/snow/csd/Test/Snow/1535.tif,../raw/snow/csd/Test/Gt/1535.tif,test,snow,csd
test/1536,../raw/snow/csd/Test/Snow/1536.tif,../raw/snow/csd/Test/Gt/1536.tif,test,snow,csd
test/1537,../raw/snow/csd/Test/Snow/1537.tif,../raw/snow/csd/Test/Gt/1537.tif,test,snow,csd
test/1538,../raw/snow/csd/Test/Snow/1538.tif,../raw/snow/csd/Test/Gt/1538.tif,test,snow,csd
test/1539,../raw/snow/csd/Test/Snow/1539.tif,../raw/snow/csd/Test/Gt/1539.tif,test,snow,csd
test/154,../raw/snow/csd/Test/Snow/154.tif,../raw/snow/csd/Test/Gt/154.tif,test,snow,csd
test/1540,../raw/snow/csd/Test/Snow/1540.tif,../raw/snow/csd/Test/Gt/1540.tif,test,snow,csd
test/1541,../raw/snow/csd/Test/Snow/1541.tif,../raw/snow/csd/Test/Gt/1541.tif,test,snow,csd
test/1542,../raw/snow/csd/Test/Snow/1542.tif,../raw/snow/csd/Test/Gt/1542.tif,test,snow,csd
test/1543,../raw/snow/csd/Test/Snow/1543.tif,../raw/snow/csd/Test/Gt/1543.tif,test,snow,csd
test/1544,../raw/snow/csd/Test/Snow/1544.tif,../raw/snow/csd/Test/Gt/1544.tif,test,snow,csd
test/1545,../raw/snow/csd/Test/Snow/1545.tif,../raw/snow/csd/Test/Gt/1545.tif,test,snow,csd
test/1546,../raw/snow/csd/Test/Snow/1546.tif,../raw/snow/csd/Test/Gt/1546.tif,test,snow,csd
test/1547,../raw/snow/csd/Test/Snow/1547.tif,../raw/snow/csd/Test/Gt/1547.tif,test,snow,csd
test/1548,../raw/snow/csd/Test/Snow/1548.tif,../raw/snow/csd/Test/Gt/1548.tif,test,snow,csd
test/1549,../raw/snow/csd/Test/Snow/1549.tif,../raw/snow/csd/Test/Gt/1549.tif,test,snow,csd
test/155,../raw/snow/csd/Test/Snow/155.tif,../raw/snow/csd/Test/Gt/155.tif,test,snow,csd
test/1550,../raw/snow/csd/Test/Snow/1550.tif,../raw/snow/csd/Test/Gt/1550.tif,test,snow,csd
test/1551,../raw/snow/csd/Test/Snow/1551.tif,../raw/snow/csd/Test/Gt/1551.tif,test,snow,csd
test/1552,../raw/snow/csd/Test/Snow/1552.tif,../raw/snow/csd/Test/Gt/1552.tif,test,snow,csd
test/1553,../raw/snow/csd/Test/Snow/1553.tif,../raw/snow/csd/Test/Gt/1553.tif,test,snow,csd
test/1554,../raw/snow/csd/Test/Snow/1554.tif,../raw/snow/csd/Test/Gt/1554.tif,test,snow,csd
test/1555,../raw/snow/csd/Test/Snow/1555.tif,../raw/snow/csd/Test/Gt/1555.tif,test,snow,csd
test/1556,../raw/snow/csd/Test/Snow/1556.tif,../raw/snow/csd/Test/Gt/1556.tif,test,snow,csd
test/1557,../raw/snow/csd/Test/Snow/1557.tif,../raw/snow/csd/Test/Gt/1557.tif,test,snow,csd
test/1558,../raw/snow/csd/Test/Snow/1558.tif,../raw/snow/csd/Test/Gt/1558.tif,test,snow,csd
test/1559,../raw/snow/csd/Test/Snow/1559.tif,../raw/snow/csd/Test/Gt/1559.tif,test,snow,csd
test/156,../raw/snow/csd/Test/Snow/156.tif,../raw/snow/csd/Test/Gt/156.tif,test,snow,csd
test/1560,../raw/snow/csd/Test/Snow/1560.tif,../raw/snow/csd/Test/Gt/1560.tif,test,snow,csd
test/1561,../raw/snow/csd/Test/Snow/1561.tif,../raw/snow/csd/Test/Gt/1561.tif,test,snow,csd
test/1562,../raw/snow/csd/Test/Snow/1562.tif,../raw/snow/csd/Test/Gt/1562.tif,test,snow,csd
test/1563,../raw/snow/csd/Test/Snow/1563.tif,../raw/snow/csd/Test/Gt/1563.tif,test,snow,csd
test/1564,../raw/snow/csd/Test/Snow/1564.tif,../raw/snow/csd/Test/Gt/1564.tif,test,snow,csd
test/1565,../raw/snow/csd/Test/Snow/1565.tif,../raw/snow/csd/Test/Gt/1565.tif,test,snow,csd
test/1566,../raw/snow/csd/Test/Snow/1566.tif,../raw/snow/csd/Test/Gt/1566.tif,test,snow,csd
test/1567,../raw/snow/csd/Test/Snow/1567.tif,../raw/snow/csd/Test/Gt/1567.tif,test,snow,csd
test/1568,../raw/snow/csd/Test/Snow/1568.tif,../raw/snow/csd/Test/Gt/1568.tif,test,snow,csd
test/1569,../raw/snow/csd/Test/Snow/1569.tif,../raw/snow/csd/Test/Gt/1569.tif,test,snow,csd
test/157,../raw/snow/csd/Test/Snow/157.tif,../raw/snow/csd/Test/Gt/157.tif,test,snow,csd
test/1570,../raw/snow/csd/Test/Snow/1570.tif,../raw/snow/csd/Test/Gt/1570.tif,test,snow,csd
test/1571,../raw/snow/csd/Test/Snow/1571.tif,../raw/snow/csd/Test/Gt/1571.tif,test,snow,csd
test/1572,../raw/snow/csd/Test/Snow/1572.tif,../raw/snow/csd/Test/Gt/1572.tif,test,snow,csd
test/1573,../raw/snow/csd/Test/Snow/1573.tif,../raw/snow/csd/Test/Gt/1573.tif,test,snow,csd
test/1574,../raw/snow/csd/Test/Snow/1574.tif,../raw/snow/csd/Test/Gt/1574.tif,test,snow,csd
test/1575,../raw/snow/csd/Test/Snow/1575.tif,../raw/snow/csd/Test/Gt/1575.tif,test,snow,csd
test/1576,../raw/snow/csd/Test/Snow/1576.tif,../raw/snow/csd/Test/Gt/1576.tif,test,snow,csd
test/1577,../raw/snow/csd/Test/Snow/1577.tif,../raw/snow/csd/Test/Gt/1577.tif,test,snow,csd
test/1578,../raw/snow/csd/Test/Snow/1578.tif,../raw/snow/csd/Test/Gt/1578.tif,test,snow,csd
test/1579,../raw/snow/csd/Test/Snow/1579.tif,../raw/snow/csd/Test/Gt/1579.tif,test,snow,csd
test/158,../raw/snow/csd/Test/Snow/158.tif,../raw/snow/csd/Test/Gt/158.tif,test,snow,csd
test/1580,../raw/snow/csd/Test/Snow/1580.tif,../raw/snow/csd/Test/Gt/1580.tif,test,snow,csd
test/1581,../raw/snow/csd/Test/Snow/1581.tif,../raw/snow/csd/Test/Gt/1581.tif,test,snow,csd
test/1582,../raw/snow/csd/Test/Snow/1582.tif,../raw/snow/csd/Test/Gt/1582.tif,test,snow,csd
test/1583,../raw/snow/csd/Test/Snow/1583.tif,../raw/snow/csd/Test/Gt/1583.tif,test,snow,csd
test/1584,../raw/snow/csd/Test/Snow/1584.tif,../raw/snow/csd/Test/Gt/1584.tif,test,snow,csd
test/1585,../raw/snow/csd/Test/Snow/1585.tif,../raw/snow/csd/Test/Gt/1585.tif,test,snow,csd
test/1586,../raw/snow/csd/Test/Snow/1586.tif,../raw/snow/csd/Test/Gt/1586.tif,test,snow,csd
test/1587,../raw/snow/csd/Test/Snow/1587.tif,../raw/snow/csd/Test/Gt/1587.tif,test,snow,csd
test/1588,../raw/snow/csd/Test/Snow/1588.tif,../raw/snow/csd/Test/Gt/1588.tif,test,snow,csd
test/1589,../raw/snow/csd/Test/Snow/1589.tif,../raw/snow/csd/Test/Gt/1589.tif,test,snow,csd
test/159,../raw/snow/csd/Test/Snow/159.tif,../raw/snow/csd/Test/Gt/159.tif,test,snow,csd
test/1590,../raw/snow/csd/Test/Snow/1590.tif,../raw/snow/csd/Test/Gt/1590.tif,test,snow,csd
test/1591,../raw/snow/csd/Test/Snow/1591.tif,../raw/snow/csd/Test/Gt/1591.tif,test,snow,csd
test/1592,../raw/snow/csd/Test/Snow/1592.tif,../raw/snow/csd/Test/Gt/1592.tif,test,snow,csd
test/1593,../raw/snow/csd/Test/Snow/1593.tif,../raw/snow/csd/Test/Gt/1593.tif,test,snow,csd
test/1594,../raw/snow/csd/Test/Snow/1594.tif,../raw/snow/csd/Test/Gt/1594.tif,test,snow,csd
test/1595,../raw/snow/csd/Test/Snow/1595.tif,../raw/snow/csd/Test/Gt/1595.tif,test,snow,csd
test/1596,../raw/snow/csd/Test/Snow/1596.tif,../raw/snow/csd/Test/Gt/1596.tif,test,snow,csd
test/1597,../raw/snow/csd/Test/Snow/1597.tif,../raw/snow/csd/Test/Gt/1597.tif,test,snow,csd
test/1598,../raw/snow/csd/Test/Snow/1598.tif,../raw/snow/csd/Test/Gt/1598.tif,test,snow,csd
test/1599,../raw/snow/csd/Test/Snow/1599.tif,../raw/snow/csd/Test/Gt/1599.tif,test,snow,csd
test/16,../raw/snow/csd/Test/Snow/16.tif,../raw/snow/csd/Test/Gt/16.tif,test,snow,csd
test/160,../raw/snow/csd/Test/Snow/160.tif,../raw/snow/csd/Test/Gt/160.tif,test,snow,csd
test/1600,../raw/snow/csd/Test/Snow/1600.tif,../raw/snow/csd/Test/Gt/1600.tif,test,snow,csd
test/1601,../raw/snow/csd/Test/Snow/1601.tif,../raw/snow/csd/Test/Gt/1601.tif,test,snow,csd
test/1602,../raw/snow/csd/Test/Snow/1602.tif,../raw/snow/csd/Test/Gt/1602.tif,test,snow,csd
test/1603,../raw/snow/csd/Test/Snow/1603.tif,../raw/snow/csd/Test/Gt/1603.tif,test,snow,csd
test/1604,../raw/snow/csd/Test/Snow/1604.tif,../raw/snow/csd/Test/Gt/1604.tif,test,snow,csd
test/1605,../raw/snow/csd/Test/Snow/1605.tif,../raw/snow/csd/Test/Gt/1605.tif,test,snow,csd
test/1606,../raw/snow/csd/Test/Snow/1606.tif,../raw/snow/csd/Test/Gt/1606.tif,test,snow,csd
test/1607,../raw/snow/csd/Test/Snow/1607.tif,../raw/snow/csd/Test/Gt/1607.tif,test,snow,csd
test/1608,../raw/snow/csd/Test/Snow/1608.tif,../raw/snow/csd/Test/Gt/1608.tif,test,snow,csd
test/1609,../raw/snow/csd/Test/Snow/1609.tif,../raw/snow/csd/Test/Gt/1609.tif,test,snow,csd
test/161,../raw/snow/csd/Test/Snow/161.tif,../raw/snow/csd/Test/Gt/161.tif,test,snow,csd
test/1610,../raw/snow/csd/Test/Snow/1610.tif,../raw/snow/csd/Test/Gt/1610.tif,test,snow,csd
test/1611,../raw/snow/csd/Test/Snow/1611.tif,../raw/snow/csd/Test/Gt/1611.tif,test,snow,csd
test/1612,../raw/snow/csd/Test/Snow/1612.tif,../raw/snow/csd/Test/Gt/1612.tif,test,snow,csd
test/1613,../raw/snow/csd/Test/Snow/1613.tif,../raw/snow/csd/Test/Gt/1613.tif,test,snow,csd
test/1614,../raw/snow/csd/Test/Snow/1614.tif,../raw/snow/csd/Test/Gt/1614.tif,test,snow,csd
test/1615,../raw/snow/csd/Test/Snow/1615.tif,../raw/snow/csd/Test/Gt/1615.tif,test,snow,csd
test/1616,../raw/snow/csd/Test/Snow/1616.tif,../raw/snow/csd/Test/Gt/1616.tif,test,snow,csd
test/1617,../raw/snow/csd/Test/Snow/1617.tif,../raw/snow/csd/Test/Gt/1617.tif,test,snow,csd
test/1618,../raw/snow/csd/Test/Snow/1618.tif,../raw/snow/csd/Test/Gt/1618.tif,test,snow,csd
test/1619,../raw/snow/csd/Test/Snow/1619.tif,../raw/snow/csd/Test/Gt/1619.tif,test,snow,csd
test/162,../raw/snow/csd/Test/Snow/162.tif,../raw/snow/csd/Test/Gt/162.tif,test,snow,csd
test/1620,../raw/snow/csd/Test/Snow/1620.tif,../raw/snow/csd/Test/Gt/1620.tif,test,snow,csd
test/1621,../raw/snow/csd/Test/Snow/1621.tif,../raw/snow/csd/Test/Gt/1621.tif,test,snow,csd
test/1622,../raw/snow/csd/Test/Snow/1622.tif,../raw/snow/csd/Test/Gt/1622.tif,test,snow,csd
test/1623,../raw/snow/csd/Test/Snow/1623.tif,../raw/snow/csd/Test/Gt/1623.tif,test,snow,csd
test/1624,../raw/snow/csd/Test/Snow/1624.tif,../raw/snow/csd/Test/Gt/1624.tif,test,snow,csd
test/1625,../raw/snow/csd/Test/Snow/1625.tif,../raw/snow/csd/Test/Gt/1625.tif,test,snow,csd
test/1626,../raw/snow/csd/Test/Snow/1626.tif,../raw/snow/csd/Test/Gt/1626.tif,test,snow,csd
test/1627,../raw/snow/csd/Test/Snow/1627.tif,../raw/snow/csd/Test/Gt/1627.tif,test,snow,csd
test/1628,../raw/snow/csd/Test/Snow/1628.tif,../raw/snow/csd/Test/Gt/1628.tif,test,snow,csd
test/1629,../raw/snow/csd/Test/Snow/1629.tif,../raw/snow/csd/Test/Gt/1629.tif,test,snow,csd
test/163,../raw/snow/csd/Test/Snow/163.tif,../raw/snow/csd/Test/Gt/163.tif,test,snow,csd
test/1630,../raw/snow/csd/Test/Snow/1630.tif,../raw/snow/csd/Test/Gt/1630.tif,test,snow,csd
test/1631,../raw/snow/csd/Test/Snow/1631.tif,../raw/snow/csd/Test/Gt/1631.tif,test,snow,csd
test/1632,../raw/snow/csd/Test/Snow/1632.tif,../raw/snow/csd/Test/Gt/1632.tif,test,snow,csd
test/1633,../raw/snow/csd/Test/Snow/1633.tif,../raw/snow/csd/Test/Gt/1633.tif,test,snow,csd
test/1634,../raw/snow/csd/Test/Snow/1634.tif,../raw/snow/csd/Test/Gt/1634.tif,test,snow,csd
test/1635,../raw/snow/csd/Test/Snow/1635.tif,../raw/snow/csd/Test/Gt/1635.tif,test,snow,csd
test/1636,../raw/snow/csd/Test/Snow/1636.tif,../raw/snow/csd/Test/Gt/1636.tif,test,snow,csd
test/1637,../raw/snow/csd/Test/Snow/1637.tif,../raw/snow/csd/Test/Gt/1637.tif,test,snow,csd
test/1638,../raw/snow/csd/Test/Snow/1638.tif,../raw/snow/csd/Test/Gt/1638.tif,test,snow,csd
test/1639,../raw/snow/csd/Test/Snow/1639.tif,../raw/snow/csd/Test/Gt/1639.tif,test,snow,csd
test/164,../raw/snow/csd/Test/Snow/164.tif,../raw/snow/csd/Test/Gt/164.tif,test,snow,csd
test/1640,../raw/snow/csd/Test/Snow/1640.tif,../raw/snow/csd/Test/Gt/1640.tif,test,snow,csd
test/1641,../raw/snow/csd/Test/Snow/1641.tif,../raw/snow/csd/Test/Gt/1641.tif,test,snow,csd
test/1642,../raw/snow/csd/Test/Snow/1642.tif,../raw/snow/csd/Test/Gt/1642.tif,test,snow,csd
test/1643,../raw/snow/csd/Test/Snow/1643.tif,../raw/snow/csd/Test/Gt/1643.tif,test,snow,csd
test/1644,../raw/snow/csd/Test/Snow/1644.tif,../raw/snow/csd/Test/Gt/1644.tif,test,snow,csd
test/1645,../raw/snow/csd/Test/Snow/1645.tif,../raw/snow/csd/Test/Gt/1645.tif,test,snow,csd
test/1646,../raw/snow/csd/Test/Snow/1646.tif,../raw/snow/csd/Test/Gt/1646.tif,test,snow,csd
test/1647,../raw/snow/csd/Test/Snow/1647.tif,../raw/snow/csd/Test/Gt/1647.tif,test,snow,csd
test/1648,../raw/snow/csd/Test/Snow/1648.tif,../raw/snow/csd/Test/Gt/1648.tif,test,snow,csd
test/1649,../raw/snow/csd/Test/Snow/1649.tif,../raw/snow/csd/Test/Gt/1649.tif,test,snow,csd
test/165,../raw/snow/csd/Test/Snow/165.tif,../raw/snow/csd/Test/Gt/165.tif,test,snow,csd
test/1650,../raw/snow/csd/Test/Snow/1650.tif,../raw/snow/csd/Test/Gt/1650.tif,test,snow,csd
test/1651,../raw/snow/csd/Test/Snow/1651.tif,../raw/snow/csd/Test/Gt/1651.tif,test,snow,csd
test/1652,../raw/snow/csd/Test/Snow/1652.tif,../raw/snow/csd/Test/Gt/1652.tif,test,snow,csd
test/1653,../raw/snow/csd/Test/Snow/1653.tif,../raw/snow/csd/Test/Gt/1653.tif,test,snow,csd
test/1654,../raw/snow/csd/Test/Snow/1654.tif,../raw/snow/csd/Test/Gt/1654.tif,test,snow,csd
test/1655,../raw/snow/csd/Test/Snow/1655.tif,../raw/snow/csd/Test/Gt/1655.tif,test,snow,csd
test/1656,../raw/snow/csd/Test/Snow/1656.tif,../raw/snow/csd/Test/Gt/1656.tif,test,snow,csd
test/1657,../raw/snow/csd/Test/Snow/1657.tif,../raw/snow/csd/Test/Gt/1657.tif,test,snow,csd
test/1658,../raw/snow/csd/Test/Snow/1658.tif,../raw/snow/csd/Test/Gt/1658.tif,test,snow,csd
test/1659,../raw/snow/csd/Test/Snow/1659.tif,../raw/snow/csd/Test/Gt/1659.tif,test,snow,csd
test/166,../raw/snow/csd/Test/Snow/166.tif,../raw/snow/csd/Test/Gt/166.tif,test,snow,csd
test/1660,../raw/snow/csd/Test/Snow/1660.tif,../raw/snow/csd/Test/Gt/1660.tif,test,snow,csd
test/1661,../raw/snow/csd/Test/Snow/1661.tif,../raw/snow/csd/Test/Gt/1661.tif,test,snow,csd
test/1662,../raw/snow/csd/Test/Snow/1662.tif,../raw/snow/csd/Test/Gt/1662.tif,test,snow,csd
test/1663,../raw/snow/csd/Test/Snow/1663.tif,../raw/snow/csd/Test/Gt/1663.tif,test,snow,csd
test/1664,../raw/snow/csd/Test/Snow/1664.tif,../raw/snow/csd/Test/Gt/1664.tif,test,snow,csd
test/1665,../raw/snow/csd/Test/Snow/1665.tif,../raw/snow/csd/Test/Gt/1665.tif,test,snow,csd
test/1666,../raw/snow/csd/Test/Snow/1666.tif,../raw/snow/csd/Test/Gt/1666.tif,test,snow,csd
test/1667,../raw/snow/csd/Test/Snow/1667.tif,../raw/snow/csd/Test/Gt/1667.tif,test,snow,csd
test/1668,../raw/snow/csd/Test/Snow/1668.tif,../raw/snow/csd/Test/Gt/1668.tif,test,snow,csd
test/1669,../raw/snow/csd/Test/Snow/1669.tif,../raw/snow/csd/Test/Gt/1669.tif,test,snow,csd
test/167,../raw/snow/csd/Test/Snow/167.tif,../raw/snow/csd/Test/Gt/167.tif,test,snow,csd
test/1670,../raw/snow/csd/Test/Snow/1670.tif,../raw/snow/csd/Test/Gt/1670.tif,test,snow,csd
test/1671,../raw/snow/csd/Test/Snow/1671.tif,../raw/snow/csd/Test/Gt/1671.tif,test,snow,csd
test/1672,../raw/snow/csd/Test/Snow/1672.tif,../raw/snow/csd/Test/Gt/1672.tif,test,snow,csd
test/1673,../raw/snow/csd/Test/Snow/1673.tif,../raw/snow/csd/Test/Gt/1673.tif,test,snow,csd
test/1674,../raw/snow/csd/Test/Snow/1674.tif,../raw/snow/csd/Test/Gt/1674.tif,test,snow,csd
test/1675,../raw/snow/csd/Test/Snow/1675.tif,../raw/snow/csd/Test/Gt/1675.tif,test,snow,csd
test/1676,../raw/snow/csd/Test/Snow/1676.tif,../raw/snow/csd/Test/Gt/1676.tif,test,snow,csd
test/1677,../raw/snow/csd/Test/Snow/1677.tif,../raw/snow/csd/Test/Gt/1677.tif,test,snow,csd
test/1678,../raw/snow/csd/Test/Snow/1678.tif,../raw/snow/csd/Test/Gt/1678.tif,test,snow,csd
test/1679,../raw/snow/csd/Test/Snow/1679.tif,../raw/snow/csd/Test/Gt/1679.tif,test,snow,csd
test/168,../raw/snow/csd/Test/Snow/168.tif,../raw/snow/csd/Test/Gt/168.tif,test,snow,csd
test/1680,../raw/snow/csd/Test/Snow/1680.tif,../raw/snow/csd/Test/Gt/1680.tif,test,snow,csd
test/1681,../raw/snow/csd/Test/Snow/1681.tif,../raw/snow/csd/Test/Gt/1681.tif,test,snow,csd
test/1682,../raw/snow/csd/Test/Snow/1682.tif,../raw/snow/csd/Test/Gt/1682.tif,test,snow,csd
test/1683,../raw/snow/csd/Test/Snow/1683.tif,../raw/snow/csd/Test/Gt/1683.tif,test,snow,csd
test/1684,../raw/snow/csd/Test/Snow/1684.tif,../raw/snow/csd/Test/Gt/1684.tif,test,snow,csd
test/1685,../raw/snow/csd/Test/Snow/1685.tif,../raw/snow/csd/Test/Gt/1685.tif,test,snow,csd
test/1686,../raw/snow/csd/Test/Snow/1686.tif,../raw/snow/csd/Test/Gt/1686.tif,test,snow,csd
test/1687,../raw/snow/csd/Test/Snow/1687.tif,../raw/snow/csd/Test/Gt/1687.tif,test,snow,csd
test/1688,../raw/snow/csd/Test/Snow/1688.tif,../raw/snow/csd/Test/Gt/1688.tif,test,snow,csd
test/1689,../raw/snow/csd/Test/Snow/1689.tif,../raw/snow/csd/Test/Gt/1689.tif,test,snow,csd
test/169,../raw/snow/csd/Test/Snow/169.tif,../raw/snow/csd/Test/Gt/169.tif,test,snow,csd
test/1690,../raw/snow/csd/Test/Snow/1690.tif,../raw/snow/csd/Test/Gt/1690.tif,test,snow,csd
test/1691,../raw/snow/csd/Test/Snow/1691.tif,../raw/snow/csd/Test/Gt/1691.tif,test,snow,csd
test/1692,../raw/snow/csd/Test/Snow/1692.tif,../raw/snow/csd/Test/Gt/1692.tif,test,snow,csd
test/1693,../raw/snow/csd/Test/Snow/1693.tif,../raw/snow/csd/Test/Gt/1693.tif,test,snow,csd
test/1694,../raw/snow/csd/Test/Snow/1694.tif,../raw/snow/csd/Test/Gt/1694.tif,test,snow,csd
test/1695,../raw/snow/csd/Test/Snow/1695.tif,../raw/snow/csd/Test/Gt/1695.tif,test,snow,csd
test/1696,../raw/snow/csd/Test/Snow/1696.tif,../raw/snow/csd/Test/Gt/1696.tif,test,snow,csd
test/1697,../raw/snow/csd/Test/Snow/1697.tif,../raw/snow/csd/Test/Gt/1697.tif,test,snow,csd
test/1698,../raw/snow/csd/Test/Snow/1698.tif,../raw/snow/csd/Test/Gt/1698.tif,test,snow,csd
test/1699,../raw/snow/csd/Test/Snow/1699.tif,../raw/snow/csd/Test/Gt/1699.tif,test,snow,csd
test/17,../raw/snow/csd/Test/Snow/17.tif,../raw/snow/csd/Test/Gt/17.tif,test,snow,csd
test/170,../raw/snow/csd/Test/Snow/170.tif,../raw/snow/csd/Test/Gt/170.tif,test,snow,csd
test/1700,../raw/snow/csd/Test/Snow/1700.tif,../raw/snow/csd/Test/Gt/1700.tif,test,snow,csd
test/1701,../raw/snow/csd/Test/Snow/1701.tif,../raw/snow/csd/Test/Gt/1701.tif,test,snow,csd
test/1702,../raw/snow/csd/Test/Snow/1702.tif,../raw/snow/csd/Test/Gt/1702.tif,test,snow,csd
test/1703,../raw/snow/csd/Test/Snow/1703.tif,../raw/snow/csd/Test/Gt/1703.tif,test,snow,csd
test/1704,../raw/snow/csd/Test/Snow/1704.tif,../raw/snow/csd/Test/Gt/1704.tif,test,snow,csd
test/1705,../raw/snow/csd/Test/Snow/1705.tif,../raw/snow/csd/Test/Gt/1705.tif,test,snow,csd
test/1706,../raw/snow/csd/Test/Snow/1706.tif,../raw/snow/csd/Test/Gt/1706.tif,test,snow,csd
test/1707,../raw/snow/csd/Test/Snow/1707.tif,../raw/snow/csd/Test/Gt/1707.tif,test,snow,csd
test/1708,../raw/snow/csd/Test/Snow/1708.tif,../raw/snow/csd/Test/Gt/1708.tif,test,snow,csd
test/1709,../raw/snow/csd/Test/Snow/1709.tif,../raw/snow/csd/Test/Gt/1709.tif,test,snow,csd
test/171,../raw/snow/csd/Test/Snow/171.tif,../raw/snow/csd/Test/Gt/171.tif,test,snow,csd
test/1710,../raw/snow/csd/Test/Snow/1710.tif,../raw/snow/csd/Test/Gt/1710.tif,test,snow,csd
test/1711,../raw/snow/csd/Test/Snow/1711.tif,../raw/snow/csd/Test/Gt/1711.tif,test,snow,csd
test/1712,../raw/snow/csd/Test/Snow/1712.tif,../raw/snow/csd/Test/Gt/1712.tif,test,snow,csd
test/1713,../raw/snow/csd/Test/Snow/1713.tif,../raw/snow/csd/Test/Gt/1713.tif,test,snow,csd
test/1714,../raw/snow/csd/Test/Snow/1714.tif,../raw/snow/csd/Test/Gt/1714.tif,test,snow,csd
test/1715,../raw/snow/csd/Test/Snow/1715.tif,../raw/snow/csd/Test/Gt/1715.tif,test,snow,csd
test/1716,../raw/snow/csd/Test/Snow/1716.tif,../raw/snow/csd/Test/Gt/1716.tif,test,snow,csd
test/1717,../raw/snow/csd/Test/Snow/1717.tif,../raw/snow/csd/Test/Gt/1717.tif,test,snow,csd
test/1718,../raw/snow/csd/Test/Snow/1718.tif,../raw/snow/csd/Test/Gt/1718.tif,test,snow,csd
test/1719,../raw/snow/csd/Test/Snow/1719.tif,../raw/snow/csd/Test/Gt/1719.tif,test,snow,csd
test/172,../raw/snow/csd/Test/Snow/172.tif,../raw/snow/csd/Test/Gt/172.tif,test,snow,csd
test/1720,../raw/snow/csd/Test/Snow/1720.tif,../raw/snow/csd/Test/Gt/1720.tif,test,snow,csd
test/1721,../raw/snow/csd/Test/Snow/1721.tif,../raw/snow/csd/Test/Gt/1721.tif,test,snow,csd
test/1722,../raw/snow/csd/Test/Snow/1722.tif,../raw/snow/csd/Test/Gt/1722.tif,test,snow,csd
test/1723,../raw/snow/csd/Test/Snow/1723.tif,../raw/snow/csd/Test/Gt/1723.tif,test,snow,csd
test/1724,../raw/snow/csd/Test/Snow/1724.tif,../raw/snow/csd/Test/Gt/1724.tif,test,snow,csd
test/1725,../raw/snow/csd/Test/Snow/1725.tif,../raw/snow/csd/Test/Gt/1725.tif,test,snow,csd
test/1726,../raw/snow/csd/Test/Snow/1726.tif,../raw/snow/csd/Test/Gt/1726.tif,test,snow,csd
test/1727,../raw/snow/csd/Test/Snow/1727.tif,../raw/snow/csd/Test/Gt/1727.tif,test,snow,csd
test/1728,../raw/snow/csd/Test/Snow/1728.tif,../raw/snow/csd/Test/Gt/1728.tif,test,snow,csd
test/1729,../raw/snow/csd/Test/Snow/1729.tif,../raw/snow/csd/Test/Gt/1729.tif,test,snow,csd
test/173,../raw/snow/csd/Test/Snow/173.tif,../raw/snow/csd/Test/Gt/173.tif,test,snow,csd
test/1730,../raw/snow/csd/Test/Snow/1730.tif,../raw/snow/csd/Test/Gt/1730.tif,test,snow,csd
test/1731,../raw/snow/csd/Test/Snow/1731.tif,../raw/snow/csd/Test/Gt/1731.tif,test,snow,csd
test/1732,../raw/snow/csd/Test/Snow/1732.tif,../raw/snow/csd/Test/Gt/1732.tif,test,snow,csd
test/1733,../raw/snow/csd/Test/Snow/1733.tif,../raw/snow/csd/Test/Gt/1733.tif,test,snow,csd
test/1734,../raw/snow/csd/Test/Snow/1734.tif,../raw/snow/csd/Test/Gt/1734.tif,test,snow,csd
test/1735,../raw/snow/csd/Test/Snow/1735.tif,../raw/snow/csd/Test/Gt/1735.tif,test,snow,csd
test/1736,../raw/snow/csd/Test/Snow/1736.tif,../raw/snow/csd/Test/Gt/1736.tif,test,snow,csd
test/1737,../raw/snow/csd/Test/Snow/1737.tif,../raw/snow/csd/Test/Gt/1737.tif,test,snow,csd
test/1738,../raw/snow/csd/Test/Snow/1738.tif,../raw/snow/csd/Test/Gt/1738.tif,test,snow,csd
test/1739,../raw/snow/csd/Test/Snow/1739.tif,../raw/snow/csd/Test/Gt/1739.tif,test,snow,csd
test/174,../raw/snow/csd/Test/Snow/174.tif,../raw/snow/csd/Test/Gt/174.tif,test,snow,csd
test/1740,../raw/snow/csd/Test/Snow/1740.tif,../raw/snow/csd/Test/Gt/1740.tif,test,snow,csd
test/1741,../raw/snow/csd/Test/Snow/1741.tif,../raw/snow/csd/Test/Gt/1741.tif,test,snow,csd
test/1742,../raw/snow/csd/Test/Snow/1742.tif,../raw/snow/csd/Test/Gt/1742.tif,test,snow,csd
test/1743,../raw/snow/csd/Test/Snow/1743.tif,../raw/snow/csd/Test/Gt/1743.tif,test,snow,csd
test/1744,../raw/snow/csd/Test/Snow/1744.tif,../raw/snow/csd/Test/Gt/1744.tif,test,snow,csd
test/1745,../raw/snow/csd/Test/Snow/1745.tif,../raw/snow/csd/Test/Gt/1745.tif,test,snow,csd
test/1746,../raw/snow/csd/Test/Snow/1746.tif,../raw/snow/csd/Test/Gt/1746.tif,test,snow,csd
test/1747,../raw/snow/csd/Test/Snow/1747.tif,../raw/snow/csd/Test/Gt/1747.tif,test,snow,csd
test/1748,../raw/snow/csd/Test/Snow/1748.tif,../raw/snow/csd/Test/Gt/1748.tif,test,snow,csd
test/1749,../raw/snow/csd/Test/Snow/1749.tif,../raw/snow/csd/Test/Gt/1749.tif,test,snow,csd
test/175,../raw/snow/csd/Test/Snow/175.tif,../raw/snow/csd/Test/Gt/175.tif,test,snow,csd
test/1750,../raw/snow/csd/Test/Snow/1750.tif,../raw/snow/csd/Test/Gt/1750.tif,test,snow,csd
test/1751,../raw/snow/csd/Test/Snow/1751.tif,../raw/snow/csd/Test/Gt/1751.tif,test,snow,csd
test/1752,../raw/snow/csd/Test/Snow/1752.tif,../raw/snow/csd/Test/Gt/1752.tif,test,snow,csd
test/1753,../raw/snow/csd/Test/Snow/1753.tif,../raw/snow/csd/Test/Gt/1753.tif,test,snow,csd
test/1754,../raw/snow/csd/Test/Snow/1754.tif,../raw/snow/csd/Test/Gt/1754.tif,test,snow,csd
test/1755,../raw/snow/csd/Test/Snow/1755.tif,../raw/snow/csd/Test/Gt/1755.tif,test,snow,csd
test/1756,../raw/snow/csd/Test/Snow/1756.tif,../raw/snow/csd/Test/Gt/1756.tif,test,snow,csd
test/1757,../raw/snow/csd/Test/Snow/1757.tif,../raw/snow/csd/Test/Gt/1757.tif,test,snow,csd
test/1758,../raw/snow/csd/Test/Snow/1758.tif,../raw/snow/csd/Test/Gt/1758.tif,test,snow,csd
test/1759,../raw/snow/csd/Test/Snow/1759.tif,../raw/snow/csd/Test/Gt/1759.tif,test,snow,csd
test/176,../raw/snow/csd/Test/Snow/176.tif,../raw/snow/csd/Test/Gt/176.tif,test,snow,csd
test/1760,../raw/snow/csd/Test/Snow/1760.tif,../raw/snow/csd/Test/Gt/1760.tif,test,snow,csd
test/1761,../raw/snow/csd/Test/Snow/1761.tif,../raw/snow/csd/Test/Gt/1761.tif,test,snow,csd
test/1762,../raw/snow/csd/Test/Snow/1762.tif,../raw/snow/csd/Test/Gt/1762.tif,test,snow,csd
test/1763,../raw/snow/csd/Test/Snow/1763.tif,../raw/snow/csd/Test/Gt/1763.tif,test,snow,csd
test/1764,../raw/snow/csd/Test/Snow/1764.tif,../raw/snow/csd/Test/Gt/1764.tif,test,snow,csd
test/1765,../raw/snow/csd/Test/Snow/1765.tif,../raw/snow/csd/Test/Gt/1765.tif,test,snow,csd
test/1766,../raw/snow/csd/Test/Snow/1766.tif,../raw/snow/csd/Test/Gt/1766.tif,test,snow,csd
test/1767,../raw/snow/csd/Test/Snow/1767.tif,../raw/snow/csd/Test/Gt/1767.tif,test,snow,csd
test/1768,../raw/snow/csd/Test/Snow/1768.tif,../raw/snow/csd/Test/Gt/1768.tif,test,snow,csd
test/1769,../raw/snow/csd/Test/Snow/1769.tif,../raw/snow/csd/Test/Gt/1769.tif,test,snow,csd
test/177,../raw/snow/csd/Test/Snow/177.tif,../raw/snow/csd/Test/Gt/177.tif,test,snow,csd
test/1770,../raw/snow/csd/Test/Snow/1770.tif,../raw/snow/csd/Test/Gt/1770.tif,test,snow,csd
test/1771,../raw/snow/csd/Test/Snow/1771.tif,../raw/snow/csd/Test/Gt/1771.tif,test,snow,csd
test/1772,../raw/snow/csd/Test/Snow/1772.tif,../raw/snow/csd/Test/Gt/1772.tif,test,snow,csd
test/1773,../raw/snow/csd/Test/Snow/1773.tif,../raw/snow/csd/Test/Gt/1773.tif,test,snow,csd
test/1774,../raw/snow/csd/Test/Snow/1774.tif,../raw/snow/csd/Test/Gt/1774.tif,test,snow,csd
test/1775,../raw/snow/csd/Test/Snow/1775.tif,../raw/snow/csd/Test/Gt/1775.tif,test,snow,csd
test/1776,../raw/snow/csd/Test/Snow/1776.tif,../raw/snow/csd/Test/Gt/1776.tif,test,snow,csd
test/1777,../raw/snow/csd/Test/Snow/1777.tif,../raw/snow/csd/Test/Gt/1777.tif,test,snow,csd
test/1778,../raw/snow/csd/Test/Snow/1778.tif,../raw/snow/csd/Test/Gt/1778.tif,test,snow,csd
test/1779,../raw/snow/csd/Test/Snow/1779.tif,../raw/snow/csd/Test/Gt/1779.tif,test,snow,csd
test/178,../raw/snow/csd/Test/Snow/178.tif,../raw/snow/csd/Test/Gt/178.tif,test,snow,csd
test/1780,../raw/snow/csd/Test/Snow/1780.tif,../raw/snow/csd/Test/Gt/1780.tif,test,snow,csd
test/1781,../raw/snow/csd/Test/Snow/1781.tif,../raw/snow/csd/Test/Gt/1781.tif,test,snow,csd
test/1782,../raw/snow/csd/Test/Snow/1782.tif,../raw/snow/csd/Test/Gt/1782.tif,test,snow,csd
test/1783,../raw/snow/csd/Test/Snow/1783.tif,../raw/snow/csd/Test/Gt/1783.tif,test,snow,csd
test/1784,../raw/snow/csd/Test/Snow/1784.tif,../raw/snow/csd/Test/Gt/1784.tif,test,snow,csd
test/1785,../raw/snow/csd/Test/Snow/1785.tif,../raw/snow/csd/Test/Gt/1785.tif,test,snow,csd
test/1786,../raw/snow/csd/Test/Snow/1786.tif,../raw/snow/csd/Test/Gt/1786.tif,test,snow,csd
test/1787,../raw/snow/csd/Test/Snow/1787.tif,../raw/snow/csd/Test/Gt/1787.tif,test,snow,csd
test/1788,../raw/snow/csd/Test/Snow/1788.tif,../raw/snow/csd/Test/Gt/1788.tif,test,snow,csd
test/1789,../raw/snow/csd/Test/Snow/1789.tif,../raw/snow/csd/Test/Gt/1789.tif,test,snow,csd
test/179,../raw/snow/csd/Test/Snow/179.tif,../raw/snow/csd/Test/Gt/179.tif,test,snow,csd
test/1790,../raw/snow/csd/Test/Snow/1790.tif,../raw/snow/csd/Test/Gt/1790.tif,test,snow,csd
test/1791,../raw/snow/csd/Test/Snow/1791.tif,../raw/snow/csd/Test/Gt/1791.tif,test,snow,csd
test/1792,../raw/snow/csd/Test/Snow/1792.tif,../raw/snow/csd/Test/Gt/1792.tif,test,snow,csd
test/1793,../raw/snow/csd/Test/Snow/1793.tif,../raw/snow/csd/Test/Gt/1793.tif,test,snow,csd
test/1794,../raw/snow/csd/Test/Snow/1794.tif,../raw/snow/csd/Test/Gt/1794.tif,test,snow,csd
test/1795,../raw/snow/csd/Test/Snow/1795.tif,../raw/snow/csd/Test/Gt/1795.tif,test,snow,csd
test/1796,../raw/snow/csd/Test/Snow/1796.tif,../raw/snow/csd/Test/Gt/1796.tif,test,snow,csd
test/1797,../raw/snow/csd/Test/Snow/1797.tif,../raw/snow/csd/Test/Gt/1797.tif,test,snow,csd
test/1798,../raw/snow/csd/Test/Snow/1798.tif,../raw/snow/csd/Test/Gt/1798.tif,test,snow,csd
test/1799,../raw/snow/csd/Test/Snow/1799.tif,../raw/snow/csd/Test/Gt/1799.tif,test,snow,csd
test/18,../raw/snow/csd/Test/Snow/18.tif,../raw/snow/csd/Test/Gt/18.tif,test,snow,csd
test/180,../raw/snow/csd/Test/Snow/180.tif,../raw/snow/csd/Test/Gt/180.tif,test,snow,csd
test/1800,../raw/snow/csd/Test/Snow/1800.tif,../raw/snow/csd/Test/Gt/1800.tif,test,snow,csd
test/1801,../raw/snow/csd/Test/Snow/1801.tif,../raw/snow/csd/Test/Gt/1801.tif,test,snow,csd
test/1802,../raw/snow/csd/Test/Snow/1802.tif,../raw/snow/csd/Test/Gt/1802.tif,test,snow,csd
test/1803,../raw/snow/csd/Test/Snow/1803.tif,../raw/snow/csd/Test/Gt/1803.tif,test,snow,csd
test/1804,../raw/snow/csd/Test/Snow/1804.tif,../raw/snow/csd/Test/Gt/1804.tif,test,snow,csd
test/1805,../raw/snow/csd/Test/Snow/1805.tif,../raw/snow/csd/Test/Gt/1805.tif,test,snow,csd
test/1806,../raw/snow/csd/Test/Snow/1806.tif,../raw/snow/csd/Test/Gt/1806.tif,test,snow,csd
test/1807,../raw/snow/csd/Test/Snow/1807.tif,../raw/snow/csd/Test/Gt/1807.tif,test,snow,csd
test/1808,../raw/snow/csd/Test/Snow/1808.tif,../raw/snow/csd/Test/Gt/1808.tif,test,snow,csd
test/1809,../raw/snow/csd/Test/Snow/1809.tif,../raw/snow/csd/Test/Gt/1809.tif,test,snow,csd
test/181,../raw/snow/csd/Test/Snow/181.tif,../raw/snow/csd/Test/Gt/181.tif,test,snow,csd
test/1810,../raw/snow/csd/Test/Snow/1810.tif,../raw/snow/csd/Test/Gt/1810.tif,test,snow,csd
test/1811,../raw/snow/csd/Test/Snow/1811.tif,../raw/snow/csd/Test/Gt/1811.tif,test,snow,csd
test/1812,../raw/snow/csd/Test/Snow/1812.tif,../raw/snow/csd/Test/Gt/1812.tif,test,snow,csd
test/1813,../raw/snow/csd/Test/Snow/1813.tif,../raw/snow/csd/Test/Gt/1813.tif,test,snow,csd
test/1814,../raw/snow/csd/Test/Snow/1814.tif,../raw/snow/csd/Test/Gt/1814.tif,test,snow,csd
test/1815,../raw/snow/csd/Test/Snow/1815.tif,../raw/snow/csd/Test/Gt/1815.tif,test,snow,csd
test/1816,../raw/snow/csd/Test/Snow/1816.tif,../raw/snow/csd/Test/Gt/1816.tif,test,snow,csd
test/1817,../raw/snow/csd/Test/Snow/1817.tif,../raw/snow/csd/Test/Gt/1817.tif,test,snow,csd
test/1818,../raw/snow/csd/Test/Snow/1818.tif,../raw/snow/csd/Test/Gt/1818.tif,test,snow,csd
test/1819,../raw/snow/csd/Test/Snow/1819.tif,../raw/snow/csd/Test/Gt/1819.tif,test,snow,csd
test/182,../raw/snow/csd/Test/Snow/182.tif,../raw/snow/csd/Test/Gt/182.tif,test,snow,csd
test/1820,../raw/snow/csd/Test/Snow/1820.tif,../raw/snow/csd/Test/Gt/1820.tif,test,snow,csd
test/1821,../raw/snow/csd/Test/Snow/1821.tif,../raw/snow/csd/Test/Gt/1821.tif,test,snow,csd
test/1822,../raw/snow/csd/Test/Snow/1822.tif,../raw/snow/csd/Test/Gt/1822.tif,test,snow,csd
test/1823,../raw/snow/csd/Test/Snow/1823.tif,../raw/snow/csd/Test/Gt/1823.tif,test,snow,csd
test/1824,../raw/snow/csd/Test/Snow/1824.tif,../raw/snow/csd/Test/Gt/1824.tif,test,snow,csd
test/1825,../raw/snow/csd/Test/Snow/1825.tif,../raw/snow/csd/Test/Gt/1825.tif,test,snow,csd
test/1826,../raw/snow/csd/Test/Snow/1826.tif,../raw/snow/csd/Test/Gt/1826.tif,test,snow,csd
test/1827,../raw/snow/csd/Test/Snow/1827.tif,../raw/snow/csd/Test/Gt/1827.tif,test,snow,csd
test/1828,../raw/snow/csd/Test/Snow/1828.tif,../raw/snow/csd/Test/Gt/1828.tif,test,snow,csd
test/1829,../raw/snow/csd/Test/Snow/1829.tif,../raw/snow/csd/Test/Gt/1829.tif,test,snow,csd
test/183,../raw/snow/csd/Test/Snow/183.tif,../raw/snow/csd/Test/Gt/183.tif,test,snow,csd
test/1830,../raw/snow/csd/Test/Snow/1830.tif,../raw/snow/csd/Test/Gt/1830.tif,test,snow,csd
test/1831,../raw/snow/csd/Test/Snow/1831.tif,../raw/snow/csd/Test/Gt/1831.tif,test,snow,csd
test/1832,../raw/snow/csd/Test/Snow/1832.tif,../raw/snow/csd/Test/Gt/1832.tif,test,snow,csd
test/1833,../raw/snow/csd/Test/Snow/1833.tif,../raw/snow/csd/Test/Gt/1833.tif,test,snow,csd
test/1834,../raw/snow/csd/Test/Snow/1834.tif,../raw/snow/csd/Test/Gt/1834.tif,test,snow,csd
test/1835,../raw/snow/csd/Test/Snow/1835.tif,../raw/snow/csd/Test/Gt/1835.tif,test,snow,csd
test/1836,../raw/snow/csd/Test/Snow/1836.tif,../raw/snow/csd/Test/Gt/1836.tif,test,snow,csd
test/1837,../raw/snow/csd/Test/Snow/1837.tif,../raw/snow/csd/Test/Gt/1837.tif,test,snow,csd
test/1838,../raw/snow/csd/Test/Snow/1838.tif,../raw/snow/csd/Test/Gt/1838.tif,test,snow,csd
test/1839,../raw/snow/csd/Test/Snow/1839.tif,../raw/snow/csd/Test/Gt/1839.tif,test,snow,csd
test/184,../raw/snow/csd/Test/Snow/184.tif,../raw/snow/csd/Test/Gt/184.tif,test,snow,csd
test/1840,../raw/snow/csd/Test/Snow/1840.tif,../raw/snow/csd/Test/Gt/1840.tif,test,snow,csd
test/1841,../raw/snow/csd/Test/Snow/1841.tif,../raw/snow/csd/Test/Gt/1841.tif,test,snow,csd
test/1842,../raw/snow/csd/Test/Snow/1842.tif,../raw/snow/csd/Test/Gt/1842.tif,test,snow,csd
test/1843,../raw/snow/csd/Test/Snow/1843.tif,../raw/snow/csd/Test/Gt/1843.tif,test,snow,csd
test/1844,../raw/snow/csd/Test/Snow/1844.tif,../raw/snow/csd/Test/Gt/1844.tif,test,snow,csd
test/1845,../raw/snow/csd/Test/Snow/1845.tif,../raw/snow/csd/Test/Gt/1845.tif,test,snow,csd
test/1846,../raw/snow/csd/Test/Snow/1846.tif,../raw/snow/csd/Test/Gt/1846.tif,test,snow,csd
test/1847,../raw/snow/csd/Test/Snow/1847.tif,../raw/snow/csd/Test/Gt/1847.tif,test,snow,csd
test/1848,../raw/snow/csd/Test/Snow/1848.tif,../raw/snow/csd/Test/Gt/1848.tif,test,snow,csd
test/1849,../raw/snow/csd/Test/Snow/1849.tif,../raw/snow/csd/Test/Gt/1849.tif,test,snow,csd
test/185,../raw/snow/csd/Test/Snow/185.tif,../raw/snow/csd/Test/Gt/185.tif,test,snow,csd
test/1850,../raw/snow/csd/Test/Snow/1850.tif,../raw/snow/csd/Test/Gt/1850.tif,test,snow,csd
test/1851,../raw/snow/csd/Test/Snow/1851.tif,../raw/snow/csd/Test/Gt/1851.tif,test,snow,csd
test/1852,../raw/snow/csd/Test/Snow/1852.tif,../raw/snow/csd/Test/Gt/1852.tif,test,snow,csd
test/1853,../raw/snow/csd/Test/Snow/1853.tif,../raw/snow/csd/Test/Gt/1853.tif,test,snow,csd
test/1854,../raw/snow/csd/Test/Snow/1854.tif,../raw/snow/csd/Test/Gt/1854.tif,test,snow,csd
test/1855,../raw/snow/csd/Test/Snow/1855.tif,../raw/snow/csd/Test/Gt/1855.tif,test,snow,csd
test/1856,../raw/snow/csd/Test/Snow/1856.tif,../raw/snow/csd/Test/Gt/1856.tif,test,snow,csd
test/1857,../raw/snow/csd/Test/Snow/1857.tif,../raw/snow/csd/Test/Gt/1857.tif,test,snow,csd
test/1858,../raw/snow/csd/Test/Snow/1858.tif,../raw/snow/csd/Test/Gt/1858.tif,test,snow,csd
test/1859,../raw/snow/csd/Test/Snow/1859.tif,../raw/snow/csd/Test/Gt/1859.tif,test,snow,csd
test/186,../raw/snow/csd/Test/Snow/186.tif,../raw/snow/csd/Test/Gt/186.tif,test,snow,csd
test/1860,../raw/snow/csd/Test/Snow/1860.tif,../raw/snow/csd/Test/Gt/1860.tif,test,snow,csd
test/1861,../raw/snow/csd/Test/Snow/1861.tif,../raw/snow/csd/Test/Gt/1861.tif,test,snow,csd
test/1862,../raw/snow/csd/Test/Snow/1862.tif,../raw/snow/csd/Test/Gt/1862.tif,test,snow,csd
test/1863,../raw/snow/csd/Test/Snow/1863.tif,../raw/snow/csd/Test/Gt/1863.tif,test,snow,csd
test/1864,../raw/snow/csd/Test/Snow/1864.tif,../raw/snow/csd/Test/Gt/1864.tif,test,snow,csd
test/1865,../raw/snow/csd/Test/Snow/1865.tif,../raw/snow/csd/Test/Gt/1865.tif,test,snow,csd
test/1866,../raw/snow/csd/Test/Snow/1866.tif,../raw/snow/csd/Test/Gt/1866.tif,test,snow,csd
test/1867,../raw/snow/csd/Test/Snow/1867.tif,../raw/snow/csd/Test/Gt/1867.tif,test,snow,csd
test/1868,../raw/snow/csd/Test/Snow/1868.tif,../raw/snow/csd/Test/Gt/1868.tif,test,snow,csd
test/1869,../raw/snow/csd/Test/Snow/1869.tif,../raw/snow/csd/Test/Gt/1869.tif,test,snow,csd
test/187,../raw/snow/csd/Test/Snow/187.tif,../raw/snow/csd/Test/Gt/187.tif,test,snow,csd
test/1870,../raw/snow/csd/Test/Snow/1870.tif,../raw/snow/csd/Test/Gt/1870.tif,test,snow,csd
test/1871,../raw/snow/csd/Test/Snow/1871.tif,../raw/snow/csd/Test/Gt/1871.tif,test,snow,csd
test/1872,../raw/snow/csd/Test/Snow/1872.tif,../raw/snow/csd/Test/Gt/1872.tif,test,snow,csd
test/1873,../raw/snow/csd/Test/Snow/1873.tif,../raw/snow/csd/Test/Gt/1873.tif,test,snow,csd
test/1874,../raw/snow/csd/Test/Snow/1874.tif,../raw/snow/csd/Test/Gt/1874.tif,test,snow,csd
test/1875,../raw/snow/csd/Test/Snow/1875.tif,../raw/snow/csd/Test/Gt/1875.tif,test,snow,csd
test/1876,../raw/snow/csd/Test/Snow/1876.tif,../raw/snow/csd/Test/Gt/1876.tif,test,snow,csd
test/1877,../raw/snow/csd/Test/Snow/1877.tif,../raw/snow/csd/Test/Gt/1877.tif,test,snow,csd
test/1878,../raw/snow/csd/Test/Snow/1878.tif,../raw/snow/csd/Test/Gt/1878.tif,test,snow,csd
test/1879,../raw/snow/csd/Test/Snow/1879.tif,../raw/snow/csd/Test/Gt/1879.tif,test,snow,csd
test/188,../raw/snow/csd/Test/Snow/188.tif,../raw/snow/csd/Test/Gt/188.tif,test,snow,csd
test/1880,../raw/snow/csd/Test/Snow/1880.tif,../raw/snow/csd/Test/Gt/1880.tif,test,snow,csd
test/1881,../raw/snow/csd/Test/Snow/1881.tif,../raw/snow/csd/Test/Gt/1881.tif,test,snow,csd
test/1882,../raw/snow/csd/Test/Snow/1882.tif,../raw/snow/csd/Test/Gt/1882.tif,test,snow,csd
test/1883,../raw/snow/csd/Test/Snow/1883.tif,../raw/snow/csd/Test/Gt/1883.tif,test,snow,csd
test/1884,../raw/snow/csd/Test/Snow/1884.tif,../raw/snow/csd/Test/Gt/1884.tif,test,snow,csd
test/1885,../raw/snow/csd/Test/Snow/1885.tif,../raw/snow/csd/Test/Gt/1885.tif,test,snow,csd
test/1886,../raw/snow/csd/Test/Snow/1886.tif,../raw/snow/csd/Test/Gt/1886.tif,test,snow,csd
test/1887,../raw/snow/csd/Test/Snow/1887.tif,../raw/snow/csd/Test/Gt/1887.tif,test,snow,csd
test/1888,../raw/snow/csd/Test/Snow/1888.tif,../raw/snow/csd/Test/Gt/1888.tif,test,snow,csd
test/1889,../raw/snow/csd/Test/Snow/1889.tif,../raw/snow/csd/Test/Gt/1889.tif,test,snow,csd
test/189,../raw/snow/csd/Test/Snow/189.tif,../raw/snow/csd/Test/Gt/189.tif,test,snow,csd
test/1890,../raw/snow/csd/Test/Snow/1890.tif,../raw/snow/csd/Test/Gt/1890.tif,test,snow,csd
test/1891,../raw/snow/csd/Test/Snow/1891.tif,../raw/snow/csd/Test/Gt/1891.tif,test,snow,csd
test/1892,../raw/snow/csd/Test/Snow/1892.tif,../raw/snow/csd/Test/Gt/1892.tif,test,snow,csd
test/1893,../raw/snow/csd/Test/Snow/1893.tif,../raw/snow/csd/Test/Gt/1893.tif,test,snow,csd
test/1894,../raw/snow/csd/Test/Snow/1894.tif,../raw/snow/csd/Test/Gt/1894.tif,test,snow,csd
test/1895,../raw/snow/csd/Test/Snow/1895.tif,../raw/snow/csd/Test/Gt/1895.tif,test,snow,csd
test/1896,../raw/snow/csd/Test/Snow/1896.tif,../raw/snow/csd/Test/Gt/1896.tif,test,snow,csd
test/1897,../raw/snow/csd/Test/Snow/1897.tif,../raw/snow/csd/Test/Gt/1897.tif,test,snow,csd
test/1898,../raw/snow/csd/Test/Snow/1898.tif,../raw/snow/csd/Test/Gt/1898.tif,test,snow,csd
test/1899,../raw/snow/csd/Test/Snow/1899.tif,../raw/snow/csd/Test/Gt/1899.tif,test,snow,csd
test/19,../raw/snow/csd/Test/Snow/19.tif,../raw/snow/csd/Test/Gt/19.tif,test,snow,csd
test/190,../raw/snow/csd/Test/Snow/190.tif,../raw/snow/csd/Test/Gt/190.tif,test,snow,csd
test/1900,../raw/snow/csd/Test/Snow/1900.tif,../raw/snow/csd/Test/Gt/1900.tif,test,snow,csd
test/1901,../raw/snow/csd/Test/Snow/1901.tif,../raw/snow/csd/Test/Gt/1901.tif,test,snow,csd
test/1902,../raw/snow/csd/Test/Snow/1902.tif,../raw/snow/csd/Test/Gt/1902.tif,test,snow,csd
test/1903,../raw/snow/csd/Test/Snow/1903.tif,../raw/snow/csd/Test/Gt/1903.tif,test,snow,csd
test/1904,../raw/snow/csd/Test/Snow/1904.tif,../raw/snow/csd/Test/Gt/1904.tif,test,snow,csd
test/1905,../raw/snow/csd/Test/Snow/1905.tif,../raw/snow/csd/Test/Gt/1905.tif,test,snow,csd
test/1906,../raw/snow/csd/Test/Snow/1906.tif,../raw/snow/csd/Test/Gt/1906.tif,test,snow,csd
test/1907,../raw/snow/csd/Test/Snow/1907.tif,../raw/snow/csd/Test/Gt/1907.tif,test,snow,csd
test/1908,../raw/snow/csd/Test/Snow/1908.tif,../raw/snow/csd/Test/Gt/1908.tif,test,snow,csd
test/1909,../raw/snow/csd/Test/Snow/1909.tif,../raw/snow/csd/Test/Gt/1909.tif,test,snow,csd
test/191,../raw/snow/csd/Test/Snow/191.tif,../raw/snow/csd/Test/Gt/191.tif,test,snow,csd
test/1910,../raw/snow/csd/Test/Snow/1910.tif,../raw/snow/csd/Test/Gt/1910.tif,test,snow,csd
test/1911,../raw/snow/csd/Test/Snow/1911.tif,../raw/snow/csd/Test/Gt/1911.tif,test,snow,csd
test/1912,../raw/snow/csd/Test/Snow/1912.tif,../raw/snow/csd/Test/Gt/1912.tif,test,snow,csd
test/1913,../raw/snow/csd/Test/Snow/1913.tif,../raw/snow/csd/Test/Gt/1913.tif,test,snow,csd
test/1914,../raw/snow/csd/Test/Snow/1914.tif,../raw/snow/csd/Test/Gt/1914.tif,test,snow,csd
test/1915,../raw/snow/csd/Test/Snow/1915.tif,../raw/snow/csd/Test/Gt/1915.tif,test,snow,csd
test/1916,../raw/snow/csd/Test/Snow/1916.tif,../raw/snow/csd/Test/Gt/1916.tif,test,snow,csd
test/1917,../raw/snow/csd/Test/Snow/1917.tif,../raw/snow/csd/Test/Gt/1917.tif,test,snow,csd
test/1918,../raw/snow/csd/Test/Snow/1918.tif,../raw/snow/csd/Test/Gt/1918.tif,test,snow,csd
test/1919,../raw/snow/csd/Test/Snow/1919.tif,../raw/snow/csd/Test/Gt/1919.tif,test,snow,csd
test/192,../raw/snow/csd/Test/Snow/192.tif,../raw/snow/csd/Test/Gt/192.tif,test,snow,csd
test/1920,../raw/snow/csd/Test/Snow/1920.tif,../raw/snow/csd/Test/Gt/1920.tif,test,snow,csd
test/1921,../raw/snow/csd/Test/Snow/1921.tif,../raw/snow/csd/Test/Gt/1921.tif,test,snow,csd
test/1922,../raw/snow/csd/Test/Snow/1922.tif,../raw/snow/csd/Test/Gt/1922.tif,test,snow,csd
test/1923,../raw/snow/csd/Test/Snow/1923.tif,../raw/snow/csd/Test/Gt/1923.tif,test,snow,csd
test/1924,../raw/snow/csd/Test/Snow/1924.tif,../raw/snow/csd/Test/Gt/1924.tif,test,snow,csd
test/1925,../raw/snow/csd/Test/Snow/1925.tif,../raw/snow/csd/Test/Gt/1925.tif,test,snow,csd
test/1926,../raw/snow/csd/Test/Snow/1926.tif,../raw/snow/csd/Test/Gt/1926.tif,test,snow,csd
test/1927,../raw/snow/csd/Test/Snow/1927.tif,../raw/snow/csd/Test/Gt/1927.tif,test,snow,csd
test/1928,../raw/snow/csd/Test/Snow/1928.tif,../raw/snow/csd/Test/Gt/1928.tif,test,snow,csd
test/1929,../raw/snow/csd/Test/Snow/1929.tif,../raw/snow/csd/Test/Gt/1929.tif,test,snow,csd
test/193,../raw/snow/csd/Test/Snow/193.tif,../raw/snow/csd/Test/Gt/193.tif,test,snow,csd
test/1930,../raw/snow/csd/Test/Snow/1930.tif,../raw/snow/csd/Test/Gt/1930.tif,test,snow,csd
test/1931,../raw/snow/csd/Test/Snow/1931.tif,../raw/snow/csd/Test/Gt/1931.tif,test,snow,csd
test/1932,../raw/snow/csd/Test/Snow/1932.tif,../raw/snow/csd/Test/Gt/1932.tif,test,snow,csd
test/1933,../raw/snow/csd/Test/Snow/1933.tif,../raw/snow/csd/Test/Gt/1933.tif,test,snow,csd
test/1934,../raw/snow/csd/Test/Snow/1934.tif,../raw/snow/csd/Test/Gt/1934.tif,test,snow,csd
test/1935,../raw/snow/csd/Test/Snow/1935.tif,../raw/snow/csd/Test/Gt/1935.tif,test,snow,csd
test/1936,../raw/snow/csd/Test/Snow/1936.tif,../raw/snow/csd/Test/Gt/1936.tif,test,snow,csd
test/1937,../raw/snow/csd/Test/Snow/1937.tif,../raw/snow/csd/Test/Gt/1937.tif,test,snow,csd
test/1938,../raw/snow/csd/Test/Snow/1938.tif,../raw/snow/csd/Test/Gt/1938.tif,test,snow,csd
test/1939,../raw/snow/csd/Test/Snow/1939.tif,../raw/snow/csd/Test/Gt/1939.tif,test,snow,csd
test/194,../raw/snow/csd/Test/Snow/194.tif,../raw/snow/csd/Test/Gt/194.tif,test,snow,csd
test/1940,../raw/snow/csd/Test/Snow/1940.tif,../raw/snow/csd/Test/Gt/1940.tif,test,snow,csd
test/1941,../raw/snow/csd/Test/Snow/1941.tif,../raw/snow/csd/Test/Gt/1941.tif,test,snow,csd
test/1942,../raw/snow/csd/Test/Snow/1942.tif,../raw/snow/csd/Test/Gt/1942.tif,test,snow,csd
test/1943,../raw/snow/csd/Test/Snow/1943.tif,../raw/snow/csd/Test/Gt/1943.tif,test,snow,csd
test/1944,../raw/snow/csd/Test/Snow/1944.tif,../raw/snow/csd/Test/Gt/1944.tif,test,snow,csd
test/1945,../raw/snow/csd/Test/Snow/1945.tif,../raw/snow/csd/Test/Gt/1945.tif,test,snow,csd
test/1946,../raw/snow/csd/Test/Snow/1946.tif,../raw/snow/csd/Test/Gt/1946.tif,test,snow,csd
test/1947,../raw/snow/csd/Test/Snow/1947.tif,../raw/snow/csd/Test/Gt/1947.tif,test,snow,csd
test/1948,../raw/snow/csd/Test/Snow/1948.tif,../raw/snow/csd/Test/Gt/1948.tif,test,snow,csd
test/1949,../raw/snow/csd/Test/Snow/1949.tif,../raw/snow/csd/Test/Gt/1949.tif,test,snow,csd
test/195,../raw/snow/csd/Test/Snow/195.tif,../raw/snow/csd/Test/Gt/195.tif,test,snow,csd
test/1950,../raw/snow/csd/Test/Snow/1950.tif,../raw/snow/csd/Test/Gt/1950.tif,test,snow,csd
test/1951,../raw/snow/csd/Test/Snow/1951.tif,../raw/snow/csd/Test/Gt/1951.tif,test,snow,csd
test/1952,../raw/snow/csd/Test/Snow/1952.tif,../raw/snow/csd/Test/Gt/1952.tif,test,snow,csd
test/1953,../raw/snow/csd/Test/Snow/1953.tif,../raw/snow/csd/Test/Gt/1953.tif,test,snow,csd
test/1954,../raw/snow/csd/Test/Snow/1954.tif,../raw/snow/csd/Test/Gt/1954.tif,test,snow,csd
test/1955,../raw/snow/csd/Test/Snow/1955.tif,../raw/snow/csd/Test/Gt/1955.tif,test,snow,csd
test/1956,../raw/snow/csd/Test/Snow/1956.tif,../raw/snow/csd/Test/Gt/1956.tif,test,snow,csd
test/1957,../raw/snow/csd/Test/Snow/1957.tif,../raw/snow/csd/Test/Gt/1957.tif,test,snow,csd
test/1958,../raw/snow/csd/Test/Snow/1958.tif,../raw/snow/csd/Test/Gt/1958.tif,test,snow,csd
test/1959,../raw/snow/csd/Test/Snow/1959.tif,../raw/snow/csd/Test/Gt/1959.tif,test,snow,csd
test/196,../raw/snow/csd/Test/Snow/196.tif,../raw/snow/csd/Test/Gt/196.tif,test,snow,csd
test/1960,../raw/snow/csd/Test/Snow/1960.tif,../raw/snow/csd/Test/Gt/1960.tif,test,snow,csd
test/1961,../raw/snow/csd/Test/Snow/1961.tif,../raw/snow/csd/Test/Gt/1961.tif,test,snow,csd
test/1962,../raw/snow/csd/Test/Snow/1962.tif,../raw/snow/csd/Test/Gt/1962.tif,test,snow,csd
test/1963,../raw/snow/csd/Test/Snow/1963.tif,../raw/snow/csd/Test/Gt/1963.tif,test,snow,csd
test/1964,../raw/snow/csd/Test/Snow/1964.tif,../raw/snow/csd/Test/Gt/1964.tif,test,snow,csd
test/1965,../raw/snow/csd/Test/Snow/1965.tif,../raw/snow/csd/Test/Gt/1965.tif,test,snow,csd
test/1966,../raw/snow/csd/Test/Snow/1966.tif,../raw/snow/csd/Test/Gt/1966.tif,test,snow,csd
test/1967,../raw/snow/csd/Test/Snow/1967.tif,../raw/snow/csd/Test/Gt/1967.tif,test,snow,csd
test/1968,../raw/snow/csd/Test/Snow/1968.tif,../raw/snow/csd/Test/Gt/1968.tif,test,snow,csd
test/1969,../raw/snow/csd/Test/Snow/1969.tif,../raw/snow/csd/Test/Gt/1969.tif,test,snow,csd
test/197,../raw/snow/csd/Test/Snow/197.tif,../raw/snow/csd/Test/Gt/197.tif,test,snow,csd
test/1970,../raw/snow/csd/Test/Snow/1970.tif,../raw/snow/csd/Test/Gt/1970.tif,test,snow,csd
test/1971,../raw/snow/csd/Test/Snow/1971.tif,../raw/snow/csd/Test/Gt/1971.tif,test,snow,csd
test/1972,../raw/snow/csd/Test/Snow/1972.tif,../raw/snow/csd/Test/Gt/1972.tif,test,snow,csd
test/1973,../raw/snow/csd/Test/Snow/1973.tif,../raw/snow/csd/Test/Gt/1973.tif,test,snow,csd
test/1974,../raw/snow/csd/Test/Snow/1974.tif,../raw/snow/csd/Test/Gt/1974.tif,test,snow,csd
test/1975,../raw/snow/csd/Test/Snow/1975.tif,../raw/snow/csd/Test/Gt/1975.tif,test,snow,csd
test/1976,../raw/snow/csd/Test/Snow/1976.tif,../raw/snow/csd/Test/Gt/1976.tif,test,snow,csd
test/1977,../raw/snow/csd/Test/Snow/1977.tif,../raw/snow/csd/Test/Gt/1977.tif,test,snow,csd
test/1978,../raw/snow/csd/Test/Snow/1978.tif,../raw/snow/csd/Test/Gt/1978.tif,test,snow,csd
test/1979,../raw/snow/csd/Test/Snow/1979.tif,../raw/snow/csd/Test/Gt/1979.tif,test,snow,csd
test/198,../raw/snow/csd/Test/Snow/198.tif,../raw/snow/csd/Test/Gt/198.tif,test,snow,csd
test/1980,../raw/snow/csd/Test/Snow/1980.tif,../raw/snow/csd/Test/Gt/1980.tif,test,snow,csd
test/1981,../raw/snow/csd/Test/Snow/1981.tif,../raw/snow/csd/Test/Gt/1981.tif,test,snow,csd
test/1982,../raw/snow/csd/Test/Snow/1982.tif,../raw/snow/csd/Test/Gt/1982.tif,test,snow,csd
test/1983,../raw/snow/csd/Test/Snow/1983.tif,../raw/snow/csd/Test/Gt/1983.tif,test,snow,csd
test/1984,../raw/snow/csd/Test/Snow/1984.tif,../raw/snow/csd/Test/Gt/1984.tif,test,snow,csd
test/1985,../raw/snow/csd/Test/Snow/1985.tif,../raw/snow/csd/Test/Gt/1985.tif,test,snow,csd
test/1986,../raw/snow/csd/Test/Snow/1986.tif,../raw/snow/csd/Test/Gt/1986.tif,test,snow,csd
test/1987,../raw/snow/csd/Test/Snow/1987.tif,../raw/snow/csd/Test/Gt/1987.tif,test,snow,csd
test/1988,../raw/snow/csd/Test/Snow/1988.tif,../raw/snow/csd/Test/Gt/1988.tif,test,snow,csd
test/1989,../raw/snow/csd/Test/Snow/1989.tif,../raw/snow/csd/Test/Gt/1989.tif,test,snow,csd
test/199,../raw/snow/csd/Test/Snow/199.tif,../raw/snow/csd/Test/Gt/199.tif,test,snow,csd
test/1990,../raw/snow/csd/Test/Snow/1990.tif,../raw/snow/csd/Test/Gt/1990.tif,test,snow,csd
test/1991,../raw/snow/csd/Test/Snow/1991.tif,../raw/snow/csd/Test/Gt/1991.tif,test,snow,csd
test/1992,../raw/snow/csd/Test/Snow/1992.tif,../raw/snow/csd/Test/Gt/1992.tif,test,snow,csd
test/1993,../raw/snow/csd/Test/Snow/1993.tif,../raw/snow/csd/Test/Gt/1993.tif,test,snow,csd
test/1994,../raw/snow/csd/Test/Snow/1994.tif,../raw/snow/csd/Test/Gt/1994.tif,test,snow,csd
test/1995,../raw/snow/csd/Test/Snow/1995.tif,../raw/snow/csd/Test/Gt/1995.tif,test,snow,csd
test/1996,../raw/snow/csd/Test/Snow/1996.tif,../raw/snow/csd/Test/Gt/1996.tif,test,snow,csd
test/1997,../raw/snow/csd/Test/Snow/1997.tif,../raw/snow/csd/Test/Gt/1997.tif,test,snow,csd
test/1998,../raw/snow/csd/Test/Snow/1998.tif,../raw/snow/csd/Test/Gt/1998.tif,test,snow,csd
test/1999,../raw/snow/csd/Test/Snow/1999.tif,../raw/snow/csd/Test/Gt/1999.tif,test,snow,csd
test/2,../raw/snow/csd/Test/Snow/2.tif,../raw/snow/csd/Test/Gt/2.tif,test,snow,csd
test/20,../raw/snow/csd/Test/Snow/20.tif,../raw/snow/csd/Test/Gt/20.tif,test,snow,csd
test/200,../raw/snow/csd/Test/Snow/200.tif,../raw/snow/csd/Test/Gt/200.tif,test,snow,csd
test/2000,../raw/snow/csd/Test/Snow/2000.tif,../raw/snow/csd/Test/Gt/2000.tif,test,snow,csd
test/201,../raw/snow/csd/Test/Snow/201.tif,../raw/snow/csd/Test/Gt/201.tif,test,snow,csd
test/202,../raw/snow/csd/Test/Snow/202.tif,../raw/snow/csd/Test/Gt/202.tif,test,snow,csd
test/203,../raw/snow/csd/Test/Snow/203.tif,../raw/snow/csd/Test/Gt/203.tif,test,snow,csd
test/204,../raw/snow/csd/Test/Snow/204.tif,../raw/snow/csd/Test/Gt/204.tif,test,snow,csd
test/205,../raw/snow/csd/Test/Snow/205.tif,../raw/snow/csd/Test/Gt/205.tif,test,snow,csd
test/206,../raw/snow/csd/Test/Snow/206.tif,../raw/snow/csd/Test/Gt/206.tif,test,snow,csd
test/207,../raw/snow/csd/Test/Snow/207.tif,../raw/snow/csd/Test/Gt/207.tif,test,snow,csd
test/208,../raw/snow/csd/Test/Snow/208.tif,../raw/snow/csd/Test/Gt/208.tif,test,snow,csd
test/209,../raw/snow/csd/Test/Snow/209.tif,../raw/snow/csd/Test/Gt/209.tif,test,snow,csd
test/21,../raw/snow/csd/Test/Snow/21.tif,../raw/snow/csd/Test/Gt/21.tif,test,snow,csd
test/210,../raw/snow/csd/Test/Snow/210.tif,../raw/snow/csd/Test/Gt/210.tif,test,snow,csd
test/211,../raw/snow/csd/Test/Snow/211.tif,../raw/snow/csd/Test/Gt/211.tif,test,snow,csd
test/212,../raw/snow/csd/Test/Snow/212.tif,../raw/snow/csd/Test/Gt/212.tif,test,snow,csd
test/213,../raw/snow/csd/Test/Snow/213.tif,../raw/snow/csd/Test/Gt/213.tif,test,snow,csd
test/214,../raw/snow/csd/Test/Snow/214.tif,../raw/snow/csd/Test/Gt/214.tif,test,snow,csd
test/215,../raw/snow/csd/Test/Snow/215.tif,../raw/snow/csd/Test/Gt/215.tif,test,snow,csd
test/216,../raw/snow/csd/Test/Snow/216.tif,../raw/snow/csd/Test/Gt/216.tif,test,snow,csd
test/217,../raw/snow/csd/Test/Snow/217.tif,../raw/snow/csd/Test/Gt/217.tif,test,snow,csd
test/218,../raw/snow/csd/Test/Snow/218.tif,../raw/snow/csd/Test/Gt/218.tif,test,snow,csd
test/219,../raw/snow/csd/Test/Snow/219.tif,../raw/snow/csd/Test/Gt/219.tif,test,snow,csd
test/22,../raw/snow/csd/Test/Snow/22.tif,../raw/snow/csd/Test/Gt/22.tif,test,snow,csd
test/220,../raw/snow/csd/Test/Snow/220.tif,../raw/snow/csd/Test/Gt/220.tif,test,snow,csd
test/221,../raw/snow/csd/Test/Snow/221.tif,../raw/snow/csd/Test/Gt/221.tif,test,snow,csd
test/222,../raw/snow/csd/Test/Snow/222.tif,../raw/snow/csd/Test/Gt/222.tif,test,snow,csd
test/223,../raw/snow/csd/Test/Snow/223.tif,../raw/snow/csd/Test/Gt/223.tif,test,snow,csd
test/224,../raw/snow/csd/Test/Snow/224.tif,../raw/snow/csd/Test/Gt/224.tif,test,snow,csd
test/225,../raw/snow/csd/Test/Snow/225.tif,../raw/snow/csd/Test/Gt/225.tif,test,snow,csd
test/226,../raw/snow/csd/Test/Snow/226.tif,../raw/snow/csd/Test/Gt/226.tif,test,snow,csd
test/227,../raw/snow/csd/Test/Snow/227.tif,../raw/snow/csd/Test/Gt/227.tif,test,snow,csd
test/228,../raw/snow/csd/Test/Snow/228.tif,../raw/snow/csd/Test/Gt/228.tif,test,snow,csd
test/229,../raw/snow/csd/Test/Snow/229.tif,../raw/snow/csd/Test/Gt/229.tif,test,snow,csd
test/23,../raw/snow/csd/Test/Snow/23.tif,../raw/snow/csd/Test/Gt/23.tif,test,snow,csd
test/230,../raw/snow/csd/Test/Snow/230.tif,../raw/snow/csd/Test/Gt/230.tif,test,snow,csd
test/231,../raw/snow/csd/Test/Snow/231.tif,../raw/snow/csd/Test/Gt/231.tif,test,snow,csd
test/232,../raw/snow/csd/Test/Snow/232.tif,../raw/snow/csd/Test/Gt/232.tif,test,snow,csd
test/233,../raw/snow/csd/Test/Snow/233.tif,../raw/snow/csd/Test/Gt/233.tif,test,snow,csd
test/234,../raw/snow/csd/Test/Snow/234.tif,../raw/snow/csd/Test/Gt/234.tif,test,snow,csd
test/235,../raw/snow/csd/Test/Snow/235.tif,../raw/snow/csd/Test/Gt/235.tif,test,snow,csd
test/236,../raw/snow/csd/Test/Snow/236.tif,../raw/snow/csd/Test/Gt/236.tif,test,snow,csd
test/237,../raw/snow/csd/Test/Snow/237.tif,../raw/snow/csd/Test/Gt/237.tif,test,snow,csd
test/238,../raw/snow/csd/Test/Snow/238.tif,../raw/snow/csd/Test/Gt/238.tif,test,snow,csd
test/239,../raw/snow/csd/Test/Snow/239.tif,../raw/snow/csd/Test/Gt/239.tif,test,snow,csd
test/24,../raw/snow/csd/Test/Snow/24.tif,../raw/snow/csd/Test/Gt/24.tif,test,snow,csd
test/240,../raw/snow/csd/Test/Snow/240.tif,../raw/snow/csd/Test/Gt/240.tif,test,snow,csd
test/241,../raw/snow/csd/Test/Snow/241.tif,../raw/snow/csd/Test/Gt/241.tif,test,snow,csd
test/242,../raw/snow/csd/Test/Snow/242.tif,../raw/snow/csd/Test/Gt/242.tif,test,snow,csd
test/243,../raw/snow/csd/Test/Snow/243.tif,../raw/snow/csd/Test/Gt/243.tif,test,snow,csd
test/244,../raw/snow/csd/Test/Snow/244.tif,../raw/snow/csd/Test/Gt/244.tif,test,snow,csd
test/245,../raw/snow/csd/Test/Snow/245.tif,../raw/snow/csd/Test/Gt/245.tif,test,snow,csd
test/246,../raw/snow/csd/Test/Snow/246.tif,../raw/snow/csd/Test/Gt/246.tif,test,snow,csd
test/247,../raw/snow/csd/Test/Snow/247.tif,../raw/snow/csd/Test/Gt/247.tif,test,snow,csd
test/248,../raw/snow/csd/Test/Snow/248.tif,../raw/snow/csd/Test/Gt/248.tif,test,snow,csd
test/249,../raw/snow/csd/Test/Snow/249.tif,../raw/snow/csd/Test/Gt/249.tif,test,snow,csd
test/25,../raw/snow/csd/Test/Snow/25.tif,../raw/snow/csd/Test/Gt/25.tif,test,snow,csd
test/250,../raw/snow/csd/Test/Snow/250.tif,../raw/snow/csd/Test/Gt/250.tif,test,snow,csd
test/251,../raw/snow/csd/Test/Snow/251.tif,../raw/snow/csd/Test/Gt/251.tif,test,snow,csd
test/252,../raw/snow/csd/Test/Snow/252.tif,../raw/snow/csd/Test/Gt/252.tif,test,snow,csd
test/253,../raw/snow/csd/Test/Snow/253.tif,../raw/snow/csd/Test/Gt/253.tif,test,snow,csd
test/254,../raw/snow/csd/Test/Snow/254.tif,../raw/snow/csd/Test/Gt/254.tif,test,snow,csd
test/255,../raw/snow/csd/Test/Snow/255.tif,../raw/snow/csd/Test/Gt/255.tif,test,snow,csd
test/256,../raw/snow/csd/Test/Snow/256.tif,../raw/snow/csd/Test/Gt/256.tif,test,snow,csd
test/257,../raw/snow/csd/Test/Snow/257.tif,../raw/snow/csd/Test/Gt/257.tif,test,snow,csd
test/258,../raw/snow/csd/Test/Snow/258.tif,../raw/snow/csd/Test/Gt/258.tif,test,snow,csd
test/259,../raw/snow/csd/Test/Snow/259.tif,../raw/snow/csd/Test/Gt/259.tif,test,snow,csd
test/26,../raw/snow/csd/Test/Snow/26.tif,../raw/snow/csd/Test/Gt/26.tif,test,snow,csd
test/260,../raw/snow/csd/Test/Snow/260.tif,../raw/snow/csd/Test/Gt/260.tif,test,snow,csd
test/261,../raw/snow/csd/Test/Snow/261.tif,../raw/snow/csd/Test/Gt/261.tif,test,snow,csd
test/262,../raw/snow/csd/Test/Snow/262.tif,../raw/snow/csd/Test/Gt/262.tif,test,snow,csd
test/263,../raw/snow/csd/Test/Snow/263.tif,../raw/snow/csd/Test/Gt/263.tif,test,snow,csd
test/264,../raw/snow/csd/Test/Snow/264.tif,../raw/snow/csd/Test/Gt/264.tif,test,snow,csd
test/265,../raw/snow/csd/Test/Snow/265.tif,../raw/snow/csd/Test/Gt/265.tif,test,snow,csd
test/266,../raw/snow/csd/Test/Snow/266.tif,../raw/snow/csd/Test/Gt/266.tif,test,snow,csd
test/267,../raw/snow/csd/Test/Snow/267.tif,../raw/snow/csd/Test/Gt/267.tif,test,snow,csd
test/268,../raw/snow/csd/Test/Snow/268.tif,../raw/snow/csd/Test/Gt/268.tif,test,snow,csd
test/269,../raw/snow/csd/Test/Snow/269.tif,../raw/snow/csd/Test/Gt/269.tif,test,snow,csd
test/27,../raw/snow/csd/Test/Snow/27.tif,../raw/snow/csd/Test/Gt/27.tif,test,snow,csd
test/270,../raw/snow/csd/Test/Snow/270.tif,../raw/snow/csd/Test/Gt/270.tif,test,snow,csd
test/271,../raw/snow/csd/Test/Snow/271.tif,../raw/snow/csd/Test/Gt/271.tif,test,snow,csd
test/272,../raw/snow/csd/Test/Snow/272.tif,../raw/snow/csd/Test/Gt/272.tif,test,snow,csd
test/273,../raw/snow/csd/Test/Snow/273.tif,../raw/snow/csd/Test/Gt/273.tif,test,snow,csd
test/274,../raw/snow/csd/Test/Snow/274.tif,../raw/snow/csd/Test/Gt/274.tif,test,snow,csd
test/275,../raw/snow/csd/Test/Snow/275.tif,../raw/snow/csd/Test/Gt/275.tif,test,snow,csd
test/276,../raw/snow/csd/Test/Snow/276.tif,../raw/snow/csd/Test/Gt/276.tif,test,snow,csd
test/277,../raw/snow/csd/Test/Snow/277.tif,../raw/snow/csd/Test/Gt/277.tif,test,snow,csd
test/278,../raw/snow/csd/Test/Snow/278.tif,../raw/snow/csd/Test/Gt/278.tif,test,snow,csd
test/279,../raw/snow/csd/Test/Snow/279.tif,../raw/snow/csd/Test/Gt/279.tif,test,snow,csd
test/28,../raw/snow/csd/Test/Snow/28.tif,../raw/snow/csd/Test/Gt/28.tif,test,snow,csd
test/280,../raw/snow/csd/Test/Snow/280.tif,../raw/snow/csd/Test/Gt/280.tif,test,snow,csd
test/281,../raw/snow/csd/Test/Snow/281.tif,../raw/snow/csd/Test/Gt/281.tif,test,snow,csd
test/282,../raw/snow/csd/Test/Snow/282.tif,../raw/snow/csd/Test/Gt/282.tif,test,snow,csd
test/283,../raw/snow/csd/Test/Snow/283.tif,../raw/snow/csd/Test/Gt/283.tif,test,snow,csd
test/284,../raw/snow/csd/Test/Snow/284.tif,../raw/snow/csd/Test/Gt/284.tif,test,snow,csd
test/285,../raw/snow/csd/Test/Snow/285.tif,../raw/snow/csd/Test/Gt/285.tif,test,snow,csd
test/286,../raw/snow/csd/Test/Snow/286.tif,../raw/snow/csd/Test/Gt/286.tif,test,snow,csd
test/287,../raw/snow/csd/Test/Snow/287.tif,../raw/snow/csd/Test/Gt/287.tif,test,snow,csd
test/288,../raw/snow/csd/Test/Snow/288.tif,../raw/snow/csd/Test/Gt/288.tif,test,snow,csd
test/289,../raw/snow/csd/Test/Snow/289.tif,../raw/snow/csd/Test/Gt/289.tif,test,snow,csd
test/29,../raw/snow/csd/Test/Snow/29.tif,../raw/snow/csd/Test/Gt/29.tif,test,snow,csd
test/290,../raw/snow/csd/Test/Snow/290.tif,../raw/snow/csd/Test/Gt/290.tif,test,snow,csd
test/291,../raw/snow/csd/Test/Snow/291.tif,../raw/snow/csd/Test/Gt/291.tif,test,snow,csd
test/292,../raw/snow/csd/Test/Snow/292.tif,../raw/snow/csd/Test/Gt/292.tif,test,snow,csd
test/293,../raw/snow/csd/Test/Snow/293.tif,../raw/snow/csd/Test/Gt/293.tif,test,snow,csd
test/294,../raw/snow/csd/Test/Snow/294.tif,../raw/snow/csd/Test/Gt/294.tif,test,snow,csd
test/295,../raw/snow/csd/Test/Snow/295.tif,../raw/snow/csd/Test/Gt/295.tif,test,snow,csd
test/296,../raw/snow/csd/Test/Snow/296.tif,../raw/snow/csd/Test/Gt/296.tif,test,snow,csd
test/297,../raw/snow/csd/Test/Snow/297.tif,../raw/snow/csd/Test/Gt/297.tif,test,snow,csd
test/298,../raw/snow/csd/Test/Snow/298.tif,../raw/snow/csd/Test/Gt/298.tif,test,snow,csd
test/299,../raw/snow/csd/Test/Snow/299.tif,../raw/snow/csd/Test/Gt/299.tif,test,snow,csd
test/3,../raw/snow/csd/Test/Snow/3.tif,../raw/snow/csd/Test/Gt/3.tif,test,snow,csd
test/30,../raw/snow/csd/Test/Snow/30.tif,../raw/snow/csd/Test/Gt/30.tif,test,snow,csd
test/300,../raw/snow/csd/Test/Snow/300.tif,../raw/snow/csd/Test/Gt/300.tif,test,snow,csd
test/301,../raw/snow/csd/Test/Snow/301.tif,../raw/snow/csd/Test/Gt/301.tif,test,snow,csd
test/302,../raw/snow/csd/Test/Snow/302.tif,../raw/snow/csd/Test/Gt/302.tif,test,snow,csd
test/303,../raw/snow/csd/Test/Snow/303.tif,../raw/snow/csd/Test/Gt/303.tif,test,snow,csd
test/304,../raw/snow/csd/Test/Snow/304.tif,../raw/snow/csd/Test/Gt/304.tif,test,snow,csd
test/305,../raw/snow/csd/Test/Snow/305.tif,../raw/snow/csd/Test/Gt/305.tif,test,snow,csd
test/306,../raw/snow/csd/Test/Snow/306.tif,../raw/snow/csd/Test/Gt/306.tif,test,snow,csd
test/307,../raw/snow/csd/Test/Snow/307.tif,../raw/snow/csd/Test/Gt/307.tif,test,snow,csd
test/308,../raw/snow/csd/Test/Snow/308.tif,../raw/snow/csd/Test/Gt/308.tif,test,snow,csd
test/309,../raw/snow/csd/Test/Snow/309.tif,../raw/snow/csd/Test/Gt/309.tif,test,snow,csd
test/31,../raw/snow/csd/Test/Snow/31.tif,../raw/snow/csd/Test/Gt/31.tif,test,snow,csd
test/310,../raw/snow/csd/Test/Snow/310.tif,../raw/snow/csd/Test/Gt/310.tif,test,snow,csd
test/311,../raw/snow/csd/Test/Snow/311.tif,../raw/snow/csd/Test/Gt/311.tif,test,snow,csd
test/312,../raw/snow/csd/Test/Snow/312.tif,../raw/snow/csd/Test/Gt/312.tif,test,snow,csd
test/313,../raw/snow/csd/Test/Snow/313.tif,../raw/snow/csd/Test/Gt/313.tif,test,snow,csd
test/314,../raw/snow/csd/Test/Snow/314.tif,../raw/snow/csd/Test/Gt/314.tif,test,snow,csd
test/315,../raw/snow/csd/Test/Snow/315.tif,../raw/snow/csd/Test/Gt/315.tif,test,snow,csd
test/316,../raw/snow/csd/Test/Snow/316.tif,../raw/snow/csd/Test/Gt/316.tif,test,snow,csd
test/317,../raw/snow/csd/Test/Snow/317.tif,../raw/snow/csd/Test/Gt/317.tif,test,snow,csd
test/318,../raw/snow/csd/Test/Snow/318.tif,../raw/snow/csd/Test/Gt/318.tif,test,snow,csd
test/319,../raw/snow/csd/Test/Snow/319.tif,../raw/snow/csd/Test/Gt/319.tif,test,snow,csd
test/32,../raw/snow/csd/Test/Snow/32.tif,../raw/snow/csd/Test/Gt/32.tif,test,snow,csd
test/320,../raw/snow/csd/Test/Snow/320.tif,../raw/snow/csd/Test/Gt/320.tif,test,snow,csd
test/321,../raw/snow/csd/Test/Snow/321.tif,../raw/snow/csd/Test/Gt/321.tif,test,snow,csd
test/322,../raw/snow/csd/Test/Snow/322.tif,../raw/snow/csd/Test/Gt/322.tif,test,snow,csd
test/323,../raw/snow/csd/Test/Snow/323.tif,../raw/snow/csd/Test/Gt/323.tif,test,snow,csd
test/324,../raw/snow/csd/Test/Snow/324.tif,../raw/snow/csd/Test/Gt/324.tif,test,snow,csd
test/325,../raw/snow/csd/Test/Snow/325.tif,../raw/snow/csd/Test/Gt/325.tif,test,snow,csd
test/326,../raw/snow/csd/Test/Snow/326.tif,../raw/snow/csd/Test/Gt/326.tif,test,snow,csd
test/327,../raw/snow/csd/Test/Snow/327.tif,../raw/snow/csd/Test/Gt/327.tif,test,snow,csd
test/328,../raw/snow/csd/Test/Snow/328.tif,../raw/snow/csd/Test/Gt/328.tif,test,snow,csd
test/329,../raw/snow/csd/Test/Snow/329.tif,../raw/snow/csd/Test/Gt/329.tif,test,snow,csd
test/33,../raw/snow/csd/Test/Snow/33.tif,../raw/snow/csd/Test/Gt/33.tif,test,snow,csd
test/330,../raw/snow/csd/Test/Snow/330.tif,../raw/snow/csd/Test/Gt/330.tif,test,snow,csd
test/331,../raw/snow/csd/Test/Snow/331.tif,../raw/snow/csd/Test/Gt/331.tif,test,snow,csd
test/332,../raw/snow/csd/Test/Snow/332.tif,../raw/snow/csd/Test/Gt/332.tif,test,snow,csd
test/333,../raw/snow/csd/Test/Snow/333.tif,../raw/snow/csd/Test/Gt/333.tif,test,snow,csd
test/334,../raw/snow/csd/Test/Snow/334.tif,../raw/snow/csd/Test/Gt/334.tif,test,snow,csd
test/335,../raw/snow/csd/Test/Snow/335.tif,../raw/snow/csd/Test/Gt/335.tif,test,snow,csd
test/336,../raw/snow/csd/Test/Snow/336.tif,../raw/snow/csd/Test/Gt/336.tif,test,snow,csd
test/337,../raw/snow/csd/Test/Snow/337.tif,../raw/snow/csd/Test/Gt/337.tif,test,snow,csd
test/338,../raw/snow/csd/Test/Snow/338.tif,../raw/snow/csd/Test/Gt/338.tif,test,snow,csd
test/339,../raw/snow/csd/Test/Snow/339.tif,../raw/snow/csd/Test/Gt/339.tif,test,snow,csd
test/34,../raw/snow/csd/Test/Snow/34.tif,../raw/snow/csd/Test/Gt/34.tif,test,snow,csd
test/340,../raw/snow/csd/Test/Snow/340.tif,../raw/snow/csd/Test/Gt/340.tif,test,snow,csd
test/341,../raw/snow/csd/Test/Snow/341.tif,../raw/snow/csd/Test/Gt/341.tif,test,snow,csd
test/342,../raw/snow/csd/Test/Snow/342.tif,../raw/snow/csd/Test/Gt/342.tif,test,snow,csd
test/343,../raw/snow/csd/Test/Snow/343.tif,../raw/snow/csd/Test/Gt/343.tif,test,snow,csd
test/344,../raw/snow/csd/Test/Snow/344.tif,../raw/snow/csd/Test/Gt/344.tif,test,snow,csd
test/345,../raw/snow/csd/Test/Snow/345.tif,../raw/snow/csd/Test/Gt/345.tif,test,snow,csd
test/346,../raw/snow/csd/Test/Snow/346.tif,../raw/snow/csd/Test/Gt/346.tif,test,snow,csd
test/347,../raw/snow/csd/Test/Snow/347.tif,../raw/snow/csd/Test/Gt/347.tif,test,snow,csd
test/348,../raw/snow/csd/Test/Snow/348.tif,../raw/snow/csd/Test/Gt/348.tif,test,snow,csd
test/349,../raw/snow/csd/Test/Snow/349.tif,../raw/snow/csd/Test/Gt/349.tif,test,snow,csd
test/35,../raw/snow/csd/Test/Snow/35.tif,../raw/snow/csd/Test/Gt/35.tif,test,snow,csd
test/350,../raw/snow/csd/Test/Snow/350.tif,../raw/snow/csd/Test/Gt/350.tif,test,snow,csd
test/351,../raw/snow/csd/Test/Snow/351.tif,../raw/snow/csd/Test/Gt/351.tif,test,snow,csd
test/352,../raw/snow/csd/Test/Snow/352.tif,../raw/snow/csd/Test/Gt/352.tif,test,snow,csd
test/353,../raw/snow/csd/Test/Snow/353.tif,../raw/snow/csd/Test/Gt/353.tif,test,snow,csd
test/354,../raw/snow/csd/Test/Snow/354.tif,../raw/snow/csd/Test/Gt/354.tif,test,snow,csd
test/355,../raw/snow/csd/Test/Snow/355.tif,../raw/snow/csd/Test/Gt/355.tif,test,snow,csd
test/356,../raw/snow/csd/Test/Snow/356.tif,../raw/snow/csd/Test/Gt/356.tif,test,snow,csd
test/357,../raw/snow/csd/Test/Snow/357.tif,../raw/snow/csd/Test/Gt/357.tif,test,snow,csd
test/358,../raw/snow/csd/Test/Snow/358.tif,../raw/snow/csd/Test/Gt/358.tif,test,snow,csd
test/359,../raw/snow/csd/Test/Snow/359.tif,../raw/snow/csd/Test/Gt/359.tif,test,snow,csd
test/36,../raw/snow/csd/Test/Snow/36.tif,../raw/snow/csd/Test/Gt/36.tif,test,snow,csd
test/360,../raw/snow/csd/Test/Snow/360.tif,../raw/snow/csd/Test/Gt/360.tif,test,snow,csd
test/361,../raw/snow/csd/Test/Snow/361.tif,../raw/snow/csd/Test/Gt/361.tif,test,snow,csd
test/362,../raw/snow/csd/Test/Snow/362.tif,../raw/snow/csd/Test/Gt/362.tif,test,snow,csd
test/363,../raw/snow/csd/Test/Snow/363.tif,../raw/snow/csd/Test/Gt/363.tif,test,snow,csd
test/364,../raw/snow/csd/Test/Snow/364.tif,../raw/snow/csd/Test/Gt/364.tif,test,snow,csd
test/365,../raw/snow/csd/Test/Snow/365.tif,../raw/snow/csd/Test/Gt/365.tif,test,snow,csd
test/366,../raw/snow/csd/Test/Snow/366.tif,../raw/snow/csd/Test/Gt/366.tif,test,snow,csd
test/367,../raw/snow/csd/Test/Snow/367.tif,../raw/snow/csd/Test/Gt/367.tif,test,snow,csd
test/368,../raw/snow/csd/Test/Snow/368.tif,../raw/snow/csd/Test/Gt/368.tif,test,snow,csd
test/369,../raw/snow/csd/Test/Snow/369.tif,../raw/snow/csd/Test/Gt/369.tif,test,snow,csd
test/37,../raw/snow/csd/Test/Snow/37.tif,../raw/snow/csd/Test/Gt/37.tif,test,snow,csd
test/370,../raw/snow/csd/Test/Snow/370.tif,../raw/snow/csd/Test/Gt/370.tif,test,snow,csd
test/371,../raw/snow/csd/Test/Snow/371.tif,../raw/snow/csd/Test/Gt/371.tif,test,snow,csd
test/372,../raw/snow/csd/Test/Snow/372.tif,../raw/snow/csd/Test/Gt/372.tif,test,snow,csd
test/373,../raw/snow/csd/Test/Snow/373.tif,../raw/snow/csd/Test/Gt/373.tif,test,snow,csd
test/374,../raw/snow/csd/Test/Snow/374.tif,../raw/snow/csd/Test/Gt/374.tif,test,snow,csd
test/375,../raw/snow/csd/Test/Snow/375.tif,../raw/snow/csd/Test/Gt/375.tif,test,snow,csd
test/376,../raw/snow/csd/Test/Snow/376.tif,../raw/snow/csd/Test/Gt/376.tif,test,snow,csd
test/377,../raw/snow/csd/Test/Snow/377.tif,../raw/snow/csd/Test/Gt/377.tif,test,snow,csd
test/378,../raw/snow/csd/Test/Snow/378.tif,../raw/snow/csd/Test/Gt/378.tif,test,snow,csd
test/379,../raw/snow/csd/Test/Snow/379.tif,../raw/snow/csd/Test/Gt/379.tif,test,snow,csd
test/38,../raw/snow/csd/Test/Snow/38.tif,../raw/snow/csd/Test/Gt/38.tif,test,snow,csd
test/380,../raw/snow/csd/Test/Snow/380.tif,../raw/snow/csd/Test/Gt/380.tif,test,snow,csd
test/381,../raw/snow/csd/Test/Snow/381.tif,../raw/snow/csd/Test/Gt/381.tif,test,snow,csd
test/382,../raw/snow/csd/Test/Snow/382.tif,../raw/snow/csd/Test/Gt/382.tif,test,snow,csd
test/383,../raw/snow/csd/Test/Snow/383.tif,../raw/snow/csd/Test/Gt/383.tif,test,snow,csd
test/384,../raw/snow/csd/Test/Snow/384.tif,../raw/snow/csd/Test/Gt/384.tif,test,snow,csd
test/385,../raw/snow/csd/Test/Snow/385.tif,../raw/snow/csd/Test/Gt/385.tif,test,snow,csd
test/386,../raw/snow/csd/Test/Snow/386.tif,../raw/snow/csd/Test/Gt/386.tif,test,snow,csd
test/387,../raw/snow/csd/Test/Snow/387.tif,../raw/snow/csd/Test/Gt/387.tif,test,snow,csd
test/388,../raw/snow/csd/Test/Snow/388.tif,../raw/snow/csd/Test/Gt/388.tif,test,snow,csd
test/389,../raw/snow/csd/Test/Snow/389.tif,../raw/snow/csd/Test/Gt/389.tif,test,snow,csd
test/39,../raw/snow/csd/Test/Snow/39.tif,../raw/snow/csd/Test/Gt/39.tif,test,snow,csd
test/390,../raw/snow/csd/Test/Snow/390.tif,../raw/snow/csd/Test/Gt/390.tif,test,snow,csd
test/391,../raw/snow/csd/Test/Snow/391.tif,../raw/snow/csd/Test/Gt/391.tif,test,snow,csd
test/392,../raw/snow/csd/Test/Snow/392.tif,../raw/snow/csd/Test/Gt/392.tif,test,snow,csd
test/393,../raw/snow/csd/Test/Snow/393.tif,../raw/snow/csd/Test/Gt/393.tif,test,snow,csd
test/394,../raw/snow/csd/Test/Snow/394.tif,../raw/snow/csd/Test/Gt/394.tif,test,snow,csd
test/395,../raw/snow/csd/Test/Snow/395.tif,../raw/snow/csd/Test/Gt/395.tif,test,snow,csd
test/396,../raw/snow/csd/Test/Snow/396.tif,../raw/snow/csd/Test/Gt/396.tif,test,snow,csd
test/397,../raw/snow/csd/Test/Snow/397.tif,../raw/snow/csd/Test/Gt/397.tif,test,snow,csd
test/398,../raw/snow/csd/Test/Snow/398.tif,../raw/snow/csd/Test/Gt/398.tif,test,snow,csd
test/399,../raw/snow/csd/Test/Snow/399.tif,../raw/snow/csd/Test/Gt/399.tif,test,snow,csd
test/4,../raw/snow/csd/Test/Snow/4.tif,../raw/snow/csd/Test/Gt/4.tif,test,snow,csd
test/40,../raw/snow/csd/Test/Snow/40.tif,../raw/snow/csd/Test/Gt/40.tif,test,snow,csd
test/400,../raw/snow/csd/Test/Snow/400.tif,../raw/snow/csd/Test/Gt/400.tif,test,snow,csd
test/401,../raw/snow/csd/Test/Snow/401.tif,../raw/snow/csd/Test/Gt/401.tif,test,snow,csd
test/402,../raw/snow/csd/Test/Snow/402.tif,../raw/snow/csd/Test/Gt/402.tif,test,snow,csd
test/403,../raw/snow/csd/Test/Snow/403.tif,../raw/snow/csd/Test/Gt/403.tif,test,snow,csd
test/404,../raw/snow/csd/Test/Snow/404.tif,../raw/snow/csd/Test/Gt/404.tif,test,snow,csd
test/405,../raw/snow/csd/Test/Snow/405.tif,../raw/snow/csd/Test/Gt/405.tif,test,snow,csd
test/406,../raw/snow/csd/Test/Snow/406.tif,../raw/snow/csd/Test/Gt/406.tif,test,snow,csd
test/407,../raw/snow/csd/Test/Snow/407.tif,../raw/snow/csd/Test/Gt/407.tif,test,snow,csd
test/408,../raw/snow/csd/Test/Snow/408.tif,../raw/snow/csd/Test/Gt/408.tif,test,snow,csd
test/409,../raw/snow/csd/Test/Snow/409.tif,../raw/snow/csd/Test/Gt/409.tif,test,snow,csd
test/41,../raw/snow/csd/Test/Snow/41.tif,../raw/snow/csd/Test/Gt/41.tif,test,snow,csd
test/410,../raw/snow/csd/Test/Snow/410.tif,../raw/snow/csd/Test/Gt/410.tif,test,snow,csd
test/411,../raw/snow/csd/Test/Snow/411.tif,../raw/snow/csd/Test/Gt/411.tif,test,snow,csd
test/412,../raw/snow/csd/Test/Snow/412.tif,../raw/snow/csd/Test/Gt/412.tif,test,snow,csd
test/413,../raw/snow/csd/Test/Snow/413.tif,../raw/snow/csd/Test/Gt/413.tif,test,snow,csd
test/414,../raw/snow/csd/Test/Snow/414.tif,../raw/snow/csd/Test/Gt/414.tif,test,snow,csd
test/415,../raw/snow/csd/Test/Snow/415.tif,../raw/snow/csd/Test/Gt/415.tif,test,snow,csd
test/416,../raw/snow/csd/Test/Snow/416.tif,../raw/snow/csd/Test/Gt/416.tif,test,snow,csd
test/417,../raw/snow/csd/Test/Snow/417.tif,../raw/snow/csd/Test/Gt/417.tif,test,snow,csd
test/418,../raw/snow/csd/Test/Snow/418.tif,../raw/snow/csd/Test/Gt/418.tif,test,snow,csd
test/419,../raw/snow/csd/Test/Snow/419.tif,../raw/snow/csd/Test/Gt/419.tif,test,snow,csd
test/42,../raw/snow/csd/Test/Snow/42.tif,../raw/snow/csd/Test/Gt/42.tif,test,snow,csd
test/420,../raw/snow/csd/Test/Snow/420.tif,../raw/snow/csd/Test/Gt/420.tif,test,snow,csd
test/421,../raw/snow/csd/Test/Snow/421.tif,../raw/snow/csd/Test/Gt/421.tif,test,snow,csd
test/422,../raw/snow/csd/Test/Snow/422.tif,../raw/snow/csd/Test/Gt/422.tif,test,snow,csd
test/423,../raw/snow/csd/Test/Snow/423.tif,../raw/snow/csd/Test/Gt/423.tif,test,snow,csd
test/424,../raw/snow/csd/Test/Snow/424.tif,../raw/snow/csd/Test/Gt/424.tif,test,snow,csd
test/425,../raw/snow/csd/Test/Snow/425.tif,../raw/snow/csd/Test/Gt/425.tif,test,snow,csd
test/426,../raw/snow/csd/Test/Snow/426.tif,../raw/snow/csd/Test/Gt/426.tif,test,snow,csd
test/427,../raw/snow/csd/Test/Snow/427.tif,../raw/snow/csd/Test/Gt/427.tif,test,snow,csd
test/428,../raw/snow/csd/Test/Snow/428.tif,../raw/snow/csd/Test/Gt/428.tif,test,snow,csd
test/429,../raw/snow/csd/Test/Snow/429.tif,../raw/snow/csd/Test/Gt/429.tif,test,snow,csd
test/43,../raw/snow/csd/Test/Snow/43.tif,../raw/snow/csd/Test/Gt/43.tif,test,snow,csd
test/430,../raw/snow/csd/Test/Snow/430.tif,../raw/snow/csd/Test/Gt/430.tif,test,snow,csd
test/431,../raw/snow/csd/Test/Snow/431.tif,../raw/snow/csd/Test/Gt/431.tif,test,snow,csd
test/432,../raw/snow/csd/Test/Snow/432.tif,../raw/snow/csd/Test/Gt/432.tif,test,snow,csd
test/433,../raw/snow/csd/Test/Snow/433.tif,../raw/snow/csd/Test/Gt/433.tif,test,snow,csd
test/434,../raw/snow/csd/Test/Snow/434.tif,../raw/snow/csd/Test/Gt/434.tif,test,snow,csd
test/435,../raw/snow/csd/Test/Snow/435.tif,../raw/snow/csd/Test/Gt/435.tif,test,snow,csd
test/436,../raw/snow/csd/Test/Snow/436.tif,../raw/snow/csd/Test/Gt/436.tif,test,snow,csd
test/437,../raw/snow/csd/Test/Snow/437.tif,../raw/snow/csd/Test/Gt/437.tif,test,snow,csd
test/438,../raw/snow/csd/Test/Snow/438.tif,../raw/snow/csd/Test/Gt/438.tif,test,snow,csd
test/439,../raw/snow/csd/Test/Snow/439.tif,../raw/snow/csd/Test/Gt/439.tif,test,snow,csd
test/44,../raw/snow/csd/Test/Snow/44.tif,../raw/snow/csd/Test/Gt/44.tif,test,snow,csd
test/440,../raw/snow/csd/Test/Snow/440.tif,../raw/snow/csd/Test/Gt/440.tif,test,snow,csd
test/441,../raw/snow/csd/Test/Snow/441.tif,../raw/snow/csd/Test/Gt/441.tif,test,snow,csd
test/442,../raw/snow/csd/Test/Snow/442.tif,../raw/snow/csd/Test/Gt/442.tif,test,snow,csd
test/443,../raw/snow/csd/Test/Snow/443.tif,../raw/snow/csd/Test/Gt/443.tif,test,snow,csd
test/444,../raw/snow/csd/Test/Snow/444.tif,../raw/snow/csd/Test/Gt/444.tif,test,snow,csd
test/445,../raw/snow/csd/Test/Snow/445.tif,../raw/snow/csd/Test/Gt/445.tif,test,snow,csd
test/446,../raw/snow/csd/Test/Snow/446.tif,../raw/snow/csd/Test/Gt/446.tif,test,snow,csd
test/447,../raw/snow/csd/Test/Snow/447.tif,../raw/snow/csd/Test/Gt/447.tif,test,snow,csd
test/448,../raw/snow/csd/Test/Snow/448.tif,../raw/snow/csd/Test/Gt/448.tif,test,snow,csd
test/449,../raw/snow/csd/Test/Snow/449.tif,../raw/snow/csd/Test/Gt/449.tif,test,snow,csd
test/45,../raw/snow/csd/Test/Snow/45.tif,../raw/snow/csd/Test/Gt/45.tif,test,snow,csd
test/450,../raw/snow/csd/Test/Snow/450.tif,../raw/snow/csd/Test/Gt/450.tif,test,snow,csd
test/451,../raw/snow/csd/Test/Snow/451.tif,../raw/snow/csd/Test/Gt/451.tif,test,snow,csd
test/452,../raw/snow/csd/Test/Snow/452.tif,../raw/snow/csd/Test/Gt/452.tif,test,snow,csd
test/453,../raw/snow/csd/Test/Snow/453.tif,../raw/snow/csd/Test/Gt/453.tif,test,snow,csd
test/454,../raw/snow/csd/Test/Snow/454.tif,../raw/snow/csd/Test/Gt/454.tif,test,snow,csd
test/455,../raw/snow/csd/Test/Snow/455.tif,../raw/snow/csd/Test/Gt/455.tif,test,snow,csd
test/456,../raw/snow/csd/Test/Snow/456.tif,../raw/snow/csd/Test/Gt/456.tif,test,snow,csd
test/457,../raw/snow/csd/Test/Snow/457.tif,../raw/snow/csd/Test/Gt/457.tif,test,snow,csd
test/458,../raw/snow/csd/Test/Snow/458.tif,../raw/snow/csd/Test/Gt/458.tif,test,snow,csd
test/459,../raw/snow/csd/Test/Snow/459.tif,../raw/snow/csd/Test/Gt/459.tif,test,snow,csd
test/46,../raw/snow/csd/Test/Snow/46.tif,../raw/snow/csd/Test/Gt/46.tif,test,snow,csd
test/460,../raw/snow/csd/Test/Snow/460.tif,../raw/snow/csd/Test/Gt/460.tif,test,snow,csd
test/461,../raw/snow/csd/Test/Snow/461.tif,../raw/snow/csd/Test/Gt/461.tif,test,snow,csd
test/462,../raw/snow/csd/Test/Snow/462.tif,../raw/snow/csd/Test/Gt/462.tif,test,snow,csd
test/463,../raw/snow/csd/Test/Snow/463.tif,../raw/snow/csd/Test/Gt/463.tif,test,snow,csd
test/464,../raw/snow/csd/Test/Snow/464.tif,../raw/snow/csd/Test/Gt/464.tif,test,snow,csd
test/465,../raw/snow/csd/Test/Snow/465.tif,../raw/snow/csd/Test/Gt/465.tif,test,snow,csd
test/466,../raw/snow/csd/Test/Snow/466.tif,../raw/snow/csd/Test/Gt/466.tif,test,snow,csd
test/467,../raw/snow/csd/Test/Snow/467.tif,../raw/snow/csd/Test/Gt/467.tif,test,snow,csd
test/468,../raw/snow/csd/Test/Snow/468.tif,../raw/snow/csd/Test/Gt/468.tif,test,snow,csd
test/469,../raw/snow/csd/Test/Snow/469.tif,../raw/snow/csd/Test/Gt/469.tif,test,snow,csd
test/47,../raw/snow/csd/Test/Snow/47.tif,../raw/snow/csd/Test/Gt/47.tif,test,snow,csd
test/470,../raw/snow/csd/Test/Snow/470.tif,../raw/snow/csd/Test/Gt/470.tif,test,snow,csd
test/471,../raw/snow/csd/Test/Snow/471.tif,../raw/snow/csd/Test/Gt/471.tif,test,snow,csd
test/472,../raw/snow/csd/Test/Snow/472.tif,../raw/snow/csd/Test/Gt/472.tif,test,snow,csd
test/473,../raw/snow/csd/Test/Snow/473.tif,../raw/snow/csd/Test/Gt/473.tif,test,snow,csd
test/474,../raw/snow/csd/Test/Snow/474.tif,../raw/snow/csd/Test/Gt/474.tif,test,snow,csd
test/475,../raw/snow/csd/Test/Snow/475.tif,../raw/snow/csd/Test/Gt/475.tif,test,snow,csd
test/476,../raw/snow/csd/Test/Snow/476.tif,../raw/snow/csd/Test/Gt/476.tif,test,snow,csd
test/477,../raw/snow/csd/Test/Snow/477.tif,../raw/snow/csd/Test/Gt/477.tif,test,snow,csd
test/478,../raw/snow/csd/Test/Snow/478.tif,../raw/snow/csd/Test/Gt/478.tif,test,snow,csd
test/479,../raw/snow/csd/Test/Snow/479.tif,../raw/snow/csd/Test/Gt/479.tif,test,snow,csd
test/48,../raw/snow/csd/Test/Snow/48.tif,../raw/snow/csd/Test/Gt/48.tif,test,snow,csd
test/480,../raw/snow/csd/Test/Snow/480.tif,../raw/snow/csd/Test/Gt/480.tif,test,snow,csd
test/481,../raw/snow/csd/Test/Snow/481.tif,../raw/snow/csd/Test/Gt/481.tif,test,snow,csd
test/482,../raw/snow/csd/Test/Snow/482.tif,../raw/snow/csd/Test/Gt/482.tif,test,snow,csd
test/483,../raw/snow/csd/Test/Snow/483.tif,../raw/snow/csd/Test/Gt/483.tif,test,snow,csd
test/484,../raw/snow/csd/Test/Snow/484.tif,../raw/snow/csd/Test/Gt/484.tif,test,snow,csd
test/485,../raw/snow/csd/Test/Snow/485.tif,../raw/snow/csd/Test/Gt/485.tif,test,snow,csd
test/486,../raw/snow/csd/Test/Snow/486.tif,../raw/snow/csd/Test/Gt/486.tif,test,snow,csd
test/487,../raw/snow/csd/Test/Snow/487.tif,../raw/snow/csd/Test/Gt/487.tif,test,snow,csd
test/488,../raw/snow/csd/Test/Snow/488.tif,../raw/snow/csd/Test/Gt/488.tif,test,snow,csd
test/489,../raw/snow/csd/Test/Snow/489.tif,../raw/snow/csd/Test/Gt/489.tif,test,snow,csd
test/49,../raw/snow/csd/Test/Snow/49.tif,../raw/snow/csd/Test/Gt/49.tif,test,snow,csd
test/490,../raw/snow/csd/Test/Snow/490.tif,../raw/snow/csd/Test/Gt/490.tif,test,snow,csd
test/491,../raw/snow/csd/Test/Snow/491.tif,../raw/snow/csd/Test/Gt/491.tif,test,snow,csd
test/492,../raw/snow/csd/Test/Snow/492.tif,../raw/snow/csd/Test/Gt/492.tif,test,snow,csd
test/493,../raw/snow/csd/Test/Snow/493.tif,../raw/snow/csd/Test/Gt/493.tif,test,snow,csd
test/494,../raw/snow/csd/Test/Snow/494.tif,../raw/snow/csd/Test/Gt/494.tif,test,snow,csd
test/495,../raw/snow/csd/Test/Snow/495.tif,../raw/snow/csd/Test/Gt/495.tif,test,snow,csd
test/496,../raw/snow/csd/Test/Snow/496.tif,../raw/snow/csd/Test/Gt/496.tif,test,snow,csd
test/497,../raw/snow/csd/Test/Snow/497.tif,../raw/snow/csd/Test/Gt/497.tif,test,snow,csd
test/498,../raw/snow/csd/Test/Snow/498.tif,../raw/snow/csd/Test/Gt/498.tif,test,snow,csd
test/499,../raw/snow/csd/Test/Snow/499.tif,../raw/snow/csd/Test/Gt/499.tif,test,snow,csd
test/5,../raw/snow/csd/Test/Snow/5.tif,../raw/snow/csd/Test/Gt/5.tif,test,snow,csd
test/50,../raw/snow/csd/Test/Snow/50.tif,../raw/snow/csd/Test/Gt/50.tif,test,snow,csd
test/500,../raw/snow/csd/Test/Snow/500.tif,../raw/snow/csd/Test/Gt/500.tif,test,snow,csd
test/501,../raw/snow/csd/Test/Snow/501.tif,../raw/snow/csd/Test/Gt/501.tif,test,snow,csd
test/502,../raw/snow/csd/Test/Snow/502.tif,../raw/snow/csd/Test/Gt/502.tif,test,snow,csd
test/503,../raw/snow/csd/Test/Snow/503.tif,../raw/snow/csd/Test/Gt/503.tif,test,snow,csd
test/504,../raw/snow/csd/Test/Snow/504.tif,../raw/snow/csd/Test/Gt/504.tif,test,snow,csd
test/505,../raw/snow/csd/Test/Snow/505.tif,../raw/snow/csd/Test/Gt/505.tif,test,snow,csd
test/506,../raw/snow/csd/Test/Snow/506.tif,../raw/snow/csd/Test/Gt/506.tif,test,snow,csd
test/507,../raw/snow/csd/Test/Snow/507.tif,../raw/snow/csd/Test/Gt/507.tif,test,snow,csd
test/508,../raw/snow/csd/Test/Snow/508.tif,../raw/snow/csd/Test/Gt/508.tif,test,snow,csd
test/509,../raw/snow/csd/Test/Snow/509.tif,../raw/snow/csd/Test/Gt/509.tif,test,snow,csd
test/51,../raw/snow/csd/Test/Snow/51.tif,../raw/snow/csd/Test/Gt/51.tif,test,snow,csd
test/510,../raw/snow/csd/Test/Snow/510.tif,../raw/snow/csd/Test/Gt/510.tif,test,snow,csd
test/511,../raw/snow/csd/Test/Snow/511.tif,../raw/snow/csd/Test/Gt/511.tif,test,snow,csd
test/512,../raw/snow/csd/Test/Snow/512.tif,../raw/snow/csd/Test/Gt/512.tif,test,snow,csd
test/513,../raw/snow/csd/Test/Snow/513.tif,../raw/snow/csd/Test/Gt/513.tif,test,snow,csd
test/514,../raw/snow/csd/Test/Snow/514.tif,../raw/snow/csd/Test/Gt/514.tif,test,snow,csd
test/515,../raw/snow/csd/Test/Snow/515.tif,../raw/snow/csd/Test/Gt/515.tif,test,snow,csd
test/516,../raw/snow/csd/Test/Snow/516.tif,../raw/snow/csd/Test/Gt/516.tif,test,snow,csd
test/517,../raw/snow/csd/Test/Snow/517.tif,../raw/snow/csd/Test/Gt/517.tif,test,snow,csd
test/518,../raw/snow/csd/Test/Snow/518.tif,../raw/snow/csd/Test/Gt/518.tif,test,snow,csd
test/519,../raw/snow/csd/Test/Snow/519.tif,../raw/snow/csd/Test/Gt/519.tif,test,snow,csd
test/52,../raw/snow/csd/Test/Snow/52.tif,../raw/snow/csd/Test/Gt/52.tif,test,snow,csd
test/520,../raw/snow/csd/Test/Snow/520.tif,../raw/snow/csd/Test/Gt/520.tif,test,snow,csd
test/521,../raw/snow/csd/Test/Snow/521.tif,../raw/snow/csd/Test/Gt/521.tif,test,snow,csd
test/522,../raw/snow/csd/Test/Snow/522.tif,../raw/snow/csd/Test/Gt/522.tif,test,snow,csd
test/523,../raw/snow/csd/Test/Snow/523.tif,../raw/snow/csd/Test/Gt/523.tif,test,snow,csd
test/524,../raw/snow/csd/Test/Snow/524.tif,../raw/snow/csd/Test/Gt/524.tif,test,snow,csd
test/525,../raw/snow/csd/Test/Snow/525.tif,../raw/snow/csd/Test/Gt/525.tif,test,snow,csd
test/526,../raw/snow/csd/Test/Snow/526.tif,../raw/snow/csd/Test/Gt/526.tif,test,snow,csd
test/527,../raw/snow/csd/Test/Snow/527.tif,../raw/snow/csd/Test/Gt/527.tif,test,snow,csd
test/528,../raw/snow/csd/Test/Snow/528.tif,../raw/snow/csd/Test/Gt/528.tif,test,snow,csd
test/529,../raw/snow/csd/Test/Snow/529.tif,../raw/snow/csd/Test/Gt/529.tif,test,snow,csd
test/53,../raw/snow/csd/Test/Snow/53.tif,../raw/snow/csd/Test/Gt/53.tif,test,snow,csd
test/530,../raw/snow/csd/Test/Snow/530.tif,../raw/snow/csd/Test/Gt/530.tif,test,snow,csd
test/531,../raw/snow/csd/Test/Snow/531.tif,../raw/snow/csd/Test/Gt/531.tif,test,snow,csd
test/532,../raw/snow/csd/Test/Snow/532.tif,../raw/snow/csd/Test/Gt/532.tif,test,snow,csd
test/533,../raw/snow/csd/Test/Snow/533.tif,../raw/snow/csd/Test/Gt/533.tif,test,snow,csd
test/534,../raw/snow/csd/Test/Snow/534.tif,../raw/snow/csd/Test/Gt/534.tif,test,snow,csd
test/535,../raw/snow/csd/Test/Snow/535.tif,../raw/snow/csd/Test/Gt/535.tif,test,snow,csd
test/536,../raw/snow/csd/Test/Snow/536.tif,../raw/snow/csd/Test/Gt/536.tif,test,snow,csd
test/537,../raw/snow/csd/Test/Snow/537.tif,../raw/snow/csd/Test/Gt/537.tif,test,snow,csd
test/538,../raw/snow/csd/Test/Snow/538.tif,../raw/snow/csd/Test/Gt/538.tif,test,snow,csd
test/539,../raw/snow/csd/Test/Snow/539.tif,../raw/snow/csd/Test/Gt/539.tif,test,snow,csd
test/54,../raw/snow/csd/Test/Snow/54.tif,../raw/snow/csd/Test/Gt/54.tif,test,snow,csd
test/540,../raw/snow/csd/Test/Snow/540.tif,../raw/snow/csd/Test/Gt/540.tif,test,snow,csd
test/541,../raw/snow/csd/Test/Snow/541.tif,../raw/snow/csd/Test/Gt/541.tif,test,snow,csd
test/542,../raw/snow/csd/Test/Snow/542.tif,../raw/snow/csd/Test/Gt/542.tif,test,snow,csd
test/543,../raw/snow/csd/Test/Snow/543.tif,../raw/snow/csd/Test/Gt/543.tif,test,snow,csd
test/544,../raw/snow/csd/Test/Snow/544.tif,../raw/snow/csd/Test/Gt/544.tif,test,snow,csd
test/545,../raw/snow/csd/Test/Snow/545.tif,../raw/snow/csd/Test/Gt/545.tif,test,snow,csd
test/546,../raw/snow/csd/Test/Snow/546.tif,../raw/snow/csd/Test/Gt/546.tif,test,snow,csd
test/547,../raw/snow/csd/Test/Snow/547.tif,../raw/snow/csd/Test/Gt/547.tif,test,snow,csd
test/548,../raw/snow/csd/Test/Snow/548.tif,../raw/snow/csd/Test/Gt/548.tif,test,snow,csd
test/549,../raw/snow/csd/Test/Snow/549.tif,../raw/snow/csd/Test/Gt/549.tif,test,snow,csd
test/55,../raw/snow/csd/Test/Snow/55.tif,../raw/snow/csd/Test/Gt/55.tif,test,snow,csd
test/550,../raw/snow/csd/Test/Snow/550.tif,../raw/snow/csd/Test/Gt/550.tif,test,snow,csd
test/551,../raw/snow/csd/Test/Snow/551.tif,../raw/snow/csd/Test/Gt/551.tif,test,snow,csd
test/552,../raw/snow/csd/Test/Snow/552.tif,../raw/snow/csd/Test/Gt/552.tif,test,snow,csd
test/553,../raw/snow/csd/Test/Snow/553.tif,../raw/snow/csd/Test/Gt/553.tif,test,snow,csd
test/554,../raw/snow/csd/Test/Snow/554.tif,../raw/snow/csd/Test/Gt/554.tif,test,snow,csd
test/555,../raw/snow/csd/Test/Snow/555.tif,../raw/snow/csd/Test/Gt/555.tif,test,snow,csd
test/556,../raw/snow/csd/Test/Snow/556.tif,../raw/snow/csd/Test/Gt/556.tif,test,snow,csd
test/557,../raw/snow/csd/Test/Snow/557.tif,../raw/snow/csd/Test/Gt/557.tif,test,snow,csd
test/558,../raw/snow/csd/Test/Snow/558.tif,../raw/snow/csd/Test/Gt/558.tif,test,snow,csd
test/559,../raw/snow/csd/Test/Snow/559.tif,../raw/snow/csd/Test/Gt/559.tif,test,snow,csd
test/56,../raw/snow/csd/Test/Snow/56.tif,../raw/snow/csd/Test/Gt/56.tif,test,snow,csd
test/560,../raw/snow/csd/Test/Snow/560.tif,../raw/snow/csd/Test/Gt/560.tif,test,snow,csd
test/561,../raw/snow/csd/Test/Snow/561.tif,../raw/snow/csd/Test/Gt/561.tif,test,snow,csd
test/562,../raw/snow/csd/Test/Snow/562.tif,../raw/snow/csd/Test/Gt/562.tif,test,snow,csd
test/563,../raw/snow/csd/Test/Snow/563.tif,../raw/snow/csd/Test/Gt/563.tif,test,snow,csd
test/564,../raw/snow/csd/Test/Snow/564.tif,../raw/snow/csd/Test/Gt/564.tif,test,snow,csd
test/565,../raw/snow/csd/Test/Snow/565.tif,../raw/snow/csd/Test/Gt/565.tif,test,snow,csd
test/566,../raw/snow/csd/Test/Snow/566.tif,../raw/snow/csd/Test/Gt/566.tif,test,snow,csd
test/567,../raw/snow/csd/Test/Snow/567.tif,../raw/snow/csd/Test/Gt/567.tif,test,snow,csd
test/568,../raw/snow/csd/Test/Snow/568.tif,../raw/snow/csd/Test/Gt/568.tif,test,snow,csd
test/569,../raw/snow/csd/Test/Snow/569.tif,../raw/snow/csd/Test/Gt/569.tif,test,snow,csd
test/57,../raw/snow/csd/Test/Snow/57.tif,../raw/snow/csd/Test/Gt/57.tif,test,snow,csd
test/570,../raw/snow/csd/Test/Snow/570.tif,../raw/snow/csd/Test/Gt/570.tif,test,snow,csd
test/571,../raw/snow/csd/Test/Snow/571.tif,../raw/snow/csd/Test/Gt/571.tif,test,snow,csd
test/572,../raw/snow/csd/Test/Snow/572.tif,../raw/snow/csd/Test/Gt/572.tif,test,snow,csd
test/573,../raw/snow/csd/Test/Snow/573.tif,../raw/snow/csd/Test/Gt/573.tif,test,snow,csd
test/574,../raw/snow/csd/Test/Snow/574.tif,../raw/snow/csd/Test/Gt/574.tif,test,snow,csd
test/575,../raw/snow/csd/Test/Snow/575.tif,../raw/snow/csd/Test/Gt/575.tif,test,snow,csd
test/576,../raw/snow/csd/Test/Snow/576.tif,../raw/snow/csd/Test/Gt/576.tif,test,snow,csd
test/577,../raw/snow/csd/Test/Snow/577.tif,../raw/snow/csd/Test/Gt/577.tif,test,snow,csd
test/578,../raw/snow/csd/Test/Snow/578.tif,../raw/snow/csd/Test/Gt/578.tif,test,snow,csd
test/579,../raw/snow/csd/Test/Snow/579.tif,../raw/snow/csd/Test/Gt/579.tif,test,snow,csd
test/58,../raw/snow/csd/Test/Snow/58.tif,../raw/snow/csd/Test/Gt/58.tif,test,snow,csd
test/580,../raw/snow/csd/Test/Snow/580.tif,../raw/snow/csd/Test/Gt/580.tif,test,snow,csd
test/581,../raw/snow/csd/Test/Snow/581.tif,../raw/snow/csd/Test/Gt/581.tif,test,snow,csd
test/582,../raw/snow/csd/Test/Snow/582.tif,../raw/snow/csd/Test/Gt/582.tif,test,snow,csd
test/583,../raw/snow/csd/Test/Snow/583.tif,../raw/snow/csd/Test/Gt/583.tif,test,snow,csd
test/584,../raw/snow/csd/Test/Snow/584.tif,../raw/snow/csd/Test/Gt/584.tif,test,snow,csd
test/585,../raw/snow/csd/Test/Snow/585.tif,../raw/snow/csd/Test/Gt/585.tif,test,snow,csd
test/586,../raw/snow/csd/Test/Snow/586.tif,../raw/snow/csd/Test/Gt/586.tif,test,snow,csd
test/587,../raw/snow/csd/Test/Snow/587.tif,../raw/snow/csd/Test/Gt/587.tif,test,snow,csd
test/588,../raw/snow/csd/Test/Snow/588.tif,../raw/snow/csd/Test/Gt/588.tif,test,snow,csd
test/589,../raw/snow/csd/Test/Snow/589.tif,../raw/snow/csd/Test/Gt/589.tif,test,snow,csd
test/59,../raw/snow/csd/Test/Snow/59.tif,../raw/snow/csd/Test/Gt/59.tif,test,snow,csd
test/590,../raw/snow/csd/Test/Snow/590.tif,../raw/snow/csd/Test/Gt/590.tif,test,snow,csd
test/591,../raw/snow/csd/Test/Snow/591.tif,../raw/snow/csd/Test/Gt/591.tif,test,snow,csd
test/592,../raw/snow/csd/Test/Snow/592.tif,../raw/snow/csd/Test/Gt/592.tif,test,snow,csd
test/593,../raw/snow/csd/Test/Snow/593.tif,../raw/snow/csd/Test/Gt/593.tif,test,snow,csd
test/594,../raw/snow/csd/Test/Snow/594.tif,../raw/snow/csd/Test/Gt/594.tif,test,snow,csd
test/595,../raw/snow/csd/Test/Snow/595.tif,../raw/snow/csd/Test/Gt/595.tif,test,snow,csd
test/596,../raw/snow/csd/Test/Snow/596.tif,../raw/snow/csd/Test/Gt/596.tif,test,snow,csd
test/597,../raw/snow/csd/Test/Snow/597.tif,../raw/snow/csd/Test/Gt/597.tif,test,snow,csd
test/598,../raw/snow/csd/Test/Snow/598.tif,../raw/snow/csd/Test/Gt/598.tif,test,snow,csd
test/599,../raw/snow/csd/Test/Snow/599.tif,../raw/snow/csd/Test/Gt/599.tif,test,snow,csd
test/6,../raw/snow/csd/Test/Snow/6.tif,../raw/snow/csd/Test/Gt/6.tif,test,snow,csd
test/60,../raw/snow/csd/Test/Snow/60.tif,../raw/snow/csd/Test/Gt/60.tif,test,snow,csd
test/600,../raw/snow/csd/Test/Snow/600.tif,../raw/snow/csd/Test/Gt/600.tif,test,snow,csd
test/601,../raw/snow/csd/Test/Snow/601.tif,../raw/snow/csd/Test/Gt/601.tif,test,snow,csd
test/602,../raw/snow/csd/Test/Snow/602.tif,../raw/snow/csd/Test/Gt/602.tif,test,snow,csd
test/603,../raw/snow/csd/Test/Snow/603.tif,../raw/snow/csd/Test/Gt/603.tif,test,snow,csd
test/604,../raw/snow/csd/Test/Snow/604.tif,../raw/snow/csd/Test/Gt/604.tif,test,snow,csd
test/605,../raw/snow/csd/Test/Snow/605.tif,../raw/snow/csd/Test/Gt/605.tif,test,snow,csd
test/606,../raw/snow/csd/Test/Snow/606.tif,../raw/snow/csd/Test/Gt/606.tif,test,snow,csd
test/607,../raw/snow/csd/Test/Snow/607.tif,../raw/snow/csd/Test/Gt/607.tif,test,snow,csd
test/608,../raw/snow/csd/Test/Snow/608.tif,../raw/snow/csd/Test/Gt/608.tif,test,snow,csd
test/609,../raw/snow/csd/Test/Snow/609.tif,../raw/snow/csd/Test/Gt/609.tif,test,snow,csd
test/61,../raw/snow/csd/Test/Snow/61.tif,../raw/snow/csd/Test/Gt/61.tif,test,snow,csd
test/610,../raw/snow/csd/Test/Snow/610.tif,../raw/snow/csd/Test/Gt/610.tif,test,snow,csd
test/611,../raw/snow/csd/Test/Snow/611.tif,../raw/snow/csd/Test/Gt/611.tif,test,snow,csd
test/612,../raw/snow/csd/Test/Snow/612.tif,../raw/snow/csd/Test/Gt/612.tif,test,snow,csd
test/613,../raw/snow/csd/Test/Snow/613.tif,../raw/snow/csd/Test/Gt/613.tif,test,snow,csd
test/614,../raw/snow/csd/Test/Snow/614.tif,../raw/snow/csd/Test/Gt/614.tif,test,snow,csd
test/615,../raw/snow/csd/Test/Snow/615.tif,../raw/snow/csd/Test/Gt/615.tif,test,snow,csd
test/616,../raw/snow/csd/Test/Snow/616.tif,../raw/snow/csd/Test/Gt/616.tif,test,snow,csd
test/617,../raw/snow/csd/Test/Snow/617.tif,../raw/snow/csd/Test/Gt/617.tif,test,snow,csd
test/618,../raw/snow/csd/Test/Snow/618.tif,../raw/snow/csd/Test/Gt/618.tif,test,snow,csd
test/619,../raw/snow/csd/Test/Snow/619.tif,../raw/snow/csd/Test/Gt/619.tif,test,snow,csd
test/62,../raw/snow/csd/Test/Snow/62.tif,../raw/snow/csd/Test/Gt/62.tif,test,snow,csd
test/620,../raw/snow/csd/Test/Snow/620.tif,../raw/snow/csd/Test/Gt/620.tif,test,snow,csd
test/621,../raw/snow/csd/Test/Snow/621.tif,../raw/snow/csd/Test/Gt/621.tif,test,snow,csd
test/622,../raw/snow/csd/Test/Snow/622.tif,../raw/snow/csd/Test/Gt/622.tif,test,snow,csd
test/623,../raw/snow/csd/Test/Snow/623.tif,../raw/snow/csd/Test/Gt/623.tif,test,snow,csd
test/624,../raw/snow/csd/Test/Snow/624.tif,../raw/snow/csd/Test/Gt/624.tif,test,snow,csd
test/625,../raw/snow/csd/Test/Snow/625.tif,../raw/snow/csd/Test/Gt/625.tif,test,snow,csd
test/626,../raw/snow/csd/Test/Snow/626.tif,../raw/snow/csd/Test/Gt/626.tif,test,snow,csd
test/627,../raw/snow/csd/Test/Snow/627.tif,../raw/snow/csd/Test/Gt/627.tif,test,snow,csd
test/628,../raw/snow/csd/Test/Snow/628.tif,../raw/snow/csd/Test/Gt/628.tif,test,snow,csd
test/629,../raw/snow/csd/Test/Snow/629.tif,../raw/snow/csd/Test/Gt/629.tif,test,snow,csd
test/63,../raw/snow/csd/Test/Snow/63.tif,../raw/snow/csd/Test/Gt/63.tif,test,snow,csd
test/630,../raw/snow/csd/Test/Snow/630.tif,../raw/snow/csd/Test/Gt/630.tif,test,snow,csd
test/631,../raw/snow/csd/Test/Snow/631.tif,../raw/snow/csd/Test/Gt/631.tif,test,snow,csd
test/632,../raw/snow/csd/Test/Snow/632.tif,../raw/snow/csd/Test/Gt/632.tif,test,snow,csd
test/633,../raw/snow/csd/Test/Snow/633.tif,../raw/snow/csd/Test/Gt/633.tif,test,snow,csd
test/634,../raw/snow/csd/Test/Snow/634.tif,../raw/snow/csd/Test/Gt/634.tif,test,snow,csd
test/635,../raw/snow/csd/Test/Snow/635.tif,../raw/snow/csd/Test/Gt/635.tif,test,snow,csd
test/636,../raw/snow/csd/Test/Snow/636.tif,../raw/snow/csd/Test/Gt/636.tif,test,snow,csd
test/637,../raw/snow/csd/Test/Snow/637.tif,../raw/snow/csd/Test/Gt/637.tif,test,snow,csd
test/638,../raw/snow/csd/Test/Snow/638.tif,../raw/snow/csd/Test/Gt/638.tif,test,snow,csd
test/639,../raw/snow/csd/Test/Snow/639.tif,../raw/snow/csd/Test/Gt/639.tif,test,snow,csd
test/64,../raw/snow/csd/Test/Snow/64.tif,../raw/snow/csd/Test/Gt/64.tif,test,snow,csd
test/640,../raw/snow/csd/Test/Snow/640.tif,../raw/snow/csd/Test/Gt/640.tif,test,snow,csd
test/641,../raw/snow/csd/Test/Snow/641.tif,../raw/snow/csd/Test/Gt/641.tif,test,snow,csd
test/642,../raw/snow/csd/Test/Snow/642.tif,../raw/snow/csd/Test/Gt/642.tif,test,snow,csd
test/643,../raw/snow/csd/Test/Snow/643.tif,../raw/snow/csd/Test/Gt/643.tif,test,snow,csd
test/644,../raw/snow/csd/Test/Snow/644.tif,../raw/snow/csd/Test/Gt/644.tif,test,snow,csd
test/645,../raw/snow/csd/Test/Snow/645.tif,../raw/snow/csd/Test/Gt/645.tif,test,snow,csd
test/646,../raw/snow/csd/Test/Snow/646.tif,../raw/snow/csd/Test/Gt/646.tif,test,snow,csd
test/647,../raw/snow/csd/Test/Snow/647.tif,../raw/snow/csd/Test/Gt/647.tif,test,snow,csd
test/648,../raw/snow/csd/Test/Snow/648.tif,../raw/snow/csd/Test/Gt/648.tif,test,snow,csd
test/649,../raw/snow/csd/Test/Snow/649.tif,../raw/snow/csd/Test/Gt/649.tif,test,snow,csd
test/65,../raw/snow/csd/Test/Snow/65.tif,../raw/snow/csd/Test/Gt/65.tif,test,snow,csd
test/650,../raw/snow/csd/Test/Snow/650.tif,../raw/snow/csd/Test/Gt/650.tif,test,snow,csd
test/651,../raw/snow/csd/Test/Snow/651.tif,../raw/snow/csd/Test/Gt/651.tif,test,snow,csd
test/652,../raw/snow/csd/Test/Snow/652.tif,../raw/snow/csd/Test/Gt/652.tif,test,snow,csd
test/653,../raw/snow/csd/Test/Snow/653.tif,../raw/snow/csd/Test/Gt/653.tif,test,snow,csd
test/654,../raw/snow/csd/Test/Snow/654.tif,../raw/snow/csd/Test/Gt/654.tif,test,snow,csd
test/655,../raw/snow/csd/Test/Snow/655.tif,../raw/snow/csd/Test/Gt/655.tif,test,snow,csd
test/656,../raw/snow/csd/Test/Snow/656.tif,../raw/snow/csd/Test/Gt/656.tif,test,snow,csd
test/657,../raw/snow/csd/Test/Snow/657.tif,../raw/snow/csd/Test/Gt/657.tif,test,snow,csd
test/658,../raw/snow/csd/Test/Snow/658.tif,../raw/snow/csd/Test/Gt/658.tif,test,snow,csd
test/659,../raw/snow/csd/Test/Snow/659.tif,../raw/snow/csd/Test/Gt/659.tif,test,snow,csd
test/66,../raw/snow/csd/Test/Snow/66.tif,../raw/snow/csd/Test/Gt/66.tif,test,snow,csd
test/660,../raw/snow/csd/Test/Snow/660.tif,../raw/snow/csd/Test/Gt/660.tif,test,snow,csd
test/661,../raw/snow/csd/Test/Snow/661.tif,../raw/snow/csd/Test/Gt/661.tif,test,snow,csd
test/662,../raw/snow/csd/Test/Snow/662.tif,../raw/snow/csd/Test/Gt/662.tif,test,snow,csd
test/663,../raw/snow/csd/Test/Snow/663.tif,../raw/snow/csd/Test/Gt/663.tif,test,snow,csd
test/664,../raw/snow/csd/Test/Snow/664.tif,../raw/snow/csd/Test/Gt/664.tif,test,snow,csd
test/665,../raw/snow/csd/Test/Snow/665.tif,../raw/snow/csd/Test/Gt/665.tif,test,snow,csd
test/666,../raw/snow/csd/Test/Snow/666.tif,../raw/snow/csd/Test/Gt/666.tif,test,snow,csd
test/667,../raw/snow/csd/Test/Snow/667.tif,../raw/snow/csd/Test/Gt/667.tif,test,snow,csd
test/668,../raw/snow/csd/Test/Snow/668.tif,../raw/snow/csd/Test/Gt/668.tif,test,snow,csd
test/669,../raw/snow/csd/Test/Snow/669.tif,../raw/snow/csd/Test/Gt/669.tif,test,snow,csd
test/67,../raw/snow/csd/Test/Snow/67.tif,../raw/snow/csd/Test/Gt/67.tif,test,snow,csd
test/670,../raw/snow/csd/Test/Snow/670.tif,../raw/snow/csd/Test/Gt/670.tif,test,snow,csd
test/671,../raw/snow/csd/Test/Snow/671.tif,../raw/snow/csd/Test/Gt/671.tif,test,snow,csd
test/672,../raw/snow/csd/Test/Snow/672.tif,../raw/snow/csd/Test/Gt/672.tif,test,snow,csd
test/673,../raw/snow/csd/Test/Snow/673.tif,../raw/snow/csd/Test/Gt/673.tif,test,snow,csd
test/674,../raw/snow/csd/Test/Snow/674.tif,../raw/snow/csd/Test/Gt/674.tif,test,snow,csd
test/675,../raw/snow/csd/Test/Snow/675.tif,../raw/snow/csd/Test/Gt/675.tif,test,snow,csd
test/676,../raw/snow/csd/Test/Snow/676.tif,../raw/snow/csd/Test/Gt/676.tif,test,snow,csd
test/677,../raw/snow/csd/Test/Snow/677.tif,../raw/snow/csd/Test/Gt/677.tif,test,snow,csd
test/678,../raw/snow/csd/Test/Snow/678.tif,../raw/snow/csd/Test/Gt/678.tif,test,snow,csd
test/679,../raw/snow/csd/Test/Snow/679.tif,../raw/snow/csd/Test/Gt/679.tif,test,snow,csd
test/68,../raw/snow/csd/Test/Snow/68.tif,../raw/snow/csd/Test/Gt/68.tif,test,snow,csd
test/680,../raw/snow/csd/Test/Snow/680.tif,../raw/snow/csd/Test/Gt/680.tif,test,snow,csd
test/681,../raw/snow/csd/Test/Snow/681.tif,../raw/snow/csd/Test/Gt/681.tif,test,snow,csd
test/682,../raw/snow/csd/Test/Snow/682.tif,../raw/snow/csd/Test/Gt/682.tif,test,snow,csd
test/683,../raw/snow/csd/Test/Snow/683.tif,../raw/snow/csd/Test/Gt/683.tif,test,snow,csd
test/684,../raw/snow/csd/Test/Snow/684.tif,../raw/snow/csd/Test/Gt/684.tif,test,snow,csd
test/685,../raw/snow/csd/Test/Snow/685.tif,../raw/snow/csd/Test/Gt/685.tif,test,snow,csd
test/686,../raw/snow/csd/Test/Snow/686.tif,../raw/snow/csd/Test/Gt/686.tif,test,snow,csd
test/687,../raw/snow/csd/Test/Snow/687.tif,../raw/snow/csd/Test/Gt/687.tif,test,snow,csd
test/688,../raw/snow/csd/Test/Snow/688.tif,../raw/snow/csd/Test/Gt/688.tif,test,snow,csd
test/689,../raw/snow/csd/Test/Snow/689.tif,../raw/snow/csd/Test/Gt/689.tif,test,snow,csd
test/69,../raw/snow/csd/Test/Snow/69.tif,../raw/snow/csd/Test/Gt/69.tif,test,snow,csd
test/690,../raw/snow/csd/Test/Snow/690.tif,../raw/snow/csd/Test/Gt/690.tif,test,snow,csd
test/691,../raw/snow/csd/Test/Snow/691.tif,../raw/snow/csd/Test/Gt/691.tif,test,snow,csd
test/692,../raw/snow/csd/Test/Snow/692.tif,../raw/snow/csd/Test/Gt/692.tif,test,snow,csd
test/693,../raw/snow/csd/Test/Snow/693.tif,../raw/snow/csd/Test/Gt/693.tif,test,snow,csd
test/694,../raw/snow/csd/Test/Snow/694.tif,../raw/snow/csd/Test/Gt/694.tif,test,snow,csd
test/695,../raw/snow/csd/Test/Snow/695.tif,../raw/snow/csd/Test/Gt/695.tif,test,snow,csd
test/696,../raw/snow/csd/Test/Snow/696.tif,../raw/snow/csd/Test/Gt/696.tif,test,snow,csd
test/697,../raw/snow/csd/Test/Snow/697.tif,../raw/snow/csd/Test/Gt/697.tif,test,snow,csd
test/698,../raw/snow/csd/Test/Snow/698.tif,../raw/snow/csd/Test/Gt/698.tif,test,snow,csd
test/699,../raw/snow/csd/Test/Snow/699.tif,../raw/snow/csd/Test/Gt/699.tif,test,snow,csd
test/7,../raw/snow/csd/Test/Snow/7.tif,../raw/snow/csd/Test/Gt/7.tif,test,snow,csd
test/70,../raw/snow/csd/Test/Snow/70.tif,../raw/snow/csd/Test/Gt/70.tif,test,snow,csd
test/700,../raw/snow/csd/Test/Snow/700.tif,../raw/snow/csd/Test/Gt/700.tif,test,snow,csd
test/701,../raw/snow/csd/Test/Snow/701.tif,../raw/snow/csd/Test/Gt/701.tif,test,snow,csd
test/702,../raw/snow/csd/Test/Snow/702.tif,../raw/snow/csd/Test/Gt/702.tif,test,snow,csd
test/703,../raw/snow/csd/Test/Snow/703.tif,../raw/snow/csd/Test/Gt/703.tif,test,snow,csd
test/704,../raw/snow/csd/Test/Snow/704.tif,../raw/snow/csd/Test/Gt/704.tif,test,snow,csd
test/705,../raw/snow/csd/Test/Snow/705.tif,../raw/snow/csd/Test/Gt/705.tif,test,snow,csd
test/706,../raw/snow/csd/Test/Snow/706.tif,../raw/snow/csd/Test/Gt/706.tif,test,snow,csd
test/707,../raw/snow/csd/Test/Snow/707.tif,../raw/snow/csd/Test/Gt/707.tif,test,snow,csd
test/708,../raw/snow/csd/Test/Snow/708.tif,../raw/snow/csd/Test/Gt/708.tif,test,snow,csd
test/709,../raw/snow/csd/Test/Snow/709.tif,../raw/snow/csd/Test/Gt/709.tif,test,snow,csd
test/71,../raw/snow/csd/Test/Snow/71.tif,../raw/snow/csd/Test/Gt/71.tif,test,snow,csd
test/710,../raw/snow/csd/Test/Snow/710.tif,../raw/snow/csd/Test/Gt/710.tif,test,snow,csd
test/711,../raw/snow/csd/Test/Snow/711.tif,../raw/snow/csd/Test/Gt/711.tif,test,snow,csd
test/712,../raw/snow/csd/Test/Snow/712.tif,../raw/snow/csd/Test/Gt/712.tif,test,snow,csd
test/713,../raw/snow/csd/Test/Snow/713.tif,../raw/snow/csd/Test/Gt/713.tif,test,snow,csd
test/714,../raw/snow/csd/Test/Snow/714.tif,../raw/snow/csd/Test/Gt/714.tif,test,snow,csd
test/715,../raw/snow/csd/Test/Snow/715.tif,../raw/snow/csd/Test/Gt/715.tif,test,snow,csd
test/716,../raw/snow/csd/Test/Snow/716.tif,../raw/snow/csd/Test/Gt/716.tif,test,snow,csd
test/717,../raw/snow/csd/Test/Snow/717.tif,../raw/snow/csd/Test/Gt/717.tif,test,snow,csd
test/718,../raw/snow/csd/Test/Snow/718.tif,../raw/snow/csd/Test/Gt/718.tif,test,snow,csd
test/719,../raw/snow/csd/Test/Snow/719.tif,../raw/snow/csd/Test/Gt/719.tif,test,snow,csd
test/72,../raw/snow/csd/Test/Snow/72.tif,../raw/snow/csd/Test/Gt/72.tif,test,snow,csd
test/720,../raw/snow/csd/Test/Snow/720.tif,../raw/snow/csd/Test/Gt/720.tif,test,snow,csd
test/721,../raw/snow/csd/Test/Snow/721.tif,../raw/snow/csd/Test/Gt/721.tif,test,snow,csd
test/722,../raw/snow/csd/Test/Snow/722.tif,../raw/snow/csd/Test/Gt/722.tif,test,snow,csd
test/723,../raw/snow/csd/Test/Snow/723.tif,../raw/snow/csd/Test/Gt/723.tif,test,snow,csd
test/724,../raw/snow/csd/Test/Snow/724.tif,../raw/snow/csd/Test/Gt/724.tif,test,snow,csd
test/725,../raw/snow/csd/Test/Snow/725.tif,../raw/snow/csd/Test/Gt/725.tif,test,snow,csd
test/726,../raw/snow/csd/Test/Snow/726.tif,../raw/snow/csd/Test/Gt/726.tif,test,snow,csd
test/727,../raw/snow/csd/Test/Snow/727.tif,../raw/snow/csd/Test/Gt/727.tif,test,snow,csd
test/728,../raw/snow/csd/Test/Snow/728.tif,../raw/snow/csd/Test/Gt/728.tif,test,snow,csd
test/729,../raw/snow/csd/Test/Snow/729.tif,../raw/snow/csd/Test/Gt/729.tif,test,snow,csd
test/73,../raw/snow/csd/Test/Snow/73.tif,../raw/snow/csd/Test/Gt/73.tif,test,snow,csd
test/730,../raw/snow/csd/Test/Snow/730.tif,../raw/snow/csd/Test/Gt/730.tif,test,snow,csd
test/731,../raw/snow/csd/Test/Snow/731.tif,../raw/snow/csd/Test/Gt/731.tif,test,snow,csd
test/732,../raw/snow/csd/Test/Snow/732.tif,../raw/snow/csd/Test/Gt/732.tif,test,snow,csd
test/733,../raw/snow/csd/Test/Snow/733.tif,../raw/snow/csd/Test/Gt/733.tif,test,snow,csd
test/734,../raw/snow/csd/Test/Snow/734.tif,../raw/snow/csd/Test/Gt/734.tif,test,snow,csd
test/735,../raw/snow/csd/Test/Snow/735.tif,../raw/snow/csd/Test/Gt/735.tif,test,snow,csd
test/736,../raw/snow/csd/Test/Snow/736.tif,../raw/snow/csd/Test/Gt/736.tif,test,snow,csd
test/737,../raw/snow/csd/Test/Snow/737.tif,../raw/snow/csd/Test/Gt/737.tif,test,snow,csd
test/738,../raw/snow/csd/Test/Snow/738.tif,../raw/snow/csd/Test/Gt/738.tif,test,snow,csd
test/739,../raw/snow/csd/Test/Snow/739.tif,../raw/snow/csd/Test/Gt/739.tif,test,snow,csd
test/74,../raw/snow/csd/Test/Snow/74.tif,../raw/snow/csd/Test/Gt/74.tif,test,snow,csd
test/740,../raw/snow/csd/Test/Snow/740.tif,../raw/snow/csd/Test/Gt/740.tif,test,snow,csd
test/741,../raw/snow/csd/Test/Snow/741.tif,../raw/snow/csd/Test/Gt/741.tif,test,snow,csd
test/742,../raw/snow/csd/Test/Snow/742.tif,../raw/snow/csd/Test/Gt/742.tif,test,snow,csd
test/743,../raw/snow/csd/Test/Snow/743.tif,../raw/snow/csd/Test/Gt/743.tif,test,snow,csd
test/744,../raw/snow/csd/Test/Snow/744.tif,../raw/snow/csd/Test/Gt/744.tif,test,snow,csd
test/745,../raw/snow/csd/Test/Snow/745.tif,../raw/snow/csd/Test/Gt/745.tif,test,snow,csd
test/746,../raw/snow/csd/Test/Snow/746.tif,../raw/snow/csd/Test/Gt/746.tif,test,snow,csd
test/747,../raw/snow/csd/Test/Snow/747.tif,../raw/snow/csd/Test/Gt/747.tif,test,snow,csd
test/748,../raw/snow/csd/Test/Snow/748.tif,../raw/snow/csd/Test/Gt/748.tif,test,snow,csd
test/749,../raw/snow/csd/Test/Snow/749.tif,../raw/snow/csd/Test/Gt/749.tif,test,snow,csd
test/75,../raw/snow/csd/Test/Snow/75.tif,../raw/snow/csd/Test/Gt/75.tif,test,snow,csd
test/750,../raw/snow/csd/Test/Snow/750.tif,../raw/snow/csd/Test/Gt/750.tif,test,snow,csd
test/751,../raw/snow/csd/Test/Snow/751.tif,../raw/snow/csd/Test/Gt/751.tif,test,snow,csd
test/752,../raw/snow/csd/Test/Snow/752.tif,../raw/snow/csd/Test/Gt/752.tif,test,snow,csd
test/753,../raw/snow/csd/Test/Snow/753.tif,../raw/snow/csd/Test/Gt/753.tif,test,snow,csd
test/754,../raw/snow/csd/Test/Snow/754.tif,../raw/snow/csd/Test/Gt/754.tif,test,snow,csd
test/755,../raw/snow/csd/Test/Snow/755.tif,../raw/snow/csd/Test/Gt/755.tif,test,snow,csd
test/756,../raw/snow/csd/Test/Snow/756.tif,../raw/snow/csd/Test/Gt/756.tif,test,snow,csd
test/757,../raw/snow/csd/Test/Snow/757.tif,../raw/snow/csd/Test/Gt/757.tif,test,snow,csd
test/758,../raw/snow/csd/Test/Snow/758.tif,../raw/snow/csd/Test/Gt/758.tif,test,snow,csd
test/759,../raw/snow/csd/Test/Snow/759.tif,../raw/snow/csd/Test/Gt/759.tif,test,snow,csd
test/76,../raw/snow/csd/Test/Snow/76.tif,../raw/snow/csd/Test/Gt/76.tif,test,snow,csd
test/760,../raw/snow/csd/Test/Snow/760.tif,../raw/snow/csd/Test/Gt/760.tif,test,snow,csd
test/761,../raw/snow/csd/Test/Snow/761.tif,../raw/snow/csd/Test/Gt/761.tif,test,snow,csd
test/762,../raw/snow/csd/Test/Snow/762.tif,../raw/snow/csd/Test/Gt/762.tif,test,snow,csd
test/763,../raw/snow/csd/Test/Snow/763.tif,../raw/snow/csd/Test/Gt/763.tif,test,snow,csd
test/764,../raw/snow/csd/Test/Snow/764.tif,../raw/snow/csd/Test/Gt/764.tif,test,snow,csd
test/765,../raw/snow/csd/Test/Snow/765.tif,../raw/snow/csd/Test/Gt/765.tif,test,snow,csd
test/766,../raw/snow/csd/Test/Snow/766.tif,../raw/snow/csd/Test/Gt/766.tif,test,snow,csd
test/767,../raw/snow/csd/Test/Snow/767.tif,../raw/snow/csd/Test/Gt/767.tif,test,snow,csd
test/768,../raw/snow/csd/Test/Snow/768.tif,../raw/snow/csd/Test/Gt/768.tif,test,snow,csd
test/769,../raw/snow/csd/Test/Snow/769.tif,../raw/snow/csd/Test/Gt/769.tif,test,snow,csd
test/77,../raw/snow/csd/Test/Snow/77.tif,../raw/snow/csd/Test/Gt/77.tif,test,snow,csd
test/770,../raw/snow/csd/Test/Snow/770.tif,../raw/snow/csd/Test/Gt/770.tif,test,snow,csd
test/771,../raw/snow/csd/Test/Snow/771.tif,../raw/snow/csd/Test/Gt/771.tif,test,snow,csd
test/772,../raw/snow/csd/Test/Snow/772.tif,../raw/snow/csd/Test/Gt/772.tif,test,snow,csd
test/773,../raw/snow/csd/Test/Snow/773.tif,../raw/snow/csd/Test/Gt/773.tif,test,snow,csd
test/774,../raw/snow/csd/Test/Snow/774.tif,../raw/snow/csd/Test/Gt/774.tif,test,snow,csd
test/775,../raw/snow/csd/Test/Snow/775.tif,../raw/snow/csd/Test/Gt/775.tif,test,snow,csd
test/776,../raw/snow/csd/Test/Snow/776.tif,../raw/snow/csd/Test/Gt/776.tif,test,snow,csd
test/777,../raw/snow/csd/Test/Snow/777.tif,../raw/snow/csd/Test/Gt/777.tif,test,snow,csd
test/778,../raw/snow/csd/Test/Snow/778.tif,../raw/snow/csd/Test/Gt/778.tif,test,snow,csd
test/779,../raw/snow/csd/Test/Snow/779.tif,../raw/snow/csd/Test/Gt/779.tif,test,snow,csd
test/78,../raw/snow/csd/Test/Snow/78.tif,../raw/snow/csd/Test/Gt/78.tif,test,snow,csd
test/780,../raw/snow/csd/Test/Snow/780.tif,../raw/snow/csd/Test/Gt/780.tif,test,snow,csd
test/781,../raw/snow/csd/Test/Snow/781.tif,../raw/snow/csd/Test/Gt/781.tif,test,snow,csd
test/782,../raw/snow/csd/Test/Snow/782.tif,../raw/snow/csd/Test/Gt/782.tif,test,snow,csd
test/783,../raw/snow/csd/Test/Snow/783.tif,../raw/snow/csd/Test/Gt/783.tif,test,snow,csd
test/784,../raw/snow/csd/Test/Snow/784.tif,../raw/snow/csd/Test/Gt/784.tif,test,snow,csd
test/785,../raw/snow/csd/Test/Snow/785.tif,../raw/snow/csd/Test/Gt/785.tif,test,snow,csd
test/786,../raw/snow/csd/Test/Snow/786.tif,../raw/snow/csd/Test/Gt/786.tif,test,snow,csd
test/787,../raw/snow/csd/Test/Snow/787.tif,../raw/snow/csd/Test/Gt/787.tif,test,snow,csd
test/788,../raw/snow/csd/Test/Snow/788.tif,../raw/snow/csd/Test/Gt/788.tif,test,snow,csd
test/789,../raw/snow/csd/Test/Snow/789.tif,../raw/snow/csd/Test/Gt/789.tif,test,snow,csd
test/79,../raw/snow/csd/Test/Snow/79.tif,../raw/snow/csd/Test/Gt/79.tif,test,snow,csd
test/790,../raw/snow/csd/Test/Snow/790.tif,../raw/snow/csd/Test/Gt/790.tif,test,snow,csd
test/791,../raw/snow/csd/Test/Snow/791.tif,../raw/snow/csd/Test/Gt/791.tif,test,snow,csd
test/792,../raw/snow/csd/Test/Snow/792.tif,../raw/snow/csd/Test/Gt/792.tif,test,snow,csd
test/793,../raw/snow/csd/Test/Snow/793.tif,../raw/snow/csd/Test/Gt/793.tif,test,snow,csd
test/794,../raw/snow/csd/Test/Snow/794.tif,../raw/snow/csd/Test/Gt/794.tif,test,snow,csd
test/795,../raw/snow/csd/Test/Snow/795.tif,../raw/snow/csd/Test/Gt/795.tif,test,snow,csd
test/796,../raw/snow/csd/Test/Snow/796.tif,../raw/snow/csd/Test/Gt/796.tif,test,snow,csd
test/797,../raw/snow/csd/Test/Snow/797.tif,../raw/snow/csd/Test/Gt/797.tif,test,snow,csd
test/798,../raw/snow/csd/Test/Snow/798.tif,../raw/snow/csd/Test/Gt/798.tif,test,snow,csd
test/799,../raw/snow/csd/Test/Snow/799.tif,../raw/snow/csd/Test/Gt/799.tif,test,snow,csd
test/8,../raw/snow/csd/Test/Snow/8.tif,../raw/snow/csd/Test/Gt/8.tif,test,snow,csd
test/80,../raw/snow/csd/Test/Snow/80.tif,../raw/snow/csd/Test/Gt/80.tif,test,snow,csd
test/800,../raw/snow/csd/Test/Snow/800.tif,../raw/snow/csd/Test/Gt/800.tif,test,snow,csd
test/801,../raw/snow/csd/Test/Snow/801.tif,../raw/snow/csd/Test/Gt/801.tif,test,snow,csd
test/802,../raw/snow/csd/Test/Snow/802.tif,../raw/snow/csd/Test/Gt/802.tif,test,snow,csd
test/803,../raw/snow/csd/Test/Snow/803.tif,../raw/snow/csd/Test/Gt/803.tif,test,snow,csd
test/804,../raw/snow/csd/Test/Snow/804.tif,../raw/snow/csd/Test/Gt/804.tif,test,snow,csd
test/805,../raw/snow/csd/Test/Snow/805.tif,../raw/snow/csd/Test/Gt/805.tif,test,snow,csd
test/806,../raw/snow/csd/Test/Snow/806.tif,../raw/snow/csd/Test/Gt/806.tif,test,snow,csd
test/807,../raw/snow/csd/Test/Snow/807.tif,../raw/snow/csd/Test/Gt/807.tif,test,snow,csd
test/808,../raw/snow/csd/Test/Snow/808.tif,../raw/snow/csd/Test/Gt/808.tif,test,snow,csd
test/809,../raw/snow/csd/Test/Snow/809.tif,../raw/snow/csd/Test/Gt/809.tif,test,snow,csd
test/81,../raw/snow/csd/Test/Snow/81.tif,../raw/snow/csd/Test/Gt/81.tif,test,snow,csd
test/810,../raw/snow/csd/Test/Snow/810.tif,../raw/snow/csd/Test/Gt/810.tif,test,snow,csd
test/811,../raw/snow/csd/Test/Snow/811.tif,../raw/snow/csd/Test/Gt/811.tif,test,snow,csd
test/812,../raw/snow/csd/Test/Snow/812.tif,../raw/snow/csd/Test/Gt/812.tif,test,snow,csd
test/813,../raw/snow/csd/Test/Snow/813.tif,../raw/snow/csd/Test/Gt/813.tif,test,snow,csd
test/814,../raw/snow/csd/Test/Snow/814.tif,../raw/snow/csd/Test/Gt/814.tif,test,snow,csd
test/815,../raw/snow/csd/Test/Snow/815.tif,../raw/snow/csd/Test/Gt/815.tif,test,snow,csd
test/816,../raw/snow/csd/Test/Snow/816.tif,../raw/snow/csd/Test/Gt/816.tif,test,snow,csd
test/817,../raw/snow/csd/Test/Snow/817.tif,../raw/snow/csd/Test/Gt/817.tif,test,snow,csd
test/818,../raw/snow/csd/Test/Snow/818.tif,../raw/snow/csd/Test/Gt/818.tif,test,snow,csd
test/819,../raw/snow/csd/Test/Snow/819.tif,../raw/snow/csd/Test/Gt/819.tif,test,snow,csd
test/82,../raw/snow/csd/Test/Snow/82.tif,../raw/snow/csd/Test/Gt/82.tif,test,snow,csd
test/820,../raw/snow/csd/Test/Snow/820.tif,../raw/snow/csd/Test/Gt/820.tif,test,snow,csd
test/821,../raw/snow/csd/Test/Snow/821.tif,../raw/snow/csd/Test/Gt/821.tif,test,snow,csd
test/822,../raw/snow/csd/Test/Snow/822.tif,../raw/snow/csd/Test/Gt/822.tif,test,snow,csd
test/823,../raw/snow/csd/Test/Snow/823.tif,../raw/snow/csd/Test/Gt/823.tif,test,snow,csd
test/824,../raw/snow/csd/Test/Snow/824.tif,../raw/snow/csd/Test/Gt/824.tif,test,snow,csd
test/825,../raw/snow/csd/Test/Snow/825.tif,../raw/snow/csd/Test/Gt/825.tif,test,snow,csd
test/826,../raw/snow/csd/Test/Snow/826.tif,../raw/snow/csd/Test/Gt/826.tif,test,snow,csd
test/827,../raw/snow/csd/Test/Snow/827.tif,../raw/snow/csd/Test/Gt/827.tif,test,snow,csd
test/828,../raw/snow/csd/Test/Snow/828.tif,../raw/snow/csd/Test/Gt/828.tif,test,snow,csd
test/829,../raw/snow/csd/Test/Snow/829.tif,../raw/snow/csd/Test/Gt/829.tif,test,snow,csd
test/83,../raw/snow/csd/Test/Snow/83.tif,../raw/snow/csd/Test/Gt/83.tif,test,snow,csd
test/830,../raw/snow/csd/Test/Snow/830.tif,../raw/snow/csd/Test/Gt/830.tif,test,snow,csd
test/831,../raw/snow/csd/Test/Snow/831.tif,../raw/snow/csd/Test/Gt/831.tif,test,snow,csd
test/832,../raw/snow/csd/Test/Snow/832.tif,../raw/snow/csd/Test/Gt/832.tif,test,snow,csd
test/833,../raw/snow/csd/Test/Snow/833.tif,../raw/snow/csd/Test/Gt/833.tif,test,snow,csd
test/834,../raw/snow/csd/Test/Snow/834.tif,../raw/snow/csd/Test/Gt/834.tif,test,snow,csd
test/835,../raw/snow/csd/Test/Snow/835.tif,../raw/snow/csd/Test/Gt/835.tif,test,snow,csd
test/836,../raw/snow/csd/Test/Snow/836.tif,../raw/snow/csd/Test/Gt/836.tif,test,snow,csd
test/837,../raw/snow/csd/Test/Snow/837.tif,../raw/snow/csd/Test/Gt/837.tif,test,snow,csd
test/838,../raw/snow/csd/Test/Snow/838.tif,../raw/snow/csd/Test/Gt/838.tif,test,snow,csd
test/839,../raw/snow/csd/Test/Snow/839.tif,../raw/snow/csd/Test/Gt/839.tif,test,snow,csd
test/84,../raw/snow/csd/Test/Snow/84.tif,../raw/snow/csd/Test/Gt/84.tif,test,snow,csd
test/840,../raw/snow/csd/Test/Snow/840.tif,../raw/snow/csd/Test/Gt/840.tif,test,snow,csd
test/841,../raw/snow/csd/Test/Snow/841.tif,../raw/snow/csd/Test/Gt/841.tif,test,snow,csd
test/842,../raw/snow/csd/Test/Snow/842.tif,../raw/snow/csd/Test/Gt/842.tif,test,snow,csd
test/843,../raw/snow/csd/Test/Snow/843.tif,../raw/snow/csd/Test/Gt/843.tif,test,snow,csd
test/844,../raw/snow/csd/Test/Snow/844.tif,../raw/snow/csd/Test/Gt/844.tif,test,snow,csd
test/845,../raw/snow/csd/Test/Snow/845.tif,../raw/snow/csd/Test/Gt/845.tif,test,snow,csd
test/846,../raw/snow/csd/Test/Snow/846.tif,../raw/snow/csd/Test/Gt/846.tif,test,snow,csd
test/847,../raw/snow/csd/Test/Snow/847.tif,../raw/snow/csd/Test/Gt/847.tif,test,snow,csd
test/848,../raw/snow/csd/Test/Snow/848.tif,../raw/snow/csd/Test/Gt/848.tif,test,snow,csd
test/849,../raw/snow/csd/Test/Snow/849.tif,../raw/snow/csd/Test/Gt/849.tif,test,snow,csd
test/85,../raw/snow/csd/Test/Snow/85.tif,../raw/snow/csd/Test/Gt/85.tif,test,snow,csd
test/850,../raw/snow/csd/Test/Snow/850.tif,../raw/snow/csd/Test/Gt/850.tif,test,snow,csd
test/851,../raw/snow/csd/Test/Snow/851.tif,../raw/snow/csd/Test/Gt/851.tif,test,snow,csd
test/852,../raw/snow/csd/Test/Snow/852.tif,../raw/snow/csd/Test/Gt/852.tif,test,snow,csd
test/853,../raw/snow/csd/Test/Snow/853.tif,../raw/snow/csd/Test/Gt/853.tif,test,snow,csd
test/854,../raw/snow/csd/Test/Snow/854.tif,../raw/snow/csd/Test/Gt/854.tif,test,snow,csd
test/855,../raw/snow/csd/Test/Snow/855.tif,../raw/snow/csd/Test/Gt/855.tif,test,snow,csd
test/856,../raw/snow/csd/Test/Snow/856.tif,../raw/snow/csd/Test/Gt/856.tif,test,snow,csd
test/857,../raw/snow/csd/Test/Snow/857.tif,../raw/snow/csd/Test/Gt/857.tif,test,snow,csd
test/858,../raw/snow/csd/Test/Snow/858.tif,../raw/snow/csd/Test/Gt/858.tif,test,snow,csd
test/859,../raw/snow/csd/Test/Snow/859.tif,../raw/snow/csd/Test/Gt/859.tif,test,snow,csd
test/86,../raw/snow/csd/Test/Snow/86.tif,../raw/snow/csd/Test/Gt/86.tif,test,snow,csd
test/860,../raw/snow/csd/Test/Snow/860.tif,../raw/snow/csd/Test/Gt/860.tif,test,snow,csd
test/861,../raw/snow/csd/Test/Snow/861.tif,../raw/snow/csd/Test/Gt/861.tif,test,snow,csd
test/862,../raw/snow/csd/Test/Snow/862.tif,../raw/snow/csd/Test/Gt/862.tif,test,snow,csd
test/863,../raw/snow/csd/Test/Snow/863.tif,../raw/snow/csd/Test/Gt/863.tif,test,snow,csd
test/864,../raw/snow/csd/Test/Snow/864.tif,../raw/snow/csd/Test/Gt/864.tif,test,snow,csd
test/865,../raw/snow/csd/Test/Snow/865.tif,../raw/snow/csd/Test/Gt/865.tif,test,snow,csd
test/866,../raw/snow/csd/Test/Snow/866.tif,../raw/snow/csd/Test/Gt/866.tif,test,snow,csd
test/867,../raw/snow/csd/Test/Snow/867.tif,../raw/snow/csd/Test/Gt/867.tif,test,snow,csd
test/868,../raw/snow/csd/Test/Snow/868.tif,../raw/snow/csd/Test/Gt/868.tif,test,snow,csd
test/869,../raw/snow/csd/Test/Snow/869.tif,../raw/snow/csd/Test/Gt/869.tif,test,snow,csd
test/87,../raw/snow/csd/Test/Snow/87.tif,../raw/snow/csd/Test/Gt/87.tif,test,snow,csd
test/870,../raw/snow/csd/Test/Snow/870.tif,../raw/snow/csd/Test/Gt/870.tif,test,snow,csd
test/871,../raw/snow/csd/Test/Snow/871.tif,../raw/snow/csd/Test/Gt/871.tif,test,snow,csd
test/872,../raw/snow/csd/Test/Snow/872.tif,../raw/snow/csd/Test/Gt/872.tif,test,snow,csd
test/873,../raw/snow/csd/Test/Snow/873.tif,../raw/snow/csd/Test/Gt/873.tif,test,snow,csd
test/874,../raw/snow/csd/Test/Snow/874.tif,../raw/snow/csd/Test/Gt/874.tif,test,snow,csd
test/875,../raw/snow/csd/Test/Snow/875.tif,../raw/snow/csd/Test/Gt/875.tif,test,snow,csd
test/876,../raw/snow/csd/Test/Snow/876.tif,../raw/snow/csd/Test/Gt/876.tif,test,snow,csd
test/877,../raw/snow/csd/Test/Snow/877.tif,../raw/snow/csd/Test/Gt/877.tif,test,snow,csd
test/878,../raw/snow/csd/Test/Snow/878.tif,../raw/snow/csd/Test/Gt/878.tif,test,snow,csd
test/879,../raw/snow/csd/Test/Snow/879.tif,../raw/snow/csd/Test/Gt/879.tif,test,snow,csd
test/88,../raw/snow/csd/Test/Snow/88.tif,../raw/snow/csd/Test/Gt/88.tif,test,snow,csd
test/880,../raw/snow/csd/Test/Snow/880.tif,../raw/snow/csd/Test/Gt/880.tif,test,snow,csd
test/881,../raw/snow/csd/Test/Snow/881.tif,../raw/snow/csd/Test/Gt/881.tif,test,snow,csd
test/882,../raw/snow/csd/Test/Snow/882.tif,../raw/snow/csd/Test/Gt/882.tif,test,snow,csd
test/883,../raw/snow/csd/Test/Snow/883.tif,../raw/snow/csd/Test/Gt/883.tif,test,snow,csd
test/884,../raw/snow/csd/Test/Snow/884.tif,../raw/snow/csd/Test/Gt/884.tif,test,snow,csd
test/885,../raw/snow/csd/Test/Snow/885.tif,../raw/snow/csd/Test/Gt/885.tif,test,snow,csd
test/886,../raw/snow/csd/Test/Snow/886.tif,../raw/snow/csd/Test/Gt/886.tif,test,snow,csd
test/887,../raw/snow/csd/Test/Snow/887.tif,../raw/snow/csd/Test/Gt/887.tif,test,snow,csd
test/888,../raw/snow/csd/Test/Snow/888.tif,../raw/snow/csd/Test/Gt/888.tif,test,snow,csd
test/889,../raw/snow/csd/Test/Snow/889.tif,../raw/snow/csd/Test/Gt/889.tif,test,snow,csd
test/89,../raw/snow/csd/Test/Snow/89.tif,../raw/snow/csd/Test/Gt/89.tif,test,snow,csd
test/890,../raw/snow/csd/Test/Snow/890.tif,../raw/snow/csd/Test/Gt/890.tif,test,snow,csd
test/891,../raw/snow/csd/Test/Snow/891.tif,../raw/snow/csd/Test/Gt/891.tif,test,snow,csd
test/892,../raw/snow/csd/Test/Snow/892.tif,../raw/snow/csd/Test/Gt/892.tif,test,snow,csd
test/893,../raw/snow/csd/Test/Snow/893.tif,../raw/snow/csd/Test/Gt/893.tif,test,snow,csd
test/894,../raw/snow/csd/Test/Snow/894.tif,../raw/snow/csd/Test/Gt/894.tif,test,snow,csd
test/895,../raw/snow/csd/Test/Snow/895.tif,../raw/snow/csd/Test/Gt/895.tif,test,snow,csd
test/896,../raw/snow/csd/Test/Snow/896.tif,../raw/snow/csd/Test/Gt/896.tif,test,snow,csd
test/897,../raw/snow/csd/Test/Snow/897.tif,../raw/snow/csd/Test/Gt/897.tif,test,snow,csd
test/898,../raw/snow/csd/Test/Snow/898.tif,../raw/snow/csd/Test/Gt/898.tif,test,snow,csd
test/899,../raw/snow/csd/Test/Snow/899.tif,../raw/snow/csd/Test/Gt/899.tif,test,snow,csd
test/9,../raw/snow/csd/Test/Snow/9.tif,../raw/snow/csd/Test/Gt/9.tif,test,snow,csd
test/90,../raw/snow/csd/Test/Snow/90.tif,../raw/snow/csd/Test/Gt/90.tif,test,snow,csd
test/900,../raw/snow/csd/Test/Snow/900.tif,../raw/snow/csd/Test/Gt/900.tif,test,snow,csd
test/901,../raw/snow/csd/Test/Snow/901.tif,../raw/snow/csd/Test/Gt/901.tif,test,snow,csd
test/902,../raw/snow/csd/Test/Snow/902.tif,../raw/snow/csd/Test/Gt/902.tif,test,snow,csd
test/903,../raw/snow/csd/Test/Snow/903.tif,../raw/snow/csd/Test/Gt/903.tif,test,snow,csd
test/904,../raw/snow/csd/Test/Snow/904.tif,../raw/snow/csd/Test/Gt/904.tif,test,snow,csd
test/905,../raw/snow/csd/Test/Snow/905.tif,../raw/snow/csd/Test/Gt/905.tif,test,snow,csd
test/906,../raw/snow/csd/Test/Snow/906.tif,../raw/snow/csd/Test/Gt/906.tif,test,snow,csd
test/907,../raw/snow/csd/Test/Snow/907.tif,../raw/snow/csd/Test/Gt/907.tif,test,snow,csd
test/908,../raw/snow/csd/Test/Snow/908.tif,../raw/snow/csd/Test/Gt/908.tif,test,snow,csd
test/909,../raw/snow/csd/Test/Snow/909.tif,../raw/snow/csd/Test/Gt/909.tif,test,snow,csd
test/91,../raw/snow/csd/Test/Snow/91.tif,../raw/snow/csd/Test/Gt/91.tif,test,snow,csd
test/910,../raw/snow/csd/Test/Snow/910.tif,../raw/snow/csd/Test/Gt/910.tif,test,snow,csd
test/911,../raw/snow/csd/Test/Snow/911.tif,../raw/snow/csd/Test/Gt/911.tif,test,snow,csd
test/912,../raw/snow/csd/Test/Snow/912.tif,../raw/snow/csd/Test/Gt/912.tif,test,snow,csd
test/913,../raw/snow/csd/Test/Snow/913.tif,../raw/snow/csd/Test/Gt/913.tif,test,snow,csd
test/914,../raw/snow/csd/Test/Snow/914.tif,../raw/snow/csd/Test/Gt/914.tif,test,snow,csd
test/915,../raw/snow/csd/Test/Snow/915.tif,../raw/snow/csd/Test/Gt/915.tif,test,snow,csd
test/916,../raw/snow/csd/Test/Snow/916.tif,../raw/snow/csd/Test/Gt/916.tif,test,snow,csd
test/917,../raw/snow/csd/Test/Snow/917.tif,../raw/snow/csd/Test/Gt/917.tif,test,snow,csd
test/918,../raw/snow/csd/Test/Snow/918.tif,../raw/snow/csd/Test/Gt/918.tif,test,snow,csd
test/919,../raw/snow/csd/Test/Snow/919.tif,../raw/snow/csd/Test/Gt/919.tif,test,snow,csd
test/92,../raw/snow/csd/Test/Snow/92.tif,../raw/snow/csd/Test/Gt/92.tif,test,snow,csd
test/920,../raw/snow/csd/Test/Snow/920.tif,../raw/snow/csd/Test/Gt/920.tif,test,snow,csd
test/921,../raw/snow/csd/Test/Snow/921.tif,../raw/snow/csd/Test/Gt/921.tif,test,snow,csd
test/922,../raw/snow/csd/Test/Snow/922.tif,../raw/snow/csd/Test/Gt/922.tif,test,snow,csd
test/923,../raw/snow/csd/Test/Snow/923.tif,../raw/snow/csd/Test/Gt/923.tif,test,snow,csd
test/924,../raw/snow/csd/Test/Snow/924.tif,../raw/snow/csd/Test/Gt/924.tif,test,snow,csd
test/925,../raw/snow/csd/Test/Snow/925.tif,../raw/snow/csd/Test/Gt/925.tif,test,snow,csd
test/926,../raw/snow/csd/Test/Snow/926.tif,../raw/snow/csd/Test/Gt/926.tif,test,snow,csd
test/927,../raw/snow/csd/Test/Snow/927.tif,../raw/snow/csd/Test/Gt/927.tif,test,snow,csd
test/928,../raw/snow/csd/Test/Snow/928.tif,../raw/snow/csd/Test/Gt/928.tif,test,snow,csd
test/929,../raw/snow/csd/Test/Snow/929.tif,../raw/snow/csd/Test/Gt/929.tif,test,snow,csd
test/93,../raw/snow/csd/Test/Snow/93.tif,../raw/snow/csd/Test/Gt/93.tif,test,snow,csd
test/930,../raw/snow/csd/Test/Snow/930.tif,../raw/snow/csd/Test/Gt/930.tif,test,snow,csd
test/931,../raw/snow/csd/Test/Snow/931.tif,../raw/snow/csd/Test/Gt/931.tif,test,snow,csd
test/932,../raw/snow/csd/Test/Snow/932.tif,../raw/snow/csd/Test/Gt/932.tif,test,snow,csd
test/933,../raw/snow/csd/Test/Snow/933.tif,../raw/snow/csd/Test/Gt/933.tif,test,snow,csd
test/934,../raw/snow/csd/Test/Snow/934.tif,../raw/snow/csd/Test/Gt/934.tif,test,snow,csd
test/935,../raw/snow/csd/Test/Snow/935.tif,../raw/snow/csd/Test/Gt/935.tif,test,snow,csd
test/936,../raw/snow/csd/Test/Snow/936.tif,../raw/snow/csd/Test/Gt/936.tif,test,snow,csd
test/937,../raw/snow/csd/Test/Snow/937.tif,../raw/snow/csd/Test/Gt/937.tif,test,snow,csd
test/938,../raw/snow/csd/Test/Snow/938.tif,../raw/snow/csd/Test/Gt/938.tif,test,snow,csd
test/939,../raw/snow/csd/Test/Snow/939.tif,../raw/snow/csd/Test/Gt/939.tif,test,snow,csd
test/94,../raw/snow/csd/Test/Snow/94.tif,../raw/snow/csd/Test/Gt/94.tif,test,snow,csd
test/940,../raw/snow/csd/Test/Snow/940.tif,../raw/snow/csd/Test/Gt/940.tif,test,snow,csd
test/941,../raw/snow/csd/Test/Snow/941.tif,../raw/snow/csd/Test/Gt/941.tif,test,snow,csd
test/942,../raw/snow/csd/Test/Snow/942.tif,../raw/snow/csd/Test/Gt/942.tif,test,snow,csd
test/943,../raw/snow/csd/Test/Snow/943.tif,../raw/snow/csd/Test/Gt/943.tif,test,snow,csd
test/944,../raw/snow/csd/Test/Snow/944.tif,../raw/snow/csd/Test/Gt/944.tif,test,snow,csd
test/945,../raw/snow/csd/Test/Snow/945.tif,../raw/snow/csd/Test/Gt/945.tif,test,snow,csd
test/946,../raw/snow/csd/Test/Snow/946.tif,../raw/snow/csd/Test/Gt/946.tif,test,snow,csd
test/947,../raw/snow/csd/Test/Snow/947.tif,../raw/snow/csd/Test/Gt/947.tif,test,snow,csd
test/948,../raw/snow/csd/Test/Snow/948.tif,../raw/snow/csd/Test/Gt/948.tif,test,snow,csd
test/949,../raw/snow/csd/Test/Snow/949.tif,../raw/snow/csd/Test/Gt/949.tif,test,snow,csd
test/95,../raw/snow/csd/Test/Snow/95.tif,../raw/snow/csd/Test/Gt/95.tif,test,snow,csd
test/950,../raw/snow/csd/Test/Snow/950.tif,../raw/snow/csd/Test/Gt/950.tif,test,snow,csd
test/951,../raw/snow/csd/Test/Snow/951.tif,../raw/snow/csd/Test/Gt/951.tif,test,snow,csd
test/952,../raw/snow/csd/Test/Snow/952.tif,../raw/snow/csd/Test/Gt/952.tif,test,snow,csd
test/953,../raw/snow/csd/Test/Snow/953.tif,../raw/snow/csd/Test/Gt/953.tif,test,snow,csd
test/954,../raw/snow/csd/Test/Snow/954.tif,../raw/snow/csd/Test/Gt/954.tif,test,snow,csd
test/955,../raw/snow/csd/Test/Snow/955.tif,../raw/snow/csd/Test/Gt/955.tif,test,snow,csd
test/956,../raw/snow/csd/Test/Snow/956.tif,../raw/snow/csd/Test/Gt/956.tif,test,snow,csd
test/957,../raw/snow/csd/Test/Snow/957.tif,../raw/snow/csd/Test/Gt/957.tif,test,snow,csd
test/958,../raw/snow/csd/Test/Snow/958.tif,../raw/snow/csd/Test/Gt/958.tif,test,snow,csd
test/959,../raw/snow/csd/Test/Snow/959.tif,../raw/snow/csd/Test/Gt/959.tif,test,snow,csd
test/96,../raw/snow/csd/Test/Snow/96.tif,../raw/snow/csd/Test/Gt/96.tif,test,snow,csd
test/960,../raw/snow/csd/Test/Snow/960.tif,../raw/snow/csd/Test/Gt/960.tif,test,snow,csd
test/961,../raw/snow/csd/Test/Snow/961.tif,../raw/snow/csd/Test/Gt/961.tif,test,snow,csd
test/962,../raw/snow/csd/Test/Snow/962.tif,../raw/snow/csd/Test/Gt/962.tif,test,snow,csd
test/963,../raw/snow/csd/Test/Snow/963.tif,../raw/snow/csd/Test/Gt/963.tif,test,snow,csd
test/964,../raw/snow/csd/Test/Snow/964.tif,../raw/snow/csd/Test/Gt/964.tif,test,snow,csd
test/965,../raw/snow/csd/Test/Snow/965.tif,../raw/snow/csd/Test/Gt/965.tif,test,snow,csd
test/966,../raw/snow/csd/Test/Snow/966.tif,../raw/snow/csd/Test/Gt/966.tif,test,snow,csd
test/967,../raw/snow/csd/Test/Snow/967.tif,../raw/snow/csd/Test/Gt/967.tif,test,snow,csd
test/968,../raw/snow/csd/Test/Snow/968.tif,../raw/snow/csd/Test/Gt/968.tif,test,snow,csd
test/969,../raw/snow/csd/Test/Snow/969.tif,../raw/snow/csd/Test/Gt/969.tif,test,snow,csd
test/97,../raw/snow/csd/Test/Snow/97.tif,../raw/snow/csd/Test/Gt/97.tif,test,snow,csd
test/970,../raw/snow/csd/Test/Snow/970.tif,../raw/snow/csd/Test/Gt/970.tif,test,snow,csd
test/971,../raw/snow/csd/Test/Snow/971.tif,../raw/snow/csd/Test/Gt/971.tif,test,snow,csd
test/972,../raw/snow/csd/Test/Snow/972.tif,../raw/snow/csd/Test/Gt/972.tif,test,snow,csd
test/973,../raw/snow/csd/Test/Snow/973.tif,../raw/snow/csd/Test/Gt/973.tif,test,snow,csd
test/974,../raw/snow/csd/Test/Snow/974.tif,../raw/snow/csd/Test/Gt/974.tif,test,snow,csd
test/975,../raw/snow/csd/Test/Snow/975.tif,../raw/snow/csd/Test/Gt/975.tif,test,snow,csd
test/976,../raw/snow/csd/Test/Snow/976.tif,../raw/snow/csd/Test/Gt/976.tif,test,snow,csd
test/977,../raw/snow/csd/Test/Snow/977.tif,../raw/snow/csd/Test/Gt/977.tif,test,snow,csd
test/978,../raw/snow/csd/Test/Snow/978.tif,../raw/snow/csd/Test/Gt/978.tif,test,snow,csd
test/979,../raw/snow/csd/Test/Snow/979.tif,../raw/snow/csd/Test/Gt/979.tif,test,snow,csd
test/98,../raw/snow/csd/Test/Snow/98.tif,../raw/snow/csd/Test/Gt/98.tif,test,snow,csd
test/980,../raw/snow/csd/Test/Snow/980.tif,../raw/snow/csd/Test/Gt/980.tif,test,snow,csd
test/981,../raw/snow/csd/Test/Snow/981.tif,../raw/snow/csd/Test/Gt/981.tif,test,snow,csd
test/982,../raw/snow/csd/Test/Snow/982.tif,../raw/snow/csd/Test/Gt/982.tif,test,snow,csd
test/983,../raw/snow/csd/Test/Snow/983.tif,../raw/snow/csd/Test/Gt/983.tif,test,snow,csd
test/984,../raw/snow/csd/Test/Snow/984.tif,../raw/snow/csd/Test/Gt/984.tif,test,snow,csd
test/985,../raw/snow/csd/Test/Snow/985.tif,../raw/snow/csd/Test/Gt/985.tif,test,snow,csd
test/986,../raw/snow/csd/Test/Snow/986.tif,../raw/snow/csd/Test/Gt/986.tif,test,snow,csd
test/987,../raw/snow/csd/Test/Snow/987.tif,../raw/snow/csd/Test/Gt/987.tif,test,snow,csd
test/988,../raw/snow/csd/Test/Snow/988.tif,../raw/snow/csd/Test/Gt/988.tif,test,snow,csd
test/989,../raw/snow/csd/Test/Snow/989.tif,../raw/snow/csd/Test/Gt/989.tif,test,snow,csd
test/99,../raw/snow/csd/Test/Snow/99.tif,../raw/snow/csd/Test/Gt/99.tif,test,snow,csd
test/990,../raw/snow/csd/Test/Snow/990.tif,../raw/snow/csd/Test/Gt/990.tif,test,snow,csd
test/991,../raw/snow/csd/Test/Snow/991.tif,../raw/snow/csd/Test/Gt/991.tif,test,snow,csd
test/992,../raw/snow/csd/Test/Snow/992.tif,../raw/snow/csd/Test/Gt/992.tif,test,snow,csd
test/993,../raw/snow/csd/Test/Snow/993.tif,../raw/snow/csd/Test/Gt/993.tif,test,snow,csd
test/994,../raw/snow/csd/Test/Snow/994.tif,../raw/snow/csd/Test/Gt/994.tif,test,snow,csd
test/995,../raw/snow/csd/Test/Snow/995.tif,../raw/snow/csd/Test/Gt/995.tif,test,snow,csd
test/996,../raw/snow/csd/Test/Snow/996.tif,../raw/snow/csd/Test/Gt/996.tif,test,snow,csd
test/997,../raw/snow/csd/Test/Snow/997.tif,../raw/snow/csd/Test/Gt/997.tif,test,snow,csd
test/998,../raw/snow/csd/Test/Snow/998.tif,../raw/snow/csd/Test/Gt/998.tif,test,snow,csd
test/999,../raw/snow/csd/Test/Snow/999.tif,../raw/snow/csd/Test/Gt/999.tif,test,snow,csd
