sample_id,input_path,target_path,split,weather,source
train/1,../raw/rain/realrain1k/RealRain-1k/RealRain-1k-H/train/input/1.png,../raw/rain/realrain1k/RealRain-1k/RealRain-1k-H/train/target/1.png,train,rain,realrain1k_h
train/10,../raw/rain/realrain1k/RealRain-1k/RealRain-1k-H/train/input/10.png,../raw/rain/realrain1k/RealRain-1k/RealRain-1k-H/train/target/10.png,train,rain,realrain1k_h
train/100,../raw/rain/realrain1k/RealRain-1k/RealRain-1k-H/train/input/100.png,../raw/rain/realrain1k/RealRain-1k/RealRain-1k-H/train/target/100.png,train,rain,realrain1k_h
train/1000,../raw/rain/realrain1k/RealRain-1k/RealRain-1k-H/train/input/1000.png,../raw/rain/realrain1k/RealRain-1k/RealRain-1k-H/train/target/1000.png,train,rain,realrain1k_h
train/1001,../raw/rain/realrain1k/RealRain-1k/RealRain-1k-H/train/input/1001.png,../raw/rain/realrain1k/RealRain-1k/RealRain-1k-H/train/target/1001.png,train,rain,realrain1k_h
train/1005,../raw/rain/realrain1k/RealRain-1k/RealRain-1k-H/train/input/1005.png,../raw/rain/realrain1k/RealRain-1k/RealRain-1k-H/train/target/1005.png,train,rain,realrain1k_h
train/1008,../raw/rain/realrain1k/RealRain-1k/RealRain-1k-H/train/input/1008.png,../raw/rain/realrain1k/RealRain-1k/RealRain-1k-H/train/target/1008.png,train,rain,realrain1k_h
train/101,../raw/rain/realrain1k/RealRain-1k/RealRain-1k-H/train/input/101.png,../raw/rain/realrain1k/RealRain-1k/RealRain-1k-H/train/target/101.png,train,rain,realrain1k_h
train/1011,../raw/rain/realrain1k/RealRain-1k/RealRain-1k-H/train/input/1011.png,../raw/rain/realrain1k/RealRain-1k/RealRain-1k-H/train/target/1011.png,train,rain,realrain1k_h
train/1012,../raw/rain/realrain1k/RealRain-1k/RealRain-1k-H/train/input/1012.png,../raw/rain/realrain1k/RealRain-1k/RealRain-1k-H/train/target/1012.png,train,rain,realrain1k_h
train/1017,../raw/rain/realrain1k/RealRain-1k/RealRain-1k-H/train/input/1017.png,../raw/rain/realrain1k/RealRain-1k/RealRain-1k-H/train/target/1017.png,train,rain,realrain1k_h
train/1018,../raw/rain/realrain1k/RealRain-1k/RealRain-1k-H/train/input/1018.png,../raw/rain/realrain1k/RealRain-1k/RealRain-1k-H/train/target/1018.png,train,rain,realrain1k_h
train/1019,../raw/rain/realrain1k/RealRain-1k/RealRain-1k-H/train/input/1019.png,../raw/rain/realrain1k/RealRain-1k/RealRain-1k-H/train/target/1019.png,train,rain,realrain1k_h
train/1021,../raw/rain/realrain1k/RealRain-1k/RealRain-1k-H/train/input/1021.png,../raw/rain/realrain1k/RealRain-1k/RealRain-1k-H/train/target/1021.png,train,rain,realrain1k_h
train/1022,../raw/rain/realrain1k/RealRain-1k/RealRain-1k-H/train/input/1022.png,../raw/rain/realrain1k/RealRain-1k/RealRain-1k-H/train/target/1022.png,train,rain,realrain1k_h
train/1024,../raw/rain/realrain1k/RealRain-1k/RealRain-1k-H/train/input/1024.png,../raw/rain/realrain1k/RealRain-1k/RealRain-1k-H/train/target/1024.png,train,rain,realrain1k_h
train/1025,../raw/rain/realrain1k/RealRain-1k/RealRain-1k-H/train/input/1025.png,../raw/rain/realrain1k/RealRain-1k/RealRain-1k-H/train/target/1025.png,train,rain,realrain1k_h
train/1027,../raw/rain/realrain1k/RealRain-1k/RealRain-1k-H/train/input/1027.png,../raw/rain/realrain1k/RealRain-1k/RealRain-1k-H/train/target/1027.png,train,rain,realrain1k_h
train/1028,../raw/rain/realrain1k/RealRain-1k/RealRain-1k-H/train/input/1028.png,../raw/rain/realrain1k/RealRain-1k/RealRain-1k-H/train/target/1028.png,train,rain,realrain1k_h
train/1029,../raw/rain/realrain1k/RealRain-1k/RealRain-1k-H/train/input/1029.png,../raw/rain/realrain1k/RealRain-1k/RealRain-1k-H/train/target/1029.png,train,rain,realrain1k_h
train/103,../raw/rain/realrain1k/RealRain-1k/RealRain-1k-H/train/input/103.png,../raw/rain/realrain1k/RealRain-1k/RealRain-1k-H/train/target/103.png,train,rain,realrain1k_h
train/1032,../raw/rain/realrain1k/RealRain-1k/RealRain-1k-H/train/input/1032.png,../raw/rain/realrain1k/RealRain-1k/RealRain-1k-H/train/target/1032.png,train,rain,realrain1k_h
train/1033,../raw/rain/realrain1k/RealRain-1k/RealRain-1k-H/train/input/1033.png,../raw/rain/realrain1k/RealRain-1k/RealRain-1k-H/train/target/1033.png,train,rain,realrain1k_h
train/1034,../raw/rain/realrain1k/RealRain-1k/RealRain-1k-H/train/input/1034.png,../raw/rain/realrain1k/RealRain-1k/RealRain-1k-H/train/target/1034.png,train,rain,realrain1k_h
train/1036,../raw/rain/realrain1k/RealRain-1k/RealRain-1k-H/train/input/1036.png,../raw/rain/realrain1k/RealRain-1k/RealRain-1k-H/train/target/1036.png,train,rain,realrain1k_h
train/1037,../raw/rain/realrain1k/RealRain-1k/RealRain-1k-H/train/input/1037.png,../raw/rain/realrain1k/RealRain-1k/RealRain-1k-H/train/target/1037.png,train,rain,realrain1k_h
train/1038,../raw/rain/realrain1k/RealRain-1k/RealRain-1k-H/train/input/1038.png,../raw/rain/realrain1k/RealRain-1k/RealRain-1k-H/train/target/1038.png,train,rain,realrain1k_h
train/1039,../raw/rain/realrain1k/RealRain-1k/RealRain-1k-H/train/input/1039.png,../raw/rain/realrain1k/RealRain-1k/RealRain-1k-H/train/target/1039.png,train,rain,realrain1k_h
train/104,../raw/rain/realrain1k/RealRain-1k/RealRain-1k-H/train/input/104.png,../raw/rain/realrain1k/RealRain-1k/RealRain-1k-H/train/target/104.png,train,rain,realrain1k_h
train/1042,../raw/rain/realrain1k/RealRain-1k/RealRain-1k-H/train/input/1042.png,../raw/rain/realrain1k/RealRain-1k/RealRain-1k-H/train/target/1042.png,train,rain,realrain1k_h
train/1044,../raw/rain/realrain1k/RealRain-1k/RealRain-1k-H/train/input/1044.png,../raw/rain/realrain1k/RealRain-1k/RealRain-1k-H/train/target/1044.png,train,rain,realrain1k_h
train/1045,../raw/rain/realrain1k/RealRain-1k/RealRain-1k-H/train/input/1045.png,../raw/rain/realrain1k/RealRain-1k/RealRain-1k-H/train/target/1045.png,train,rain,realrain1k_h
train/1046,../raw/rain/realrain1k/RealRain-1k/RealRain-1k-H/train/input/1046.png,../raw/rain/realrain1k/RealRain-1k/RealRain-1k-H/train/target/1046.png,train,rain,realrain1k_h
train/1047,../raw/rain/realrain1k/RealRain-1k/RealRain-1k-H/train/input/1047.png,../raw/rain/realrain1k/RealRain-1k/RealRain-1k-H/train/target/1047.png,train,rain,realrain1k_h
train/1048,../raw/rain/realrain1k/RealRain-1k/RealRain-1k-H/train/input/1048.png,../raw/rain/realrain1k/RealRain-1k/RealRain-1k-H/train/target/1048.png,train,rain,realrain1k_h
train/1049,../raw/rain/realrain1k/RealRain-1k/RealRain-1k-H/train/input/1049.png,../raw/rain/realrain1k/RealRain-1k/RealRain-1k-H/train/target/1049.png,train,rain,realrain1k_h
train/105,../raw/rain/realrain1k/RealRain-1k/RealRain-1k-H/train/input/105.png,../raw/rain/realrain1k/RealRain-1k/RealRain-1k-H/train/target/105.png,train,rain,realrain1k_h
train/1051,../raw/rain/realrain1k/RealRain-1k/RealRain-1k-H/train/input/1051.png,../raw/rain/realrain1k/RealRain-1k/RealRain-1k-H/train/target/1051.png,train,rain,realrain1k_h
train/1052,../raw/rain/realrain1k/RealRain-1k/RealRain-1k-H/train/input/1052.png,../raw/rain/realrain1k/RealRain-1k/RealRain-1k-H/train/target/1052.png,train,rain,realrain1k_h
train/1053,../raw/rain/realrain1k/RealRain-1k/RealRain-1k-H/train/input/1053.png,../raw/rain/realrain1k/RealRain-1k/RealRain-1k-H/train/target/1053.png,train,rain,realrain1k_h
train/1054,../raw/rain/realrain1k/RealRain-1k/RealRain-1k-H/train/input/1054.png,../raw/rain/realrain1k/RealRain-1k/RealRain-1k-H/train/target/1054.png,train,rain,realrain1k_h
train/1055,../raw/rain/realrain1k/RealRain-1k/RealRain-1k-H/train/input/1055.png,../raw/rain/realrain1k/RealRain-1k/RealRain-1k-H/train/target/1055.png,train,rain,realrain1k_h
train/1056,../raw/rain/realrain1k/RealRain-1k/RealRain-1k-H/train/input/1056.png,../raw/rain/realrain1k/RealRain-1k/RealRain-1k-H/train/target/1056.png,train,rain,realrain1k_h
train/1057,../raw/rain/realrain1k/RealRain-1k/RealRain-1k-H/train/input/1057.png,../raw/rain/realrain1k/RealRain-1k/RealRain-1k-H/train/target/1057.png,train,rain,realrain1k_h
train/1058,../raw/rain/realrain1k/RealRain-1k/RealRain-1k-H/train/input/1058.png,../raw/rain/realrain1k/RealRain-1k/RealRain-1k-H/train/target/1058.png,train,rain,realrain1k_h
train/1059,../raw/rain/realrain1k/RealRain-1k/RealRain-1k-H/train/input/1059.png,../raw/rain/realrain1k/RealRain-1k/RealRain-1k-H/train/target/1059.png,train,rain,realrain1k_h
train/1061,../raw/rain/realrain1k/RealRain-1k/RealRain-1k-H/train/input/1061.png,../raw/rain/realrain1k/RealRain-1k/RealRain-1k-H/train/target/1061.png,train,rain,realrain1k_h
train/1062,../raw/rain/realrain1k/RealRain-1k/RealRain-1k-H/train/input/1062.png,../raw/rain/realrain1k/RealRain-1k/RealRain-1k-H/train/target/1062.png,train,rain,realrain1k_h
train/1063,../raw/rain/realrain1k/RealRain-1k/RealRain-1k-H/train/input/1063.png,../raw/rain/realrain1k/RealRain-1k/RealRain-1k-H/train/target/1063.png,train,rain,realrain1k_h
train/1064,../raw/rain/realrain1k/RealRain-1k/RealRain-1k-H/train/input/1064.png,../raw/rain/realrain1k/RealRain-1k/RealRain-1k-H/train/target/1064.png,train,rain,realrain1k_h
train/1065,../raw/rain/realrain1k/RealRain-1k/RealRain-1k-H/train/input/1065.png,../raw/rain/realrain1k/RealRain-1k/RealRain-1k-H/train/target/1065.png,train,rain,realrain1k_h
train/1066,../raw/rain/realrain1k/RealRain-1k/RealRain-1k-H/train/input/1066.png,../raw/rain/realrain1k/RealRain-1k/RealRain-1k-H/train/target/1066.png,train,rain,realrain1k_h
train/1067,../raw/rain/realrain1k/RealRain-1k/RealRain-1k-H/train/input/1067.png,../raw/rain/realrain1k/RealRain-1k/RealRain-1k-H/train/target/1067.png,train,rain,realrain1k_h
train/1068,../raw/rain/realrain1k/RealRain-1k/RealRain-1k-H/train/input/1068.png,../raw/rain/realrain1k/RealRain-1k/RealRain-1k-H/train/target/1068.png,train,rain,realrain1k_h
train/1069,../raw/rain/realrain1k/RealRain-1k/RealRain-1k-H/train/input/1069.png,../raw/rain/realrain1k/RealRain-1k/RealRain-1k-H/train/target/1069.png,train,rain,realrain1k_h
train/1070,../raw/rain/realrain1k/RealRain-1k/RealRain-1k-H/train/input/1070.png,../raw/rain/realrain1k/RealRain-1k/RealRain-1k-H/train/target/1070.png,train,rain,realrain1k_h
train/1072,../raw/rain/realrain1k/RealRain-1k/RealRain-1k-H/train/input/1072.png,../raw/rain/realrain1k/RealRain-1k/RealRain-1k-H/train/target/1072.png,train,rain,realrain1k_h
train/1073,../raw/rain/realrain1k/RealRain-1k/RealRain-1k-H/train/input/1073.png,../raw/rain/realrain1k/RealRain-1k/RealRain-1k-H/train/target/1073.png,train,rain,realrain1k_h
train/1074,../raw/rain/realrain1k/RealRain-1k/RealRain-1k-H/train/input/1074.png,../raw/rain/realrain1k/RealRain-1k/RealRain-1k-H/train/target/1074.png,train,rain,realrain1k_h
train/1075,../raw/rain/realrain1k/RealRain-1k/RealRain-1k-H/train/input/1075.png,../raw/rain/realrain1k/RealRain-1k/RealRain-1k-H/train/target/1075.png,train,rain,realrain1k_h
train/1076,../raw/rain/realrain1k/RealRain-1k/RealRain-1k-H/train/input/1076.png,../raw/rain/realrain1k/RealRain-1k/RealRain-1k-H/train/target/1076.png,train,rain,realrain1k_h
train/1077,../raw/rain/realrain1k/RealRain-1k/RealRain-1k-H/train/input/1077.png,../raw/rain/realrain1k/RealRain-1k/RealRain-1k-H/train/target/1077.png,train,rain,realrain1k_h
train/1078,../raw/rain/realrain1k/RealRain-1k/RealRain-1k-H/train/input/1078.png,../raw/rain/realrain1k/RealRain-1k/RealRain-1k-H/train/target/1078.png,train,rain,realrain1k_h
train/1079,../raw/rain/realrain1k/RealRain-1k/RealRain-1k-H/train/input/1079.png,../raw/rain/realrain1k/RealRain-1k/RealRain-1k-H/train/target/1079.png,train,rain,realrain1k_h
train/1081,../raw/rain/realrain1k/RealRain-1k/RealRain-1k-H/train/input/1081.png,../raw/rain/realrain1k/RealRain-1k/RealRain-1k-H/train/target/1081.png,train,rain,realrain1k_h
train/1082,../raw/rain/realrain1k/RealRain-1k/RealRain-1k-H/train/input/1082.png,../raw/rain/realrain1k/RealRain-1k/RealRain-1k-H/train/target/1082.png,train,rain,realrain1k_h
train/1083,../raw/rain/realrain1k/RealRain-1k/RealRain-1k-H/train/input/1083.png,../raw/rain/realrain1k/RealRain-1k/RealRain-1k-H/train/target/1083.png,train,rain,realrain1k_h
train/1084,../raw/rain/realrain1k/RealRain-1k/RealRain-1k-H/train/input/1084.png,../raw/rain/realrain1k/RealRain-1k/RealRain-1k-H/train/target/1084.png,train,rain,realrain1k_h
train/1085,../raw/rain/realrain1k/RealRain-1k/RealRain-1k-H/train/input/1085.png,../raw/rain/realrain1k/RealRain-1k/RealRain-1k-H/train/target/1085.png,train,rain,realrain1k_h
train/1087,../raw/rain/realrain1k/RealRain-1k/RealRain-1k-H/train/input/1087.png,../raw/rain/realrain1k/RealRain-1k/RealRain-1k-H/train/target/1087.png,train,rain,realrain1k_h
train/1090,../raw/rain/realrain1k/RealRain-1k/RealRain-1k-H/train/input/1090.png,../raw/rain/realrain1k/RealRain-1k/RealRain-1k-H/train/target/1090.png,train,rain,realrain1k_h
train/1091,../raw/rain/realrain1k/RealRain-1k/RealRain-1k-H/train/input/1091.png,../raw/rain/realrain1k/RealRain-1k/RealRain-1k-H/train/target/1091.png,train,rain,realrain1k_h
train/1093,../raw/rain/realrain1k/RealRain-1k/RealRain-1k-H/train/input/1093.png,../raw/rain/realrain1k/RealRain-1k/RealRain-1k-H/train/target/1093.png,train,rain,realrain1k_h
train/1094,../raw/rain/realrain1k/RealRain-1k/RealRain-1k-H/train/input/1094.png,../raw/rain/realrain1k/RealRain-1k/RealRain-1k-H/train/target/1094.png,train,rain,realrain1k_h
train/1098,../raw/rain/realrain1k/RealRain-1k/RealRain-1k-H/train/input/1098.png,../raw/rain/realrain1k/RealRain-1k/RealRain-1k-H/train/target/1098.png,train,rain,realrain1k_h
train/1099,../raw/rain/realrain1k/RealRain-1k/RealRain-1k-H/train/input/1099.png,../raw/rain/realrain1k/RealRain-1k/RealRain-1k-H/train/target/1099.png,train,rain,realrain1k_h
train/1100,../raw/rain/realrain1k/RealRain-1k/RealRain-1k-H/train/input/1100.png,../raw/rain/realrain1k/RealRain-1k/RealRain-1k-H/train/target/1100.png,train,rain,realrain1k_h
train/1103,../raw/rain/realrain1k/RealRain-1k/RealRain-1k-H/train/input/1103.png,../raw/rain/realrain1k/RealRain-1k/RealRain-1k-H/train/target/1103.png,train,rain,realrain1k_h
train/1104,../raw/rain/realrain1k/RealRain-1k/RealRain-1k-H/train/input/1104.png,../raw/rain/realrain1k/RealRain-1k/RealRain-1k-H/train/target/1104.png,train,rain,realrain1k_h
train/1106,../raw/rain/realrain1k/RealRain-1k/RealRain-1k-H/train/input/1106.png,../raw/rain/realrain1k/RealRain-1k/RealRain-1k-H/train/target/1106.png,train,rain,realrain1k_h
train/111,../raw/rain/realrain1k/RealRain-1k/RealRain-1k-H/train/input/111.png,../raw/rain/realrain1k/RealRain-1k/RealRain-1k-H/train/target/111.png,train,rain,realrain1k_h
train/1111,../raw/rain/realrain1k/RealRain-1k/RealRain-1k-H/train/input/1111.png,../raw/rain/realrain1k/RealRain-1k/RealRain-1k-H/train/target/1111.png,train,rain,realrain1k_h
train/1112,../raw/rain/realrain1k/RealRain-1k/RealRain-1k-H/train/input/1112.png,../raw/rain/realrain1k/RealRain-1k/RealRain-1k-H/train/target/1112.png,train,rain,realrain1k_h
train/1115,../raw/rain/realrain1k/RealRain-1k/RealRain-1k-H/train/input/1115.png,../raw/rain/realrain1k/RealRain-1k/RealRain-1k-H/train/target/1115.png,train,rain,realrain1k_h
train/1116,../raw/rain/realrain1k/RealRain-1k/RealRain-1k-H/train/input/1116.png,../raw/rain/realrain1k/RealRain-1k/RealRain-1k-H/train/target/1116.png,train,rain,realrain1k_h
train/1117,../raw/rain/realrain1k/RealRain-1k/RealRain-1k-H/train/input/1117.png,../raw/rain/realrain1k/RealRain-1k/RealRain-1k-H/train/target/1117.png,train,rain,realrain1k_h
train/1118,../raw/rain/realrain1k/RealRain-1k/RealRain-1k-H/train/input/1118.png,../raw/rain/realrain1k/RealRain-1k/RealRain-1k-H/train/target/1118.png,train,rain,realrain1k_h
train/1119,../raw/rain/realrain1k/RealRain-1k/RealRain-1k-H/train/input/1119.png,../raw/rain/realrain1k/RealRain-1k/RealRain-1k-H/train/target/1119.png,train,rain,realrain1k_h
train/112,../raw/rain/realrain1k/RealRain-1k/RealRain-1k-H/train/input/112.png,../raw/rain/realrain1k/RealRain-1k/RealRain-1k-H/train/target/112.png,train,rain,realrain1k_h
train/1120,../raw/rain/realrain1k/RealRain-1k/RealRain-1k-H/train/input/1120.png,../raw/rain/realrain1k/RealRain-1k/RealRain-1k-H/train/target/1120.png,train,rain,realrain1k_h
train/113,../raw/rain/realrain1k/RealRain-1k/RealRain-1k-H/train/input/113.png,../raw/rain/realrain1k/RealRain-1k/RealRain-1k-H/train/target/113.png,train,rain,realrain1k_h
train/118,../raw/rain/realrain1k/RealRain-1k/RealRain-1k-H/train/input/118.png,../raw/rain/realrain1k/RealRain-1k/RealRain-1k-H/train/target/118.png,train,rain,realrain1k_h
train/119,../raw/rain/realrain1k/RealRain-1k/RealRain-1k-H/train/input/119.png,../raw/rain/realrain1k/RealRain-1k/RealRain-1k-H/train/target/119.png,train,rain,realrain1k_h
train/12,../raw/rain/realrain1k/RealRain-1k/RealRain-1k-H/train/input/12.png,../raw/rain/realrain1k/RealRain-1k/RealRain-1k-H/train/target/12.png,train,rain,realrain1k_h
train/121,../raw/rain/realrain1k/RealRain-1k/RealRain-1k-H/train/input/121.png,../raw/rain/realrain1k/RealRain-1k/RealRain-1k-H/train/target/121.png,train,rain,realrain1k_h
train/123,../raw/rain/realrain1k/RealRain-1k/RealRain-1k-H/train/input/123.png,../raw/rain/realrain1k/RealRain-1k/RealRain-1k-H/train/target/123.png,train,rain,realrain1k_h
train/124,../raw/rain/realrain1k/RealRain-1k/RealRain-1k-H/train/input/124.png,../raw/rain/realrain1k/RealRain-1k/RealRain-1k-H/train/target/124.png,train,rain,realrain1k_h
train/125,../raw/rain/realrain1k/RealRain-1k/RealRain-1k-H/train/input/125.png,../raw/rain/realrain1k/RealRain-1k/RealRain-1k-H/train/target/125.png,train,rain,realrain1k_h
train/126,../raw/rain/realrain1k/RealRain-1k/RealRain-1k-H/train/input/126.png,../raw/rain/realrain1k/RealRain-1k/RealRain-1k-H/train/target/126.png,train,rain,realrain1k_h
train/127,../raw/rain/realrain1k/RealRain-1k/RealRain-1k-H/train/input/127.png,../raw/rain/realrain1k/RealRain-1k/RealRain-1k-H/train/target/127.png,train,rain,realrain1k_h
train/128,../raw/rain/realrain1k/RealRain-1k/RealRain-1k-H/train/input/128.png,../raw/rain/realrain1k/RealRain-1k/RealRain-1k-H/train/target/128.png,train,rain,realrain1k_h
train/129,../raw/rain/realrain1k/RealRain-1k/RealRain-1k-H/train/input/129.png,../raw/rain/realrain1k/RealRain-1k/RealRain-1k-H/train/target/129.png,train,rain,realrain1k_h
train/13,../raw/rain/realrain1k/RealRain-1k/RealRain-1k-H/train/input/13.png,../raw/rain/realrain1k/RealRain-1k/RealRain-1k-H/train/target/13.png,train,rain,realrain1k_h
train/130,../raw/rain/realrain1k/RealRain-1k/RealRain-1k-H/train/input/130.png,../raw/rain/realrain1k/RealRain-1k/RealRain-1k-H/train/target/130.png,train,rain,realrain1k_h
train/131,../raw/rain/realrain1k/RealRain-1k/RealRain-1k-H/train/input/131.png,../raw/rain/realrain1k/RealRain-1k/RealRain-1k-H/train/target/131.png,train,rain,realrain1k_h
train/132,../raw/rain/realrain1k/RealRain-1k/RealRain-1k-H/train/input/132.png,../raw/rain/realrain1k/RealRain-1k/RealRain-1k-H/train/target/132.png,train,rain,realrain1k_h
train/133,../raw/rain/realrain1k/RealRain-1k/RealRain-1k-H/train/input/133.png,../raw/rain/realrain1k/RealRain-1k/RealRain-1k-H/train/target/133.png,train,rain,realrain1k_h
train/137,../raw/rain/realrain1k/RealRain-1k/RealRain-1k-H/train/input/137.png,../raw/rain/realrain1k/RealRain-1k/RealRain-1k-H/train/target/137.png,train,rain,realrain1k_h
train/139,../raw/rain/realrain1k/RealRain-1k/RealRain-1k-H/train/input/139.png,../raw/rain/realrain1k/RealRain-1k/RealRain-1k-H/train/target/139.png,train,rain,realrain1k_h
train/14,../raw/rain/realrain1k/RealRain-1k/RealRain-1k-H/train/input/14.png,../raw/rain/realrain1k/RealRain-1k/RealRain-1k-H/train/target/14.png,train,rain,realrain1k_h
train/140,../raw/rain/realrain1k/RealRain-1k/RealRain-1k-H/train/input/140.png,../raw/rain/realrain1k/RealRain-1k/RealRain-1k-H/train/target/140.png,train,rain,realrain1k_h
train/142,../raw/rain/realrain1k/RealRain-1k/RealRain-1k-H/train/input/142.png,../raw/rain/realrain1k/RealRain-1k/RealRain-1k-H/train/target/142.png,train,rain,realrain1k_h
train/143,../raw/rain/realrain1k/RealRain-1k/RealRain-1k-H/train/input/143.png,../raw/rain/realrain1k/RealRain-1k/RealRain-1k-H/train/target/143.png,train,rain,realrain1k_h
train/144,../raw/rain/realrain1k/RealRain-1k/RealRain-1k-H/train/input/144.png,../raw/rain/realrain1k/RealRain-1k/RealRain-1k-H/train/target/144.png,train,rain,realrain1k_h
train/145,../raw/rain/realrain1k/RealRain-1k/RealRain-1k-H/train/input/145.png,../raw/rain/realrain1k/RealRain-1k/RealRain-1k-H/train/target/145.png,train,rain,realrain1k_h
train/146,../raw/rain/realrain1k/RealRain-1k/RealRain-1k-H/train/input/146.png,../raw/rain/realrain1k/RealRain-1k/RealRain-1k-H/train/target/146.png,train,rain,realrain1k_h
train/147,../raw/rain/realrain1k/RealRain-1k/RealRain-1k-H/train/input/147.png,../raw/rain/realrain1k/RealRain-1k/RealRain-1k-H/train/target/147.png,train,rain,realrain1k_h
train/148,../raw/rain/realrain1k/RealRain-1k/RealRain-1k-H/train/input/148.png,../raw/rain/realrain1k/RealRain-1k/RealRain-1k-H/train/target/148.png,train,rain,realrain1k_h
train/149,../raw/rain/realrain1k/RealRain-1k/RealRain-1k-H/train/input/149.png,../raw/rain/realrain1k/RealRain-1k/RealRain-1k-H/train/target/149.png,train,rain,realrain1k_h
train/150,../raw/rain/realrain1k/RealRain-1k/RealRain-1k-H/train/input/150.png,../raw/rain/realrain1k/RealRain-1k/RealRain-1k-H/train/target/150.png,train,rain,realrain1k_h
train/151,../raw/rain/realrain1k/RealRain-1k/RealRain-1k-H/train/input/151.png,../raw/rain/realrain1k/RealRain-1k/RealRain-1k-H/train/target/151.png,train,rain,realrain1k_h
train/154,../raw/rain/realrain1k/RealRain-1k/RealRain-1k-H/train/input/154.png,../raw/rain/realrain1k/RealRain-1k/RealRain-1k-H/train/target/154.png,train,rain,realrain1k_h
train/155,../raw/rain/realrain1k/RealRain-1k/RealRain-1k-H/train/input/155.png,../raw/rain/realrain1k/RealRain-1k/RealRain-1k-H/train/target/155.png,train,rain,realrain1k_h
train/158,../raw/rain/realrain1k/RealRain-1k/RealRain-1k-H/train/input/158.png,../raw/rain/realrain1k/RealRain-1k/RealRain-1k-H/train/target/158.png,train,rain,realrain1k_h
train/159,../raw/rain/realrain1k/RealRain-1k/RealRain-1k-H/train/input/159.png,../raw/rain/realrain1k/RealRain-1k/RealRain-1k-H/train/target/159.png,train,rain,realrain1k_h
train/16,../raw/rain/realrain1k/RealRain-1k/RealRain-1k-H/train/input/16.png,../raw/rain/realrain1k/RealRain-1k/RealRain-1k-H/train/target/16.png,train,rain,realrain1k_h
train/160,../raw/rain/realrain1k/RealRain-1k/RealRain-1k-H/train/input/160.png,../raw/rain/realrain1k/RealRain-1k/RealRain-1k-H/train/target/160.png,train,rain,realrain1k_h
train/161,../raw/rain/realrain1k/RealRain-1k/RealRain-1k-H/train/input/161.png,../raw/rain/realrain1k/RealRain-1k/RealRain-1k-H/train/target/161.png,train,rain,realrain1k_h
train/162,../raw/rain/realrain1k/RealRain-1k/RealRain-1k-H/train/input/162.png,../raw/rain/realrain1k/RealRain-1k/RealRain-1k-H/train/target/162.png,train,rain,realrain1k_h
train/163,../raw/rain/realrain1k/RealRain-1k/RealRain-1k-H/train/input/163.png,../raw/rain/realrain1k/RealRain-1k/RealRain-1k-H/train/target/163.png,train,rain,realrain1k_h
train/164,../raw/rain/realrain1k/RealRain-1k/RealRain-1k-H/train/input/164.png,../raw/rain/realrain1k/RealRain-1k/RealRain-1k-H/train/target/164.png,train,rain,realrain1k_h
train/165,../raw/rain/realrain1k/RealRain-1k/RealRain-1k-H/train/input/165.png,../raw/rain/realrain1k/RealRain-1k/RealRain-1k-H/train/target/165.png,train,rain,realrain1k_h
train/166,../raw/rain/realrain1k/RealRain-1k/RealRain-1k-H/train/input/166.png,../raw/rain/realrain1k/RealRain-1k/RealRain-1k-H/train/target/166.png,train,rain,realrain1k_h
train/167,../raw/rain/realrain1k/RealRain-1k/RealRain-1k-H/train/input/167.png,../raw/rain/realrain1k/RealRain-1k/RealRain-1k-H/train/target/167.png,train,rain,realrain1k_h
train/168,../raw/rain/realrain1k/RealRain-1k/RealRain-1k-H/train/input/168.png,../raw/rain/realrain1k/RealRain-1k/RealRain-1k-H/train/target/168.png,train,rain,realrain1k_h
train/169,../raw/rain/realrain1k/RealRain-1k/RealRain-1k-H/train/input/169.png,../raw/rain/realrain1k/RealRain-1k/RealRain-1k-H/train/target/169.png,train,rain,realrain1k_h
train/171,../raw/rain/realrain1k/RealRain-1k/RealRain-1k-H/train/input/171.png,../raw/rain/realrain1k/RealRain-1k/RealRain-1k-H/train/target/171.png,train,rain,realrain1k_h
train/172,../raw/rain/realrain1k/RealRain-1k/RealRain-1k-H/train/input/172.png,../raw/rain/realrain1k/RealRain-1k/RealRain-1k-H/train/target/172.png,train,rain,realrain1k_h
train/174,../raw/rain/realrain1k/RealRain-1k/RealRain-1k-H/train/input/174.png,../raw/rain/realrain1k/RealRain-1k/RealRain-1k-H/train/target/174.png,train,rain,realrain1k_h
train/175,../raw/rain/realrain1k/RealRain-1k/RealRain-1k-H/train/input/175.png,../raw/rain/realrain1k/RealRain-1k/RealRain-1k-H/train/target/175.png,train,rain,realrain1k_h
train/176,../raw/rain/realrain1k/RealRain-1k/RealRain-1k-H/train/input/176.png,../raw/rain/realrain1k/RealRain-1k/RealRain-1k-H/train/target/176.png,train,rain,realrain1k_h
train/177,../raw/rain/realrain1k/RealRain-1k/RealRain-1k-H/train/input/177.png,../raw/rain/realrain1k/RealRain-1k/RealRain-1k-H/train/target/177.png,train,rain,realrain1k_h
train/179,../raw/rain/realrain1k/RealRain-1k/RealRain-1k-H/train/input/179.png,../raw/rain/realrain1k/RealRain-1k/RealRain-1k-H/train/target/179.png,train,rain,realrain1k_h
train/182,../raw/rain/realrain1k/RealRain-1k/RealRain-1k-H/train/input/182.png,../raw/rain/realrain1k/RealRain-1k/RealRain-1k-H/train/target/182.png,train,rain,realrain1k_h
train/184,../raw/rain/realrain1k/RealRain-1k/RealRain-1k-H/train/input/184.png,../raw/rain/realrain1k/RealRain-1k/RealRain-1k-H/train/target/184.png,train,rain,realrain1k_h
train/185,../raw/rain/realrain1k/RealRain-1k/RealRain-1k-H/train/input/185.png,../raw/rain/realrain1k/RealRain-1k/RealRain-1k-H/train/target/185.png,train,rain,realrain1k_h
train/19,../raw/rain/realrain1k/RealRain-1k/RealRain-1k-H/train/input/19.png,../raw/rain/realrain1k/RealRain-1k/RealRain-1k-H/train/target/19.png,train,rain,realrain1k_h
train/191,../raw/rain/realrain1k/RealRain-1k/RealRain-1k-H/train/input/191.png,../raw/rain/realrain1k/RealRain-1k/RealRain-1k-H/train/target/191.png,train,rain,realrain1k_h
train/193,../raw/rain/realrain1k/RealRain-1k/RealRain-1k-H/train/input/193.png,../raw/rain/realrain1k/RealRain-1k/RealRain-1k-H/train/target/193.png,train,rain,realrain1k_h
train/194,../raw/rain/realrain1k/RealRain-1k/RealRain-1k-H/train/input/194.png,../raw/rain/realrain1k/RealRain-1k/RealRain-1k-H/train/target/194.png,train,rain,realrain1k_h
train/196,../raw/rain/realrain1k/RealRain-1k/RealRain-1k-H/train/input/196.png,../raw/rain/realrain1k/RealRain-1k/RealRain-1k-H/train/target/196.png,train,rain,realrain1k_h
train/199,../raw/rain/realrain1k/RealRain-1k/RealRain-1k-H/train/input/199.png,../raw/rain/realrain1k/RealRain-1k/RealRain-1k-H/train/target/199.png,train,rain,realrain1k_h
train/20,../raw/rain/realrain1k/RealRain-1k/RealRain-1k-H/train/input/20.png,../raw/rain/realrain1k/RealRain-1k/RealRain-1k-H/train/target/20.png,train,rain,realrain1k_h
train/201,../raw/rain/realrain1k/RealRain-1k/RealRain-1k-H/train/input/201.png,../raw/rain/realrain1k/RealRain-1k/RealRain-1k-H/train/target/201.png,train,rain,realrain1k_h
train/202,../raw/rain/realrain1k/RealRain-1k/RealRain-1k-H/train/input/202.png,../raw/rain/realrain1k/RealRain-1k/RealRain-1k-H/train/target/202.png,train,rain,realrain1k_h
train/203,../raw/rain/realrain1k/RealRain-1k/RealRain-1k-H/train/input/203.png,../raw/rain/realrain1k/RealRain-1k/RealRain-1k-H/train/target/203.png,train,rain,realrain1k_h
train/204,../raw/rain/realrain1k/RealRain-1k/RealRain-1k-H/train/input/204.png,../raw/rain/realrain1k/RealRain-1k/RealRain-1k-H/train/target/204.png,train,rain,realrain1k_h
train/205,../raw/rain/realrain1k/RealRain-1k/RealRain-1k-H/train/input/205.png,../raw/rain/realrain1k/RealRain-1k/RealRain-1k-H/train/target/205.png,train,rain,realrain1k_h
train/206,../raw/rain/realrain1k/RealRain-1k/RealRain-1k-H/train/input/206.png,../raw/rain/realrain1k/RealRain-1k/RealRain-1k-H/train/target/206.png,train,rain,realrain1k_h
train/207,../raw/rain/realrain1k/RealRain-1k/RealRain-1k-H/train/input/207.png,../raw/rain/realrain1k/RealRain-1k/RealRain-1k-H/train/target/207.png,train,rain,realrain1k_h
train/208,../raw/rain/realrain1k/RealRain-1k/RealRain-1k-H/train/input/208.png,../raw/rain/realrain1k/RealRain-1k/RealRain-1k-H/train/target/208.png,train,rain,realrain1k_h
train/209,../raw/rain/realrain1k/RealRain-1k/RealRain-1k-H/train/input/209.png,../raw/rain/realrain1k/RealRain-1k/RealRain-1k-H/train/target/209.png,train,rain,realrain1k_h
train/210,../raw/rain/realrain1k/RealRain-1k/RealRain-1k-H/train/input/210.png,../raw/rain/realrain1k/RealRain-1k/RealRain-1k-H/train/target/210.png,train,rain,realrain1k_h
train/211,../raw/rain/realrain1k/RealRain-1k/RealRain-1k-H/train/input/211.png,../raw/rain/realrain1k/RealRain-1k/RealRain-1k-H/train/target/211.png,train,rain,realrain1k_h
train/212,../raw/rain/realrain1k/RealRain-1k/RealRain-1k-H/train/input/212.png,../raw/rain/realrain1k/RealRain-1k/RealRain-1k-H/train/target/212.png,train,rain,realrain1k_h
train/213,../raw/rain/realrain1k/RealRain-1k/RealRain-1k-H/train/input/213.png,../raw/rain/realrain1k/RealRain-1k/RealRain-1k-H/train/target/213.png,train,rain,realrain1k_h
train/214,../raw/rain/realrain1k/RealRain-1k/RealRain-1k-H/train/input/214.png,../raw/rain/realrain1k/RealRain-1k/RealRain-1k-H/train/target/214.png,train,rain,realrain1k_h
train/215,../raw/rain/realrain1k/RealRain-1k/RealRain-1k-H/train/input/215.png,../raw/rain/realrain1k/RealRain-1k/RealRain-1k-H/train/target/215.png,train,rain,realrain1k_h
train/216,../raw/rain/realrain1k/RealRain-1k/RealRain-1k-H/train/input/216.png,../raw/rain/realrain1k/RealRain-1k/RealRain-1k-H/train/target/216.png,train,rain,realrain1k_h
train/217,../raw/rain/realrain1k/RealRain-1k/RealRain-1k-H/train/input/217.png,../raw/rain/realrain1k/RealRain-1k/RealRain-1k-H/train/target/217.png,train,rain,realrain1k_h
train/218,../raw/rain/realrain1k/RealRain-1k/RealRain-1k-H/train/input/218.png,../raw/rain/realrain1k/RealRain-1k/RealRain-1k-H/train/target/218.png,train,rain,realrain1k_h
train/219,../raw/rain/realrain1k/RealRain-1k/RealRain-1k-H/train/input/219.png,../raw/rain/realrain1k/RealRain-1k/RealRain-1k-H/train/target/219.png,train,rain,realrain1k_h
train/22,../raw/rain/realrain1k/RealRain-1k/RealRain-1k-H/train/input/22.png,../raw/rain/realrain1k/RealRain-1k/RealRain-1k-H/train/target/22.png,train,rain,realrain1k_h
train/220,../raw/rain/realrain1k/RealRain-1k/RealRain-1k-H/train/input/220.png,../raw/rain/realrain1k/RealRain-1k/RealRain-1k-H/train/target/220.png,train,rain,realrain1k_h
train/222,../raw/rain/realrain1k/RealRain-1k/RealRain-1k-H/train/input/222.png,../raw/rain/realrain1k/RealRain-1k/RealRain-1k-H/train/target/222.png,train,rain,realrain1k_h
train/223,../raw/rain/realrain1k/RealRain-1k/RealRain-1k-H/train/input/223.png,../raw/rain/realrain1k/RealRain-1k/RealRain-1k-H/train/target/223.png,train,rain,realrain1k_h
train/224,../raw/rain/realrain1k/RealRain-1k/RealRain-1k-H/train/input/224.png,../raw/rain/realrain1k/RealRain-1k/RealRain-1k-H/train/target/224.png,train,rain,realrain1k_h
train/225,../raw/rain/realrain1k/RealRain-1k/RealRain-1k-H/train/input/225.png,../raw/rain/realrain1k/RealRain-1k/RealRain-1k-H/train/target/225.png,train,rain,realrain1k_h
train/226,../raw/rain/realrain1k/RealRain-1k/RealRain-1k-H/train/input/226.png,../raw/rain/realrain1k/RealRain-1k/RealRain-1k-H/train/target/226.png,train,rain,realrain1k_h
train/227,../raw/rain/realrain1k/RealRain-1k/RealRain-1k-H/train/input/227.png,../raw/rain/realrain1k/RealRain-1k/RealRain-1k-H/train/target/227.png,train,rain,realrain1k_h
train/228,../raw/rain/realrain1k/RealRain-1k/RealRain-1k-H/train/input/228.png,../raw/rain/realrain1k/RealRain-1k/RealRain-1k-H/train/target/228.png,train,rain,realrain1k_h
train/229,../raw/rain/realrain1k/RealRain-1k/RealRain-1k-H/train/input/229.png,../raw/rain/realrain1k/RealRain-1k/RealRain-1k-H/train/target/229.png,train,rain,realrain1k_h
train/23,../raw/rain/realrain1k/RealRain-1k/RealRain-1k-H/train/input/23.png,../raw/rain/realrain1k/RealRain-1k/RealRain-1k-H/train/target/23.png,train,rain,realrain1k_h
train/230,../raw/rain/realrain1k/RealRain-1k/RealRain-1k-H/train/input/230.png,../raw/rain/realrain1k/RealRain-1k/RealRain-1k-H/train/target/230.png,train,rain,realrain1k_h
train/233,../raw/rain/realrain1k/RealRain-1k/RealRain-1k-H/train/input/233.png,../raw/rain/realrain1k/RealRain-1k/RealRain-1k-H/train/target/233.png,train,rain,realrain1k_h
train/234,../raw/rain/realrain1k/RealRain-1k/RealRain-1k-H/train/input/234.png,../raw/rain/realrain1k/RealRain-1k/RealRain-1k-H/train/target/234.png,train,rain,realrain1k_h
train/235,../raw/rain/realrain1k/RealRain-1k/RealRain-1k-H/train/input/235.png,../raw/rain/realrain1k/RealRain-1k/RealRain-1k-H/train/target/235.png,train,rain,realrain1k_h
train/236,../raw/rain/realrain1k/RealRain-1k/RealRain-1k-H/train/input/236.png,../raw/rain/realrain1k/RealRain-1k/RealRain-1k-H/train/target/236.png,train,rain,realrain1k_h
train/237,../raw/rain/realrain1k/RealRain-1k/RealRain-1k-H/train/input/237.png,../raw/rain/realrain1k/RealRain-1k/RealRain-1k-H/train/target/237.png,train,rain,realrain1k_h
train/238,../raw/rain/realrain1k/RealRain-1k/RealRain-1k-H/train/input/238.png,../raw/rain/realrain1k/RealRain-1k/RealRain-1k-H/train/target/238.png,train,rain,realrain1k_h
train/239,../raw/rain/realrain1k/RealRain-1k/RealRain-1k-H/train/input/239.png,../raw/rain/realrain1k/RealRain-1k/RealRain-1k-H/train/target/239.png,train,rain,realrain1k_h
train/240,../raw/rain/realrain1k/RealRain-1k/RealRain-1k-H/train/input/240.png,../raw/rain/realrain1k/RealRain-1k/RealRain-1k-H/train/target/240.png,train,rain,realrain1k_h
train/241,../raw/rain/realrain1k/RealRain-1k/RealRain-1k-H/train/input/241.png,../raw/rain/realrain1k/RealRain-1k/RealRain-1k-H/train/target/241.png,train,rain,realrain1k_h
train/242,../raw/rain/realrain1k/RealRain-1k/RealRain-1k-H/train/input/242.png,../raw/rain/realrain1k/RealRain-1k/RealRain-1k-H/train/target/242.png,train,rain,realrain1k_h
train/243,../raw/rain/realrain1k/RealRain-1k/RealRain-1k-H/train/input/243.png,../raw/rain/realrain1k/RealRain-1k/RealRain-1k-H/train/target/243.png,train,rain,realrain1k_h
train/244,../raw/rain/realrain1k/RealRain-1k/RealRain-1k-H/train/input/244.png,../raw/rain/realrain1k/RealRain-1k/RealRain-1k-H/train/target/244.png,train,rain,realrain1k_h
train/245,../raw/rain/realrain1k/RealRain-1k/RealRain-1k-H/train/input/245.png,../raw/rain/realrain1k/RealRain-1k/RealRain-1k-H/train/target/245.png,train,rain,realrain1k_h
train/246,../raw/rain/realrain1k/RealRain-1k/RealRain-1k-H/train/input/246.png,../raw/rain/realrain1k/RealRain-1k/RealRain-1k-H/train/target/246.png,train,rain,realrain1k_h
train/247,../raw/rain/realrain1k/RealRain-1k/RealRain-1k-H/train/input/247.png,../raw/rain/realrain1k/RealRain-1k/RealRain-1k-H/train/target/247.png,train,rain,realrain1k_h
train/248,../raw/rain/realrain1k/RealRain-1k/RealRain-1k-H/train/input/248.png,../raw/rain/realrain1k/RealRain-1k/RealRain-1k-H/train/target/248.png,train,rain,realrain1k_h
train/249,../raw/rain/realrain1k/RealRain-1k/RealRain-1k-H/train/input/249.png,../raw/rain/realrain1k/RealRain-1k/RealRain-1k-H/train/target/249.png,train,rain,realrain1k_h
train/250,../raw/rain/realrain1k/RealRain-1k/RealRain-1k-H/train/input/250.png,../raw/rain/realrain1k/RealRain-1k/RealRain-1k-H/train/target/250.png,train,rain,realrain1k_h
train/251,../raw/rain/realrain1k/RealRain-1k/RealRain-1k-H/train/input/251.png,../raw/rain/realrain1k/RealRain-1k/RealRain-1k-H/train/target/251.png,train,rain,realrain1k_h
train/253,../raw/rain/realrain1k/RealRain-1k/RealRain-1k-H/train/input/253.png,../raw/rain/realrain1k/RealRain-1k/RealRain-1k-H/train/target/253.png,train,rain,realrain1k_h
train/254,../raw/rain/realrain1k/RealRain-1k/RealRain-1k-H/train/input/254.png,../raw/rain/realrain1k/RealRain-1k/RealRain-1k-H/train/target/254.png,train,rain,realrain1k_h
train/255,../raw/rain/realrain1k/RealRain-1k/RealRain-1k-H/train/input/255.png,../raw/rain/realrain1k/RealRain-1k/RealRain-1k-H/train/target/255.png,train,rain,realrain1k_h
train/256,../raw/rain/realrain1k/RealRain-1k/RealRain-1k-H/train/input/256.png,../raw/rain/realrain1k/RealRain-1k/RealRain-1k-H/train/target/256.png,train,rain,realrain1k_h
train/258,../raw/rain/realrain1k/RealRain-1k/RealRain-1k-H/train/input/258.png,../raw/rain/realrain1k/RealRain-1k/RealRain-1k-H/train/target/258.png,train,rain,realrain1k_h
train/259,../raw/rain/realrain1k/RealRain-1k/RealRain-1k-H/train/input/259.png,../raw/rain/realrain1k/RealRain-1k/RealRain-1k-H/train/target/259.png,train,rain,realrain1k_h
train/26,../raw/rain/realrain1k/RealRain-1k/RealRain-1k-H/train/input/26.png,../raw/rain/realrain1k/RealRain-1k/RealRain-1k-H/train/target/26.png,train,rain,realrain1k_h
train/263,../raw/rain/realrain1k/RealRain-1k/RealRain-1k-H/train/input/263.png,../raw/rain/realrain1k/RealRain-1k/RealRain-1k-H/train/target/263.png,train,rain,realrain1k_h
train/266,../raw/rain/realrain1k/RealRain-1k/RealRain-1k-H/train/input/266.png,../raw/rain/realrain1k/RealRain-1k/RealRain-1k-H/train/target/266.png,train,rain,realrain1k_h
train/267,../raw/rain/realrain1k/RealRain-1k/RealRain-1k-H/train/input/267.png,../raw/rain/realrain1k/RealRain-1k/RealRain-1k-H/train/target/267.png,train,rain,realrain1k_h
train/27,../raw/rain/realrain1k/RealRain-1k/RealRain-1k-H/train/input/27.png,../raw/rain/realrain1k/RealRain-1k/RealRain-1k-H/train/target/27.png,train,rain,realrain1k_h
train/270,../raw/rain/realrain1k/RealRain-1k/RealRain-1k-H/train/input/270.png,../raw/rain/realrain1k/RealRain-1k/RealRain-1k-H/train/target/270.png,train,rain,realrain1k_h
train/271,../raw/rain/realrain1k/RealRain-1k/RealRain-1k-H/train/input/271.png,../raw/rain/realrain1k/RealRain-1k/RealRain-1k-H/train/target/271.png,train,rain,realrain1k_h
train/272,../raw/rain/realrain1k/RealRain-1k/RealRain-1k-H/train/input/272.png,../raw/rain/realrain1k/RealRain-1k/RealRain-1k-H/train/target/272.png,train,rain,realrain1k_h
train/273,../raw/rain/realrain1k/RealRain-1k/RealRain-1k-H/train/input/273.png,../raw/rain/realrain1k/RealRain-1k/RealRain-1k-H/train/target/273.png,train,rain,realrain1k_h
train/274,../raw/rain/realrain1k/RealRain-1k/RealRain-1k-H/train/input/274.png,../raw/rain/realrain1k/RealRain-1k/RealRain-1k-H/train/target/274.png,train,rain,realrain1k_h
train/275,../raw/rain/realrain1k/RealRain-1k/RealRain-1k-H/train/input/275.png,../raw/rain/realrain1k/RealRain-1k/RealRain-1k-H/train/target/275.png,train,rain,realrain1k_h
train/276,../raw/rain/realrain1k/RealRain-1k/RealRain-1k-H/train/input/276.png,../raw/rain/realrain1k/RealRain-1k/RealRain-1k-H/train/target/276.png,train,rain,realrain1k_h
train/277,../raw/rain/realrain1k/RealRain-1k/RealRain-1k-H/train/input/277.png,../raw/rain/realrain1k/RealRain-1k/RealRain-1k-H/train/target/277.png,train,rain,realrain1k_h
train/278,../raw/rain/realrain1k/RealRain-1k/RealRain-1k-H/train/input/278.png,../raw/rain/realrain1k/RealRain-1k/RealRain-1k-H/train/target/278.png,train,rain,realrain1k_h
train/279,../raw/rain/realrain1k/RealRain-1k/RealRain-1k-H/train/input/279.png,../raw/rain/realrain1k/RealRain-1k/RealRain-1k-H/train/target/279.png,train,rain,realrain1k_h
train/28,../raw/rain/realrain1k/RealRain-1k/RealRain-1k-H/train/input/28.png,../raw/rain/realrain1k/RealRain-1k/RealRain-1k-H/train/target/28.png,train,rain,realrain1k_h
train/280,../raw/rain/realrain1k/RealRain-1k/RealRain-1k-H/train/input/280.png,../raw/rain/realrain1k/RealRain-1k/RealRain-1k-H/train/target/280.png,train,rain,realrain1k_h
train/281,../raw/rain/realrain1k/RealRain-1k/RealRain-1k-H/train/input/281.png,../raw/rain/realrain1k/RealRain-1k/RealRain-1k-H/train/target/281.png,train,rain,realrain1k_h
train/282,../raw/rain/realrain1k/RealRain-1k/RealRain-1k-H/train/input/282.png,../raw/rain/realrain1k/RealRain-1k/RealRain-1k-H/train/target/282.png,train,rain,realrain1k_h
train/283,../raw/rain/realrain1k/RealRain-1k/RealRain-1k-H/train/input/283.png,../raw/rain/realrain1k/RealRain-1k/RealRain-1k-H/train/target/283.png,train,rain,realrain1k_h
train/284,../raw/rain/realrain1k/RealRain-1k/RealRain-1k-H/train/input/284.png,../raw/rain/realrain1k/RealRain-1k/RealRain-1k-H/train/target/284.png,train,rain,realrain1k_h
train/285,../raw/rain/realrain1k/RealRain-1k/RealRain-1k-H/train/input/285.png,../raw/rain/realrain1k/RealRain-1k/RealRain-1k-H/train/target/285.png,train,rain,realrain1k_h
train/286,../raw/rain/realrain1k/RealRain-1k/RealRain-1k-H/train/input/286.png,../raw/rain/realrain1k/RealRain-1k/RealRain-1k-H/train/target/286.png,train,rain,realrain1k_h
train/288,../raw/rain/realrain1k/RealRain-1k/RealRain-1k-H/train/input/288.png,../raw/rain/realrain1k/RealRain-1k/RealRain-1k-H/train/target/288.png,train,rain,realrain1k_h
train/289,../raw/rain/realrain1k/RealRain-1k/RealRain-1k-H/train/input/289.png,../raw/rain/realrain1k/RealRain-1k/RealRain-1k-H/train/target/289.png,train,rain,realrain1k_h
train/291,../raw/rain/realrain1k/RealRain-1k/RealRain-1k-H/train/input/291.png,../raw/rain/realrain1k/RealRain-1k/RealRain-1k-H/train/target/291.png,train,rain,realrain1k_h
train/292,../raw/rain/realrain1k/RealRain-1k/RealRain-1k-H/train/input/292.png,../raw/rain/realrain1k/RealRain-1k/RealRain-1k-H/train/target/292.png,train,rain,realrain1k_h
train/293,../raw/rain/realrain1k/RealRain-1k/RealRain-1k-H/train/input/293.png,../raw/rain/realrain1k/RealRain-1k/RealRain-1k-H/train/target/293.png,train,rain,realrain1k_h
train/294,../raw/rain/realrain1k/RealRain-1k/RealRain-1k-H/train/input/294.png,../raw/rain/realrain1k/RealRain-1k/RealRain-1k-H/train/target/294.png,train,rain,realrain1k_h
train/295,../raw/rain/realrain1k/RealRain-1k/RealRain-1k-H/train/input/295.png,../raw/rain/realrain1k/RealRain-1k/RealRain-1k-H/train/target/295.png,train,rain,realrain1k_h
train/296,../raw/rain/realrain1k/RealRain-1k/RealRain-1k-H/train/input/296.png,../raw/rain/realrain1k/RealRain-1k/RealRain-1k-H/train/target/296.png,train,rain,realrain1k_h
train/297,../raw/rain/realrain1k/RealRain-1k/RealRain-1k-H/train/input/297.png,../raw/rain/realrain1k/RealRain-1k/RealRain-1k-H/train/target/297.png,train,rain,realrain1k_h
train/298,../raw/rain/realrain1k/RealRain-1k/RealRain-1k-H/train/input/298.png,../raw/rain/realrain1k/RealRain-1k/RealRain-1k-H/train/target/298.png,train,rain,realrain1k_h
train/299,../raw/rain/realrain1k/RealRain-1k/RealRain-1k-H/train/input/299.png,../raw/rain/realrain1k/RealRain-1k/RealRain-1k-H/train/target/299.png,train,rain,realrain1k_h
train/30,../raw/rain/realrain1k/RealRain-1k/RealRain-1k-H/train/input/30.png,../raw/rain/realrain1k/RealRain-1k/RealRain-1k-H/train/target/30.png,train,rain,realrain1k_h
train/300,../raw/rain/realrain1k/RealRain-1k/RealRain-1k-H/train/input/300.png,../raw/rain/realrain1k/RealRain-1k/RealRain-1k-H/train/target/300.png,train,rain,realrain1k_h
train/301,../raw/rain/realrain1k/RealRain-1k/RealRain-1k-H/train/input/301.png,../raw/rain/realrain1k/RealRain-1k/RealRain-1k-H/train/target/301.png,train,rain,realrain1k_h
train/302,../raw/rain/realrain1k/RealRain-1k/RealRain-1k-H/train/input/302.png,../raw/rain/realrain1k/RealRain-1k/RealRain-1k-H/train/target/302.png,train,rain,realrain1k_h
train/303,../raw/rain/realrain1k/RealRain-1k/RealRain-1k-H/train/input/303.png,../raw/rain/realrain1k/RealRain-1k/RealRain-1k-H/train/target/303.png,train,rain,realrain1k_h
train/304,../raw/rain/realrain1k/RealRain-1k/RealRain-1k-H/train/input/304.png,../raw/rain/realrain1k/RealRain-1k/RealRain-1k-H/train/target/304.png,train,rain,realrain1k_h
train/305,../raw/rain/realrain1k/RealRain-1k/RealRain-1k-H/train/input/305.png,../raw/rain/realrain1k/RealRain-1k/RealRain-1k-H/train/target/305.png,train,rain,realrain1k_h
train/306,../raw/rain/realrain1k/RealRain-1k/RealRain-1k-H/train/input/306.png,../raw/rain/realrain1k/RealRain-1k/RealRain-1k-H/train/target/306.png,train,rain,realrain1k_h
train/307,../raw/rain/realrain1k/RealRain-1k/RealRain-1k-H/train/input/307.png,../raw/rain/realrain1k/RealRain-1k/RealRain-1k-H/train/target/307.png,train,rain,realrain1k_h
train/308,../raw/rain/realrain1k/RealRain-1k/RealRain-1k-H/train/input/308.png,../raw/rain/realrain1k/RealRain-1k/RealRain-1k-H/train/target/308.png,train,rain,realrain1k_h
train/309,../raw/rain/realrain1k/RealRain-1k/RealRain-1k-H/train/input/309.png,../raw/rain/realrain1k/RealRain-1k/RealRain-1k-H/train/target/309.png,train,rain,realrain1k_h
train/31,../raw/rain/realrain1k/RealRain-1k/RealRain-1k-H/train/input/31.png,../raw/rain/realrain1k/RealRain-1k/RealRain-1k-H/train/target/31.png,train,rain,realrain1k_h
train/310,../raw/rain/realrain1k/RealRain-1k/RealRain-1k-H/train/input/310.png,../raw/rain/realrain1k/RealRain-1k/RealRain-1k-H/train/target/310.png,train,rain,realrain1k_h
train/312,../raw/rain/realrain1k/RealRain-1k/RealRain-1k-H/train/input/312.png,../raw/rain/realrain1k/RealRain-1k/RealRain-1k-H/train/target/312.png,train,rain,realrain1k_h
train/314,../raw/rain/realrain1k/RealRain-1k/RealRain-1k-H/train/input/314.png,../raw/rain/realrain1k/RealRain-1k/RealRain-1k-H/train/target/314.png,train,rain,realrain1k_h
train/315,../raw/rain/realrain1k/RealRain-1k/RealRain-1k-H/train/input/315.png,../raw/rain/realrain1k/RealRain-1k/RealRain-1k-H/train/target/315.png,train,rain,realrain1k_h
train/316,../raw/rain/realrain1k/RealRain-1k/RealRain-1k-H/train/input/316.png,../raw/rain/realrain1k/RealRain-1k/RealRain-1k-H/train/target/316.png,train,rain,realrain1k_h
train/317,../raw/rain/realrain1k/RealRain-1k/RealRain-1k-H/train/input/317.png,../raw/rain/realrain1k/RealRain-1k/RealRain-1k-H/train/target/317.png,train,rain,realrain1k_h
train/318,../raw/rain/realrain1k/RealRain-1k/RealRain-1k-H/train/input/318.png,../raw/rain/realrain1k/RealRain-1k/RealRain-1k-H/train/target/318.png,train,rain,realrain1k_h
train/319,../raw/rain/realrain1k/RealRain-1k/RealRain-1k-H/train/input/319.png,../raw/rain/realrain1k/RealRain-1k/RealRain-1k-H/train/target/319.png,train,rain,realrain1k_h
train/32,../raw/rain/realrain1k/RealRain-1k/RealRain-1k-H/train/input/32.png,../raw/rain/realrain1k/RealRain-1k/RealRain-1k-H/train/target/32.png,train,rain,realrain1k_h
train/320,../raw/rain/realrain1k/RealRain-1k/RealRain-1k-H/train/input/320.png,../raw/rain/realrain1k/RealRain-1k/RealRain-1k-H/train/target/320.png,train,rain,realrain1k_h
train/321,../raw/rain/realrain1k/RealRain-1k/RealRain-1k-H/train/input/321.png,../raw/rain/realrain1k/RealRain-1k/RealRain-1k-H/train/target/321.png,train,rain,realrain1k_h
train/322,../raw/rain/realrain1k/RealRain-1k/RealRain-1k-H/train/input/322.png,../raw/rain/realrain1k/RealRain-1k/RealRain-1k-H/train/target/322.png,train,rain,realrain1k_h
train/323,../raw/rain/realrain1k/RealRain-1k/RealRain-1k-H/train/input/323.png,../raw/rain/realrain1k/RealRain-1k/RealRain-1k-H/train/target/323.png,train,rain,realrain1k_h
train/324,../raw/rain/realrain1k/RealRain-1k/RealRain-1k-H/train/input/324.png,../raw/rain/realrain1k/RealRain-1k/RealRain-1k-H/train/target/324.png,train,rain,realrain1k_h
train/325,../raw/rain/realrain1k/RealRain-1k/RealRain-1k-H/train/input/325.png,../raw/rain/realrain1k/RealRain-1k/RealRain-1k-H/train/target/325.png,train,rain,realrain1k_h
train/326,../raw/rain/realrain1k/RealRain-1k/RealRain-1k-H/train/input/326.png,../raw/rain/realrain1k/RealRain-1k/RealRain-1k-H/train/target/326.png,train,rain,realrain1k_h
train/327,../raw/rain/realrain1k/RealRain-1k/RealRain-1k-H/train/input/327.png,../raw/rain/realrain1k/RealRain-1k/RealRain-1k-H/train/target/327.png,train,rain,realrain1k_h
train/328,../raw/rain/realrain1k/RealRain-1k/RealRain-1k-H/train/input/328.png,../raw/rain/realrain1k/RealRain-1k/RealRain-1k-H/train/target/328.png,train,rain,realrain1k_h
train/329,../raw/rain/realrain1k/RealRain-1k/RealRain-1k-H/train/input/329.png,../raw/rain/realrain1k/RealRain-1k/RealRain-1k-H/train/target/329.png,train,rain,realrain1k_h
train/33,../raw/rain/realrain1k/RealRain-1k/RealRain-1k-H/train/input/33.png,../raw/rain/realrain1k/RealRain-1k/RealRain-1k-H/train/target/33.png,train,rain,realrain1k_h
train/330,../raw/rain/realrain1k/RealRain-1k/RealRain-1k-H/train/input/330.png,../raw/rain/realrain1k/RealRain-1k/RealRain-1k-H/train/target/330.png,train,rain,realrain1k_h
train/331,../raw/rain/realrain1k/RealRain-1k/RealRain-1k-H/train/input/331.png,../raw/rain/realrain1k/RealRain-1k/RealRain-1k-H/train/target/331.png,train,rain,realrain1k_h
train/332,../raw/rain/realrain1k/RealRain-1k/RealRain-1k-H/train/input/332.png,../raw/rain/realrain1k/RealRain-1k/RealRain-1k-H/train/target/332.png,train,rain,realrain1k_h
train/333,../raw/rain/realrain1k/RealRain-1k/RealRain-1k-H/train/input/333.png,../raw/rain/realrain1k/RealRain-1k/RealRain-1k-H/train/target/333.png,train,rain,realrain1k_h
train/334,../raw/rain/realrain1k/RealRain-1k/RealRain-1k-H/train/input/334.png,../raw/rain/realrain1k/RealRain-1k/RealRain-1k-H/train/target/334.png,train,rain,realrain1k_h
train/335,../raw/rain/realrain1k/RealRain-1k/RealRain-1k-H/train/input/335.png,../raw/rain/realrain1k/RealRain-1k/RealRain-1k-H/train/target/335.png,train,rain,realrain1k_h
train/336,../raw/rain/realrain1k/RealRain-1k/RealRain-1k-H/train/input/336.png,../raw/rain/realrain1k/RealRain-1k/RealRain-1k-H/train/target/336.png,train,rain,realrain1k_h
train/337,../raw/rain/realrain1k/RealRain-1k/RealRain-1k-H/train/input/337.png,../raw/rain/realrain1k/RealRain-1k/RealRain-1k-H/train/target/337.png,train,rain,realrain1k_h
train/339,../raw/rain/realrain1k/RealRain-1k/RealRain-1k-H/train/input/339.png,../raw/rain/realrain1k/RealRain-1k/RealRain-1k-H/train/target/339.png,train,rain,realrain1k_h
train/340,../raw/rain/realrain1k/RealRain-1k/RealRain-1k-H/train/input/340.png,../raw/rain/realrain1k/RealRain-1k/RealRain-1k-H/train/target/340.png,train,rain,realrain1k_h
train/341,../raw/rain/realrain1k/RealRain-1k/RealRain-1k-H/train/input/341.png,../raw/rain/realrain1k/RealRain-1k/RealRain-1k-H/train/target/341.png,train,rain,realrain1k_h
train/342,../raw/rain/realrain1k/RealRain-1k/RealRain-1k-H/train/input/342.png,../raw/rain/realrain1k/RealRain-1k/RealRain-1k-H/train/target/342.png,train,rain,realrain1k_h
train/343,../raw/rain/realrain1k/RealRain-1k/RealRain-1k-H/train/input/343.png,../raw/rain/realrain1k/RealRain-1k/RealRain-1k-H/train/target/343.png,train,rain,realrain1k_h
train/344,../raw/rain/realrain1k/RealRain-1k/RealRain-1k-H/train/input/344.png,../raw/rain/realrain1k/RealRain-1k/RealRain-1k-H/train/target/344.png,train,rain,realrain1k_h
train/347,../raw/rain/realrain1k/RealRain-1k/RealRain-1k-H/train/input/347.png,../raw/rain/realrain1k/RealRain-1k/RealRain-1k-H/train/target/347.png,train,rain,realrain1k_h
train/349,../raw/rain/realrain1k/RealRain-1k/RealRain-1k-H/train/input/349.png,../raw/rain/realrain1k/RealRain-1k/RealRain-1k-H/train/target/349.png,train,rain,realrain1k_h
train/350,../raw/rain/realrain1k/RealRain-1k/RealRain-1k-H/train/input/350.png,../raw/rain/realrain1k/RealRain-1k/RealRain-1k-H/train/target/350.png,train,rain,realrain1k_h
train/351,../raw/rain/realrain1k/RealRain-1k/RealRain-1k-H/train/input/351.png,../raw/rain/realrain1k/RealRain-1k/RealRain-1k-H/train/target/351.png,train,rain,realrain1k_h
train/352,../raw/rain/realrain1k/RealRain-1k/RealRain-1k-H/train/input/352.png,../raw/rain/realrain1k/RealRain-1k/RealRain-1k-H/train/target/352.png,train,rain,realrain1k_h
train/353,../raw/rain/realrain1k/RealRain-1k/RealRain-1k-H/train/input/353.png,../raw/rain/realrain1k/RealRain-1k/RealRain-1k-H/train/target/353.png,train,rain,realrain1k_h
train/354,../raw/rain/realrain1k/RealRain-1k/RealRain-1k-H/train/input/354.png,../raw/rain/realrain1k/RealRain-1k/RealRain-1k-H/train/target/354.png,train,rain,realrain1k_h
train/357,../raw/rain/realrain1k/RealRain-1k/RealRain-1k-H/train/input/357.png,../raw/rain/realrain1k/RealRain-1k/RealRain-1k-H/train/target/357.png,train,rain,realrain1k_h
train/358,../raw/rain/realrain1k/RealRain-1k/RealRain-1k-H/train/input/358.png,../raw/rain/realrain1k/RealRain-1k/RealRain-1k-H/train/target/358.png,train,rain,realrain1k_h
train/359,../raw/rain/realrain1k/RealRain-1k/RealRain-1k-H/train/input/359.png,../raw/rain/realrain1k/RealRain-1k/RealRain-1k-H/train/target/359.png,train,rain,realrain1k_h
train/360,../raw/rain/realrain1k/RealRain-1k/RealRain-1k-H/train/input/360.png,../raw/rain/realrain1k/RealRain-1k/RealRain-1k-H/train/target/360.png,train,rain,realrain1k_h
train/361,../raw/rain/realrain1k/RealRain-1k/RealRain-1k-H/train/input/361.png,../raw/rain/realrain1k/RealRain-1k/RealRain-1k-H/train/target/361.png,train,rain,realrain1k_h
train/362,../raw/rain/realrain1k/RealRain-1k/RealRain-1k-H/train/input/362.png,../raw/rain/realrain1k/RealRain-1k/RealRain-1k-H/train/target/362.png,train,rain,realrain1k_h
train/364,../raw/rain/realrain1k/RealRain-1k/RealRain-1k-H/train/input/364.png,../raw/rain/realrain1k/RealRain-1k/RealRain-1k-H/train/target/364.png,train,rain,realrain1k_h
train/365,../raw/rain/realrain1k/RealRain-1k/RealRain-1k-H/train/input/365.png,../raw/rain/realrain1k/RealRain-1k/RealRain-1k-H/train/target/365.png,train,rain,realrain1k_h
train/366,../raw/rain/realrain1k/RealRain-1k/RealRain-1k-H/train/input/366.png,../raw/rain/realrain1k/RealRain-1k/RealRain-1k-H/train/target/366.png,train,rain,realrain1k_h
train/369,../raw/rain/realrain1k/RealRain-1k/RealRain-1k-H/train/input/369.png,../raw/rain/realrain1k/RealRain-1k/RealRain-1k-H/train/target/369.png,train,rain,realrain1k_h
train/370,../raw/rain/realrain1k/RealRain-1k/RealRain-1k-H/train/input/370.png,../raw/rain/realrain1k/RealRain-1k/RealRain-1k-H/train/target/370.png,train,rain,realrain1k_h
train/371,../raw/rain/realrain1k/RealRain-1k/RealRain-1k-H/train/input/371.png,../raw/rain/realrain1k/RealRain-1k/RealRain-1k-H/train/target/371.png,train,rain,realrain1k_h
train/372,../raw/rain/realrain1k/RealRain-1k/RealRain-1k-H/train/input/372.png,../raw/rain/realrain1k/RealRain-1k/RealRain-1k-H/train/target/372.png,train,rain,realrain1k_h
train/373,../raw/rain/realrain1k/RealRain-1k/RealRain-1k-H/train/input/373.png,../raw/rain/realrain1k/RealRain-1k/RealRain-1k-H/train/target/373.png,train,rain,realrain1k_h
train/374,../raw/rain/realrain1k/RealRain-1k/RealRain-1k-H/train/input/374.png,../raw/rain/realrain1k/RealRain-1k/RealRain-1k-H/train/target/374.png,train,rain,realrain1k_h
train/375,../raw/rain/realrain1k/RealRain-1k/RealRain-1k-H/train/input/375.png,../raw/rain/realrain1k/RealRain-1k/RealRain-1k-H/train/target/375.png,train,rain,realrain1k_h
train/376,../raw/rain/realrain1k/RealRain-1k/RealRain-1k-H/train/input/376.png,../raw/rain/realrain1k/RealRain-1k/RealRain-1k-H/train/target/376.png,train,rain,realrain1k_h
train/377,../raw/rain/realrain1k/RealRain-1k/RealRain-1k-H/train/input/377.png,../raw/rain/realrain1k/RealRain-1k/RealRain-1k-H/train/target/377.png,train,rain,realrain1k_h
train/379,../raw/rain/realrain1k/RealRain-1k/RealRain-1k-H/train/input/379.png,../raw/rain/realrain1k/RealRain-1k/RealRain-1k-H/train/target/379.png,train,rain,realrain1k_h
train/38,../raw/rain/realrain1k/RealRain-1k/RealRain-1k-H/train/input/38.png,../raw/rain/realrain1k/RealRain-1k/RealRain-1k-H/train/target/38.png,train,rain,realrain1k_h
train/380,../raw/rain/realrain1k/RealRain-1k/RealRain-1k-H/train/input/380.png,../raw/rain/realrain1k/RealRain-1k/RealRain-1k-H/train/target/380.png,train,rain,realrain1k_h
train/383,../raw/rain/realrain1k/RealRain-1k/RealRain-1k-H/train/input/383.png,../raw/rain/realrain1k/RealRain-1k/RealRain-1k-H/train/target/383.png,train,rain,realrain1k_h
train/384,../raw/rain/realrain1k/RealRain-1k/RealRain-1k-H/train/input/384.png,../raw/rain/realrain1k/RealRain-1k/RealRain-1k-H/train/target/384.png,train,rain,realrain1k_h
train/385,../raw/rain/realrain1k/RealRain-1k/RealRain-1k-H/train/input/385.png,../raw/rain/realrain1k/RealRain-1k/RealRain-1k-H/train/target/385.png,train,rain,realrain1k_h
train/386,../raw/rain/realrain1k/RealRain-1k/RealRain-1k-H/train/input/386.png,../raw/rain/realrain1k/RealRain-1k/RealRain-1k-H/train/target/386.png,train,rain,realrain1k_h
train/388,../raw/rain/realrain1k/RealRain-1k/RealRain-1k-H/train/input/388.png,../raw/rain/realrain1k/RealRain-1k/RealRain-1k-H/train/target/388.png,train,rain,realrain1k_h
train/390,../raw/rain/realrain1k/RealRain-1k/RealRain-1k-H/train/input/390.png,../raw/rain/realrain1k/RealRain-1k/RealRain-1k-H/train/target/390.png,train,rain,realrain1k_h
train/391,../raw/rain/realrain1k/RealRain-1k/RealRain-1k-H/train/input/391.png,../raw/rain/realrain1k/RealRain-1k/RealRain-1k-H/train/target/391.png,train,rain,realrain1k_h
train/392,../raw/rain/realrain1k/RealRain-1k/RealRain-1k-H/train/input/392.png,../raw/rain/realrain1k/RealRain-1k/RealRain-1k-H/train/target/392.png,train,rain,realrain1k_h
train/393,../raw/rain/realrain1k/RealRain-1k/RealRain-1k-H/train/input/393.png,../raw/rain/realrain1k/RealRain-1k/RealRain-1k-H/train/target/393.png,train,rain,realrain1k_h
train/394,../raw/rain/realrain1k/RealRain-1k/RealRain-1k-H/train/input/394.png,../raw/rain/realrain1k/RealRain-1k/RealRain-1k-H/train/target/394.png,train,rain,realrain1k_h
train/395,../raw/rain/realrain1k/RealRain-1k/RealRain-1k-H/train/input/395.png,../raw/rain/realrain1k/RealRain-1k/RealRain-1k-H/train/target/395.png,train,rain,realrain1k_h
train/396,../raw/rain/realrain1k/RealRain-1k/RealRain-1k-H/train/input/396.png,../raw/rain/realrain1k/RealRain-1k/RealRain-1k-H/train/target/396.png,train,rain,realrain1k_h
train/397,../raw/rain/realrain1k/RealRain-1k/RealRain-1k-H/train/input/397.png,../raw/rain/realrain1k/RealRain-1k/RealRain-1k-H/train/target/397.png,train,rain,realrain1k_h
train/398,../raw/rain/realrain1k/RealRain-1k/RealRain-1k-H/train/input/398.png,../raw/rain/realrain1k/RealRain-1k/RealRain-1k-H/train/target/398.png,train,rain,realrain1k_h
train/4,../raw/rain/realrain1k/RealRain-1k/RealRain-1k-H/train/input/4.png,../raw/rain/realrain1k/RealRain-1k/RealRain-1k-H/train/target/4.png,train,rain,realrain1k_h
train/400,../raw/rain/realrain1k/RealRain-1k/RealRain-1k-H/train/input/400.png,../raw/rain/realrain1k/RealRain-1k/RealRain-1k-H/train/target/400.png,train,rain,realrain1k_h
train/401,../raw/rain/realrain1k/RealRain-1k/RealRain-1k-H/train/input/401.png,../raw/rain/realrain1k/RealRain-1k/RealRain-1k-H/train/target/401.png,train,rain,realrain1k_h
train/402,../raw/rain/realrain1k/RealRain-1k/RealRain-1k-H/train/input/402.png,../raw/rain/realrain1k/RealRain-1k/RealRain-1k-H/train/target/402.png,train,rain,realrain1k_h
train/405,../raw/rain/realrain1k/RealRain-1k/RealRain-1k-H/train/input/405.png,../raw/rain/realrain1k/RealRain-1k/RealRain-1k-H/train/target/405.png,train,rain,realrain1k_h
train/41,../raw/rain/realrain1k/RealRain-1k/RealRain-1k-H/train/input/41.png,../raw/rain/realrain1k/RealRain-1k/RealRain-1k-H/train/target/41.png,train,rain,realrain1k_h
train/411,../raw/rain/realrain1k/RealRain-1k/RealRain-1k-H/train/input/411.png,../raw/rain/realrain1k/RealRain-1k/RealRain-1k-H/train/target/411.png,train,rain,realrain1k_h
train/413,../raw/rain/realrain1k/RealRain-1k/RealRain-1k-H/train/input/413.png,../raw/rain/realrain1k/RealRain-1k/RealRain-1k-H/train/target/413.png,train,rain,realrain1k_h
train/414,../raw/rain/realrain1k/RealRain-1k/RealRain-1k-H/train/input/414.png,../raw/rain/realrain1k/RealRain-1k/RealRain-1k-H/train/target/414.png,train,rain,realrain1k_h
train/415,../raw/rain/realrain1k/RealRain-1k/RealRain-1k-H/train/input/415.png,../raw/rain/realrain1k/RealRain-1k/RealRain-1k-H/train/target/415.png,train,rain,realrain1k_h
train/416,../raw/rain/realrain1k/RealRain-1k/RealRain-1k-H/train/input/416.png,../raw/rain/realrain1k/RealRain-1k/RealRain-1k-H/train/target/416.png,train,rain,realrain1k_h
train/417,../raw/rain/realrain1k/RealRain-1k/RealRain-1k-H/train/input/417.png,../raw/rain/realrain1k/RealRain-1k/RealRain-1k-H/train/target/417.png,train,rain,realrain1k_h
train/418,../raw/rain/realrain1k/RealRain-1k/RealRain-1k-H/train/input/418.png,../raw/rain/realrain1k/RealRain-1k/RealRain-1k-H/train/target/418.png,train,rain,realrain1k_h
train/419,../raw/rain/realrain1k/RealRain-1k/RealRain-1k-H/train/input/419.png,../raw/rain/realrain1k/RealRain-1k/RealRain-1k-H/train/target/419.png,train,rain,realrain1k_h
train/42,../raw/rain/realrain1k/RealRain-1k/RealRain-1k-H/train/input/42.png,../raw/rain/realrain1k/RealRain-1k/RealRain-1k-H/train/target/42.png,train,rain,realrain1k_h
train/420,../raw/rain/realrain1k/RealRain-1k/RealRain-1k-H/train/input/420.png,../raw/rain/realrain1k/RealRain-1k/RealRain-1k-H/train/target/420.png,train,rain,realrain1k_h
train/421,../raw/rain/realrain1k/RealRain-1k/RealRain-1k-H/train/input/421.png,../raw/rain/realrain1k/RealRain-1k/RealRain-1k-H/train/target/421.png,train,rain,realrain1k_h
train/422,../raw/rain/realrain1k/RealRain-1k/RealRain-1k-H/train/input/422.png,../raw/rain/realrain1k/RealRain-1k/RealRain-1k-H/train/target/422.png,train,rain,realrain1k_h
train/424,../raw/rain/realrain1k/RealRain-1k/RealRain-1k-H/train/input/424.png,../raw/rain/realrain1k/RealRain-1k/RealRain-1k-H/train/target/424.png,train,rain,realrain1k_h
train/426,../raw/rain/realrain1k/RealRain-1k/RealRain-1k-H/train/input/426.png,../raw/rain/realrain1k/RealRain-1k/RealRain-1k-H/train/target/426.png,train,rain,realrain1k_h
train/427,../raw/rain/realrain1k/RealRain-1k/RealRain-1k-H/train/input/427.png,../raw/rain/realrain1k/RealRain-1k/RealRain-1k-H/train/target/427.png,train,rain,realrain1k_h
train/43,../raw/rain/realrain1k/RealRain-1k/RealRain-1k-H/train/input/43.png,../raw/rain/realrain1k/RealRain-1k/RealRain-1k-H/train/target/43.png,train,rain,realrain1k_h
train/433,../raw/rain/realrain1k/RealRain-1k/RealRain-1k-H/train/input/433.png,../raw/rain/realrain1k/RealRain-1k/RealRain-1k-H/train/target/433.png,train,rain,realrain1k_h
train/434,../raw/rain/realrain1k/RealRain-1k/RealRain-1k-H/train/input/434.png,../raw/rain/realrain1k/RealRain-1k/RealRain-1k-H/train/target/434.png,train,rain,realrain1k_h
train/436,../raw/rain/realrain1k/RealRain-1k/RealRain-1k-H/train/input/436.png,../raw/rain/realrain1k/RealRain-1k/RealRain-1k-H/train/target/436.png,train,rain,realrain1k_h
train/437,../raw/rain/realrain1k/RealRain-1k/RealRain-1k-H/train/input/437.png,../raw/rain/realrain1k/RealRain-1k/RealRain-1k-H/train/target/437.png,train,rain,realrain1k_h
train/438,../raw/rain/realrain1k/RealRain-1k/RealRain-1k-H/train/input/438.png,../raw/rain/realrain1k/RealRain-1k/RealRain-1k-H/train/target/438.png,train,rain,realrain1k_h
train/439,../raw/rain/realrain1k/RealRain-1k/RealRain-1k-H/train/input/439.png,../raw/rain/realrain1k/RealRain-1k/RealRain-1k-H/train/target/439.png,train,rain,realrain1k_h
train/44,../raw/rain/realrain1k/RealRain-1k/RealRain-1k-H/train/input/44.png,../raw/rain/realrain1k/RealRain-1k/RealRain-1k-H/train/target/44.png,train,rain,realrain1k_h
train/440,../raw/rain/realrain1k/RealRain-1k/RealRain-1k-H/train/input/440.png,../raw/rain/realrain1k/RealRain-1k/RealRain-1k-H/train/target/440.png,train,rain,realrain1k_h
train/441,../raw/rain/realrain1k/RealRain-1k/RealRain-1k-H/train/input/441.png,../raw/rain/realrain1k/RealRain-1k/RealRain-1k-H/train/target/441.png,train,rain,realrain1k_h
train/442,../raw/rain/realrain1k/RealRain-1k/RealRain-1k-H/train/input/442.png,../raw/rain/realrain1k/RealRain-1k/RealRain-1k-H/train/target/442.png,train,rain,realrain1k_h
train/445,../raw/rain/realrain1k/RealRain-1k/RealRain-1k-H/train/input/445.png,../raw/rain/realrain1k/RealRain-1k/RealRain-1k-H/train/target/445.png,train,rain,realrain1k_h
train/446,../raw/rain/realrain1k/RealRain-1k/RealRain-1k-H/train/input/446.png,../raw/rain/realrain1k/RealRain-1k/RealRain-1k-H/train/target/446.png,train,rain,realrain1k_h
train/447,../raw/rain/realrain1k/RealRain-1k/RealRain-1k-H/train/input/447.png,../raw/rain/realrain1k/RealRain-1k/RealRain-1k-H/train/target/447.png,train,rain,realrain1k_h
train/448,../raw/rain/realrain1k/RealRain-1k/RealRain-1k-H/train/input/448.png,../raw/rain/realrain1k/RealRain-1k/RealRain-1k-H/train/target/448.png,train,rain,realrain1k_h
train/449,../raw/rain/realrain1k/RealRain-1k/RealRain-1k-H/train/input/449.png,../raw/rain/realrain1k/RealRain-1k/RealRain-1k-H/train/target/449.png,train,rain,realrain1k_h
train/450,../raw/rain/realrain1k/RealRain-1k/RealRain-1k-H/train/input/450.png,../raw/rain/realrain1k/RealRain-1k/RealRain-1k-H/train/target/450.png,train,rain,realrain1k_h
train/452,../raw/rain/realrain1k/RealRain-1k/RealRain-1k-H/train/input/452.png,../raw/rain/realrain1k/RealRain-1k/RealRain-1k-H/train/target/452.png,train,rain,realrain1k_h
train/453,../raw/rain/realrain1k/RealRain-1k/RealRain-1k-H/train/input/453.png,../raw/rain/realrain1k/RealRain-1k/RealRain-1k-H/train/target/453.png,train,rain,realrain1k_h
train/454,../raw/rain/realrain1k/RealRain-1k/RealRain-1k-H/train/input/454.png,../raw/rain/realrain1k/RealRain-1k/RealRain-1k-H/train/target/454.png,train,rain,realrain1k_h
train/455,../raw/rain/realrain1k/RealRain-1k/RealRain-1k-H/train/input/455.png,../raw/rain/realrain1k/RealRain-1k/RealRain-1k-H/train/target/455.png,train,rain,realrain1k_h
train/456,../raw/rain/realrain1k/RealRain-1k/RealRain-1k-H/train/input/456.png,../raw/rain/realrain1k/RealRain-1k/RealRain-1k-H/train/target/456.png,train,rain,realrain1k_h
train/457,../raw/rain/realrain1k/RealRain-1k/RealRain-1k-H/train/input/457.png,../raw/rain/realrain1k/RealRain-1k/RealRain-1k-H/train/target/457.png,train,rain,realrain1k_h
train/458,../raw/rain/realrain1k/RealRain-1k/RealRain-1k-H/train/input/458.png,../raw/rain/realrain1k/RealRain-1k/RealRain-1k-H/train/target/458.png,train,rain,realrain1k_h
train/459,../raw/rain/realrain1k/RealRain-1k/RealRain-1k-H/train/input/459.png,../raw/rain/realrain1k/RealRain-1k/RealRain-1k-H/train/target/459.png,train,rain,realrain1k_h
train/46,../raw/rain/realrain1k/RealRain-1k/RealRain-1k-H/train/input/46.png,../raw/rain/realrain1k/RealRain-1k/RealRain-1k-H/train/target/46.png,train,rain,realrain1k_h
train/460,../raw/rain/realrain1k/RealRain-1k/RealRain-1k-H/train/input/460.png,../raw/rain/realrain1k/RealRain-1k/RealRain-1k-H/train/target/460.png,train,rain,realrain1k_h
train/461,../raw/rain/realrain1k/RealRain-1k/RealRain-1k-H/train/input/461.png,../raw/rain/realrain1k/RealRain-1k/RealRain-1k-H/train/target/461.png,train,rain,realrain1k_h
train/462,../raw/rain/realrain1k/RealRain-1k/RealRain-1k-H/train/input/462.png,../raw/rain/realrain1k/RealRain-1k/RealRain-1k-H/train/target/462.png,train,rain,realrain1k_h
train/463,../raw/rain/realrain1k/RealRain-1k/RealRain-1k-H/train/input/463.png,../raw/rain/realrain1k/RealRain-1k/RealRain-1k-H/train/target/463.png,train,rain,realrain1k_h
train/464,../raw/rain/realrain1k/RealRain-1k/RealRain-1k-H/train/input/464.png,../raw/rain/realrain1k/RealRain-1k/RealRain-1k-H/train/target/464.png,train,rain,realrain1k_h
train/466,../raw/rain/realrain1k/RealRain-1k/RealRain-1k-H/train/input/466.png,../raw/rain/realrain1k/RealRain-1k/RealRain-1k-H/train/target/466.png,train,rain,realrain1k_h
train/467,../raw/rain/realrain1k/RealRain-1k/RealRain-1k-H/train/input/467.png,../raw/rain/realrain1k/RealRain-1k/RealRain-1k-H/train/target/467.png,train,rain,realrain1k_h
train/468,../raw/rain/realrain1k/RealRain-1k/RealRain-1k-H/train/input/468.png,../raw/rain/realrain1k/RealRain-1k/RealRain-1k-H/train/target/468.png,train,rain,realrain1k_h
train/469,../raw/rain/realrain1k/RealRain-1k/RealRain-1k-H/train/input/469.png,../raw/rain/realrain1k/RealRain-1k/RealRain-1k-H/train/target/469.png,train,rain,realrain1k_h
train/471,../raw/rain/realrain1k/RealRain-1k/RealRain-1k-H/train/input/471.png,../raw/rain/realrain1k/RealRain-1k/RealRain-1k-H/train/target/471.png,train,rain,realrain1k_h
train/473,../raw/rain/realrain1k/RealRain-1k/RealRain-1k-H/train/input/473.png,../raw/rain/realrain1k/RealRain-1k/RealRain-1k-H/train/target/473.png,train,rain,realrain1k_h
train/474,../raw/rain/realrain1k/RealRain-1k/RealRain-1k-H/train/input/474.png,../raw/rain/realrain1k/RealRain-1k/RealRain-1k-H/train/target/474.png,train,rain,realrain1k_h
train/475,../raw/rain/realrain1k/RealRain-1k/RealRain-1k-H/train/input/475.png,../raw/rain/realrain1k/RealRain-1k/RealRain-1k-H/train/target/475.png,train,rain,realrain1k_h
train/476,../raw/rain/realrain1k/RealRain-1k/RealRain-1k-H/train/input/476.png,../raw/rain/realrain1k/RealRain-1k/RealRain-1k-H/train/target/476.png,train,rain,realrain1k_h
train/477,../raw/rain/realrain1k/RealRain-1k/RealRain-1k-H/train/input/477.png,../raw/rain/realrain1k/RealRain-1k/RealRain-1k-H/train/target/477.png,train,rain,realrain1k_h
train/478,../raw/rain/realrain1k/RealRain-1k/RealRain-1k-H/train/input/478.png,../raw/rain/realrain1k/RealRain-1k/RealRain-1k-H/train/target/478.png,train,rain,realrain1k_h
train/48,../raw/rain/realrain1k/RealRain-1k/RealRain-1k-H/train/input/48.png,../raw/rain/realrain1k/RealRain-1k/RealRain-1k-H/train/target/48.png,train,rain,realrain1k_h
train/480,../raw/rain/realrain1k/RealRain-1k/RealRain-1k-H/train/input/480.png,../raw/rain/realrain1k/RealRain-1k/RealRain-1k-H/train/target/480.png,train,rain,realrain1k_h
train/483,../raw/rain/realrain1k/RealRain-1k/RealRain-1k-H/train/input/483.png,../raw/rain/realrain1k/RealRain-1k/RealRain-1k-H/train/target/483.png,train,rain,realrain1k_h
train/486,../raw/rain/realrain1k/RealRain-1k/RealRain-1k-H/train/input/486.png,../raw/rain/realrain1k/RealRain-1k/RealRain-1k-H/train/target/486.png,train,rain,realrain1k_h
train/487,../raw/rain/realrain1k/RealRain-1k/RealRain-1k-H/train/input/487.png,../raw/rain/realrain1k/RealRain-1k/RealRain-1k-H/train/target/487.png,train,rain,realrain1k_h
train/488,../raw/rain/realrain1k/RealRain-1k/RealRain-1k-H/train/input/488.png,../raw/rain/realrain1k/RealRain-1k/RealRain-1k-H/train/target/488.png,train,rain,realrain1k_h
train/489,../raw/rain/realrain1k/RealRain-1k/RealRain-1k-H/train/input/489.png,../raw/rain/realrain1k/RealRain-1k/RealRain-1k-H/train/target/489.png,train,rain,realrain1k_h
train/49,../raw/rain/realrain1k/RealRain-1k/RealRain-1k-H/train/input/49.png,../raw/rain/realrain1k/RealRain-1k/RealRain-1k-H/train/target/49.png,train,rain,realrain1k_h
train/490,../raw/rain/realrain1k/RealRain-1k/RealRain-1k-H/train/input/490.png,../raw/rain/realrain1k/RealRain-1k/RealRain-1k-H/train/target/490.png,train,rain,realrain1k_h
train/491,../raw/rain/realrain1k/RealRain-1k/RealRain-1k-H/train/input/491.png,../raw/rain/realrain1k/RealRain-1k/RealRain-1k-H/train/target/491.png,train,rain,realrain1k_h
train/492,../raw/rain/realrain1k/RealRain-1k/RealRain-1k-H/train/input/492.png,../raw/rain/realrain1k/RealRain-1k/RealRain-1k-H/train/target/492.png,train,rain,realrain1k_h
train/493,../raw/rain/realrain1k/RealRain-1k/RealRain-1k-H/train/input/493.png,../raw/rain/realrain1k/RealRain-1k/RealRain-1k-H/train/target/493.png,train,rain,realrain1k_h
train/494,../raw/rain/realrain1k/RealRain-1k/RealRain-1k-H/train/input/494.png,../raw/rain/realrain1k/RealRain-1k/RealRain-1k-H/train/target/494.png,train,rain,realrain1k_h
train/498,../raw/rain/realrain1k/RealRain-1k/RealRain-1k-H/train/input/498.png,../raw/rain/realrain1k/RealRain-1k/RealRain-1k-H/train/target/498.png,train,rain,realrain1k_h
train/500,../raw/rain/realrain1k/RealRain-1k/RealRain-1k-H/train/input/500.png,../raw/rain/realrain1k/RealRain-1k/RealRain-1k-H/train/target/500.png,train,rain,realrain1k_h
train/501,../raw/rain/realrain1k/RealRain-1k/RealRain-1k-H/train/input/501.png,../raw/rain/realrain1k/RealRain-1k/RealRain-1k-H/train/target/501.png,train,rain,realrain1k_h
train/503,../raw/rain/realrain1k/RealRain-1k/RealRain-1k-H/train/input/503.png,../raw/rain/realrain1k/RealRain-1k/RealRain-1k-H/train/target/503.png,train,rain,realrain1k_h
train/504,../raw/rain/realrain1k/RealRain-1k/RealRain-1k-H/train/input/504.png,../raw/rain/realrain1k/RealRain-1k/RealRain-1k-H/train/target/504.png,train,rain,realrain1k_h
train/505,../raw/rain/realrain1k/RealRain-1k/RealRain-1k-H/train/input/505.png,../raw/rain/realrain1k/RealRain-1k/RealRain-1k-H/train/target/505.png,train,rain,realrain1k_h
train/506,../raw/rain/realrain1k/RealRain-1k/RealRain-1k-H/train/input/506.png,../raw/rain/realrain1k/RealRain-1k/RealRain-1k-H/train/target/506.png,train,rain,realrain1k_h
train/507,../raw/rain/realrain1k/RealRain-1k/RealRain-1k-H/train/input/507.png,../raw/rain/realrain1k/RealRain-1k/RealRain-1k-H/train/target/507.png,train,rain,realrain1k_h
train/509,../raw/rain/realrain1k/RealRain-1k/RealRain-1k-H/train/input/509.png,../raw/rain/realrain1k/RealRain-1k/RealRain-1k-H/train/target/509.png,train,rain,realrain1k_h
train/51,../raw/rain/realrain1k/RealRain-1k/RealRain-1k-H/train/input/51.png,../raw/rain/realrain1k/RealRain-1k/RealRain-1k-H/train/target/51.png,train,rain,realrain1k_h
train/510,../raw/rain/realrain1k/RealRain-1k/RealRain-1k-H/train/input/510.png,../raw/rain/realrain1k/RealRain-1k/RealRain-1k-H/train/target/510.png,train,rain,realrain1k_h
train/511,../raw/rain/realrain1k/RealRain-1k/RealRain-1k-H/train/input/511.png,../raw/rain/realrain1k/RealRain-1k/RealRain-1k-H/train/target/511.png,train,rain,realrain1k_h
train/512,../raw/rain/realrain1k/RealRain-1k/RealRain-1k-H/train/input/512.png,../raw/rain/realrain1k/RealRain-1k/RealRain-1k-H/train/target/512.png,train,rain,realrain1k_h
train/513,../raw/rain/realrain1k/RealRain-1k/RealRain-1k-H/train/input/513.png,../raw/rain/realrain1k/RealRain-1k/RealRain-1k-H/train/target/513.png,train,rain,realrain1k_h
train/514,../raw/rain/realrain1k/RealRain-1k/RealRain-1k-H/train/input/514.png,../raw/rain/realrain1k/RealRain-1k/RealRain-1k-H/train/target/514.png,train,rain,realrain1k_h
train/515,../raw/rain/realrain1k/RealRain-1k/RealRain-1k-H/train/input/515.png,../raw/rain/realrain1k/RealRain-1k/RealRain-1k-H/train/target/515.png,train,rain,realrain1k_h
train/516,../raw/rain/realrain1k/RealRain-1k/RealRain-1k-H/train/input/516.png,../raw/rain/realrain1k/RealRain-1k/RealRain-1k-H/train/target/516.png,train,rain,realrain1k_h
train/517,../raw/rain/realrain1k/RealRain-1k/RealRain-1k-H/train/input/517.png,../raw/rain/realrain1k/RealRain-1k/RealRain-1k-H/train/target/517.png,train,rain,realrain1k_h
train/518,../raw/rain/realrain1k/RealRain-1k/RealRain-1k-H/train/input/518.png,../raw/rain/realrain1k/RealRain-1k/RealRain-1k-H/train/target/518.png,train,rain,realrain1k_h
train/519,../raw/rain/realrain1k/RealRain-1k/RealRain-1k-H/train/input/519.png,../raw/rain/realrain1k/RealRain-1k/RealRain-1k-H/train/target/519.png,train,rain,realrain1k_h
train/520,../raw/rain/realrain1k/RealRain-1k/RealRain-1k-H/train/input/520.png,../raw/rain/realrain1k/RealRain-1k/RealRain-1k-H/train/target/520.png,train,rain,realrain1k_h
train/521,../raw/rain/realrain1k/RealRain-1k/RealRain-1k-H/train/input/521.png,../raw/rain/realrain1k/RealRain-1k/RealRain-1k-H/train/target/521.png,train,rain,realrain1k_h
train/523,../raw/rain/realrain1k/RealRain-1k/RealRain-1k-H/train/input/523.png,../raw/rain/realrain1k/RealRain-1k/RealRain-1k-H/train/target/523.png,train,rain,realrain1k_h
train/526,../raw/rain/realrain1k/RealRain-1k/RealRain-1k-H/train/input/526.png,../raw/rain/realrain1k/RealRain-1k/RealRain-1k-H/train/target/526.png,train,rain,realrain1k_h
train/527,../raw/rain/realrain1k/RealRain-1k/RealRain-1k-H/train/input/527.png,../raw/rain/realrain1k/RealRain-1k/RealRain-1k-H/train/target/527.png,train,rain,realrain1k_h
train/53,../raw/rain/realrain1k/RealRain-1k/RealRain-1k-H/train/input/53.png,../raw/rain/realrain1k/RealRain-1k/RealRain-1k-H/train/target/53.png,train,rain,realrain1k_h
train/530,../raw/rain/realrain1k/RealRain-1k/RealRain-1k-H/train/input/530.png,../raw/rain/realrain1k/RealRain-1k/RealRain-1k-H/train/target/530.png,train,rain,realrain1k_h
train/532,../raw/rain/realrain1k/RealRain-1k/RealRain-1k-H/train/input/532.png,../raw/rain/realrain1k/RealRain-1k/RealRain-1k-H/train/target/532.png,train,rain,realrain1k_h
train/533,../raw/rain/realrain1k/RealRain-1k/RealRain-1k-H/train/input/533.png,../raw/rain/realrain1k/RealRain-1k/RealRain-1k-H/train/target/533.png,train,rain,realrain1k_h
train/534,../raw/rain/realrain1k/RealRain-1k/RealRain-1k-H/train/input/534.png,../raw/rain/realrain1k/RealRain-1k/RealRain-1k-H/train/target/534.png,train,rain,realrain1k_h
train/535,../raw/rain/realrain1k/RealRain-1k/RealRain-1k-H/train/input/535.png,../raw/rain/realrain1k/RealRain-1k/RealRain-1k-H/train/target/535.png,train,rain,realrain1k_h
train/536,../raw/rain/realrain1k/RealRain-1k/RealRain-1k-H/train/input/536.png,../raw/rain/realrain1k/RealRain-1k/RealRain-1k-H/train/target/536.png,train,rain,realrain1k_h
train/537,../raw/rain/realrain1k/RealRain-1k/RealRain-1k-H/train/input/537.png,../raw/rain/realrain1k/RealRain-1k/RealRain-1k-H/train/target/537.png,train,rain,realrain1k_h
train/538,../raw/rain/realrain1k/RealRain-1k/RealRain-1k-H/train/input/538.png,../raw/rain/realrain1k/RealRain-1k/RealRain-1k-H/train/target/538.png,train,rain,realrain1k_h
train/539,../raw/rain/realrain1k/RealRain-1k/RealRain-1k-H/train/input/539.png,../raw/rain/realrain1k/RealRain-1k/RealRain-1k-H/train/target/539.png,train,rain,realrain1k_h
train/541,../raw/rain/realrain1k/RealRain-1k/RealRain-1k-H/train/input/541.png,../raw/rain/realrain1k/RealRain-1k/RealRain-1k-H/train/target/541.png,train,rain,realrain1k_h
train/542,../raw/rain/realrain1k/RealRain-1k/RealRain-1k-H/train/input/542.png,../raw/rain/realrain1k/RealRain-1k/RealRain-1k-H/train/target/542.png,train,rain,realrain1k_h
train/543,../raw/rain/realrain1k/RealRain-1k/RealRain-1k-H/train/input/543.png,../raw/rain/realrain1k/RealRain-1k/RealRain-1k-H/train/target/543.png,train,rain,realrain1k_h
train/544,../raw/rain/realrain1k/RealRain-1k/RealRain-1k-H/train/input/544.png,../raw/rain/realrain1k/RealRain-1k/RealRain-1k-H/train/target/544.png,train,rain,realrain1k_h
train/546,../raw/rain/realrain1k/RealRain-1k/RealRain-1k-H/train/input/546.png,../raw/rain/realrain1k/RealRain-1k/RealRain-1k-H/train/target/546.png,train,rain,realrain1k_h
train/547,../raw/rain/realrain1k/RealRain-1k/RealRain-1k-H/train/input/547.png,../raw/rain/realrain1k/RealRain-1k/RealRain-1k-H/train/target/547.png,train,rain,realrain1k_h
train/549,../raw/rain/realrain1k/RealRain-1k/RealRain-1k-H/train/input/549.png,../raw/rain/realrain1k/RealRain-1k/RealRain-1k-H/train/target/549.png,train,rain,realrain1k_h
train/55,../raw/rain/realrain1k/RealRain-1k/RealRain-1k-H/train/input/55.png,../raw/rain/realrain1k/RealRain-1k/RealRain-1k-H/train/target/55.png,train,rain,realrain1k_h
train/550,../raw/rain/realrain1k/RealRain-1k/RealRain-1k-H/train/input/550.png,../raw/rain/realrain1k/RealRain-1k/RealRain-1k-H/train/target/550.png,train,rain,realrain1k_h
train/552,../raw/rain/realrain1k/RealRain-1k/RealRain-1k-H/train/input/552.png,../raw/rain/realrain1k/RealRain-1k/RealRain-1k-H/train/target/552.png,train,rain,realrain1k_h
train/553,../raw/rain/realrain1k/RealRain-1k/RealRain-1k-H/train/input/553.png,../raw/rain/realrain1k/RealRain-1k/RealRain-1k-H/train/target/553.png,train,rain,realrain1k_h
train/554,../raw/rain/realrain1k/RealRain-1k/RealRain-1k-H/train/input/554.png,../raw/rain/realrain1k/RealRain-1k/RealRain-1k-H/train/target/554.png,train,rain,realrain1k_h
train/555,../raw/rain/realrain1k/RealRain-1k/RealRain-1k-H/train/input/555.png,../raw/rain/realrain1k/RealRain-1k/RealRain-1k-H/train/target/555.png,train,rain,realrain1k_h
train/556,../raw/rain/realrain1k/RealRain-1k/RealRain-1k-H/train/input/556.png,../raw/rain/realrain1k/RealRain-1k/RealRain-1k-H/train/target/556.png,train,rain,realrain1k_h
train/557,../raw/rain/realrain1k/RealRain-1k/RealRain-1k-H/train/input/557.png,../raw/rain/realrain1k/RealRain-1k/RealRain-1k-H/train/target/557.png,train,rain,realrain1k_h
train/559,../raw/rain/realrain1k/RealRain-1k/RealRain-1k-H/train/input/559.png,../raw/rain/realrain1k/RealRain-1k/RealRain-1k-H/train/target/559.png,train,rain,realrain1k_h
train/56,../raw/rain/realrain1k/RealRain-1k/RealRain-1k-H/train/input/56.png,../raw/rain/realrain1k/RealRain-1k/RealRain-1k-H/train/target/56.png,train,rain,realrain1k_h
train/560,../raw/rain/realrain1k/RealRain-1k/RealRain-1k-H/train/input/560.png,../raw/rain/realrain1k/RealRain-1k/RealRain-1k-H/train/target/560.png,train,rain,realrain1k_h
train/561,../raw/rain/realrain1k/RealRain-1k/RealRain-1k-H/train/input/561.png,../raw/rain/realrain1k/RealRain-1k/RealRain-1k-H/train/target/561.png,train,rain,realrain1k_h
train/562,../raw/rain/realrain1k/RealRain-1k/RealRain-1k-H/train/input/562.png,../raw/rain/realrain1k/RealRain-1k/RealRain-1k-H/train/target/562.png,train,rain,realrain1k_h
train/563,../raw/rain/realrain1k/RealRain-1k/RealRain-1k-H/train/input/563.png,../raw/rain/realrain1k/RealRain-1k/RealRain-1k-H/train/target/563.png,train,rain,realrain1k_h
train/564,../raw/rain/realrain1k/RealRain-1k/RealRain-1k-H/train/input/564.png,../raw/rain/realrain1k/RealRain-1k/RealRain-1k-H/train/target/564.png,train,rain,realrain1k_h
train/567,../raw/rain/realrain1k/RealRain-1k/RealRain-1k-H/train/input/567.png,../raw/rain/realrain1k/RealRain-1k/RealRain-1k-H/train/target/567.png,train,rain,realrain1k_h
train/568,../raw/rain/realrain1k/RealRain-1k/RealRain-1k-H/train/input/568.png,../raw/rain/realrain1k/RealRain-1k/RealRain-1k-H/train/target/568.png,train,rain,realrain1k_h
train/57,../raw/rain/realrain1k/RealRain-1k/RealRain-1k-H/train/input/57.png,../raw/rain/realrain1k/RealRain-1k/RealRain-1k-H/train/target/57.png,train,rain,realrain1k_h
train/570,../raw/rain/realrain1k/RealRain-1k/RealRain-1k-H/train/input/570.png,../raw/rain/realrain1k/RealRain-1k/RealRain-1k-H/train/target/570.png,train,rain,realrain1k_h
train/571,../raw/rain/realrain1k/RealRain-1k/RealRain-1k-H/train/input/571.png,../raw/rain/realrain1k/RealRain-1k/RealRain-1k-H/train/target/571.png,train,rain,realrain1k_h
train/572,../raw/rain/realrain1k/RealRain-1k/RealRain-1k-H/train/input/572.png,../raw/rain/realrain1k/RealRain-1k/RealRain-1k-H/train/target/572.png,train,rain,realrain1k_h
train/573,../raw/rain/realrain1k/RealRain-1k/RealRain-1k-H/train/input/573.png,../raw/rain/realrain1k/RealRain-1k/RealRain-1k-H/train/target/573.png,train,rain,realrain1k_h
train/574,../raw/rain/realrain1k/RealRain-1k/RealRain-1k-H/train/input/574.png,../raw/rain/realrain1k/RealRain-1k/RealRain-1k-H/train/target/574.png,train,rain,realrain1k_h
train/577,../raw/rain/realrain1k/RealRain-1k/RealRain-1k-H/train/input/577.png,../raw/rain/realrain1k/RealRain-1k/RealRain-1k-H/train/target/577.png,train,rain,realrain1k_h
train/579,../raw/rain/realrain1k/RealRain-1k/RealRain-1k-H/train/input/579.png,../raw/rain/realrain1k/RealRain-1k/RealRain-1k-H/train/target/579.png,train,rain,realrain1k_h
train/581,../raw/rain/realrain1k/RealRain-1k/RealRain-1k-H/train/input/581.png,../raw/rain/realrain1k/RealRain-1k/RealRain-1k-H/train/target/581.png,train,rain,realrain1k_h
train/582,../raw/rain/realrain1k/RealRain-1k/RealRain-1k-H/train/input/582.png,../raw/rain/realrain1k/RealRain-1k/RealRain-1k-H/train/target/582.png,train,rain,realrain1k_h
train/583,../raw/rain/realrain1k/RealRain-1k/RealRain-1k-H/train/input/583.png,../raw/rain/realrain1k/RealRain-1k/RealRain-1k-H/train/target/583.png,train,rain,realrain1k_h
train/585,../raw/rain/realrain1k/RealRain-1k/RealRain-1k-H/train/input/585.png,../raw/rain/realrain1k/RealRain-1k/RealRain-1k-H/train/target/585.png,train,rain,realrain1k_h
train/586,../raw/rain/realrain1k/RealRain-1k/RealRain-1k-H/train/input/586.png,../raw/rain/realrain1k/RealRain-1k/RealRain-1k-H/train/target/586.png,train,rain,realrain1k_h
train/589,../raw/rain/realrain1k/RealRain-1k/RealRain-1k-H/train/input/589.png,../raw/rain/realrain1k/RealRain-1k/RealRain-1k-H/train/target/589.png,train,rain,realrain1k_h
train/59,../raw/rain/realrain1k/RealRain-1k/RealRain-1k-H/train/input/59.png,../raw/rain/realrain1k/RealRain-1k/RealRain-1k-H/train/target/59.png,train,rain,realrain1k_h
train/590,../raw/rain/realrain1k/RealRain-1k/RealRain-1k-H/train/input/590.png,../raw/rain/realrain1k/RealRain-1k/RealRain-1k-H/train/target/590.png,train,rain,realrain1k_h
train/591,../raw/rain/realrain1k/RealRain-1k/RealRain-1k-H/train/input/591.png,../raw/rain/realrain1k/RealRain-1k/RealRain-1k-H/train/target/591.png,train,rain,realrain1k_h
train/592,../raw/rain/realrain1k/RealRain-1k/RealRain-1k-H/train/input/592.png,../raw/rain/realrain1k/RealRain-1k/RealRain-1k-H/train/target/592.png,train,rain,realrain1k_h
train/593,../raw/rain/realrain1k/RealRain-1k/RealRain-1k-H/train/input/593.png,../raw/rain/realrain1k/RealRain-1k/RealRain-1k-H/train/target/593.png,train,rain,realrain1k_h
train/594,../raw/rain/realrain1k/RealRain-1k/RealRain-1k-H/train/input/594.png,../raw/rain/realrain1k/RealRain-1k/RealRain-1k-H/train/target/594.png,train,rain,realrain1k_h
train/595,../raw/rain/realrain1k/RealRain-1k/RealRain-1k-H/train/input/595.png,../raw/rain/realrain1k/RealRain-1k/RealRain-1k-H/train/target/595.png,train,rain,realrain1k_h
train/597,../raw/rain/realrain1k/RealRain-1k/RealRain-1k-H/train/input/597.png,../raw/rain/realrain1k/RealRain-1k/RealRain-1k-H/train/target/597.png,train,rain,realrain1k_h
train/599,../raw/rain/realrain1k/RealRain-1k/RealRain-1k-H/train/input/599.png,../raw/rain/realrain1k/RealRain-1k/RealRain-1k-H/train/target/599.png,train,rain,realrain1k_h
train/60,../raw/rain/realrain1k/RealRain-1k/RealRain-1k-H/train/input/60.png,../raw/rain/realrain1k/RealRain-1k/RealRain-1k-H/train/target/60.png,train,rain,realrain1k_h
train/600,../raw/rain/realrain1k/RealRain-1k/RealRain-1k-H/train/input/600.png,../raw/rain/realrain1k/RealRain-1k/RealRain-1k-H/train/target/600.png,train,rain,realrain1k_h
train/601,../raw/rain/realrain1k/RealRain-1k/RealRain-1k-H/train/input/601.png,../raw/rain/realrain1k/RealRain-1k/RealRain-1k-H/train/target/601.png,train,rain,realrain1k_h
train/603,../raw/rain/realrain1k/RealRain-1k/RealRain-1k-H/train/input/603.png,../raw/rain/realrain1k/RealRain-1k/RealRain-1k-H/train/target/603.png,train,rain,realrain1k_h
train/604,../raw/rain/realrain1k/RealRain-1k/RealRain-1k-H/train/input/604.png,../raw/rain/realrain1k/RealRain-1k/RealRain-1k-H/train/target/604.png,train,rain,realrain1k_h
train/605,../raw/rain/realrain1k/RealRain-1k/RealRain-1k-H/train/input/605.png,../raw/rain/realrain1k/RealRain-1k/RealRain-1k-H/train/target/605.png,train,rain,realrain1k_h
train/606,../raw/rain/realrain1k/RealRain-1k/RealRain-1k-H/train/input/606.png,../raw/rain/realrain1k/RealRain-1k/RealRain-1k-H/train/target/606.png,train,rain,realrain1k_h
train/607,../raw/rain/realrain1k/RealRain-1k/RealRain-1k-H/train/input/607.png,../raw/rain/realrain1k/RealRain-1k/RealRain-1k-H/train/target/607.png,train,rain,realrain1k_h
train/609,../raw/rain/realrain1k/RealRain-1k/RealRain-1k-H/train/input/609.png,../raw/rain/realrain1k/RealRain-1k/RealRain-1k-H/train/target/609.png,train,rain,realrain1k_h
train/610,../raw/rain/realrain1k/RealRain-1k/RealRain-1k-H/train/input/610.png,../raw/rain/realrain1k/RealRain-1k/RealRain-1k-H/train/target/610.png,train,rain,realrain1k_h
train/611,../raw/rain/realrain1k/RealRain-1k/RealRain-1k-H/train/input/611.png,../raw/rain/realrain1k/RealRain-1k/RealRain-1k-H/train/target/611.png,train,rain,realrain1k_h
train/612,../raw/rain/realrain1k/RealRain-1k/RealRain-1k-H/train/input/612.png,../raw/rain/realrain1k/RealRain-1k/RealRain-1k-H/train/target/612.png,train,rain,realrain1k_h
train/615,../raw/rain/realrain1k/RealRain-1k/RealRain-1k-H/train/input/615.png,../raw/rain/realrain1k/RealRain-1k/RealRain-1k-H/train/target/615.png,train,rain,realrain1k_h
train/616,../raw/rain/realrain1k/RealRain-1k/RealRain-1k-H/train/input/616.png,../raw/rain/realrain1k/RealRain-1k/RealRain-1k-H/train/target/616.png,train,rain,realrain1k_h
train/617,../raw/rain/realrain1k/RealRain-1k/RealRain-1k-H/train/input/617.png,../raw/rain/realrain1k/RealRain-1k/RealRain-1k-H/train/target/617.png,train,rain,realrain1k_h
train/618,../raw/rain/realrain1k/RealRain-1k/RealRain-1k-H/train/input/618.png,../raw/rain/realrain1k/RealRain-1k/RealRain-1k-H/train/target/618.png,train,rain,realrain1k_h
train/62,../raw/rain/realrain1k/RealRain-1k/RealRain-1k-H/train/input/62.png,../raw/rain/realrain1k/RealRain-1k/RealRain-1k-H/train/target/62.png,train,rain,realrain1k_h
train/621,../raw/rain/realrain1k/RealRain-1k/RealRain-1k-H/train/input/621.png,../raw/rain/realrain1k/RealRain-1k/RealRain-1k-H/train/target/621.png,train,rain,realrain1k_h
train/623,../raw/rain/realrain1k/RealRain-1k/RealRain-1k-H/train/input/623.png,../raw/rain/realrain1k/RealRain-1k/RealRain-1k-H/train/target/623.png,train,rain,realrain1k_h
train/624,../raw/rain/realrain1k/RealRain-1k/RealRain-1k-H/train/input/624.png,../raw/rain/realrain1k/RealRain-1k/RealRain-1k-H/train/target/624.png,train,rain,realrain1k_h
train/625,../raw/rain/realrain1k/RealRain-1k/RealRain-1k-H/train/input/625.png,../raw/rain/realrain1k/RealRain-1k/RealRain-1k-H/train/target/625.png,train,rain,realrain1k_h
train/626,../raw/rain/realrain1k/RealRain-1k/RealRain-1k-H/train/input/626.png,../raw/rain/realrain1k/RealRain-1k/RealRain-1k-H/train/target/626.png,train,rain,realrain1k_h
train/627,../raw/rain/realrain1k/RealRain-1k/RealRain-1k-H/train/input/627.png,../raw/rain/realrain1k/RealRain-1k/RealRain-1k-H/train/target/627.png,train,rain,realrain1k_h
train/629,../raw/rain/realrain1k/RealRain-1k/RealRain-1k-H/train/input/629.png,../raw/rain/realrain1k/RealRain-1k/RealRain-1k-H/train/target/629.png,train,rain,realrain1k_h
train/630,../raw/rain/realrain1k/RealRain-1k/RealRain-1k-H/train/input/630.png,../raw/rain/realrain1k/RealRain-1k/RealRain-1k-H/train/target/630.png,train,rain,realrain1k_h
train/632,../raw/rain/realrain1k/RealRain-1k/RealRain-1k-H/train/input/632.png,../raw/rain/realrain1k/RealRain-1k/RealRain-1k-H/train/target/632.png,train,rain,realrain1k_h
train/633,../raw/rain/realrain1k/RealRain-1k/RealRain-1k-H/train/input/633.png,../raw/rain/realrain1k/RealRain-1k/RealRain-1k-H/train/target/633.png,train,rain,realrain1k_h
train/634,../raw/rain/realrain1k/RealRain-1k/RealRain-1k-H/train/input/634.png,../raw/rain/realrain1k/RealRain-1k/RealRain-1k-H/train/target/634.png,train,rain,realrain1k_h
train/635,../raw/rain/realrain1k/RealRain-1k/RealRain-1k-H/train/input/635.png,../raw/rain/realrain1k/RealRain-1k/RealRain-1k-H/train/target/635.png,train,rain,realrain1k_h
train/638,../raw/rain/realrain1k/RealRain-1k/RealRain-1k-H/train/input/638.png,../raw/rain/realrain1k/RealRain-1k/RealRain-1k-H/train/target/638.png,train,rain,realrain1k_h
train/639,../raw/rain/realrain1k/RealRain-1k/RealRain-1k-H/train/input/639.png,../raw/rain/realrain1k/RealRain-1k/RealRain-1k-H/train/target/639.png,train,rain,realrain1k_h
train/640,../raw/rain/realrain1k/RealRain-1k/RealRain-1k-H/train/input/640.png,../raw/rain/realrain1k/RealRain-1k/RealRain-1k-H/train/target/640.png,train,rain,realrain1k_h
train/641,../raw/rain/realrain1k/RealRain-1k/RealRain-1k-H/train/input/641.png,../raw/rain/realrain1k/RealRain-1k/RealRain-1k-H/train/target/641.png,train,rain,realrain1k_h
train/644,../raw/rain/realrain1k/RealRain-1k/RealRain-1k-H/train/input/644.png,../raw/rain/realrain1k/RealRain-1k/RealRain-1k-H/train/target/644.png,train,rain,realrain1k_h
train/646,../raw/rain/realrain1k/RealRain-1k/RealRain-1k-H/train/input/646.png,../raw/rain/realrain1k/RealRain-1k/RealRain-1k-H/train/target/646.png,train,rain,realrain1k_h
train/647,../raw/rain/realrain1k/RealRain-1k/RealRain-1k-H/train/input/647.png,../raw/rain/realrain1k/RealRain-1k/RealRain-1k-H/train/target/647.png,train,rain,realrain1k_h
train/648,../raw/rain/realrain1k/RealRain-1k/RealRain-1k-H/train/input/648.png,../raw/rain/realrain1k/RealRain-1k/RealRain-1k-H/train/target/648.png,train,rain,realrain1k_h
train/649,../raw/rain/realrain1k/RealRain-1k/RealRain-1k-H/train/input/649.png,../raw/rain/realrain1k/RealRain-1k/RealRain-1k-H/train/target/649.png,train,rain,realrain1k_h
train/650,../raw/rain/realrain1k/RealRain-1k/RealRain-1k-H/train/input/650.png,../raw/rain/realrain1k/RealRain-1k/RealRain-1k-H/train/target/650.png,train,rain,realrain1k_h
train/653,../raw/rain/realrain1k/RealRain-1k/RealRain-1k-H/train/input/653.png,../raw/rain/realrain1k/RealRain-1k/RealRain-1k-H/train/target/653.png,train,rain,realrain1k_h
train/655,../raw/rain/realrain1k/RealRain-1k/RealRain-1k-H/train/input/655.png,../raw/rain/realrain1k/RealRain-1k/RealRain-1k-H/train/target/655.png,train,rain,realrain1k_h
train/657,../raw/rain/realrain1k/RealRain-1k/RealRain-1k-H/train/input/657.png,../raw/rain/realrain1k/RealRain-1k/RealRain-1k-H/train/target/657.png,train,rain,realrain1k_h
train/658,../raw/rain/realrain1k/RealRain-1k/RealRain-1k-H/train/input/658.png,../raw/rain/realrain1k/RealRain-1k/RealRain-1k-H/train/target/658.png,train,rain,realrain1k_h
train/659,../raw/rain/realrain1k/RealRain-1k/RealRain-1k-H/train/input/659.png,../raw/rain/realrain1k/RealRain-1k/RealRain-1k-H/train/target/659.png,train,rain,realrain1k_h
train/66,../raw/rain/realrain1k/RealRain-1k/RealRain-1k-H/train/input/66.png,../raw/rain/realrain1k/RealRain-1k/RealRain-1k-H/train/target/66.png,train,rain,realrain1k_h
train/660,../raw/rain/realrain1k/RealRain-1k/RealRain-1k-H/train/input/660.png,../raw/rain/realrain1k/RealRain-1k/RealRain-1k-H/train/target/660.png,train,rain,realrain1k_h
train/662,../raw/rain/realrain1k/RealRain-1k/RealRain-1k-H/train/input/662.png,../raw/rain/realrain1k/RealRain-1k/RealRain-1k-H/train/target/662.png,train,rain,realrain1k_h
train/663,../raw/rain/realrain1k/RealRain-1k/RealRain-1k-H/train/input/663.png,../raw/rain/realrain1k/RealRain-1k/RealRain-1k-H/train/target/663.png,train,rain,realrain1k_h
train/667,../raw/rain/realrain1k/RealRain-1k/RealRain-1k-H/train/input/667.png,../raw/rain/realrain1k/RealRain-1k/RealRain-1k-H/train/target/667.png,train,rain,realrain1k_h
train/670,../raw/rain/realrain1k/RealRain-1k/RealRain-1k-H/train/input/670.png,../raw/rain/realrain1k/RealRain-1k/RealRain-1k-H/train/target/670.png,train,rain,realrain1k_h
train/676,../raw/rain/realrain1k/RealRain-1k/RealRain-1k-H/train/input/676.png,../raw/rain/realrain1k/RealRain-1k/RealRain-1k-H/train/target/676.png,train,rain,realrain1k_h
train/677,../raw/rain/realrain1k/RealRain-1k/RealRain-1k-H/train/input/677.png,../raw/rain/realrain1k/RealRain-1k/RealRain-1k-H/train/target/677.png,train,rain,realrain1k_h
train/679,../raw/rain/realrain1k/RealRain-1k/RealRain-1k-H/train/input/679.png,../raw/rain/realrain1k/RealRain-1k/RealRain-1k-H/train/target/679.png,train,rain,realrain1k_h
train/68,../raw/rain/realrain1k/RealRain-1k/RealRain-1k-H/train/input/68.png,../raw/rain/realrain1k/RealRain-1k/RealRain-1k-H/train/target/68.png,train,rain,realrain1k_h
train/680,../raw/rain/realrain1k/RealRain-1k/RealRain-1k-H/train/input/680.png,../raw/rain/realrain1k/RealRain-1k/RealRain-1k-H/train/target/680.png,train,rain,realrain1k_h
train/681,../raw/rain/realrain1k/RealRain-1k/RealRain-1k-H/train/input/681.png,../raw/rain/realrain1k/RealRain-1k/RealRain-1k-H/train/target/681.png,train,rain,realrain1k_h
train/683,../raw/rain/realrain1k/RealRain-1k/RealRain-1k-H/train/input/683.png,../raw/rain/realrain1k/RealRain-1k/RealRain-1k-H/train/target/683.png,train,rain,realrain1k_h
train/684,../raw/rain/realrain1k/RealRain-1k/RealRain-1k-H/train/input/684.png,../raw/rain/realrain1k/RealRain-1k/RealRain-1k-H/train/target/684.png,train,rain,realrain1k_h
train/685,../raw/rain/realrain1k/RealRain-1k/RealRain-1k-H/train/input/685.png,../raw/rain/realrain1k/RealRain-1k/RealRain-1k-H/train/target/685.png,train,rain,realrain1k_h
train/686,../raw/rain/realrain1k/RealRain-1k/RealRain-1k-H/train/input/686.png,../raw/rain/realrain1k/RealRain-1k/RealRain-1k-H/train/target/686.png,train,rain,realrain1k_h
train/687,../raw/rain/realrain1k/RealRain-1k/RealRain-1k-H/train/input/687.png,../raw/rain/realrain1k/RealRain-1k/RealRain-1k-H/train/target/687.png,train,rain,realrain1k_h
train/691,../raw/rain/realrain1k/RealRain-1k/RealRain-1k-H/train/input/691.png,../raw/rain/realrain1k/RealRain-1k/RealRain-1k-H/train/target/691.png,train,rain,realrain1k_h
train/692,../raw/rain/realrain1k/RealRain-1k/RealRain-1k-H/train/input/692.png,../raw/rain/realrain1k/RealRain-1k/RealRain-1k-H/train/target/692.png,train,rain,realrain1k_h
train/694,../raw/rain/realrain1k/RealRain-1k/RealRain-1k-H/train/input/694.png,../raw/rain/realrain1k/RealRain-1k/RealRain-1k-H/train/target/694.png,train,rain,realrain1k_h
train/695,../raw/rain/realrain1k/RealRain-1k/RealRain-1k-H/train/input/695.png,../raw/rain/realrain1k/RealRain-1k/RealRain-1k-H/train/target/695.png,train,rain,realrain1k_h
train/698,../raw/rain/realrain1k/RealRain-1k/RealRain-1k-H/train/input/698.png,../raw/rain/realrain1k/RealRain-1k/RealRain-1k-H/train/target/698.png,train,rain,realrain1k_h
train/700,../raw/rain/realrain1k/RealRain-1k/RealRain-1k-H/train/input/700.png,../raw/rain/realrain1k/RealRain-1k/RealRain-1k-H/train/target/700.png,train,rain,realrain1k_h
train/701,../raw/rain/realrain1k/RealRain-1k/RealRain-1k-H/train/input/701.png,../raw/rain/realrain1k/RealRain-1k/RealRain-1k-H/train/target/701.png,train,rain,realrain1k_h
train/703,../raw/rain/realrain1k/RealRain-1k/RealRain-1k-H/train/input/703.png,../raw/rain/realrain1k/RealRain-1k/RealRain-1k-H/train/target/703.png,train,rain,realrain1k_h
train/704,../raw/rain/realrain1k/RealRain-1k/RealRain-1k-H/train/input/704.png,../raw/rain/realrain1k/RealRain-1k/RealRain-1k-H/train/target/704.png,train,rain,realrain1k_h
train/705,../raw/rain/realrain1k/RealRain-1k/RealRain-1k-H/train/input/705.png,../raw/rain/realrain1k/RealRain-1k/RealRain-1k-H/train/target/705.png,train,rain,realrain1k_h
train/707,../raw/rain/realrain1k/RealRain-1k/RealRain-1k-H/train/input/707.png,../raw/rain/realrain1k/RealRain-1k/RealRain-1k-H/train/target/707.png,train,rain,realrain1k_h
train/708,../raw/rain/realrain1k/RealRain-1k/RealRain-1k-H/train/input/708.png,../raw/rain/realrain1k/RealRain-1k/RealRain-1k-H/train/target/708.png,train,rain,realrain1k_h
train/709,../raw/rain/realrain1k/RealRain-1k/RealRain-1k-H/train/input/709.png,../raw/rain/realrain1k/RealRain-1k/RealRain-1k-H/train/target/709.png,train,rain,realrain1k_h
train/71,../raw/rain/realrain1k/RealRain-1k/RealRain-1k-H/train/input/71.png,../raw/rain/realrain1k/RealRain-1k/RealRain-1k-H/train/target/71.png,train,rain,realrain1k_h
train/710,../raw/rain/realrain1k/RealRain-1k/RealRain-1k-H/train/input/710.png,../raw/rain/realrain1k/RealRain-1k/RealRain-1k-H/train/target/710.png,train,rain,realrain1k_h
train/712,../raw/rain/realrain1k/RealRain-1k/RealRain-1k-H/train/input/712.png,../raw/rain/realrain1k/RealRain-1k/RealRain-1k-H/train/target/712.png,train,rain,realrain1k_h
train/713,../raw/rain/realrain1k/RealRain-1k/RealRain-1k-H/train/input/713.png,../raw/rain/realrain1k/RealRain-1k/RealRain-1k-H/train/target/713.png,train,rain,realrain1k_h
train/714,../raw/rain/realrain1k/RealRain-1k/RealRain-1k-H/train/input/714.png,../raw/rain/realrain1k/RealRain-1k/RealRain-1k-H/train/target/714.png,train,rain,realrain1k_h
train/715,../raw/rain/realrain1k/RealRain-1k/RealRain-1k-H/train/input/715.png,../raw/rain/realrain1k/RealRain-1k/RealRain-1k-H/train/target/715.png,train,rain,realrain1k_h
train/718,../raw/rain/realrain1k/RealRain-1k/RealRain-1k-H/train/input/718.png,../raw/rain/realrain1k/RealRain-1k/RealRain-1k-H/train/target/718.png,train,rain,realrain1k_h
train/722,../raw/rain/realrain1k/RealRain-1k/RealRain-1k-H/train/input/722.png,../raw/rain/realrain1k/RealRain-1k/RealRain-1k-H/train/target/722.png,train,rain,realrain1k_h
train/723,../raw/rain/realrain1k/RealRain-1k/RealRain-1k-H/train/input/723.png,../raw/rain/realrain1k/RealRain-1k/RealRain-1k-H/train/target/723.png,train,rain,realrain1k_h
train/724,../raw/rain/realrain1k/RealRain-1k/RealRain-1k-H/train/input/724.png,../raw/rain/realrain1k/RealRain-1k/RealRain-1k-H/train/target/724.png,train,rain,realrain1k_h
train/725,../raw/rain/realrain1k/RealRain-1k/RealRain-1k-H/train/input/725.png,../raw/rain/realrain1k/RealRain-1k/RealRain-1k-H/train/target/725.png,train,rain,realrain1k_h
train/726,../raw/rain/realrain1k/RealRain-1k/RealRain-1k-H/train/input/726.png,../raw/rain/realrain1k/RealRain-1k/RealRain-1k-H/train/target/726.png,train,rain,realrain1k_h
train/728,../raw/rain/realrain1k/RealRain-1k/RealRain-1k-H/train/input/728.png,../raw/rain/realrain1k/RealRain-1k/RealRain-1k-H/train/target/728.png,train,rain,realrain1k_h
train/73,../raw/rain/realrain1k/RealRain-1k/RealRain-1k-H/train/input/73.png,../raw/rain/realrain1k/RealRain-1k/RealRain-1k-H/train/target/73.png,train,rain,realrain1k_h
train/730,../raw/rain/realrain1k/RealRain-1k/RealRain-1k-H/train/input/730.png,../raw/rain/realrain1k/RealRain-1k/RealRain-1k-H/train/target/730.png,train,rain,realrain1k_h
train/731,../raw/rain/realrain1k/RealRain-1k/RealRain-1k-H/train/input/731.png,../raw/rain/realrain1k/RealRain-1k/RealRain-1k-H/train/target/731.png,train,rain,realrain1k_h
train/733,../raw/rain/realrain1k/RealRain-1k/RealRain-1k-H/train/input/733.png,../raw/rain/realrain1k/RealRain-1k/RealRain-1k-H/train/target/733.png,train,rain,realrain1k_h
train/735,../raw/rain/realrain1k/RealRain-1k/RealRain-1k-H/train/input/735.png,../raw/rain/realrain1k/RealRain-1k/RealRain-1k-H/train/target/735.png,train,rain,realrain1k_h
train/736,../raw/rain/realrain1k/RealRain-1k/RealRain-1k-H/train/input/736.png,../raw/rain/realrain1k/RealRain-1k/RealRain-1k-H/train/target/736.png,train,rain,realrain1k_h
train/738,../raw/rain/realrain1k/RealRain-1k/RealRain-1k-H/train/input/738.png,../raw/rain/realrain1k/RealRain-1k/RealRain-1k-H/train/target/738.png,train,rain,realrain1k_h
train/739,../raw/rain/realrain1k/RealRain-1k/RealRain-1k-H/train/input/739.png,../raw/rain/realrain1k/RealRain-1k/RealRain-1k-H/train/target/739.png,train,rain,realrain1k_h
train/74,../raw/rain/realrain1k/RealRain-1k/RealRain-1k-H/train/input/74.png,../raw/rain/realrain1k/RealRain-1k/RealRain-1k-H/train/target/74.png,train,rain,realrain1k_h
train/741,../raw/rain/realrain1k/RealRain-1k/RealRain-1k-H/train/input/741.png,../raw/rain/realrain1k/RealRain-1k/RealRain-1k-H/train/target/741.png,train,rain,realrain1k_h
train/743,../raw/rain/realrain1k/RealRain-1k/RealRain-1k-H/train/input/743.png,../raw/rain/realrain1k/RealRain-1k/RealRain-1k-H/train/target/743.png,train,rain,realrain1k_h
train/746,../raw/rain/realrain1k/RealRain-1k/RealRain-1k-H/train/input/746.png,../raw/rain/realrain1k/RealRain-1k/RealRain-1k-H/train/target/746.png,train,rain,realrain1k_h
train/747,../raw/rain/realrain1k/RealRain-1k/RealRain-1k-H/train/input/747.png,../raw/rain/realrain1k/RealRain-1k/RealRain-1k-H/train/target/747.png,train,rain,realrain1k_h
train/748,../raw/rain/realrain1k/RealRain-1k/RealRain-1k-H/train/input/748.png,../raw/rain/realrain1k/RealRain-1k/RealRain-1k-H/train/target/748.png,train,rain,realrain1k_h
train/749,../raw/rain/realrain1k/RealRain-1k/RealRain-1k-H/train/input/749.png,../raw/rain/realrain1k/RealRain-1k/RealRain-1k-H/train/target/749.png,train,rain,realrain1k_h
train/75,../raw/rain/realrain1k/RealRain-1k/RealRain-1k-H/train/input/75.png,../raw/rain/realrain1k/RealRain-1k/RealRain-1k-H/train/target/75.png,train,rain,realrain1k_h
train/750,../raw/rain/realrain1k/RealRain-1k/RealRain-1k-H/train/input/750.png,../raw/rain/realrain1k/RealRain-1k/RealRain-1k-H/train/target/750.png,train,rain,realrain1k_h
train/753,../raw/rain/realrain1k/RealRain-1k/RealRain-1k-H/train/input/753.png,../raw/rain/realrain1k/RealRain-1k/RealRain-1k-H/train/target/753.png,train,rain,realrain1k_h
train/754,../raw/rain/realrain1k/RealRain-1k/RealRain-1k-H/train/input/754.png,../raw/rain/realrain1k/RealRain-1k/RealRain-1k-H/train/target/754.png,train,rain,realrain1k_h
train/757,../raw/rain/realrain1k/RealRain-1k/RealRain-1k-H/train/input/757.png,../raw/rain/realrain1k/RealRain-1k/RealRain-1k-H/train/target/757.png,train,rain,realrain1k_h
train/758,../raw/rain/realrain1k/RealRain-1k/RealRain-1k-H/train/input/758.png,../raw/rain/realrain1k/RealRain-1k/RealRain-1k-H/train/target/758.png,train,rain,realrain1k_h
train/76,../raw/rain/realrain1k/RealRain-1k/RealRain-1k-H/train/input/76.png,../raw/rain/realrain1k/RealRain-1k/RealRain-1k-H/train/target/76.png,train,rain,realrain1k_h
train/760,../raw/rain/realrain1k/RealRain-1k/RealRain-1k-H/train/input/760.png,../raw/rain/realrain1k/RealRain-1k/RealRain-1k-H/train/target/760.png,train,rain,realrain1k_h
train/763,../raw/rain/realrain1k/RealRain-1k/RealRain-1k-H/train/input/763.png,../raw/rain/realrain1k/RealRain-1k/RealRain-1k-H/train/target/763.png,train,rain,realrain1k_h
train/764,../raw/rain/realrain1k/RealRain-1k/RealRain-1k-H/train/input/764.png,../raw/rain/realrain1k/RealRain-1k/RealRain-1k-H/train/target/764.png,train,rain,realrain1k_h
train/768,../raw/rain/realrain1k/RealRain-1k/RealRain-1k-H/train/input/768.png,../raw/rain/realrain1k/RealRain-1k/RealRain-1k-H/train/target/768.png,train,rain,realrain1k_h
train/77,../raw/rain/realrain1k/RealRain-1k/RealRain-1k-H/train/input/77.png,../raw/rain/realrain1k/RealRain-1k/RealRain-1k-H/train/target/77.png,train,rain,realrain1k_h
train/771,../raw/rain/realrain1k/RealRain-1k/RealRain-1k-H/train/input/771.png,../raw/rain/realrain1k/RealRain-1k/RealRain-1k-H/train/target/771.png,train,rain,realrain1k_h
train/772,../raw/rain/realrain1k/RealRain-1k/RealRain-1k-H/train/input/772.png,../raw/rain/realrain1k/RealRain-1k/RealRain-1k-H/train/target/772.png,train,rain,realrain1k_h
train/773,../raw/rain/realrain1k/RealRain-1k/RealRain-1k-H/train/input/773.png,../raw/rain/realrain1k/RealRain-1k/RealRain-1k-H/train/target/773.png,train,rain,realrain1k_h
train/774,../raw/rain/realrain1k/RealRain-1k/RealRain-1k-H/train/input/774.png,../raw/rain/realrain1k/RealRain-1k/RealRain-1k-H/train/target/774.png,train,rain,realrain1k_h
train/775,../raw/rain/realrain1k/RealRain-1k/RealRain-1k-H/train/input/775.png,../raw/rain/realrain1k/RealRain-1k/RealRain-1k-H/train/target/775.png,train,rain,realrain1k_h
train/782,../raw/rain/realrain1k/RealRain-1k/RealRain-1k-H/train/input/782.png,../raw/rain/realrain1k/RealRain-1k/RealRain-1k-H/train/target/782.png,train,rain,realrain1k_h
train/783,../raw/rain/realrain1k/RealRain-1k/RealRain-1k-H/train/input/783.png,../raw/rain/realrain1k/RealRain-1k/RealRain-1k-H/train/target/783.png,train,rain,realrain1k_h
train/784,../raw/rain/realrain1k/RealRain-1k/RealRain-1k-H/train/input/784.png,../raw/rain/realrain1k/RealRain-1k/RealRain-1k-H/train/target/784.png,train,rain,realrain1k_h
train/787,../raw/rain/realrain1k/RealRain-1k/RealRain-1k-H/train/input/787.png,../raw/rain/realrain1k/RealRain-1k/RealRain-1k-H/train/target/787.png,train,rain,realrain1k_h
train/790,../raw/rain/realrain1k/RealRain-1k/RealRain-1k-H/train/input/790.png,../raw/rain/realrain1k/RealRain-1k/RealRain-1k-H/train/target/790.png,train,rain,realrain1k_h
train/791,../raw/rain/realrain1k/RealRain-1k/RealRain-1k-H/train/input/791.png,../raw/rain/realrain1k/RealRain-1k/RealRain-1k-H/train/target/791.png,train,rain,realrain1k_h
train/792,../raw/rain/realrain1k/RealRain-1k/RealRain-1k-H/train/input/792.png,../raw/rain/realrain1k/RealRain-1k/RealRain-1k-H/train/target/792.png,train,rain,realrain1k_h
train/793,../raw/rain/realrain1k/RealRain-1k/RealRain-1k-H/train/input/793.png,../raw/rain/realrain1k/RealRain-1k/RealRain-1k-H/train/target/793.png,train,rain,realrain1k_h
train/794,../raw/rain/realrain1k/RealRain-1k/RealRain-1k-H/train/input/794.png,../raw/rain/realrain1k/RealRain-1k/RealRain-1k-H/train/target/794.png,train,rain,realrain1k_h
train/795,../raw/rain/realrain1k/RealRain-1k/RealRain-1k-H/train/input/795.png,../raw/rain/realrain1k/RealRain-1k/RealRain-1k-H/train/target/795.png,train,rain,realrain1k_h
train/796,../raw/rain/realrain1k/RealRain-1k/RealRain-1k-H/train/input/796.png,../raw/rain/realrain1k/RealRain-1k/RealRain-1k-H/train/target/796.png,train,rain,realrain1k_h
train/798,../raw/rain/realrain1k/RealRain-1k/RealRain-1k-H/train/input/798.png,../raw/rain/realrain1k/RealRain-1k/RealRain-1k-H/train/target/798.png,train,rain,realrain1k_h
train/799,../raw/rain/realrain1k/RealRain-1k/RealRain-1k-H/train/input/799.png,../raw/rain/realrain1k/RealRain-1k/RealRain-1k-H/train/target/799.png,train,rain,realrain1k_h
train/8,../raw/rain/realrain1k/RealRain-1k/RealRain-1k-H/train/input/8.png,../raw/rain/realrain1k/RealRain-1k/RealRain-1k-H/train/target/8.png,train,rain,realrain1k_h
train/80,../raw/rain/realrain1k/RealRain-1k/RealRain-1k-H/train/input/80.png,../raw/rain/realrain1k/RealRain-1k/RealRain-1k-H/train/target/80.png,train,rain,realrain1k_h
train/800,../raw/rain/realrain1k/RealRain-1k/RealRain-1k-H/train/input/800.png,../raw/rain/realrain1k/RealRain-1k/RealRain-1k-H/train/target/800.png,train,rain,realrain1k_h
train/801,../raw/rain/realrain1k/RealRain-1k/RealRain-1k-H/train/input/801.png,../raw/rain/realrain1k/RealRain-1k/RealRain-1k-H/train/target/801.png,train,rain,realrain1k_h
train/802,../raw/rain/realrain1k/RealRain-1k/RealRain-1k-H/train/input/802.png,../raw/rain/realrain1k/RealRain-1k/RealRain-1k-H/train/target/802.png,train,rain,realrain1k_h
train/803,../raw/rain/realrain1k/RealRain-1k/RealRain-1k-H/train/input/803.png,../raw/rain/realrain1k/RealRain-1k/RealRain-1k-H/train/target/803.png,train,rain,realrain1k_h
train/805,../raw/rain/realrain1k/RealRain-1k/RealRain-1k-H/train/input/805.png,../raw/rain/realrain1k/RealRain-1k/RealRain-1k-H/train/target/805.png,train,rain,realrain1k_h
train/806,../raw/rain/realrain1k/RealRain-1k/RealRain-1k-H/train/input/806.png,../raw/rain/realrain1k/RealRain-1k/RealRain-1k-H/train/target/806.png,train,rain,realrain1k_h
train/807,../raw/rain/realrain1k/RealRain-1k/RealRain-1k-H/train/input/807.png,../raw/rain/realrain1k/RealRain-1k/RealRain-1k-H/train/target/807.png,train,rain,realrain1k_h
train/808,../raw/rain/realrain1k/RealRain-1k/RealRain-1k-H/train/input/808.png,../raw/rain/realrain1k/RealRain-1k/RealRain-1k-H/train/target/808.png,train,rain,realrain1k_h
train/809,../raw/rain/realrain1k/RealRain-1k/RealRain-1k-H/train/input/809.png,../raw/rain/realrain1k/RealRain-1k/RealRain-1k-H/train/target/809.png,train,rain,realrain1k_h
train/81,../raw/rain/realrain1k/RealRain-1k/RealRain-1k-H/train/input/81.png,../raw/rain/realrain1k/RealRain-1k/RealRain-1k-H/train/target/81.png,train,rain,realrain1k_h
train/810,../raw/rain/realrain1k/RealRain-1k/RealRain-1k-H/train/input/810.png,../raw/rain/realrain1k/RealRain-1k/RealRain-1k-H/train/target/810.png,train,rain,realrain1k_h
train/811,../raw/rain/realrain1k/RealRain-1k/RealRain-1k-H/train/input/811.png,../raw/rain/realrain1k/RealRain-1k/RealRain-1k-H/train/target/811.png,train,rain,realrain1k_h
train/812,../raw/rain/realrain1k/RealRain-1k/RealRain-1k-H/train/input/812.png,../raw/rain/realrain1k/RealRain-1k/RealRain-1k-H/train/target/812.png,train,rain,realrain1k_h
train/816,../raw/rain/realrain1k/RealRain-1k/RealRain-1k-H/train/input/816.png,../raw/rain/realrain1k/RealRain-1k/RealRain-1k-H/train/target/816.png,train,rain,realrain1k_h
train/818,../raw/rain/realrain1k/RealRain-1k/RealRain-1k-H/train/input/818.png,../raw/rain/realrain1k/RealRain-1k/RealRain-1k-H/train/target/818.png,train,rain,realrain1k_h
train/819,../raw/rain/realrain1k/RealRain-1k/RealRain-1k-H/train/input/819.png,../raw/rain/realrain1k/RealRain-1k/RealRain-1k-H/train/target/819.png,train,rain,realrain1k_h
train/82,../raw/rain/realrain1k/RealRain-1k/RealRain-1k-H/train/input/82.png,../raw/rain/realrain1k/RealRain-1k/RealRain-1k-H/train/target/82.png,train,rain,realrain1k_h
train/820,../raw/rain/realrain1k/RealRain-1k/RealRain-1k-H/train/input/820.png,../raw/rain/realrain1k/RealRain-1k/RealRain-1k-H/train/target/820.png,train,rain,realrain1k_h
train/821,../raw/rain/realrain1k/RealRain-1k/RealRain-1k-H/train/input/821.png,../raw/rain/realrain1k/RealRain-1k/RealRain-1k-H/train/target/821.png,train,rain,realrain1k_h
train/822,../raw/rain/realrain1k/RealRain-1k/RealRain-1k-H/train/input/822.png,../raw/rain/realrain1k/RealRain-1k/RealRain-1k-H/train/target/822.png,train,rain,realrain1k_h
train/823,../raw/rain/realrain1k/RealRain-1k/RealRain-1k-H/train/input/823.png,../raw/rain/realrain1k/RealRain-1k/RealRain-1k-H/train/target/823.png,train,rain,realrain1k_h
train/824,../raw/rain/realrain1k/RealRain-1k/RealRain-1k-H/train/input/824.png,../raw/rain/realrain1k/RealRain-1k/RealRain-1k-H/train/target/824.png,train,rain,realrain1k_h
train/825,../raw/rain/realrain1k/RealRain-1k/RealRain-1k-H/train/input/825.png,../raw/rain/realrain1k/RealRain-1k/RealRain-1k-H/train/target/825.png,train,rain,realrain1k_h
train/827,../raw/rain/realrain1k/RealRain-1k/RealRain-1k-H/train/input/827.png,../raw/rain/realrain1k/RealRain-1k/RealRain-1k-H/train/target/827.png,train,rain,realrain1k_h
train/828,../raw/rain/realrain1k/RealRain-1k/RealRain-1k-H/train/input/828.png,../raw/rain/realrain1k/RealRain-1k/RealRain-1k-H/train/target/828.png,train,rain,realrain1k_h
train/829,../raw/rain/realrain1k/RealRain-1k/RealRain-1k-H/train/input/829.png,../raw/rain/realrain1k/RealRain-1k/RealRain-1k-H/train/target/829.png,train,rain,realrain1k_h
train/83,../raw/rain/realrain1k/RealRain-1k/RealRain-1k-H/train/input/83.png,../raw/rain/realrain1k/RealRain-1k/RealRain-1k-H/train/target/83.png,train,rain,realrain1k_h
train/830,../raw/rain/realrain1k/RealRain-1k/RealRain-1k-H/train/input/830.png,../raw/rain/realrain1k/RealRain-1k/RealRain-1k-H/train/target/830.png,train,rain,realrain1k_h
train/832,../raw/rain/realrain1k/RealRain-1k/RealRain-1k-H/train/input/832.png,../raw/rain/realrain1k/RealRain-1k/RealRain-1k-H/train/target/832.png,train,rain,realrain1k_h
train/833,../raw/rain/realrain1k/RealRain-1k/RealRain-1k-H/train/input/833.png,../raw/rain/realrain1k/RealRain-1k/RealRain-1k-H/train/target/833.png,train,rain,realrain1k_h
train/836,../raw/rain/realrain1k/RealRain-1k/RealRain-1k-H/train/input/836.png,../raw/rain/realrain1k/RealRain-1k/RealRain-1k-H/train/target/836.png,train,rain,realrain1k_h
train/837,../raw/rain/realrain1k/RealRain-1k/RealRain-1k-H/train/input/837.png,../raw/rain/realrain1k/RealRain-1k/RealRain-1k-H/train/target/837.png,train,rain,realrain1k_h
train/84,../raw/rain/realrain1k/RealRain-1k/RealRain-1k-H/train/input/84.png,../raw/rain/realrain1k/RealRain-1k/RealRain-1k-H/train/target/84.png,train,rain,realrain1k_h
train/841,../raw/rain/realrain1k/RealRain-1k/RealRain-1k-H/train/input/841.png,../raw/rain/realrain1k/RealRain-1k/RealRain-1k-H/train/target/841.png,train,rain,realrain1k_h
train/842,../raw/rain/realrain1k/RealRain-1k/RealRain-1k-H/train/input/842.png,../raw/rain/realrain1k/RealRain-1k/RealRain-1k-H/train/target/842.png,train,rain,realrain1k_h
train/843,../raw/rain/realrain1k/RealRain-1k/RealRain-1k-H/train/input/843.png,../raw/rain/realrain1k/RealRain-1k/RealRain-1k-H/train/target/843.png,train,rain,realrain1k_h
train/844,../raw/rain/realrain1k/RealRain-1k/RealRain-1k-H/train/input/844.png,../raw/rain/realrain1k/RealRain-1k/RealRain-1k-H/train/target/844.png,train,rain,realrain1k_h
train/846,../raw/rain/realrain1k/RealRain-1k/RealRain-1k-H/train/input/846.png,../raw/rain/realrain1k/RealRain-1k/RealRain-1k-H/train/target/846.png,train,rain,realrain1k_h
train/85,../raw/rain/realrain1k/RealRain-1k/RealRain-1k-H/train/input/85.png,../raw/rain/realrain1k/RealRain-1k/RealRain-1k-H/train/target/85.png,train,rain,realrain1k_h
train/852,../raw/rain/realrain1k/RealRain-1k/RealRain-1k-H/train/input/852.png,../raw/rain/realrain1k/RealRain-1k/RealRain-1k-H/train/target/852.png,train,rain,realrain1k_h
train/853,../raw/rain/realrain1k/RealRain-1k/RealRain-1k-H/train/input/853.png,../raw/rain/realrain1k/RealRain-1k/RealRain-1k-H/train/target/853.png,train,rain,realrain1k_h
train/854,../raw/rain/realrain1k/RealRain-1k/RealRain-1k-H/train/input/854.png,../raw/rain/realrain1k/RealRain-1k/RealRain-1k-H/train/target/854.png,train,rain,realrain1k_h
train/856,../raw/rain/realrain1k/RealRain-1k/RealRain-1k-H/train/input/856.png,../raw/rain/realrain1k/RealRain-1k/RealRain-1k-H/train/target/856.png,train,rain,realrain1k_h
train/857,../raw/rain/realrain1k/RealRain-1k/RealRain-1k-H/train/input/857.png,../raw/rain/realrain1k/RealRain-1k/RealRain-1k-H/train/target/857.png,train,rain,realrain1k_h
train/858,../raw/rain/realrain1k/RealRain-1k/RealRain-1k-H/train/input/858.png,../raw/rain/realrain1k/RealRain-1k/RealRain-1k-H/train/target/858.png,train,rain,realrain1k_h
train/86,../raw/rain/realrain1k/RealRain-1k/RealRain-1k-H/train/input/86.png,../raw/rain/realrain1k/RealRain-1k/RealRain-1k-H/train/target/86.png,train,rain,realrain1k_h
train/860,../raw/rain/realrain1k/RealRain-1k/RealRain-1k-H/train/input/860.png,../raw/rain/realrain1k/RealRain-1k/RealRain-1k-H/train/target/860.png,train,rain,realrain1k_h
train/861,../raw/rain/realrain1k/RealRain-1k/RealRain-1k-H/train/input/861.png,../raw/rain/realrain1k/RealRain-1k/RealRain-1k-H/train/target/861.png,train,rain,realrain1k_h
train/866,../raw/rain/realrain1k/RealRain-1k/RealRain-1k-H/train/input/866.png,../raw/rain/realrain1k/RealRain-1k/RealRain-1k-H/train/target/866.png,train,rain,realrain1k_h
train/867,../raw/rain/realrain1k/RealRain-1k/RealRain-1k-H/train/input/867.png,../raw/rain/realrain1k/RealRain-1k/RealRain-1k-H/train/target/867.png,train,rain,realrain1k_h
train/868,../raw/rain/realrain1k/RealRain-1k/RealRain-1k-H/train/input/868.png,../raw/rain/realrain1k/RealRain-1k/RealRain-1k-H/train/target/868.png,train,rain,realrain1k_h
train/869,../raw/rain/realrain1k/RealRain-1k/RealRain-1k-H/train/input/869.png,../raw/rain/realrain1k/RealRain-1k/RealRain-1k-H/train/target/869.png,train,rain,realrain1k_h
train/870,../raw/rain/realrain1k/RealRain-1k/RealRain-1k-H/train/input/870.png,../raw/rain/realrain1k/RealRain-1k/RealRain-1k-H/train/target/870.png,train,rain,realrain1k_h
train/871,../raw/rain/realrain1k/RealRain-1k/RealRain-1k-H/train/input/871.png,../raw/rain/realrain1k/RealRain-1k/RealRain-1k-H/train/target/871.png,train,rain,realrain1k_h
train/873,../raw/rain/realrain1k/RealRain-1k/RealRain-1k-H/train/input/873.png,../raw/rain/realrain1k/RealRain-1k/RealRain-1k-H/train/target/873.png,train,rain,realrain1k_h
train/875,../raw/rain/realrain1k/RealRain-1k/RealRain-1k-H/train/input/875.png,../raw/rain/realrain1k/RealRain-1k/RealRain-1k-H/train/target/875.png,train,rain,realrain1k_h
train/876,../raw/rain/realrain1k/RealRain-1k/RealRain-1k-H/train/input/876.png,../raw/rain/realrain1k/RealRain-1k/RealRain-1k-H/train/target/876.png,train,rain,realrain1k_h
train/878,../raw/rain/realrain1k/RealRain-1k/RealRain-1k-H/train/input/878.png,../raw/rain/realrain1k/RealRain-1k/RealRain-1k-H/train/target/878.png,train,rain,realrain1k_h
train/879,../raw/rain/realrain1k/RealRain-1k/RealRain-1k-H/train/input/879.png,../raw/rain/realrain1k/RealRain-1k/RealRain-1k-H/train/target/879.png,train,rain,realrain1k_h
train/880,../raw/rain/realrain1k/RealRain-1k/RealRain-1k-H/train/input/880.png,../raw/rain/realrain1k/RealRain-1k/RealRain-1k-H/train/target/880.png,train,rain,realrain1k_h
train/881,../raw/rain/realrain1k/RealRain-1k/RealRain-1k-H/train/input/881.png,../raw/rain/realrain1k/RealRain-1k/RealRain-1k-H/train/target/881.png,train,rain,realrain1k_h
train/886,../raw/rain/realrain1k/RealRain-1k/RealRain-1k-H/train/input/886.png,../raw/rain/realrain1k/RealRain-1k/RealRain-1k-H/train/target/886.png,train,rain,realrain1k_h
train/887,../raw/rain/realrain1k/RealRain-1k/RealRain-1k-H/train/input/887.png,../raw/rain/realrain1k/RealRain-1k/RealRain-1k-H/train/target/887.png,train,rain,realrain1k_h
train/888,../raw/rain/realrain1k/RealRain-1k/RealRain-1k-H/train/input/888.png,../raw/rain/realrain1k/RealRain-1k/RealRain-1k-H/train/target/888.png,train,rain,realrain1k_h
train/889,../raw/rain/realrain1k/RealRain-1k/RealRain-1k-H/train/input/889.png,../raw/rain/realrain1k/RealRain-1k/RealRain-1k-H/train/target/889.png,train,rain,realrain1k_h
train/89,../raw/rain/realrain1k/RealRain-1k/RealRain-1k-H/train/input/89.png,../raw/rain/realrain1k/RealRain-1k/RealRain-1k-H/train/target/89.png,train,rain,realrain1k_h
train/890,../raw/rain/realrain1k/RealRain-1k/RealRain-1k-H/train/input/890.png,../raw/rain/realrain1k/RealRain-1k/RealRain-1k-H/train/target/890.png,train,rain,realrain1k_h
train/891,../raw/rain/realrain1k/RealRain-1k/RealRain-1k-H/train/input/891.png,../raw/rain/realrain1k/RealRain-1k/RealRain-1k-H/train/target/891.png,train,rain,realrain1k_h
train/892,../raw/rain/realrain1k/RealRain-1k/RealRain-1k-H/train/input/892.png,../raw/rain/realrain1k/RealRain-1k/RealRain-1k-H/train/target/892.png,train,rain,realrain1k_h
train/893,../raw/rain/realrain1k/RealRain-1k/RealRain-1k-H/train/input/893.png,../raw/rain/realrain1k/RealRain-1k/RealRain-1k-H/train/target/893.png,train,rain,realrain1k_h
train/894,../raw/rain/realrain1k/RealRain-1k/RealRain-1k-H/train/input/894.png,../raw/rain/realrain1k/RealRain-1k/RealRain-1k-H/train/target/894.png,train,rain,realrain1k_h
train/895,../raw/rain/realrain1k/RealRain-1k/RealRain-1k-H/train/input/895.png,../raw/rain/realrain1k/RealRain-1k/RealRain-1k-H/train/target/895.png,train,rain,realrain1k_h
train/896,../raw/rain/realrain1k/RealRain-1k/RealRain-1k-H/train/input/896.png,../raw/rain/realrain1k/RealRain-1k/RealRain-1k-H/train/target/896.png,train,rain,realrain1k_h
train/897,../raw/rain/realrain1k/RealRain-1k/RealRain-1k-H/train/input/897.png,../raw/rain/realrain1k/RealRain-1k/RealRain-1k-H/train/target/897.png,train,rain,realrain1k_h
train/898,../raw/rain/realrain1k/RealRain-1k/RealRain-1k-H/train/input/898.png,../raw/rain/realrain1k/RealRain-1k/RealRain-1k-H/train/target/898.png,train,rain,realrain1k_h
train/899,../raw/rain/realrain1k/RealRain-1k/RealRain-1k-H/train/input/899.png,../raw/rain/realrain1k/RealRain-1k/RealRain-1k-H/train/target/899.png,train,rain,realrain1k_h
train/90,../raw/rain/realrain1k/RealRain-1k/RealRain-1k-H/train/input/90.png,../raw/rain/realrain1k/RealRain-1k/RealRain-1k-H/train/target/90.png,train,rain,realrain1k_h
train/901,../raw/rain/realrain1k/RealRain-1k/RealRain-1k-H/train/input/901.png,../raw/rain/realrain1k/RealRain-1k/RealRain-1k-H/train/target/901.png,train,rain,realrain1k_h
train/902,../raw/rain/realrain1k/RealRain-1k/RealRain-1k-H/train/input/902.png,../raw/rain/realrain1k/RealRain-1k/RealRain-1k-H/train/target/902.png,train,rain,realrain1k_h
train/903,../raw/rain/realrain1k/RealRain-1k/RealRain-1k-H/train/input/903.png,../raw/rain/realrain1k/RealRain-1k/RealRain-1k-H/train/target/903.png,train,rain,realrain1k_h
train/904,../raw/rain/realrain1k/RealRain-1k/RealRain-1k-H/train/input/904.png,../raw/rain/realrain1k/RealRain-1k/RealRain-1k-H/train/target/904.png,train,rain,realrain1k_h
train/906,../raw/rain/realrain1k/RealRain-1k/RealRain-1k-H/train/input/906.png,../raw/rain/realrain1k/RealRain-1k/RealRain-1k-H/train/target/906.png,train,rain,realrain1k_h
train/908,../raw/rain/realrain1k/RealRain-1k/RealRain-1k-H/train/input/908.png,../raw/rain/realrain1k/RealRain-1k/RealRain-1k-H/train/target/908.png,train,rain,realrain1k_h
train/91,../raw/rain/realrain1k/RealRain-1k/RealRain-1k-H/train/input/91.png,../raw/rain/realrain1k/RealRain-1k/RealRain-1k-H/train/target/91.png,train,rain,realrain1k_h
train/910,../raw/rain/realrain1k/RealRain-1k/RealRain-1k-H/train/input/910.png,../raw/rain/realrain1k/RealRain-1k/RealRain-1k-H/train/target/910.png,train,rain,realrain1k_h
train/911,../raw/rain/realrain1k/RealRain-1k/RealRain-1k-H/train/input/911.png,../raw/rain/realrain1k/RealRain-1k/RealRain-1k-H/train/target/911.png,train,rain,realrain1k_h
train/912,../raw/rain/realrain1k/RealRain-1k/RealRain-1k-H/train/input/912.png,../raw/rain/realrain1k/RealRain-1k/RealRain-1k-H/train/target/912.png,train,rain,realrain1k_h
train/913,../raw/rain/realrain1k/RealRain-1k/RealRain-1k-H/train/input/913.png,../raw/rain/realrain1k/RealRain-1k/RealRain-1k-H/train/target/913.png,train,rain,realrain1k_h
train/914,../raw/rain/realrain1k/RealRain-1k/RealRain-1k-H/train/input/914.png,../raw/rain/realrain1k/RealRain-1k/RealRain-1k-H/train/target/914.png,train,rain,realrain1k_h
train/915,../raw/rain/realrain1k/RealRain-1k/RealRain-1k-H/train/input/915.png,../raw/rain/realrain1k/RealRain-1k/RealRain-1k-H/train/target/915.png,train,rain,realrain1k_h
train/916,../raw/rain/realrain1k/RealRain-1k/RealRain-1k-H/train/input/916.png,../raw/rain/realrain1k/RealRain-1k/RealRain-1k-H/train/target/916.png,train,rain,realrain1k_h
train/917,../raw/rain/realrain1k/RealRain-1k/RealRain-1k-H/train/input/917.png,../raw/rain/realrain1k/RealRain-1k/RealRain-1k-H/train/target/917.png,train,rain,realrain1k_h
train/918,../raw/rain/realrain1k/RealRain-1k/RealRain-1k-H/train/input/918.png,../raw/rain/realrain1k/RealRain-1k/RealRain-1k-H/train/target/918.png,train,rain,realrain1k_h
train/919,../raw/rain/realrain1k/RealRain-1k/RealRain-1k-H/train/input/919.png,../raw/rain/realrain1k/RealRain-1k/RealRain-1k-H/train/target/919.png,train,rain,realrain1k_h
train/920,../raw/rain/realrain1k/RealRain-1k/RealRain-1k-H/train/input/920.png,../raw/rain/realrain1k/RealRain-1k/RealRain-1k-H/train/target/920.png,train,rain,realrain1k_h
train/921,../raw/rain/realrain1k/RealRain-1k/RealRain-1k-H/train/input/921.png,../raw/rain/realrain1k/RealRain-1k/RealRain-1k-H/train/target/921.png,train,rain,realrain1k_h
train/923,../raw/rain/realrain1k/RealRain-1k/RealRain-1k-H/train/input/923.png,../raw/rain/realrain1k/RealRain-1k/RealRain-1k-H/train/target/923.png,train,rain,realrain1k_h
train/924,../raw/rain/realrain1k/RealRain-1k/RealRain-1k-H/train/input/924.png,../raw/rain/realrain1k/RealRain-1k/RealRain-1k-H/train/target/924.png,train,rain,realrain1k_h
train/925,../raw/rain/realrain1k/RealRain-1k/RealRain-1k-H/train/input/925.png,../raw/rain/realrain1k/RealRain-1k/RealRain-1k-H/train/target/925.png,train,rain,realrain1k_h
train/926,../raw/rain/realrain1k/RealRain-1k/RealRain-1k-H/train/input/926.png,../raw/rain/realrain1k/RealRain-1k/RealRain-1k-H/train/target/926.png,train,rain,realrain1k_h
train/927,../raw/rain/realrain1k/RealRain-1k/RealRain-1k-H/train/input/927.png,../raw/rain/realrain1k/RealRain-1k/RealRain-1k-H/train/target/927.png,train,rain,realrain1k_h
train/928,../raw/rain/realrain1k/RealRain-1k/RealRain-1k-H/train/input/928.png,../raw/rain/realrain1k/RealRain-1k/RealRain-1k-H/train/target/928.png,train,rain,realrain1k_h
train/929,../raw/rain/realrain1k/RealRain-1k/RealRain-1k-H/train/input/929.png,../raw/rain/realrain1k/RealRain-1k/RealRain-1k-H/train/target/929.png,train,rain,realrain1k_h
train/93,../raw/rain/realrain1k/RealRain-1k/RealRain-1k-H/train/input/93.png,../raw/rain/realrain1k/RealRain-1k/RealRain-1k-H/train/target/93.png,train,rain,realrain1k_h
train/930,../raw/rain/realrain1k/RealRain-1k/RealRain-1k-H/train/input/930.png,../raw/rain/realrain1k/RealRain-1k/RealRain-1k-H/train/target/930.png,train,rain,realrain1k_h
train/931,../raw/rain/realrain1k/RealRain-1k/RealRain-1k-H/train/input/931.png,../raw/rain/realrain1k/RealRain-1k/RealRain-1k-H/train/target/931.png,train,rain,realrain1k_h
train/932,../raw/rain/realrain1k/RealRain-1k/RealRain-1k-H/train/input/932.png,../raw/rain/realrain1k/RealRain-1k/RealRain-1k-H/train/target/932.png,train,rain,realrain1k_h
train/934,../raw/rain/realrain1k/RealRain-1k/RealRain-1k-H/train/input/934.png,../raw/rain/realrain1k/RealRain-1k/RealRain-1k-H/train/target/934.png,train,rain,realrain1k_h
train/935,../raw/rain/realrain1k/RealRain-1k/RealRain-1k-H/train/input/935.png,../raw/rain/realrain1k/RealRain-1k/RealRain-1k-H/train/target/935.png,train,rain,realrain1k_h
train/936,../raw/rain/realrain1k/RealRain-1k/RealRain-1k-H/train/input/936.png,../raw/rain/realrain1k/RealRain-1k/RealRain-1k-H/train/target/936.png,train,rain,realrain1k_h
train/937,../raw/rain/realrain1k/RealRain-1k/RealRain-1k-H/train/input/937.png,../raw/rain/realrain1k/RealRain-1k/RealRain-1k-H/train/target/937.png,train,rain,realrain1k_h
train/938,../raw/rain/realrain1k/RealRain-1k/RealRain-1k-H/train/input/938.png,../raw/rain/realrain1k/RealRain-1k/RealRain-1k-H/train/target/938.png,train,rain,realrain1k_h
train/940,../raw/rain/realrain1k/RealRain-1k/RealRain-1k-H/train/input/940.png,../raw/rain/realrain1k/RealRain-1k/RealRain-1k-H/train/target/940.png,train,rain,realrain1k_h
train/942,../raw/rain/realrain1k/RealRain-1k/RealRain-1k-H/train/input/942.png,../raw/rain/realrain1k/RealRain-1k/RealRain-1k-H/train/target/942.png,train,rain,realrain1k_h
train/943,../raw/rain/realrain1k/RealRain-1k/RealRain-1k-H/train/input/943.png,../raw/rain/realrain1k/RealRain-1k/RealRain-1k-H/train/target/943.png,train,rain,realrain1k_h
train/945,../raw/rain/realrain1k/RealRain-1k/RealRain-1k-H/train/input/945.png,../raw/rain/realrain1k/RealRain-1k/RealRain-1k-H/train/target/945.png,train,rain,realrain1k_h
train/948,../raw/rain/realrain1k/RealRain-1k/RealRain-1k-H/train/input/948.png,../raw/rain/realrain1k/RealRain-1k/RealRain-1k-H/train/target/948.png,train,rain,realrain1k_h
train/949,../raw/rain/realrain1k/RealRain-1k/RealRain-1k-H/train/input/949.png,../raw/rain/realrain1k/RealRain-1k/RealRain-1k-H/train/target/949.png,train,rain,realrain1k_h
train/951,../raw/rain/realrain1k/RealRain-1k/RealRain-1k-H/train/input/951.png,../raw/rain/realrain1k/RealRain-1k/RealRain-1k-H/train/target/951.png,train,rain,realrain1k_h
train/954,../raw/rain/realrain1k/RealRain-1k/RealRain-1k-H/train/input/954.png,../raw/rain/realrain1k/RealRain-1k/RealRain-1k-H/train/target/954.png,train,rain,realrain1k_h
train/955,../raw/rain/realrain1k/RealRain-1k/RealRain-1k-H/train/input/955.png,../raw/rain/realrain1k/RealRain-1k/RealRain-1k-H/train/target/955.png,train,rain,realrain1k_h
train/956,../raw/rain/realrain1k/RealRain-1k/RealRain-1k-H/train/input/956.png,../raw/rain/realrain1k/RealRain-1k/RealRain-1k-H/train/target/956.png,train,rain,realrain1k_h
train/958,../raw/rain/realrain1k/RealRain-1k/RealRain-1k-H/train/input/958.png,../raw/rain/realrain1k/RealRain-1k/RealRain-1k-H/train/target/958.png,train,rain,realrain1k_h
train/961,../raw/rain/realrain1k/RealRain-1k/RealRain-1k-H/train/input/961.png,../raw/rain/realrain1k/RealRain-1k/RealRain-1k-H/train/target/961.png,train,rain,realrain1k_h
train/962,../raw/rain/realrain1k/RealRain-1k/RealRain-1k-H/train/input/962.png,../raw/rain/realrain1k/RealRain-1k/RealRain-1k-H/train/target/962.png,train,rain,realrain1k_h
train/963,../raw/rain/realrain1k/RealRain-1k/RealRain-1k-H/train/input/963.png,../raw/rain/realrain1k/RealRain-1k/RealRain-1k-H/train/target/963.png,train,rain,realrain1k_h
train/964,../raw/rain/realrain1k/RealRain-1k/RealRain-1k-H/train/input/964.png,../raw/rain/realrain1k/RealRain-1k/RealRain-1k-H/train/target/964.png,train,rain,realrain1k_h
train/965,../raw/rain/realrain1k/RealRain-1k/RealRain-1k-H/train/input/965.png,../raw/rain/realrain1k/RealRain-1k/RealRain-1k-H/train/target/965.png,train,rain,realrain1k_h
train/966,../raw/rain/realrain1k/RealRain-1k/RealRain-1k-H/train/input/966.png,../raw/rain/realrain1k/RealRain-1k/RealRain-1k-H/train/target/966.png,train,rain,realrain1k_h
train/967,../raw/rain/realrain1k/RealRain-1k/RealRain-1k-H/train/input/967.png,../raw/rain/realrain1k/RealRain-1k/RealRain-1k-H/train/target/967.png,train,rain,realrain1k_h
train/968,../raw/rain/realrain1k/RealRain-1k/RealRain-1k-H/train/input/968.png,../raw/rain/realrain1k/RealRain-1k/RealRain-1k-H/train/target/968.png,train,rain,realrain1k_h
train/97,../raw/rain/realrain1k/RealRain-1k/RealRain-1k-H/train/input/97.png,../raw/rain/realrain1k/RealRain-1k/RealRain-1k-H/train/target/97.png,train,rain,realrain1k_h
train/970,../raw/rain/realrain1k/RealRain-1k/RealRain-1k-H/train/input/970.png,../raw/rain/realrain1k/RealRain-1k/RealRain-1k-H/train/target/970.png,train,rain,realrain1k_h
train/971,../raw/rain/realrain1k/RealRain-1k/RealRain-1k-H/train/input/971.png,../raw/rain/realrain1k/RealRain-1k/RealRain-1k-H/train/target/971.png,train,rain,realrain1k_h
train/972,../raw/rain/realrain1k/RealRain-1k/RealRain-1k-H/train/input/972.png,../raw/rain/realrain1k/RealRain-1k/RealRain-1k-H/train/target/972.png,train,rain,realrain1k_h
train/973,../raw/rain/realrain1k/RealRain-1k/RealRain-1k-H/train/input/973.png,../raw/rain/realrain1k/RealRain-1k/RealRain-1k-H/train/target/973.png,train,rain,realrain1k_h
train/974,../raw/rain/realrain1k/RealRain-1k/RealRain-1k-H/train/input/974.png,../raw/rain/realrain1k/RealRain-1k/RealRain-1k-H/train/target/974.png,train,rain,realrain1k_h
train/975,../raw/rain/realrain1k/RealRain-1k/RealRain-1k-H/train/input/975.png,../raw/rain/realrain1k/RealRain-1k/RealRain-1k-H/train/target/975.png,train,rain,realrain1k_h
train/976,../raw/rain/realrain1k/RealRain-1k/RealRain-1k-H/train/input/976.png,../raw/rain/realrain1k/RealRain-1k/RealRain-1k-H/train/target/976.png,train,rain,realrain1k_h
train/977,../raw/rain/realrain1k/RealRain-1k/RealRain-1k-H/train/input/977.png,../raw/rain/realrain1k/RealRain-1k/RealRain-1k-H/train/target/977.png,train,rain,realrain1k_h
train/979,../raw/rain/realrain1k/RealRain-1k/RealRain-1k-H/train/input/979.png,../raw/rain/realrain1k/RealRain-1k/RealRain-1k-H/train/target/979.png,train,rain,realrain1k_h
train/98,../raw/rain/realrain1k/RealRain-1k/RealRain-1k-H/train/input/98.png,../raw/rain/realrain1k/RealRain-1k/RealRain-1k-H/train/target/98.png,train,rain,realrain1k_h
train/980,../raw/rain/realrain1k/RealRain-1k/RealRain-1k-H/train/input/980.png,../raw/rain/realrain1k/RealRain-1k/RealRain-1k-H/train/target/980.png,train,rain,realrain1k_h
train/981,../raw/rain/realrain1k/RealRain-1k/RealRain-1k-H/train/input/981.png,../raw/rain/realrain1k/RealRain-1k/RealRain-1k-H/train/target/981.png,train,rain,realrain1k_h
train/982,../raw/rain/realrain1k/RealRain-1k/RealRain-1k-H/train/input/982.png,../raw/rain/realrain1k/RealRain-1k/RealRain-1k-H/train/target/982.png,train,rain,realrain1k_h
train/983,../raw/rain/realrain1k/RealRain-1k/RealRain-1k-H/train/input/983.png,../raw/rain/realrain1k/RealRain-1k/RealRain-1k-H/train/target/983.png,train,rain,realrain1k_h
train/984,../raw/rain/realrain1k/RealRain-1k/RealRain-1k-H/train/input/984.png,../raw/rain/realrain1k/RealRain-1k/RealRain-1k-H/train/target/984.png,train,rain,realrain1k_h
train/985,../raw/rain/realrain1k/RealRain-1k/RealRain-1k-H/train/input/985.png,../raw/rain/realrain1k/RealRain-1k/RealRain-1k-H/train/target/985.png,train,rain,realrain1k_h
train/986,../raw/rain/realrain1k/RealRain-1k/RealRain-1k-H/train/input/986.png,../raw/rain/realrain1k/RealRain-1k/RealRain-1k-H/train/target/986.png,train,rain,realrain1k_h
train/987,../raw/rain/realrain1k/RealRain-1k/RealRain-1k-H/train/input/987.png,../raw/rain/realrain1k/RealRain-1k/RealRain-1k-H/train/target/987.png,train,rain,realrain1k_h
train/988,../raw/rain/realrain1k/RealRain-1k/RealRain-1k-H/train/input/988.png,../raw/rain/realrain1k/RealRain-1k/RealRain-1k-H/train/target/988.png,train,rain,realrain1k_h
train/989,../raw/rain/realrain1k/RealRain-1k/RealRain-1k-H/train/input/989.png,../raw/rain/realrain1k/RealRain-1k/RealRain-1k-H/train/target/989.png,train,rain,realrain1k_h
train/99,../raw/rain/realrain1k/RealRain-1k/RealRain-1k-H/train/input/99.png,../raw/rain/realrain1k/RealRain-1k/RealRain-1k-H/train/target/99.png,train,rain,realrain1k_h
train/990,../raw/rain/realrain1k/RealRain-1k/RealRain-1k-H/train/input/990.png,../raw/rain/realrain1k/RealRain-1k/RealRain-1k-H/train/target/990.png,train,rain,realrain1k_h
train/991,../raw/rain/realrain1k/RealRain-1k/RealRain-1k-H/train/input/991.png,../raw/rain/realrain1k/RealRain-1k/RealRain-1k-H/train/target/991.png,train,rain,realrain1k_h
train/992,../raw/rain/realrain1k/RealRain-1k/RealRain-1k-H/train/input/992.png,../raw/rain/realrain1k/RealRain-1k/RealRain-1k-H/train/target/992.png,train,rain,realrain1k_h
train/993,../raw/rain/realrain1k/RealRain-1k/RealRain-1k-H/train/input/993.png,../raw/rain/realrain1k/RealRain-1k/RealRain-1k-H/train/target/993.png,train,rain,realrain1k_h
train/996,../raw/rain/realrain1k/RealRain-1k/RealRain-1k-H/train/input/996.png,../raw/rain/realrain1k/RealRain-1k/RealRain-1k-H/train/target/996.png,train,rain,realrain1k_h
train/997,../raw/rain/realrain1k/RealRain-1k/RealRain-1k-H/train/input/997.png,../raw/rain/realrain1k/RealRain-1k/RealRain-1k-H/train/target/997.png,train,rain,realrain1k_h
train/998,../raw/rain/realrain1k/RealRain-1k/RealRain-1k-H/train/input/998.png,../raw/rain/realrain1k/RealRain-1k/RealRain-1k-H/train/target/998.png,train,rain,realrain1k_h
train/999,../raw/rain/realrain1k/RealRain-1k/RealRain-1k-H/train/input/999.png,../raw/rain/realrain1k/RealRain-1k/RealRain-1k-H/train/target/999.png,train,rain,realrain1k_h
validation/1007,../raw/rain/realrain1k/RealRain-1k/RealRain-1k-H/validation/input/1007.png,../raw/rain/realrain1k/RealRain-1k/RealRain-1k-H/validation/target/1007.png,val,rain,realrain1k_h
validation/1026,../raw/rain/realrain1k/RealRain-1k/RealRain-1k-H/validation/input/1026.png,../raw/rain/realrain1k/RealRain-1k/RealRain-1k-H/validation/target/1026.png,val,rain,realrain1k_h
validation/1043,../raw/rain/realrain1k/RealRain-1k/RealRain-1k-H/validation/input/1043.png,../raw/rain/realrain1k/RealRain-1k/RealRain-1k-H/validation/target/1043.png,val,rain,realrain1k_h
validation/108,../raw/rain/realrain1k/RealRain-1k/RealRain-1k-H/validation/input/108.png,../raw/rain/realrain1k/RealRain-1k/RealRain-1k-H/validation/target/108.png,val,rain,realrain1k_h
validation/1089,../raw/rain/realrain1k/RealRain-1k/RealRain-1k-H/validation/input/1089.png,../raw/rain/realrain1k/RealRain-1k/RealRain-1k-H/validation/target/1089.png,val,rain,realrain1k_h
validation/109,../raw/rain/realrain1k/RealRain-1k/RealRain-1k-H/validation/input/109.png,../raw/rain/realrain1k/RealRain-1k/RealRain-1k-H/validation/target/109.png,val,rain,realrain1k_h
validation/1092,../raw/rain/realrain1k/RealRain-1k/RealRain-1k-H/validation/input/1092.png,../raw/rain/realrain1k/RealRain-1k/RealRain-1k-H/validation/target/1092.png,val,rain,realrain1k_h
validation/1095,../raw/rain/realrain1k/RealRain-1k/RealRain-1k-H/validation/input/1095.png,../raw/rain/realrain1k/RealRain-1k/RealRain-1k-H/validation/target/1095.png,val,rain,realrain1k_h
validation/11,../raw/rain/realrain1k/RealRain-1k/RealRain-1k-H/validation/input/11.png,../raw/rain/realrain1k/RealRain-1k/RealRain-1k-H/validation/target/11.png,val,rain,realrain1k_h
validation/1110,../raw/rain/realrain1k/RealRain-1k/RealRain-1k-H/validation/input/1110.png,../raw/rain/realrain1k/RealRain-1k/RealRain-1k-H/validation/target/1110.png,val,rain,realrain1k_h
validation/1114,../raw/rain/realrain1k/RealRain-1k/RealRain-1k-H/validation/input/1114.png,../raw/rain/realrain1k/RealRain-1k/RealRain-1k-H/validation/target/1114.png,val,rain,realrain1k_h
validation/116,../raw/rain/realrain1k/RealRain-1k/RealRain-1k-H/validation/input/116.png,../raw/rain/realrain1k/RealRain-1k/RealRain-1k-H/validation/target/116.png,val,rain,realrain1k_h
validation/117,../raw/rain/realrain1k/RealRain-1k/RealRain-1k-H/validation/input/117.png,../raw/rain/realrain1k/RealRain-1k/RealRain-1k-H/validation/target/117.png,val,rain,realrain1k_h
validation/135,../raw/rain/realrain1k/RealRain-1k/RealRain-1k-H/validation/input/135.png,../raw/rain/realrain1k/RealRain-1k/RealRain-1k-H/validation/target/135.png,val,rain,realrain1k_h
validation/138,../raw/rain/realrain1k/RealRain-1k/RealRain-1k-H/validation/input/138.png,../raw/rain/realrain1k/RealRain-1k/RealRain-1k-H/validation/target/138.png,val,rain,realrain1k_h
validation/156,../raw/rain/realrain1k/RealRain-1k/RealRain-1k-H/validation/input/156.png,../raw/rain/realrain1k/RealRain-1k/RealRain-1k-H/validation/target/156.png,val,rain,realrain1k_h
validation/157,../raw/rain/realrain1k/RealRain-1k/RealRain-1k-H/validation/input/157.png,../raw/rain/realrain1k/RealRain-1k/RealRain-1k-H/validation/target/157.png,val,rain,realrain1k_h
validation/183,../raw/rain/realrain1k/RealRain-1k/RealRain-1k-H/validation/input/183.png,../raw/rain/realrain1k/RealRain-1k/RealRain-1k-H/validation/target/183.png,val,rain,realrain1k_h
validation/186,../raw/rain/realrain1k/RealRain-1k/RealRain-1k-H/validation/input/186.png,../raw/rain/realrain1k/RealRain-1k/RealRain-1k-H/validation/target/186.png,val,rain,realrain1k_h
validation/190,../raw/rain/realrain1k/RealRain-1k/RealRain-1k-H/validation/input/190.png,../raw/rain/realrain1k/RealRain-1k/RealRain-1k-H/validation/target/190.png,val,rain,realrain1k_h
validation/192,../raw/rain/realrain1k/RealRain-1k/RealRain-1k-H/validation/input/192.png,../raw/rain/realrain1k/RealRain-1k/RealRain-1k-H/validation/target/192.png,val,rain,realrain1k_h
validation/21,../raw/rain/realrain1k/RealRain-1k/RealRain-1k-H/validation/input/21.png,../raw/rain/realrain1k/RealRain-1k/RealRain-1k-H/validation/target/21.png,val,rain,realrain1k_h
validation/24,../raw/rain/realrain1k/RealRain-1k/RealRain-1k-H/validation/input/24.png,../raw/rain/realrain1k/RealRain-1k/RealRain-1k-H/validation/target/24.png,val,rain,realrain1k_h
validation/260,../raw/rain/realrain1k/RealRain-1k/RealRain-1k-H/validation/input/260.png,../raw/rain/realrain1k/RealRain-1k/RealRain-1k-H/validation/target/260.png,val,rain,realrain1k_h
validation/265,../raw/rain/realrain1k/RealRain-1k/RealRain-1k-H/validation/input/265.png,../raw/rain/realrain1k/RealRain-1k/RealRain-1k-H/validation/target/265.png,val,rain,realrain1k_h
validation/269,../raw/rain/realrain1k/RealRain-1k/RealRain-1k-H/validation/input/269.png,../raw/rain/realrain1k/RealRain-1k/RealRain-1k-H/validation/target/269.png,val,rain,realrain1k_h
validation/29,../raw/rain/realrain1k/RealRain-1k/RealRain-1k-H/validation/input/29.png,../raw/rain/realrain1k/RealRain-1k/RealRain-1k-H/validation/target/29.png,val,rain,realrain1k_h
validation/3,../raw/rain/realrain1k/RealRain-1k/RealRain-1k-H/validation/input/3.png,../raw/rain/realrain1k/RealRain-1k/RealRain-1k-H/validation/target/3.png,val,rain,realrain1k_h
validation/355,../raw/rain/realrain1k/RealRain-1k/RealRain-1k-H/validation/input/355.png,../raw/rain/realrain1k/RealRain-1k/RealRain-1k-H/validation/target/355.png,val,rain,realrain1k_h
validation/363,../raw/rain/realrain1k/RealRain-1k/RealRain-1k-H/validation/input/363.png,../raw/rain/realrain1k/RealRain-1k/RealRain-1k-H/validation/target/363.png,val,rain,realrain1k_h
validation/387,../raw/rain/realrain1k/RealRain-1k/RealRain-1k-H/validation/input/387.png,../raw/rain/realrain1k/RealRain-1k/RealRain-1k-H/validation/target/387.png,val,rain,realrain1k_h
validation/406,../raw/rain/realrain1k/RealRain-1k/RealRain-1k-H/validation/input/406.png,../raw/rain/realrain1k/RealRain-1k/RealRain-1k-H/validation/target/406.png,val,rain,realrain1k_h
validation/408,../raw/rain/realrain1k/RealRain-1k/RealRain-1k-H/validation/input/408.png,../raw/rain/realrain1k/RealRain-1k/RealRain-1k-H/validation/target/408.png,val,rain,realrain1k_h
validation/409,../raw/rain/realrain1k/RealRain-1k/RealRain-1k-H/validation/input/409.png,../raw/rain/realrain1k/RealRain-1k/RealRain-1k-H/validation/target/409.png,val,rain,realrain1k_h
validation/423,../raw/rain/realrain1k/RealRain-1k/RealRain-1k-H/validation/input/423.png,../raw/rain/realrain1k/RealRain-1k/RealRain-1k-H/validation/target/423.png,val,rain,realrain1k_h
validation/428,../raw/rain/realrain1k/RealRain-1k/RealRain-1k-H/validation/input/428.png,../raw/rain/realrain1k/RealRain-1k/RealRain-1k-H/validation/target/428.png,val,rain,realrain1k_h
validation/430,../raw/rain/realrain1k/RealRain-1k/RealRain-1k-H/validation/input/430.png,../raw/rain/realrain1k/RealRain-1k/RealRain-1k-H/validation/target/430.png,val,rain,realrain1k_h
validation/431,../raw/rain/realrain1k/RealRain-1k/RealRain-1k-H/validation/input/431.png,../raw/rain/realrain1k/RealRain-1k/RealRain-1k-H/validation/target/431.png,val,rain,realrain1k_h
validation/432,../raw/rain/realrain1k/RealRain-1k/RealRain-1k-H/validation/input/432.png,../raw/rain/realrain1k/RealRain-1k/RealRain-1k-H/validation/target/432.png,val,rain,realrain1k_h
validation/435,../raw/rain/realrain1k/RealRain-1k/RealRain-1k-H/validation/input/435.png,../raw/rain/realrain1k/RealRain-1k/RealRain-1k-H/validation/target/435.png,val,rain,realrain1k_h
validation/443,../raw/rain/realrain1k/RealRain-1k/RealRain-1k-H/validation/input/443.png,../raw/rain/realrain1k/RealRain-1k/RealRain-1k-H/validation/target/443.png,val,rain,realrain1k_h
validation/444,../raw/rain/realrain1k/RealRain-1k/RealRain-1k-H/validation/input/444.png,../raw/rain/realrain1k/RealRain-1k/RealRain-1k-H/validation/target/444.png,val,rain,realrain1k_h
validation/470,../raw/rain/realrain1k/RealRain-1k/RealRain-1k-H/validation/input/470.png,../raw/rain/realrain1k/RealRain-1k/RealRain-1k-H/validation/target/470.png,val,rain,realrain1k_h
validation/482,../raw/rain/realrain1k/RealRain-1k/RealRain-1k-H/validation/input/482.png,../raw/rain/realrain1k/RealRain-1k/RealRain-1k-H/validation/target/482.png,val,rain,realrain1k_h
validation/484,../raw/rain/realrain1k/RealRain-1k/RealRain-1k-H/validation/input/484.png,../raw/rain/realrain1k/RealRain-1k/RealRain-1k-H/validation/target/484.png,val,rain,realrain1k_h
validation/496,../raw/rain/realrain1k/RealRain-1k/RealRain-1k-H/validation/input/496.png,../raw/rain/realrain1k/RealRain-1k/RealRain-1k-H/validation/target/496.png,val,rain,realrain1k_h
validation/5,../raw/rain/realrain1k/RealRain-1k/RealRain-1k-H/validation/input/5.png,../raw/rain/realrain1k/RealRain-1k/RealRain-1k-H/validation/target/5.png,val,rain,realrain1k_h
validation/508,../raw/rain/realrain1k/RealRain-1k/RealRain-1k-H/validation/input/508.png,../raw/rain/realrain1k/RealRain-1k/RealRain-1k-H/validation/target/508.png,val,rain,realrain1k_h
validation/522,../raw/rain/realrain1k/RealRain-1k/RealRain-1k-H/validation/input/522.png,../raw/rain/realrain1k/RealRain-1k/RealRain-1k-H/validation/target/522.png,val,rain,realrain1k_h
validation/531,../raw/rain/realrain1k/RealRain-1k/RealRain-1k-H/validation/input/531.png,../raw/rain/realrain1k/RealRain-1k/RealRain-1k-H/validation/target/531.png,val,rain,realrain1k_h
validation/545,../raw/rain/realrain1k/RealRain-1k/RealRain-1k-H/validation/input/545.png,../raw/rain/realrain1k/RealRain-1k/RealRain-1k-H/validation/target/545.png,val,rain,realrain1k_h
validation/558,../raw/rain/realrain1k/RealRain-1k/RealRain-1k-H/validation/input/558.png,../raw/rain/realrain1k/RealRain-1k/RealRain-1k-H/validation/target/558.png,val,rain,realrain1k_h
validation/575,../raw/rain/realrain1k/RealRain-1k/RealRain-1k-H/validation/input/575.png,../raw/rain/realrain1k/RealRain-1k/RealRain-1k-H/validation/target/575.png,val,rain,realrain1k_h
validation/580,../raw/rain/realrain1k/RealRain-1k/RealRain-1k-H/validation/input/580.png,../raw/rain/realrain1k/RealRain-1k/RealRain-1k-H/validation/target/580.png,val,rain,realrain1k_h
validation/6,../raw/rain/realrain1k/RealRain-1k/RealRain-1k-H/validation/input/6.png,../raw/rain/realrain1k/RealRain-1k/RealRain-1k-H/validation/target/6.png,val,rain,realrain1k_h
validation/608,../raw/rain/realrain1k/RealRain-1k/RealRain-1k-H/validation/input/608.png,../raw/rain/realrain1k/RealRain-1k/RealRain-1k-H/validation/target/608.png,val,rain,realrain1k_h
validation/613,../raw/rain/realrain1k/RealRain-1k/RealRain-1k-H/validation/input/613.png,../raw/rain/realrain1k/RealRain-1k/RealRain-1k-H/validation/target/613.png,val,rain,realrain1k_h
validation/619,../raw/rain/realrain1k/RealRain-1k/RealRain-1k-H/validation/input/619.png,../raw/rain/realrain1k/RealRain-1k/RealRain-1k-H/validation/target/619.png,val,rain,realrain1k_h
validation/620,../raw/rain/realrain1k/RealRain-1k/RealRain-1k-H/validation/input/620.png,../raw/rain/realrain1k/RealRain-1k/RealRain-1k-H/validation/target/620.png,val,rain,realrain1k_h
validation/63,../raw/rain/realrain1k/RealRain-1k/RealRain-1k-H/validation/input/63.png,../raw/rain/realrain1k/RealRain-1k/RealRain-1k-H/validation/target/63.png,val,rain,realrain1k_h
validation/631,../raw/rain/realrain1k/RealRain-1k/RealRain-1k-H/validation/input/631.png,../raw/rain/realrain1k/RealRain-1k/RealRain-1k-H/validation/target/631.png,val,rain,realrain1k_h
validation/64,../raw/rain/realrain1k/RealRain-1k/RealRain-1k-H/validation/input/64.png,../raw/rain/realrain1k/RealRain-1k/RealRain-1k-H/validation/target/64.png,val,rain,realrain1k_h
validation/651,../raw/rain/realrain1k/RealRain-1k/RealRain-1k-H/validation/input/651.png,../raw/rain/realrain1k/RealRain-1k/RealRain-1k-H/validation/target/651.png,val,rain,realrain1k_h
validation/652,../raw/rain/realrain1k/RealRain-1k/RealRain-1k-H/validation/input/652.png,../raw/rain/realrain1k/RealRain-1k/RealRain-1k-H/validation/target/652.png,val,rain,realrain1k_h
validation/654,../raw/rain/realrain1k/RealRain-1k/RealRain-1k-H/validation/input/654.png,../raw/rain/realrain1k/RealRain-1k/RealRain-1k-H/validation/target/654.png,val,rain,realrain1k_h
validation/656,../raw/rain/realrain1k/RealRain-1k/RealRain-1k-H/validation/input/656.png,../raw/rain/realrain1k/RealRain-1k/RealRain-1k-H/validation/target/656.png,val,rain,realrain1k_h
validation/664,../raw/rain/realrain1k/RealRain-1k/RealRain-1k-H/validation/input/664.png,../raw/rain/realrain1k/RealRain-1k/RealRain-1k-H/validation/target/664.png,val,rain,realrain1k_h
validation/669,../raw/rain/realrain1k/RealRain-1k/RealRain-1k-H/validation/input/669.png,../raw/rain/realrain1k/RealRain-1k/RealRain-1k-H/validation/target/669.png,val,rain,realrain1k_h
validation/67,../raw/rain/realrain1k/RealRain-1k/RealRain-1k-H/validation/input/67.png,../raw/rain/realrain1k/RealRain-1k/RealRain-1k-H/validation/target/67.png,val,rain,realrain1k_h
validation/672,../raw/rain/realrain1k/RealRain-1k/RealRain-1k-H/validation/input/672.png,../raw/rain/realrain1k/RealRain-1k/RealRain-1k-H/validation/target/672.png,val,rain,realrain1k_h
validation/673,../raw/rain/realrain1k/RealRain-1k/RealRain-1k-H/validation/input/673.png,../raw/rain/realrain1k/RealRain-1k/RealRain-1k-H/validation/target/673.png,val,rain,realrain1k_h
validation/675,../raw/rain/realrain1k/RealRain-1k/RealRain-1k-H/validation/input/675.png,../raw/rain/realrain1k/RealRain-1k/RealRain-1k-H/validation/target/675.png,val,rain,realrain1k_h
validation/688,../raw/rain/realrain1k/RealRain-1k/RealRain-1k-H/validation/input/688.png,../raw/rain/realrain1k/RealRain-1k/RealRain-1k-H/validation/target/688.png,val,rain,realrain1k_h
validation/69,../raw/rain/realrain1k/RealRain-1k/RealRain-1k-H/validation/input/69.png,../raw/rain/realrain1k/RealRain-1k/RealRain-1k-H/validation/target/69.png,val,rain,realrain1k_h
validation/693,../raw/rain/realrain1k/RealRain-1k/RealRain-1k-H/validation/input/693.png,../raw/rain/realrain1k/RealRain-1k/RealRain-1k-H/validation/target/693.png,val,rain,realrain1k_h
validation/696,../raw/rain/realrain1k/RealRain-1k/RealRain-1k-H/validation/input/696.png,../raw/rain/realrain1k/RealRain-1k/RealRain-1k-H/validation/target/696.png,val,rain,realrain1k_h
validation/697,../raw/rain/realrain1k/RealRain-1k/RealRain-1k-H/validation/input/697.png,../raw/rain/realrain1k/RealRain-1k/RealRain-1k-H/validation/target/697.png,val,rain,realrain1k_h
validation/699,../raw/rain/realrain1k/RealRain-1k/RealRain-1k-H/validation/input/699.png,../raw/rain/realrain1k/RealRain-1k/RealRain-1k-H/validation/target/699.png,val,rain,realrain1k_h
validation/717,../raw/rain/realrain1k/RealRain-1k/RealRain-1k-H/validation/input/717.png,../raw/rain/realrain1k/RealRain-1k/RealRain-1k-H/validation/target/717.png,val,rain,realrain1k_h
validation/734,../raw/rain/realrain1k/RealRain-1k/RealRain-1k-H/validation/input/734.png,../raw/rain/realrain1k/RealRain-1k/RealRain-1k-H/validation/target/734.png,val,rain,realrain1k_h
validation/737,../raw/rain/realrain1k/RealRain-1k/RealRain-1k-H/validation/input/737.png,../raw/rain/realrain1k/RealRain-1k/RealRain-1k-H/validation/target/737.png,val,rain,realrain1k_h
validation/740,../raw/rain/realrain1k/RealRain-1k/RealRain-1k-H/validation/input/740.png,../raw/rain/realrain1k/RealRain-1k/RealRain-1k-H/validation/target/740.png,val,rain,realrain1k_h
validation/745,../raw/rain/realrain1k/RealRain-1k/RealRain-1k-H/validation/input/745.png,../raw/rain/realrain1k/RealRain-1k/RealRain-1k-H/validation/target/745.png,val,rain,realrain1k_h
validation/761,../raw/rain/realrain1k/RealRain-1k/RealRain-1k-H/validation/input/761.png,../raw/rain/realrain1k/RealRain-1k/RealRain-1k-H/validation/target/761.png,val,rain,realrain1k_h
validation/769,../raw/rain/realrain1k/RealRain-1k/RealRain-1k-H/validation/input/769.png,../raw/rain/realrain1k/RealRain-1k/RealRain-1k-H/validation/target/769.png,val,rain,realrain1k_h
validation/776,../raw/rain/realrain1k/RealRain-1k/RealRain-1k-H/validation/input/776.png,../raw/rain/realrain1k/RealRain-1k/RealRain-1k-H/validation/target/776.png,val,rain,realrain1k_h
validation/777,../raw/rain/realrain1k/RealRain-1k/RealRain-1k-H/validation/input/777.png,../raw/rain/realrain1k/RealRain-1k/RealRain-1k-H/validation/target/777.png,val,rain,realrain1k_h
validation/781,../raw/rain/realrain1k/RealRain-1k/RealRain-1k-H/validation/input/781.png,../raw/rain/realrain1k/RealRain-1k/RealRain-1k-H/validation/target/781.png,val,rain,realrain1k_h
validation/785,../raw/rain/realrain1k/RealRain-1k/RealRain-1k-H/validation/input/785.png,../raw/rain/realrain1k/RealRain-1k/RealRain-1k-H/validation/target/785.png,val,rain,realrain1k_h
validation/786,../raw/rain/realrain1k/RealRain-1k/RealRain-1k-H/validation/input/786.png,../raw/rain/realrain1k/RealRain-1k/RealRain-1k-H/validation/target/786.png,val,rain,realrain1k_h
validation/804,../raw/rain/realrain1k/RealRain-1k/RealRain-1k-H/validation/input/804.png,../raw/rain/realrain1k/RealRain-1k/RealRain-1k-H/validation/target/804.png,val,rain,realrain1k_h
validation/815,../raw/rain/realrain1k/RealRain-1k/RealRain-1k-H/validation/input/815.png,../raw/rain/realrain1k/RealRain-1k/RealRain-1k-H/validation/target/815.png,val,rain,realrain1k_h
validation/831,../raw/rain/realrain1k/RealRain-1k/RealRain-1k-H/validation/input/831.png,../raw/rain/realrain1k/RealRain-1k/RealRain-1k-H/validation/target/831.png,val,rain,realrain1k_h
validation/838,../raw/rain/realrain1k/RealRain-1k/RealRain-1k-H/validation/input/838.png,../raw/rain/realrain1k/RealRain-1k/RealRain-1k-H/validation/target/838.png,val,rain,realrain1k_h
validation/840,../raw/rain/realrain1k/RealRain-1k/RealRain-1k-H/validation/input/840.png,../raw/rain/realrain1k/RealRain-1k/RealRain-1k-H/validation/target/840.png,val,rain,realrain1k_h
validation/848,../raw/rain/realrain1k/RealRain-1k/RealRain-1k-H/validation/input/848.png,../raw/rain/realrain1k/RealRain-1k/RealRain-1k-H/validation/target/848.png,val,rain,realrain1k_h
validation/849,../raw/rain/realrain1k/RealRain-1k/RealRain-1k-H/validation/input/849.png,../raw/rain/realrain1k/RealRain-1k/RealRain-1k-H/validation/target/849.png,val,rain,realrain1k_h
validation/851,../raw/rain/realrain1k/RealRain-1k/RealRain-1k-H/validation/input/851.png,../raw/rain/realrain1k/RealRain-1k/RealRain-1k-H/validation/target/851.png,val,rain,realrain1k_h
validation/872,../raw/rain/realrain1k/RealRain-1k/RealRain-1k-H/validation/input/872.png,../raw/rain/realrain1k/RealRain-1k/RealRain-1k-H/validation/target/872.png,val,rain,realrain1k_h
validation/874,../raw/rain/realrain1k/RealRain-1k/RealRain-1k-H/validation/input/874.png,../raw/rain/realrain1k/RealRain-1k/RealRain-1k-H/validation/target/874.png,val,rain,realrain1k_h
validation/877,../raw/rain/realrain1k/RealRain-1k/RealRain-1k-H/validation/input/877.png,../raw/rain/realrain1k/RealRain-1k/RealRain-1k-H/validation/target/877.png,val,rain,realrain1k_h
validation/88,../raw/rain/realrain1k/RealRain-1k/RealRain-1k-H/validation/input/88.png,../raw/rain/realrain1k/RealRain-1k/RealRain-1k-H/validation/target/88.png,val,rain,realrain1k_h
validation/900,../raw/rain/realrain1k/RealRain-1k/RealRain-1k-H/validation/input/900.png,../raw/rain/realrain1k/RealRain-1k/RealRain-1k-H/validation/target/900.png,val,rain,realrain1k_h
validation/905,../raw/rain/realrain1k/RealRain-1k/RealRain-1k-H/validation/input/905.png,../raw/rain/realrain1k/RealRain-1k/RealRain-1k-H/validation/target/905.png,val,rain,realrain1k_h
validation/907,../raw/rain/realrain1k/RealRain-1k/RealRain-1k-H/validation/input/907.png,../raw/rain/realrain1k/RealRain-1k/RealRain-1k-H/validation/target/907.png,val,rain,realrain1k_h
validation/909,../raw/rain/realrain1k/RealRain-1k/RealRain-1k-H/validation/input/909.png,../raw/rain/realrain1k/RealRain-1k/RealRain-1k-H/validation/target/909.png,val,rain,realrain1k_h
validation/92,../raw/rain/realrain1k/RealRain-1k/RealRain-1k-H/validation/input/92.png,../raw/rain/realrain1k/RealRain-1k/RealRain-1k-H/validation/target/92.png,val,rain,realrain1k_h
validation/922,../raw/rain/realrain1k/RealRain-1k/RealRain-1k-H/validation/input/922.png,../raw/rain/realrain1k/RealRain-1k/RealRain-1k-H/validation/target/922.png,val,rain,realrain1k_h
validation/952,../raw/rain/realrain1k/RealRain-1k/RealRain-1k-H/validation/input/952.png,../raw/rain/realrain1k/RealRain-1k/RealRain-1k-H/validation/target/952.png,val,rain,realrain1k_h
validation/953,../raw/rain/realrain1k/RealRain-1k/RealRain-1k-H/validation/input/953.png,../raw/rain/realrain1k/RealRain-1k/RealRain-1k-H/validation/target/953.png,val,rain,realrain1k_h
validation/960,../raw/rain/realrain1k/RealRain-1k/RealRain-1k-H/validation/input/960.png,../raw/rain/realrain1k/RealRain-1k/RealRain-1k-H/validation/target/960.png,val,rain,realrain1k_h
validation/978,../raw/rain/realrain1k/RealRain-1k/RealRain-1k-H/validation/input/978.png,../raw/rain/realrain1k/RealRain-1k/RealRain-1k-H/validation/target/978.png,val,rain,realrain1k_h
test/1002,../raw/rain/realrain1k/RealRain-1k/RealRain-1k-H/test/input/1002.png,../raw/rain/realrain1k/RealRain-1k/RealRain-1k-H/test/target/1002.png,test,rain,realrain1k_h
test/1003,../raw/rain/realrain1k/RealRain-1k/RealRain-1k-H/test/input/1003.png,../raw/rain/realrain1k/RealRain-1k/RealRain-1k-H/test/target/1003.png,test,rain,realrain1k_h
test/1004,../raw/rain/realrain1k/RealRain-1k/RealRain-1k-H/test/input/1004.png,../raw/rain/realrain1k/RealRain-1k/RealRain-1k-H/test/target/1004.png,test,rain,realrain1k_h
test/1006,../raw/rain/realrain1k/RealRain-1k/RealRain-1k-H/test/input/1006.png,../raw/rain/realrain1k/RealRain-1k/RealRain-1k-H/test/target/1006.png,test,rain,realrain1k_h
test/1009,../raw/rain/realrain1k/RealRain-1k/RealRain-1k-H/test/input/1009.png,../raw/rain/realrain1k/RealRain-1k/RealRain-1k-H/test/target/1009.png,test,rain,realrain1k_h
test/1010,../raw/rain/realrain1k/RealRain-1k/RealRain-1k-H/test/input/1010.png,../raw/rain/realrain1k/RealRain-1k/RealRain-1k-H/test/target/1010.png,test,rain,realrain1k_h
test/1013,../raw/rain/realrain1k/RealRain-1k/RealRain-1k-H/test/input/1013.png,../raw/rain/realrain1k/RealRain-1k/RealRain-1k-H/test/target/1013.png,test,rain,realrain1k_h
test/1014,../raw/rain/realrain1k/RealRain-1k/RealRain-1k-H/test/input/1014.png,../raw/rain/realrain1k/RealRain-1k/RealRain-1k-H/test/target/1014.png,test,rain,realrain1k_h
test/1015,../raw/rain/realrain1k/RealRain-1k/RealRain-1k-H/test/input/1015.png,../raw/rain/realrain1k/RealRain-1k/RealRain-1k-H/test/target/1015.png,test,rain,realrain1k_h
test/1016,../raw/rain/realrain1k/RealRain-1k/RealRain-1k-H/test/input/1016.png,../raw/rain/realrain1k/RealRain-1k/RealRain-1k-H/test/target/1016.png,test,rain,realrain1k_h
test/102,../raw/rain/realrain1k/RealRain-1k/RealRain-1k-H/test/input/102.png,../raw/rain/realrain1k/RealRain-1k/RealRain-1k-H/test/target/102.png,test,rain,realrain1k_h
test/1020,../raw/rain/realrain1k/RealRain-1k/RealRain-1k-H/test/input/1020.png,../raw/rain/realrain1k/RealRain-1k/RealRain-1k-H/test/target/1020.png,test,rain,realrain1k_h
test/1023,../raw/rain/realrain1k/RealRain-1k/RealRain-1k-H/test/input/1023.png,../raw/rain/realrain1k/RealRain-1k/RealRain-1k-H/test/target/1023.png,test,rain,realrain1k_h
test/1030,../raw/rain/realrain1k/RealRain-1k/RealRain-1k-H/test/input/1030.png,../raw/rain/realrain1k/RealRain-1k/RealRain-1k-H/test/target/1030.png,test,rain,realrain1k_h
test/1031,../raw/rain/realrain1k/RealRain-1k/RealRain-1k-H/test/input/1031.png,../raw/rain/realrain1k/RealRain-1k/RealRain-1k-H/test/target/1031.png,test,rain,realrain1k_h
test/1035,../raw/rain/realrain1k/RealRain-1k/RealRain-1k-H/test/input/1035.png,../raw/rain/realrain1k/RealRain-1k/RealRain-1k-H/test/target/1035.png,test,rain,realrain1k_h
test/1040,../raw/rain/realrain1k/RealRain-1k/RealRain-1k-H/test/input/1040.png,../raw/rain/realrain1k/RealRain-1k/RealRain-1k-H/test/target/1040.png,test,rain,realrain1k_h
test/1041,../raw/rain/realrain1k/RealRain-1k/RealRain-1k-H/test/input/1041.png,../raw/rain/realrain1k/RealRain-1k/RealRain-1k-H/test/target/1041.png,test,rain,realrain1k_h
test/1050,../raw/rain/realrain1k/RealRain-1k/RealRain-1k-H/test/input/1050.png,../raw/rain/realrain1k/RealRain-1k/RealRain-1k-H/test/target/1050.png,test,rain,realrain1k_h
test/106,../raw/rain/realrain1k/RealRain-1k/RealRain-1k-H/test/input/106.png,../raw/rain/realrain1k/RealRain-1k/RealRain-1k-H/test/target/106.png,test,rain,realrain1k_h
test/1060,../raw/rain/realrain1k/RealRain-1k/RealRain-1k-H/test/input/1060.png,../raw/rain/realrain1k/RealRain-1k/RealRain-1k-H/test/target/1060.png,test,rain,realrain1k_h
test/107,../raw/rain/realrain1k/RealRain-1k/RealRain-1k-H/test/input/107.png,../raw/rain/realrain1k/RealRain-1k/RealRain-1k-H/test/target/107.png,test,rain,realrain1k_h
test/1071,../raw/rain/realrain1k/RealRain-1k/RealRain-1k-H/test/input/1071.png,../raw/rain/realrain1k/RealRain-1k/RealRain-1k-H/test/target/1071.png,test,rain,realrain1k_h
test/1080,../raw/rain/realrain1k/RealRain-1k/RealRain-1k-H/test/input/1080.png,../raw/rain/realrain1k/RealRain-1k/RealRain-1k-H/test/target/1080.png,test,rain,realrain1k_h
test/1086,../raw/rain/realrain1k/RealRain-1k/RealRain-1k-H/test/input/1086.png,../raw/rain/realrain1k/RealRain-1k/RealRain-1k-H/test/target/1086.png,test,rain,realrain1k_h
test/1088,../raw/rain/realrain1k/RealRain-1k/RealRain-1k-H/test/input/1088.png,../raw/rain/realrain1k/RealRain-1k/RealRain-1k-H/test/target/1088.png,test,rain,realrain1k_h
test/1096,../raw/rain/realrain1k/RealRain-1k/RealRain-1k-H/test/input/1096.png,../raw/rain/realrain1k/RealRain-1k/RealRain-1k-H/test/target/1096.png,test,rain,realrain1k_h
test/1097,../raw/rain/realrain1k/RealRain-1k/RealRain-1k-H/test/input/1097.png,../raw/rain/realrain1k/RealRain-1k/RealRain-1k-H/test/target/1097.png,test,rain,realrain1k_h
test/110,../raw/rain/realrain1k/RealRain-1k/RealRain-1k-H/test/input/110.png,../raw/rain/realrain1k/RealRain-1k/RealRain-1k-H/test/target/110.png,test,rain,realrain1k_h
test/1101,../raw/rain/realrain1k/RealRain-1k/RealRain-1k-H/test/input/1101.png,../raw/rain/realrain1k/RealRain-1k/RealRain-1k-H/test/target/1101.png,test,rain,realrain1k_h
test/1102,../raw/rain/realrain1k/RealRain-1k/RealRain-1k-H/test/input/1102.png,../raw/rain/realrain1k/RealRain-1k/RealRain-1k-H/test/target/1102.png,test,rain,realrain1k_h
test/1105,../raw/rain/realrain1k/RealRain-1k/RealRain-1k-H/test/input/1105.png,../raw/rain/realrain1k/RealRain-1k/RealRain-1k-H/test/target/1105.png,test,rain,realrain1k_h
test/1107,../raw/rain/realrain1k/RealRain-1k/RealRain-1k-H/test/input/1107.png,../raw/rain/realrain1k/RealRain-1k/RealRain-1k-H/test/target/1107.png,test,rain,realrain1k_h
test/1108,../raw/rain/realrain1k/RealRain-1k/RealRain-1k-H/test/input/1108.png,../raw/rain/realrain1k/RealRain-1k/RealRain-1k-H/test/target/1108.png,test,rain,realrain1k_h
test/1109,../raw/rain/realrain1k/RealRain-1k/RealRain-1k-H/test/input/1109.png,../raw/rain/realrain1k/RealRain-1k/RealRain-1k-H/test/target/1109.png,test,rain,realrain1k_h
test/1113,../raw/rain/realrain1k/RealRain-1k/RealRain-1k-H/test/input/1113.png,../raw/rain/realrain1k/RealRain-1k/RealRain-1k-H/test/target/1113.png,test,rain,realrain1k_h
test/114,../raw/rain/realrain1k/RealRain-1k/RealRain-1k-H/test/input/114.png,../raw/rain/realrain1k/RealRain-1k/RealRain-1k-H/test/target/114.png,test,rain,realrain1k_h
test/115,../raw/rain/realrain1k/RealRain-1k/RealRain-1k-H/test/input/115.png,../raw/rain/realrain1k/RealRain-1k/RealRain-1k-H/test/target/115.png,test,rain,realrain1k_h
test/120,../raw/rain/realrain1k/RealRain-1k/RealRain-1k-H/test/input/120.png,../raw/rain/realrain1k/RealRain-1k/RealRain-1k-H/test/target/120.png,test,rain,realrain1k_h
test/122,../raw/rain/realrain1k/RealRain-1k/RealRain-1k-H/test/input/122.png,../raw/rain/realrain1k/RealRain-1k/RealRain-1k-H/test/target/122.png,test,rain,realrain1k_h
test/134,../raw/rain/realrain1k/RealRain-1k/RealRain-1k-H/test/input/134.png,../raw/rain/realrain1k/RealRain-1k/RealRain-1k-H/test/target/134.png,test,rain,realrain1k_h
test/136,../raw/rain/realrain1k/RealRain-1k/RealRain-1k-H/test/input/136.png,../raw/rain/realrain1k/RealRain-1k/RealRain-1k-H/test/target/136.png,test,rain,realrain1k_h
test/141,../raw/rain/realrain1k/RealRain-1k/RealRain-1k-H/test/input/141.png,../raw/rain/realrain1k/RealRain-1k/RealRain-1k-H/test/target/141.png,test,rain,realrain1k_h
test/15,../raw/rain/realrain1k/RealRain-1k/RealRain-1k-H/test/input/15.png,../raw/rain/realrain1k/RealRain-1k/RealRain-1k-H/test/target/15.png,test,rain,realrain1k_h
test/152,../raw/rain/realrain1k/RealRain-1k/RealRain-1k-H/test/input/152.png,../raw/rain/realrain1k/RealRain-1k/RealRain-1k-H/test/target/152.png,test,rain,realrain1k_h
test/153,../raw/rain/realrain1k/RealRain-1k/RealRain-1k-H/test/input/153.png,../raw/rain/realrain1k/RealRain-1k/RealRain-1k-H/test/target/153.png,test,rain,realrain1k_h
test/17,../raw/rain/realrain1k/RealRain-1k/RealRain-1k-H/test/input/17.png,../raw/rain/realrain1k/RealRain-1k/RealRain-1k-H/test/target/17.png,test,rain,realrain1k_h
test/170,../raw/rain/realrain1k/RealRain-1k/RealRain-1k-H/test/input/170.png,../raw/rain/realrain1k/RealRain-1k/RealRain-1k-H/test/target/170.png,test,rain,realrain1k_h
test/173,../raw/rain/realrain1k/RealRain-1k/RealRain-1k-H/test/input/173.png,../raw/rain/realrain1k/RealRain-1k/RealRain-1k-H/test/target/173.png,test,rain,realrain1k_h
test/178,../raw/rain/realrain1k/RealRain-1k/RealRain-1k-H/test/input/178.png,../raw/rain/realrain1k/RealRain-1k/RealRain-1k-H/test/target/178.png,test,rain,realrain1k_h
test/18,../raw/rain/realrain1k/RealRain-1k/RealRain-1k-H/test/input/18.png,../raw/rain/realrain1k/RealRain-1k/RealRain-1k-H/test/target/18.png,test,rain,realrain1k_h
test/180,../raw/rain/realrain1k/RealRain-1k/RealRain-1k-H/test/input/180.png,../raw/rain/realrain1k/RealRain-1k/RealRain-1k-H/test/target/180.png,test,rain,realrain1k_h
test/181,../raw/rain/realrain1k/RealRain-1k/RealRain-1k-H/test/input/181.png,../raw/rain/realrain1k/RealRain-1k/RealRain-1k-H/test/target/181.png,test,rain,realrain1k_h
test/187,../raw/rain/realrain1k/RealRain-1k/RealRain-1k-H/test/input/187.png,../raw/rain/realrain1k/RealRain-1k/RealRain-1k-H/test/target/187.png,test,rain,realrain1k_h
test/188,../raw/rain/realrain1k/RealRain-1k/RealRain-1k-H/test/input/188.png,../raw/rain/realrain1k/RealRain-1k/RealRain-1k-H/test/target/188.png,test,rain,realrain1k_h
test/189,../raw/rain/realrain1k/RealRain-1k/RealRain-1k-H/test/input/189.png,../raw/rain/realrain1k/RealRain-1k/RealRain-1k-H/test/target/189.png,test,rain,realrain1k_h
test/195,../raw/rain/realrain1k/RealRain-1k/RealRain-1k-H/test/input/195.png,../raw/rain/realrain1k/RealRain-1k/RealRain-1k-H/test/target/195.png,test,rain,realrain1k_h
test/197,../raw/rain/realrain1k/RealRain-1k/RealRain-1k-H/test/input/197.png,../raw/rain/realrain1k/RealRain-1k/RealRain-1k-H/test/target/197.png,test,rain,realrain1k_h
test/198,../raw/rain/realrain1k/RealRain-1k/RealRain-1k-H/test/input/198.png,../raw/rain/realrain1k/RealRain-1k/RealRain-1k-H/test/target/198.png,test,rain,realrain1k_h
test/2,../raw/rain/realrain1k/RealRain-1k/RealRain-1k-H/test/input/2.png,../raw/rain/realrain1k/RealRain-1k/RealRain-1k-H/test/target/2.png,test,rain,realrain1k_h
test/200,../raw/rain/realrain1k/RealRain-1k/RealRain-1k-H/test/input/200.png,../raw/rain/realrain1k/RealRain-1k/RealRain-1k-H/test/target/200.png,test,rain,realrain1k_h
test/221,../raw/rain/realrain1k/RealRain-1k/RealRain-1k-H/test/input/221.png,../raw/rain/realrain1k/RealRain-1k/RealRain-1k-H/test/target/221.png,test,rain,realrain1k_h
test/231,../raw/rain/realrain1k/RealRain-1k/RealRain-1k-H/test/input/231.png,../raw/rain/realrain1k/RealRain-1k/RealRain-1k-H/test/target/231.png,test,rain,realrain1k_h
test/232,../raw/rain/realrain1k/RealRain-1k/RealRain-1k-H/test/input/232.png,../raw/rain/realrain1k/RealRain-1k/RealRain-1k-H/test/target/232.png,test,rain,realrain1k_h
test/25,../raw/rain/realrain1k/RealRain-1k/RealRain-1k-H/test/input/25.png,../raw/rain/realrain1k/RealRain-1k/RealRain-1k-H/test/target/25.png,test,rain,realrain1k_h
test/252,../raw/rain/realrain1k/RealRain-1k/RealRain-1k-H/test/input/252.png,../raw/rain/realrain1k/RealRain-1k/RealRain-1k-H/test/target/252.png,test,rain,realrain1k_h
test/257,../raw/rain/realrain1k/RealRain-1k/RealRain-1k-H/test/input/257.png,../raw/rain/realrain1k/RealRain-1k/RealRain-1k-H/test/target/257.png,test,rain,realrain1k_h
test/261,../raw/rain/realrain1k/RealRain-1k/RealRain-1k-H/test/input/261.png,../raw/rain/realrain1k/RealRain-1k/RealRain-1k-H/test/target/261.png,test,rain,realrain1k_h
test/262,../raw/rain/realrain1k/RealRain-1k/RealRain-1k-H/test/input/262.png,../raw/rain/realrain1k/RealRain-1k/RealRain-1k-H/test/target/262.png,test,rain,realrain1k_h
test/264,../raw/rain/realrain1k/RealRain-1k/RealRain-1k-H/test/input/264.png,../raw/rain/realrain1k/RealRain-1k/RealRain-1k-H/test/target/264.png,test,rain,realrain1k_h
test/268,../raw/rain/realrain1k/RealRain-1k/RealRain-1k-H/test/input/268.png,../raw/rain/realrain1k/RealRain-1k/RealRain-1k-H/test/target/268.png,test,rain,realrain1k_h
test/287,../raw/rain/realrain1k/RealRain-1k/RealRain-1k-H/test/input/287.png,../raw/rain/realrain1k/RealRain-1k/RealRain-1k-H/test/target/287.png,test,rain,realrain1k_h
test/290,../raw/rain/realrain1k/RealRain-1k/RealRain-1k-H/test/input/290.png,../raw/rain/realrain1k/RealRain-1k/RealRain-1k-H/test/target/290.png,test,rain,realrain1k_h
test/311,../raw/rain/realrain1k/RealRain-1k/RealRain-1k-H/test/input/311.png,../raw/rain/realrain1k/RealRain-1k/RealRain-1k-H/test/target/311.png,test,rain,realrain1k_h
test/313,../raw/rain/realrain1k/RealRain-1k/RealRain-1k-H/test/input/313.png,../raw/rain/realrain1k/RealRain-1k/RealRain-1k-H/test/target/313.png,test,rain,realrain1k_h
test/338,../raw/rain/realrain1k/RealRain-1k/RealRain-1k-H/test/input/338.png,../raw/rain/realrain1k/RealRain-1k/RealRain-1k-H/test/target/338.png,test,rain,realrain1k_h
test/34,../raw/rain/realrain1k/RealRain-1k/RealRain-1k-H/test/input/34.png,../raw/rain/realrain1k/RealRain-1k/RealRain-1k-H/test/target/34.png,test,rain,realrain1k_h
test/345,../raw/rain/realrain1k/RealRain-1k/RealRain-1k-H/test/input/345.png,../raw/rain/realrain1k/RealRain-1k/RealRain-1k-H/test/target/345.png,test,rain,realrain1k_h
test/346,../raw/rain/realrain1k/RealRain-1k/RealRain-1k-H/test/input/346.png,../raw/rain/realrain1k/RealRain-1k/RealRain-1k-H/test/target/346.png,test,rain,realrain1k_h
test/348,../raw/rain/realrain1k/RealRain-1k/RealRain-1k-H/test/input/348.png,../raw/rain/realrain1k/RealRain-1k/RealRain-1k-H/test/target/348.png,test,rain,realrain1k_h
test/35,../raw/rain/realrain1k/RealRain-1k/RealRain-1k-H/test/input/35.png,../raw/rain/realrain1k/RealRain-1k/RealRain-1k-H/test/target/35.png,test,rain,realrain1k_h
test/356,../raw/rain/realrain1k/RealRain-1k/RealRain-1k-H/test/input/356.png,../raw/rain/realrain1k/RealRain-1k/RealRain-1k-H/test/target/356.png,test,rain,realrain1k_h
test/36,../raw/rain/realrain1k/RealRain-1k/RealRain-1k-H/test/input/36.png,../raw/rain/realrain1k/RealRain-1k/RealRain-1k-H/test/target/36.png,test,rain,realrain1k_h
test/367,../raw/rain/realrain1k/RealRain-1k/RealRain-1k-H/test/input/367.png,../raw/rain/realrain1k/RealRain-1k/RealRain-1k-H/test/target/367.png,test,rain,realrain1k_h
test/368,../raw/rain/realrain1k/RealRain-1k/RealRain-1k-H/test/input/368.png,../raw/rain/realrain1k/RealRain-1k/RealRain-1k-H/test/target/368.png,test,rain,realrain1k_h
test/37,../raw/rain/realrain1k/RealRain-1k/RealRain-1k-H/test/input/37.png,../raw/rain/realrain1k/RealRain-1k/RealRain-1k-H/test/target/37.png,test,rain,realrain1k_h
test/378,../raw/rain/realrain1k/RealRain-1k/RealRain-1k-H/test/input/378.png,../raw/rain/realrain1k/RealRain-1k/RealRain-1k-H/test/target/378.png,test,rain,realrain1k_h
test/381,../raw/rain/realrain1k/RealRain-1k/RealRain-1k-H/test/input/381.png,../raw/rain/realrain1k/RealRain-1k/RealRain-1k-H/test/target/381.png,test,rain,realrain1k_h
test/382,../raw/rain/realrain1k/RealRain-1k/RealRain-1k-H/test/input/382.png,../raw/rain/realrain1k/RealRain-1k/RealRain-1k-H/test/target/382.png,test,rain,realrain1k_h
test/389,../raw/rain/realrain1k/RealRain-1k/RealRain-1k-H/test/input/389.png,../raw/rain/realrain1k/RealRain-1k/RealRain-1k-H/test/target/389.png,test,rain,realrain1k_h
test/39,../raw/rain/realrain1k/RealRain-1k/RealRain-1k-H/test/input/39.png,../raw/rain/realrain1k/RealRain-1k/RealRain-1k-H/test/target/39.png,test,rain,realrain1k_h
test/399,../raw/rain/realrain1k/RealRain-1k/RealRain-1k-H/test/input/399.png,../raw/rain/realrain1k/RealRain-1k/RealRain-1k-H/test/target/399.png,test,rain,realrain1k_h
test/40,../raw/rain/realrain1k/RealRain-1k/RealRain-1k-H/test/input/40.png,../raw/rain/realrain1k/RealRain-1k/RealRain-1k-H/test/target/40.png,test,rain,realrain1k_h
test/403,../raw/rain/realrain1k/RealRain-1k/RealRain-1k-H/test/input/403.png,../raw/rain/realrain1k/RealRain-1k/RealRain-1k-H/test/target/403.png,test,rain,realrain1k_h
test/404,../raw/rain/realrain1k/RealRain-1k/RealRain-1k-H/test/input/404.png,../raw/rain/realrain1k/RealRain-1k/RealRain-1k-H/test/target/404.png,test,rain,realrain1k_h
test/407,../raw/rain/realrain1k/RealRain-1k/RealRain-1k-H/test/input/407.png,../raw/rain/realrain1k/RealRain-1k/RealRain-1k-H/test/target/407.png,test,rain,realrain1k_h
test/410,../raw/rain/realrain1k/RealRain-1k/RealRain-1k-H/test/input/410.png,../raw/rain/realrain1k/RealRain-1k/RealRain-1k-H/test/target/410.png,test,rain,realrain1k_h
test/412,../raw/rain/realrain1k/RealRain-1k/RealRain-1k-H/test/input/412.png,../raw/rain/realrain1k/RealRain-1k/RealRain-1k-H/test/target/412.png,test,rain,realrain1k_h
test/425,../raw/rain/realrain1k/RealRain-1k/RealRain-1k-H/test/input/425.png,../raw/rain/realrain1k/RealRain-1k/RealRain-1k-H/test/target/425.png,test,rain,realrain1k_h
test/429,../raw/rain/realrain1k/RealRain-1k/RealRain-1k-H/test/input/429.png,../raw/rain/realrain1k/RealRain-1k/RealRain-1k-H/test/target/429.png,test,rain,realrain1k_h
test/45,../raw/rain/realrain1k/RealRain-1k/RealRain-1k-H/test/input/45.png,../raw/rain/realrain1k/RealRain-1k/RealRain-1k-H/test/target/45.png,test,rain,realrain1k_h
test/451,../raw/rain/realrain1k/RealRain-1k/RealRain-1k-H/test/input/451.png,../raw/rain/realrain1k/RealRain-1k/RealRain-1k-H/test/target/451.png,test,rain,realrain1k_h
test/465,../raw/rain/realrain1k/RealRain-1k/RealRain-1k-H/test/input/465.png,../raw/rain/realrain1k/RealRain-1k/RealRain-1k-H/test/target/465.png,test,rain,realrain1k_h
test/47,../raw/rain/realrain1k/RealRain-1k/RealRain-1k-H/test/input/47.png,../raw/rain/realrain1k/RealRain-1k/RealRain-1k-H/test/target/47.png,test,rain,realrain1k_h
test/472,../raw/rain/realrain1k/RealRain-1k/RealRain-1k-H/test/input/472.png,../raw/rain/realrain1k/RealRain-1k/RealRain-1k-H/test/target/472.png,test,rain,realrain1k_h
test/479,../raw/rain/realrain1k/RealRain-1k/RealRain-1k-H/test/input/479.png,../raw/rain/realrain1k/RealRain-1k/RealRain-1k-H/test/target/479.png,test,rain,realrain1k_h
test/481,../raw/rain/realrain1k/RealRain-1k/RealRain-1k-H/test/input/481.png,../raw/rain/realrain1k/RealRain-1k/RealRain-1k-H/test/target/481.png,test,rain,realrain1k_h
test/485,../raw/rain/realrain1k/RealRain-1k/RealRain-1k-H/test/input/485.png,../raw/rain/realrain1k/RealRain-1k/RealRain-1k-H/test/target/485.png,test,rain,realrain1k_h
test/495,../raw/rain/realrain1k/RealRain-1k/RealRain-1k-H/test/input/495.png,../raw/rain/realrain1k/RealRain-1k/RealRain-1k-H/test/target/495.png,test,rain,realrain1k_h
test/497,../raw/rain/realrain1k/RealRain-1k/RealRain-1k-H/test/input/497.png,../raw/rain/realrain1k/RealRain-1k/RealRain-1k-H/test/target/497.png,test,rain,realrain1k_h
test/499,../raw/rain/realrain1k/RealRain-1k/RealRain-1k-H/test/input/499.png,../raw/rain/realrain1k/RealRain-1k/RealRain-1k-H/test/target/499.png,test,rain,realrain1k_h
test/50,../raw/rain/realrain1k/RealRain-1k/RealRain-1k-H/test/input/50.png,../raw/rain/realrain1k/RealRain-1k/RealRain-1k-H/test/target/50.png,test,rain,realrain1k_h
test/502,../raw/rain/realrain1k/RealRain-1k/RealRain-1k-H/test/input/502.png,../raw/rain/realrain1k/RealRain-1k/RealRain-1k-H/test/target/502.png,test,rain,realrain1k_h
test/52,../raw/rain/realrain1k/RealRain-1k/RealRain-1k-H/test/input/52.png,../raw/rain/realrain1k/RealRain-1k/RealRain-1k-H/test/target/52.png,test,rain,realrain1k_h
test/524,../raw/rain/realrain1k/RealRain-1k/RealRain-1k-H/test/input/524.png,../raw/rain/realrain1k/RealRain-1k/RealRain-1k-H/test/target/524.png,test,rain,realrain1k_h
test/525,../raw/rain/realrain1k/RealRain-1k/RealRain-1k-H/test/input/525.png,../raw/rain/realrain1k/RealRain-1k/RealRain-1k-H/test/target/525.png,test,rain,realrain1k_h
test/528,../raw/rain/realrain1k/RealRain-1k/RealRain-1k-H/test/input/528.png,../raw/rain/realrain1k/RealRain-1k/RealRain-1k-H/test/target/528.png,test,rain,realrain1k_h
test/529,../raw/rain/realrain1k/RealRain-1k/RealRain-1k-H/test/input/529.png,../raw/rain/realrain1k/RealRain-1k/RealRain-1k-H/test/target/529.png,test,rain,realrain1k_h
test/54,../raw/rain/realrain1k/RealRain-1k/RealRain-1k-H/test/input/54.png,../raw/rain/realrain1k/RealRain-1k/RealRain-1k-H/test/target/54.png,test,rain,realrain1k_h
test/540,../raw/rain/realrain1k/RealRain-1k/RealRain-1k-H/test/input/540.png,../raw/rain/realrain1k/RealRain-1k/RealRain-1k-H/test/target/540.png,test,rain,realrain1k_h
test/548,../raw/rain/realrain1k/RealRain-1k/RealRain-1k-H/test/input/548.png,../raw/rain/realrain1k/RealRain-1k/RealRain-1k-H/test/target/548.png,test,rain,realrain1k_h
test/551,../raw/rain/realrain1k/RealRain-1k/RealRain-1k-H/test/input/551.png,../raw/rain/realrain1k/RealRain-1k/RealRain-1k-H/test/target/551.png,test,rain,realrain1k_h
test/565,../raw/rain/realrain1k/RealRain-1k/RealRain-1k-H/test/input/565.png,../raw/rain/realrain1k/RealRain-1k/RealRain-1k-H/test/target/565.png,test,rain,realrain1k_h
test/566,../raw/rain/realrain1k/RealRain-1k/RealRain-1k-H/test/input/566.png,../raw/rain/realrain1k/RealRain-1k/RealRain-1k-H/test/target/566.png,test,rain,realrain1k_h
test/569,../raw/rain/realrain1k/RealRain-1k/RealRain-1k-H/test/input/569.png,../raw/rain/realrain1k/RealRain-1k/RealRain-1k-H/test/target/569.png,test,rain,realrain1k_h
test/576,../raw/rain/realrain1k/RealRain-1k/RealRain-1k-H/test/input/576.png,../raw/rain/realrain1k/RealRain-1k/RealRain-1k-H/test/target/576.png,test,rain,realrain1k_h
test/578,../raw/rain/realrain1k/RealRain-1k/RealRain-1k-H/test/input/578.png,../raw/rain/realrain1k/RealRain-1k/RealRain-1k-H/test/target/578.png,test,rain,realrain1k_h
test/58,../raw/rain/realrain1k/RealRain-1k/RealRain-1k-H/test/input/58.png,../raw/rain/realrain1k/RealRain-1k/RealRain-1k-H/test/target/58.png,test,rain,realrain1k_h
test/584,../raw/rain/realrain1k/RealRain-1k/RealRain-1k-H/test/input/584.png,../raw/rain/realrain1k/RealRain-1k/RealRain-1k-H/test/target/584.png,test,rain,realrain1k_h
test/587,../raw/rain/realrain1k/RealRain-1k/RealRain-1k-H/test/input/587.png,../raw/rain/realrain1k/RealRain-1k/RealRain-1k-H/test/target/587.png,test,rain,realrain1k_h
test/588,../raw/rain/realrain1k/RealRain-1k/RealRain-1k-H/test/input/588.png,../raw/rain/realrain1k/RealRain-1k/RealRain-1k-H/test/target/588.png,test,rain,realrain1k_h
test/596,../raw/rain/realrain1k/RealRain-1k/RealRain-1k-H/test/input/596.png,../raw/rain/realrain1k/RealRain-1k/RealRain-1k-H/test/target/596.png,test,rain,realrain1k_h
test/598,../raw/rain/realrain1k/RealRain-1k/RealRain-1k-H/test/input/598.png,../raw/rain/realrain1k/RealRain-1k/RealRain-1k-H/test/target/598.png,test,rain,realrain1k_h
test/602,../raw/rain/realrain1k/RealRain-1k/RealRain-1k-H/test/input/602.png,../raw/rain/realrain1k/RealRain-1k/RealRain-1k-H/test/target/602.png,test,rain,realrain1k_h
test/61,../raw/rain/realrain1k/RealRain-1k/RealRain-1k-H/test/input/61.png,../raw/rain/realrain1k/RealRain-1k/RealRain-1k-H/test/target/61.png,test,rain,realrain1k_h
test/614,../raw/rain/realrain1k/RealRain-1k/RealRain-1k-H/test/input/614.png,../raw/rain/realrain1k/RealRain-1k/RealRain-1k-H/test/target/614.png,test,rain,realrain1k_h
test/622,../raw/rain/realrain1k/RealRain-1k/RealRain-1k-H/test/input/622.png,../raw/rain/realrain1k/RealRain-1k/RealRain-1k-H/test/target/622.png,test,rain,realrain1k_h
test/628,../raw/rain/realrain1k/RealRain-1k/RealRain-1k-H/test/input/628.png,../raw/rain/realrain1k/RealRain-1k/RealRain-1k-H/test/target/628.png,test,rain,realrain1k_h
test/636,../raw/rain/realrain1k/RealRain-1k/RealRain-1k-H/test/input/636.png,../raw/rain/realrain1k/RealRain-1k/RealRain-1k-H/test/target/636.png,test,rain,realrain1k_h
test/637,../raw/rain/realrain1k/RealRain-1k/RealRain-1k-H/test/input/637.png,../raw/rain/realrain1k/RealRain-1k/RealRain-1k-H/test/target/637.png,test,rain,realrain1k_h
test/642,../raw/rain/realrain1k/RealRain-1k/RealRain-1k-H/test/input/642.png,../raw/rain/realrain1k/RealRain-1k/RealRain-1k-H/test/target/642.png,test,rain,realrain1k_h
test/643,../raw/rain/realrain1k/RealRain-1k/RealRain-1k-H/test/input/643.png,../raw/rain/realrain1k/RealRain-1k/RealRain-1k-H/test/target/643.png,test,rain,realrain1k_h
test/645,../raw/rain/realrain1k/RealRain-1k/RealRain-1k-H/test/input/645.png,../raw/rain/realrain1k/RealRain-1k/RealRain-1k-H/test/target/645.png,test,rain,realrain1k_h
test/65,../raw/rain/realrain1k/RealRain-1k/RealRain-1k-H/test/input/65.png,../raw/rain/realrain1k/RealRain-1k/RealRain-1k-H/test/target/65.png,test,rain,realrain1k_h
test/661,../raw/rain/realrain1k/RealRain-1k/RealRain-1k-H/test/input/661.png,../raw/rain/realrain1k/RealRain-1k/RealRain-1k-H/test/target/661.png,test,rain,realrain1k_h
test/665,../raw/rain/realrain1k/RealRain-1k/RealRain-1k-H/test/input/665.png,../raw/rain/realrain1k/RealRain-1k/RealRain-1k-H/test/target/665.png,test,rain,realrain1k_h
test/666,../raw/rain/realrain1k/RealRain-1k/RealRain-1k-H/test/input/666.png,../raw/rain/realrain1k/RealRain-1k/RealRain-1k-H/test/target/666.png,test,rain,realrain1k_h
test/668,../raw/rain/realrain1k/RealRain-1k/RealRain-1k-H/test/input/668.png,../raw/rain/realrain1k/RealRain-1k/RealRain-1k-H/test/target/668.png,test,rain,realrain1k_h
test/671,../raw/rain/realrain1k/RealRain-1k/RealRain-1k-H/test/input/671.png,../raw/rain/realrain1k/RealRain-1k/RealRain-1k-H/test/target/671.png,test,rain,realrain1k_h
test/674,../raw/rain/realrain1k/RealRain-1k/RealRain-1k-H/test/input/674.png,../raw/rain/realrain1k/RealRain-1k/RealRain-1k-H/test/target/674.png,test,rain,realrain1k_h
test/678,../raw/rain/realrain1k/RealRain-1k/RealRain-1k-H/test/input/678.png,../raw/rain/realrain1k/RealRain-1k/RealRain-1k-H/test/target/678.png,test,rain,realrain1k_h
test/682,../raw/rain/realrain1k/RealRain-1k/RealRain-1k-H/test/input/682.png,../raw/rain/realrain1k/RealRain-1k/RealRain-1k-H/test/target/682.png,test,rain,realrain1k_h
test/689,../raw/rain/realrain1k/RealRain-1k/RealRain-1k-H/test/input/689.png,../raw/rain/realrain1k/RealRain-1k/RealRain-1k-H/test/target/689.png,test,rain,realrain1k_h
test/690,../raw/rain/realrain1k/RealRain-1k/RealRain-1k-H/test/input/690.png,../raw/rain/realrain1k/RealRain-1k/RealRain-1k-H/test/target/690.png,test,rain,realrain1k_h
test/7,../raw/rain/realrain1k/RealRain-1k/RealRain-1k-H/test/input/7.png,../raw/rain/realrain1k/RealRain-1k/RealRain-1k-H/test/target/7.png,test,rain,realrain1k_h
test/70,../raw/rain/realrain1k/RealRain-1k/RealRain-1k-H/test/input/70.png,../raw/rain/realrain1k/RealRain-1k/RealRain-1k-H/test/target/70.png,test,rain,realrain1k_h
test/702,../raw/rain/realrain1k/RealRain-1k/RealRain-1k-H/test/input/702.png,../raw/rain/realrain1k/RealRain-1k/RealRain-1k-H/test/target/702.png,test,rain,realrain1k_h
test/706,../raw/rain/realrain1k/RealRain-1k/RealRain-1k-H/test/input/706.png,../raw/rain/realrain1k/RealRain-1k/RealRain-1k-H/test/target/706.png,test,rain,realrain1k_h
test/711,../raw/rain/realrain1k/RealRain-1k/RealRain-1k-H/test/input/711.png,../raw/rain/realrain1k/RealRain-1k/RealRain-1k-H/test/target/711.png,test,rain,realrain1k_h
test/716,../raw/rain/realrain1k/RealRain-1k/RealRain-1k-H/test/input/716.png,../raw/rain/realrain1k/RealRain-1k/RealRain-1k-H/test/target/716.png,test,rain,realrain1k_h
test/719,../raw/rain/realrain1k/RealRain-1k/RealRain-1k-H/test/input/719.png,../raw/rain/realrain1k/RealRain-1k/RealRain-1k-H/test/target/719.png,test,rain,realrain1k_h
test/72,../raw/rain/realrain1k/RealRain-1k/RealRain-1k-H/test/input/72.png,../raw/rain/realrain1k/RealRain-1k/RealRain-1k-H/test/target/72.png,test,rain,realrain1k_h
test/720,../raw/rain/realrain1k/RealRain-1k/RealRain-1k-H/test/input/720.png,../raw/rain/realrain1k/RealRain-1k/RealRain-1k-H/test/target/720.png,test,rain,realrain1k_h
test/721,../raw/rain/realrain1k/RealRain-1k/RealRain-1k-H/test/input/721.png,../raw/rain/realrain1k/RealRain-1k/RealRain-1k-H/test/target/721.png,test,rain,realrain1k_h
test/727,../raw/rain/realrain1k/RealRain-1k/RealRain-1k-H/test/input/727.png,../raw/rain/realrain1k/RealRain-1k/RealRain-1k-H/test/target/727.png,test,rain,realrain1k_h
test/729,../raw/rain/realrain1k/RealRain-1k/RealRain-1k-H/test/input/729.png,../raw/rain/realrain1k/RealRain-1k/RealRain-1k-H/test/target/729.png,test,rain,realrain1k_h
test/732,../raw/rain/realrain1k/RealRain-1k/RealRain-1k-H/test/input/732.png,../raw/rain/realrain1k/RealRain-1k/RealRain-1k-H/test/target/732.png,test,rain,realrain1k_h
test/742,../raw/rain/realrain1k/RealRain-1k/RealRain-1k-H/test/input/742.png,../raw/rain/realrain1k/RealRain-1k/RealRain-1k-H/test/target/742.png,test,rain,realrain1k_h
test/744,../raw/rain/realrain1k/RealRain-1k/RealRain-1k-H/test/input/744.png,../raw/rain/realrain1k/RealRain-1k/RealRain-1k-H/test/target/744.png,test,rain,realrain1k_h
test/751,../raw/rain/realrain1k/RealRain-1k/RealRain-1k-H/test/input/751.png,../raw/rain/realrain1k/RealRain-1k/RealRain-1k-H/test/target/751.png,test,rain,realrain1k_h
test/752,../raw/rain/realrain1k/RealRain-1k/RealRain-1k-H/test/input/752.png,../raw/rain/realrain1k/RealRain-1k/RealRain-1k-H/test/target/752.png,test,rain,realrain1k_h
test/755,../raw/rain/realrain1k/RealRain-1k/RealRain-1k-H/test/input/755.png,../raw/rain/realrain1k/RealRain-1k/RealRain-1k-H/test/target/755.png,test,rain,realrain1k_h
test/756,../raw/rain/realrain1k/RealRain-1k/RealRain-1k-H/test/input/756.png,../raw/rain/realrain1k/RealRain-1k/RealRain-1k-H/test/target/756.png,test,rain,realrain1k_h
test/759,../raw/rain/realrain1k/RealRain-1k/RealRain-1k-H/test/input/759.png,../raw/rain/realrain1k/RealRain-1k/RealRain-1k-H/test/target/759.png,test,rain,realrain1k_h
test/762,../raw/rain/realrain1k/RealRain-1k/RealRain-1k-H/test/input/762.png,../raw/rain/realrain1k/RealRain-1k/RealRain-1k-H/test/target/762.png,test,rain,realrain1k_h
test/765,../raw/rain/realrain1k/RealRain-1k/RealRain-1k-H/test/input/765.png,../raw/rain/realrain1k/RealRain-1k/RealRain-1k-H/test/target/765.png,test,rain,realrain1k_h
test/766,../raw/rain/realrain1k/RealRain-1k/RealRain-1k-H/test/input/766.png,../raw/rain/realrain1k/RealRain-1k/RealRain-1k-H/test/target/766.png,test,rain,realrain1k_h
test/767,../raw/rain/realrain1k/RealRain-1k/RealRain-1k-H/test/input/767.png,../raw/rain/realrain1k/RealRain-1k/RealRain-1k-H/test/target/767.png,test,rain,realrain1k_h
test/770,../raw/rain/realrain1k/RealRain-1k/RealRain-1k-H/test/input/770.png,../raw/rain/realrain1k/RealRain-1k/RealRain-1k-H/test/target/770.png,test,rain,realrain1k_h
test/778,../raw/rain/realrain1k/RealRain-1k/RealRain-1k-H/test/input/778.png,../raw/rain/realrain1k/RealRain-1k/RealRain-1k-H/test/target/778.png,test,rain,realrain1k_h
test/779,../raw/rain/realrain1k/RealRain-1k/RealRain-1k-H/test/input/779.png,../raw/rain/realrain1k/RealRain-1k/RealRain-1k-H/test/target/779.png,test,rain,realrain1k_h
test/78,../raw/rain/realrain1k/RealRain-1k/RealRain-1k-H/test/input/78.png,../raw/rain/realrain1k/RealRain-1k/RealRain-1k-H/test/target/78.png,test,rain,realrain1k_h
test/780,../raw/rain/realrain1k/RealRain-1k/RealRain-1k-H/test/input/780.png,../raw/rain/realrain1k/RealRain-1k/RealRain-1k-H/test/target/780.png,test,rain,realrain1k_h
test/788,../raw/rain/realrain1k/RealRain-1k/RealRain-1k-H/test/input/788.png,../raw/rain/realrain1k/RealRain-1k/RealRain-1k-H/test/target/788.png,test,rain,realrain1k_h
test/789,../raw/rain/realrain1k/RealRain-1k/RealRain-1k-H/test/input/789.png,../raw/rain/realrain1k/RealRain-1k/RealRain-1k-H/test/target/789.png,test,rain,realrain1k_h
test/79,../raw/rain/realrain1k/RealRain-1k/RealRain-1k-H/test/input/79.png,../raw/rain/realrain1k/RealRain-1k/RealRain-1k-H/test/target/79.png,test,rain,realrain1k_h
test/797,../raw/rain/realrain1k/RealRain-1k/RealRain-1k-H/test/input/797.png,../raw/rain/realrain1k/RealRain-1k/RealRain-1k-H/test/target/797.png,test,rain,realrain1k_h
test/813,../raw/rain/realrain1k/RealRain-1k/RealRain-1k-H/test/input/813.png,../raw/rain/realrain1k/RealRain-1k/RealRain-1k-H/test/target/813.png,test,rain,realrain1k_h
test/814,../raw/rain/realrain1k/RealRain-1k/RealRain-1k-H/test/input/814.png,../raw/rain/realrain1k/RealRain-1k/RealRain-1k-H/test/target/814.png,test,rain,realrain1k_h
test/817,../raw/rain/realrain1k/RealRain-1k/RealRain-1k-H/test/input/817.png,../raw/rain/realrain1k/RealRain-1k/RealRain-1k-H/test/target/817.png,test,rain,realrain1k_h
test/826,../raw/rain/realrain1k/RealRain-1k/RealRain-1k-H/test/input/826.png,../raw/rain/realrain1k/RealRain-1k/RealRain-1k-H/test/target/826.png,test,rain,realrain1k_h
test/834,../raw/rain/realrain1k/RealRain-1k/RealRain-1k-H/test/input/834.png,../raw/rain/realrain1k/RealRain-1k/RealRain-1k-H/test/target/834.png,test,rain,realrain1k_h
test/835,../raw/rain/realrain1k/RealRain-1k/RealRain-1k-H/test/input/835.png,../raw/rain/realrain1k/RealRain-1k/RealRain-1k-H/test/target/835.png,test,rain,realrain1k_h
test/839,../raw/rain/realrain1k/RealRain-1k/RealRain-1k-H/test/input/839.png,../raw/rain/realrain1k/RealRain-1k/RealRain-1k-H/test/target/839.png,test,rain,realrain1k_h
test/845,../raw/rain/realrain1k/RealRain-1k/RealRain-1k-H/test/input/845.png,../raw/rain/realrain1k/RealRain-1k/RealRain-1k-H/test/target/845.png,test,rain,realrain1k_h
test/847,../raw/rain/realrain1k/RealRain-1k/RealRain-1k-H/test/input/847.png,../raw/rain/realrain1k/RealRain-1k/RealRain-1k-H/test/target/847.png,test,rain,realrain1k_h
test/850,../raw/rain/realrain1k/RealRain-1k/RealRain-1k-H/test/input/850.png,../raw/rain/realrain1k/RealRain-1k/RealRain-1k-H/test/target/850.png,test,rain,realrain1k_h
test/855,../raw/rain/realrain1k/RealRain-1k/RealRain-1k-H/test/input/855.png,../raw/rain/realrain1k/RealRain-1k/RealRain-1k-H/test/target/855.png,test,rain,realrain1k_h
test/859,../raw/rain/realrain1k/RealRain-1k/RealRain-1k-H/test/input/859.png,../raw/rain/realrain1k/RealRain-1k/RealRain-1k-H/test/target/859.png,test,rain,realrain1k_h
test/862,../raw/rain/realrain1k/RealRain-1k/RealRain-1k-H/test/input/862.png,../raw/rain/realrain1k/RealRain-1k/RealRain-1k-H/test/target/862.png,test,rain,realrain1k_h
test/863,../raw/rain/realrain1k/RealRain-1k/RealRain-1k-H/test/input/863.png,../raw/rain/realrain1k/RealRain-1k/RealRain-1k-H/test/target/863.png,test,rain,realrain1k_h
test/864,../raw/rain/realrain1k/RealRain-1k/RealRain-1k-H/test/input/864.png,../raw/rain/realrain1k/RealRain-1k/RealRain-1k-H/test/target/864.png,test,rain,realrain1k_h
test/865,../raw/rain/realrain1k/RealRain-1k/RealRain-1k-H/test/input/865.png,../raw/rain/realrain1k/RealRain-1k/RealRain-1k-H/test/target/865.png,test,rain,realrain1k_h
test/87,../raw/rain/realrain1k/RealRain-1k/RealRain-1k-H/test/input/87.png,../raw/rain/realrain1k/RealRain-1k/RealRain-1k-H/test/target/87.png,test,rain,realrain1k_h
test/882,../raw/rain/realrain1k/RealRain-1k/RealRain-1k-H/test/input/882.png,../raw/rain/realrain1k/RealRain-1k/RealRain-1k-H/test/target/882.png,test,rain,realrain1k_h
test/883,../raw/rain/realrain1k/RealRain-1k/RealRain-1k-H/test/input/883.png,../raw/rain/realrain1k/RealRain-1k/RealRain-1k-H/test/target/883.png,test,rain,realrain1k_h
test/884,../raw/rain/realrain1k/RealRain-1k/RealRain-1k-H/test/input/884.png,../raw/rain/realrain1k/RealRain-1k/RealRain-1k-H/test/target/884.png,test,rain,realrain1k_h
test/885,../raw/rain/realrain1k/RealRain-1k/RealRain-1k-H/test/input/885.png,../raw/rain/realrain1k/RealRain-1k/RealRain-1k-H/test/target/885.png,test,rain,realrain1k_h
test/9,../raw/rain/realrain1k/RealRain-1k/RealRain-1k-H/test/input/9.png,../raw/rain/realrain1k/RealRain-1k/RealRain-1k-H/test/target/9.png,test,rain,realrain1k_h
test/933,../raw/rain/realrain1k/RealRain-1k/RealRain-1k-H/test/input/933.png,../raw/rain/realrain1k/RealRain-1k/RealRain-1k-H/test/target/933.png,test,rain,realrain1k_h
test/939,../raw/rain/realrain1k/RealRain-1k/RealRain-1k-H/test/input/939.png,../raw/rain/realrain1k/RealRain-1k/RealRain-1k-H/test/target/939.png,test,rain,realrain1k_h
test/94,../raw/rain/realrain1k/RealRain-1k/RealRain-1k-H/test/input/94.png,../raw/rain/realrain1k/RealRain-1k/RealRain-1k-H/test/target/94.png,test,rain,realrain1k_h
test/941,../raw/rain/realrain1k/RealRain-1k/RealRain-1k-H/test/input/941.png,../raw/rain/realrain1k/RealRain-1k/RealRain-1k-H/test/target/941.png,test,rain,realrain1k_h
test/944,../raw/rain/realrain1k/RealRain-1k/RealRain-1k-H/test/input/944.png,../raw/rain/realrain1k/RealRain-1k/RealRain-1k-H/test/target/944.png,test,rain,realrain1k_h
test/946,../raw/rain/realrain1k/RealRain-1k/RealRain-1k-H/test/input/946.png,../raw/rain/realrain1k/RealRain-1k/RealRain-1k-H/test/target/946.png,test,rain,realrain1k_h
test/947,../raw/rain/realrain1k/RealRain-1k/RealRain-1k-H/test/input/947.png,../raw/rain/realrain1k/RealRain-1k/RealRain-1k-H/test/target/947.png,test,rain,realrain1k_h
test/95,../raw/rain/realrain1k/RealRain-1k/RealRain-1k-H/test/input/95.png,../raw/rain/realrain1k/RealRain-1k/RealRain-1k-H/test/target/95.png,test,rain,realrain1k_h
test/950,../raw/rain/realrain1k/RealRain-1k/RealRain-1k-H/test/input/950.png,../raw/rain/realrain1k/RealRain-1k/RealRain-1k-H/test/target/950.png,test,rain,realrain1k_h
test/957,../raw/rain/realrain1k/RealRain-1k/RealRain-1k-H/test/input/957.png,../raw/rain/realrain1k/RealRain-1k/RealRain-1k-H/test/target/957.png,test,rain,realrain1k_h
test/959,../raw/rain/realrain1k/RealRain-1k/RealRain-1k-H/test/input/959.png,../raw/rain/realrain1k/RealRain-1k/RealRain-1k-H/test/target/959.png,test,rain,realrain1k_h
test/96,../raw/rain/realrain1k/RealRain-1k/RealRain-1k-H/test/input/96.png,../raw/rain/realrain1k/RealRain-1k/RealRain-1k-H/test/target/96.png,test,rain,realrain1k_h
test/969,../raw/rain/realrain1k/RealRain-1k/RealRain-1k-H/test/input/969.png,../raw/rain/realrain1k/RealRain-1k/RealRain-1k-H/test/target/969.png,test,rain,realrain1k_h
test/994,../raw/rain/realrain1k/RealRain-1k/RealRain-1k-H/test/input/994.png,../raw/rain/realrain1k/RealRain-1k/RealRain-1k-H/test/target/994.png,test,rain,realrain1k_h
test/995,../raw/rain/realrain1k/RealRain-1k/RealRain-1k-H/test/input/995.png,../raw/rain/realrain1k/RealRain-1k/RealRain-1k-H/test/target/995.png,test,rain,realrain1k_h
